-- Custom formats (radarr) from TRaSH Guides

INSERT OR IGNORE INTO custom_formats (name, description, include_in_rename) VALUES ('1.0 Mono', 'b124be9b146540f8e62f98fe32e49a2a', 0);
INSERT OR IGNORE INTO condition_patterns (custom_format_name, condition_name, regular_expression_name) VALUES ('1.0 Mono', 'Mono', '1.0_Mono_Mono');
INSERT OR IGNORE INTO condition_patterns (custom_format_name, condition_name, regular_expression_name) VALUES ('1.0 Mono', 'Not 30ch', '1.0_Mono_Not_30ch');
INSERT OR IGNORE INTO condition_patterns (custom_format_name, condition_name, regular_expression_name) VALUES ('1.0 Mono', 'Not 40ch', '1.0_Mono_Not_40ch');
INSERT OR IGNORE INTO condition_patterns (custom_format_name, condition_name, regular_expression_name) VALUES ('1.0 Mono', 'Not High Channel Count', '1.0_Mono_Not_High_Channel_Count');
INSERT OR IGNORE INTO regular_expressions (name, pattern) VALUES ('1.0_Mono_Mono', '[^0-9]1[ .]0\b|\bMono\b|\[PCM \]');
INSERT OR IGNORE INTO regular_expressions (name, pattern) VALUES ('1.0_Mono_Not_30ch', '[^0-9]3[ .]0\b');
INSERT OR IGNORE INTO regular_expressions (name, pattern) VALUES ('1.0_Mono_Not_40ch', '[^0-9]4[ .]0\b');
INSERT OR IGNORE INTO regular_expressions (name, pattern) VALUES ('1.0_Mono_Not_High_Channel_Count', '[^0-9][5-9][ .][0-1]\b');
INSERT OR IGNORE INTO custom_format_conditions (custom_format_name, name, type, arr_type, negate, required) VALUES ('1.0 Mono', 'Mono', 'pattern', 'radarr', 0, 1);
INSERT OR IGNORE INTO custom_format_conditions (custom_format_name, name, type, arr_type, negate, required) VALUES ('1.0 Mono', 'Not 30ch', 'pattern', 'radarr', 1, 1);
INSERT OR IGNORE INTO custom_format_conditions (custom_format_name, name, type, arr_type, negate, required) VALUES ('1.0 Mono', 'Not 40ch', 'pattern', 'radarr', 1, 1);
INSERT OR IGNORE INTO custom_format_conditions (custom_format_name, name, type, arr_type, negate, required) VALUES ('1.0 Mono', 'Not High Channel Count', 'pattern', 'radarr', 1, 1);

INSERT OR IGNORE INTO custom_formats (name, description, include_in_rename) VALUES ('1080p', '820b09bb9acbfde9c35c71e0e565dad8', 0);
INSERT OR IGNORE INTO condition_resolutions (custom_format_name, condition_name, resolution) VALUES ('1080p', '1080p', '1080');
INSERT OR IGNORE INTO custom_format_conditions (custom_format_name, name, type, arr_type, negate, required) VALUES ('1080p', '1080p', 'resolution', 'radarr', 0, 1);

INSERT OR IGNORE INTO custom_formats (name, description, include_in_rename) VALUES ('10bit', 'a5d148168c4506b55cf53984107c396e', 0);
INSERT OR IGNORE INTO condition_patterns (custom_format_name, condition_name, regular_expression_name) VALUES ('10bit', '10bit', '10bit_10bit');
INSERT OR IGNORE INTO condition_patterns (custom_format_name, condition_name, regular_expression_name) VALUES ('10bit', 'hi10p', '10bit_hi10p');
INSERT OR IGNORE INTO regular_expressions (name, pattern) VALUES ('10bit_10bit', '10[.-]?bit');
INSERT OR IGNORE INTO regular_expressions (name, pattern) VALUES ('10bit_hi10p', 'hi10p');
INSERT OR IGNORE INTO custom_format_conditions (custom_format_name, name, type, arr_type, negate, required) VALUES ('10bit', '10bit', 'pattern', 'radarr', 0, 0);
INSERT OR IGNORE INTO custom_format_conditions (custom_format_name, name, type, arr_type, negate, required) VALUES ('10bit', 'hi10p', 'pattern', 'radarr', 0, 0);

INSERT OR IGNORE INTO custom_formats (name, description, include_in_rename) VALUES ('126811', '9681750c690210f0936faed781bb7f06', 0);
INSERT OR IGNORE INTO condition_patterns (custom_format_name, condition_name, regular_expression_name) VALUES ('126811', '126811', '126811_126811');
INSERT OR IGNORE INTO regular_expressions (name, pattern) VALUES ('126811_126811', '^(126811)$');
INSERT OR IGNORE INTO custom_format_conditions (custom_format_name, name, type, arr_type, negate, required) VALUES ('126811', '126811', 'pattern', 'radarr', 0, 1);

INSERT OR IGNORE INTO custom_formats (name, description, include_in_rename) VALUES ('2.0 Stereo', '89dac1be53d5268a7e10a19d3c896826', 0);
INSERT OR IGNORE INTO condition_patterns (custom_format_name, condition_name, regular_expression_name) VALUES ('2.0 Stereo', 'Stereo', '2.0_Stereo_Stereo');
INSERT OR IGNORE INTO condition_patterns (custom_format_name, condition_name, regular_expression_name) VALUES ('2.0 Stereo', 'Not 30ch', '2.0_Stereo_Not_30ch');
INSERT OR IGNORE INTO condition_patterns (custom_format_name, condition_name, regular_expression_name) VALUES ('2.0 Stereo', 'Not 40ch', '2.0_Stereo_Not_40ch');
INSERT OR IGNORE INTO condition_patterns (custom_format_name, condition_name, regular_expression_name) VALUES ('2.0 Stereo', 'Not High Channel Count', '2.0_Stereo_Not_High_Channel_Count');
INSERT OR IGNORE INTO condition_patterns (custom_format_name, condition_name, regular_expression_name) VALUES ('2.0 Stereo', 'Not Mono', '2.0_Stereo_Not_Mono');
INSERT OR IGNORE INTO regular_expressions (name, pattern) VALUES ('2.0_Stereo_Stereo', '(?<!repac)[^0-9]2[ .]0\b|\bStereo\b');
INSERT OR IGNORE INTO regular_expressions (name, pattern) VALUES ('2.0_Stereo_Not_30ch', '[^0-9]3[ .]0\b');
INSERT OR IGNORE INTO regular_expressions (name, pattern) VALUES ('2.0_Stereo_Not_40ch', '[^0-9]4[ .]0\b');
INSERT OR IGNORE INTO regular_expressions (name, pattern) VALUES ('2.0_Stereo_Not_High_Channel_Count', '[^0-9][5-9][ .][0-1]\b');
INSERT OR IGNORE INTO regular_expressions (name, pattern) VALUES ('2.0_Stereo_Not_Mono', '[^0-9]1[ .]0\b|\bMono\b|\[PCM \]');
INSERT OR IGNORE INTO custom_format_conditions (custom_format_name, name, type, arr_type, negate, required) VALUES ('2.0 Stereo', 'Stereo', 'pattern', 'radarr', 0, 1);
INSERT OR IGNORE INTO custom_format_conditions (custom_format_name, name, type, arr_type, negate, required) VALUES ('2.0 Stereo', 'Not 30ch', 'pattern', 'radarr', 1, 1);
INSERT OR IGNORE INTO custom_format_conditions (custom_format_name, name, type, arr_type, negate, required) VALUES ('2.0 Stereo', 'Not 40ch', 'pattern', 'radarr', 1, 1);
INSERT OR IGNORE INTO custom_format_conditions (custom_format_name, name, type, arr_type, negate, required) VALUES ('2.0 Stereo', 'Not High Channel Count', 'pattern', 'radarr', 1, 1);
INSERT OR IGNORE INTO custom_format_conditions (custom_format_name, name, type, arr_type, negate, required) VALUES ('2.0 Stereo', 'Not Mono', 'pattern', 'radarr', 1, 1);

INSERT OR IGNORE INTO custom_formats (name, description, include_in_rename) VALUES ('2160p', 'fb392fb0d61a010ae38e49ceaa24a1ef', 0);
INSERT OR IGNORE INTO condition_resolutions (custom_format_name, condition_name, resolution) VALUES ('2160p', '2160p', '2160');
INSERT OR IGNORE INTO custom_format_conditions (custom_format_name, name, type, arr_type, negate, required) VALUES ('2160p', '2160p', 'resolution', 'radarr', 0, 1);

INSERT OR IGNORE INTO custom_formats (name, description, include_in_rename) VALUES ('3.0 Sound', '205125755c411c3b8622ca3175d27b37', 0);
INSERT OR IGNORE INTO condition_patterns (custom_format_name, condition_name, regular_expression_name) VALUES ('3.0 Sound', '30ch', '3.0_Sound_30ch');
INSERT OR IGNORE INTO condition_patterns (custom_format_name, condition_name, regular_expression_name) VALUES ('3.0 Sound', 'Not Mono', '3.0_Sound_Not_Mono');
INSERT OR IGNORE INTO condition_patterns (custom_format_name, condition_name, regular_expression_name) VALUES ('3.0 Sound', 'Not Stereo', '3.0_Sound_Not_Stereo');
INSERT OR IGNORE INTO condition_patterns (custom_format_name, condition_name, regular_expression_name) VALUES ('3.0 Sound', 'Not 40ch', '3.0_Sound_Not_40ch');
INSERT OR IGNORE INTO condition_patterns (custom_format_name, condition_name, regular_expression_name) VALUES ('3.0 Sound', 'Not High Channel Count', '3.0_Sound_Not_High_Channel_Count');
INSERT OR IGNORE INTO regular_expressions (name, pattern) VALUES ('3.0_Sound_30ch', '[^0-9]3[ .]0\b');
INSERT OR IGNORE INTO regular_expressions (name, pattern) VALUES ('3.0_Sound_Not_Mono', '[^0-9]1[ .]0\b|\bMono\b|\[PCM \]');
INSERT OR IGNORE INTO regular_expressions (name, pattern) VALUES ('3.0_Sound_Not_Stereo', '(?<!repac)[^0-9]2[ .]0\b|\bStereo\b');
INSERT OR IGNORE INTO regular_expressions (name, pattern) VALUES ('3.0_Sound_Not_40ch', '[^0-9]4[ .]0\b');
INSERT OR IGNORE INTO regular_expressions (name, pattern) VALUES ('3.0_Sound_Not_High_Channel_Count', '[^0-9][5-9][ .][0-1]\b');
INSERT OR IGNORE INTO custom_format_conditions (custom_format_name, name, type, arr_type, negate, required) VALUES ('3.0 Sound', '30ch', 'pattern', 'radarr', 0, 1);
INSERT OR IGNORE INTO custom_format_conditions (custom_format_name, name, type, arr_type, negate, required) VALUES ('3.0 Sound', 'Not Mono', 'pattern', 'radarr', 1, 1);
INSERT OR IGNORE INTO custom_format_conditions (custom_format_name, name, type, arr_type, negate, required) VALUES ('3.0 Sound', 'Not Stereo', 'pattern', 'radarr', 1, 1);
INSERT OR IGNORE INTO custom_format_conditions (custom_format_name, name, type, arr_type, negate, required) VALUES ('3.0 Sound', 'Not 40ch', 'pattern', 'radarr', 1, 1);
INSERT OR IGNORE INTO custom_format_conditions (custom_format_name, name, type, arr_type, negate, required) VALUES ('3.0 Sound', 'Not High Channel Count', 'pattern', 'radarr', 1, 1);

INSERT OR IGNORE INTO custom_formats (name, description, include_in_rename) VALUES ('3D', 'b8cd450cbfa689c0259a01d9e29ba3d6', 0);
INSERT OR IGNORE INTO condition_patterns (custom_format_name, condition_name, regular_expression_name) VALUES ('3D', '3D', '3D_3D');
INSERT OR IGNORE INTO condition_patterns (custom_format_name, condition_name, regular_expression_name) VALUES ('3D', 'BluRay3D', '3D_BluRay3D');
INSERT OR IGNORE INTO condition_patterns (custom_format_name, condition_name, regular_expression_name) VALUES ('3D', 'BD3D', '3D_BD3D');
INSERT OR IGNORE INTO regular_expressions (name, pattern) VALUES ('3D_3D', '(?<=\b[12]\d{3}\b).*\b(3d|sbs|half[ .-]ou|half[ .-]sbs)\b');
INSERT OR IGNORE INTO regular_expressions (name, pattern) VALUES ('3D_BluRay3D', '\b(BluRay3D)\b');
INSERT OR IGNORE INTO regular_expressions (name, pattern) VALUES ('3D_BD3D', '\b(BD3D)\b');
INSERT OR IGNORE INTO custom_format_conditions (custom_format_name, name, type, arr_type, negate, required) VALUES ('3D', '3D', 'pattern', 'radarr', 0, 0);
INSERT OR IGNORE INTO custom_format_conditions (custom_format_name, name, type, arr_type, negate, required) VALUES ('3D', 'BluRay3D', 'pattern', 'radarr', 0, 0);
INSERT OR IGNORE INTO custom_format_conditions (custom_format_name, name, type, arr_type, negate, required) VALUES ('3D', 'BD3D', 'pattern', 'radarr', 0, 0);

INSERT OR IGNORE INTO custom_formats (name, description, include_in_rename) VALUES ('4.0 Sound', '373b58bd188fc00c817bd8c7470ea285', 0);
INSERT OR IGNORE INTO condition_patterns (custom_format_name, condition_name, regular_expression_name) VALUES ('4.0 Sound', '40ch', '4.0_Sound_40ch');
INSERT OR IGNORE INTO condition_patterns (custom_format_name, condition_name, regular_expression_name) VALUES ('4.0 Sound', 'Not Mono', '4.0_Sound_Not_Mono');
INSERT OR IGNORE INTO condition_patterns (custom_format_name, condition_name, regular_expression_name) VALUES ('4.0 Sound', 'Not Stereo', '4.0_Sound_Not_Stereo');
INSERT OR IGNORE INTO condition_patterns (custom_format_name, condition_name, regular_expression_name) VALUES ('4.0 Sound', 'Not 30ch', '4.0_Sound_Not_30ch');
INSERT OR IGNORE INTO condition_patterns (custom_format_name, condition_name, regular_expression_name) VALUES ('4.0 Sound', 'Not High Channel Count', '4.0_Sound_Not_High_Channel_Count');
INSERT OR IGNORE INTO regular_expressions (name, pattern) VALUES ('4.0_Sound_40ch', '[^0-9]4[ .]0\b');
INSERT OR IGNORE INTO regular_expressions (name, pattern) VALUES ('4.0_Sound_Not_Mono', '[^0-9]1[ .]0\b|\bMono\b|\[PCM \]');
INSERT OR IGNORE INTO regular_expressions (name, pattern) VALUES ('4.0_Sound_Not_Stereo', '(?<!repac)[^0-9]2[ .]0\b|\bStereo\b');
INSERT OR IGNORE INTO regular_expressions (name, pattern) VALUES ('4.0_Sound_Not_30ch', '[^0-9]3[ .]0\b');
INSERT OR IGNORE INTO regular_expressions (name, pattern) VALUES ('4.0_Sound_Not_High_Channel_Count', '[^0-9][5-9][ .][0-1]\b');
INSERT OR IGNORE INTO custom_format_conditions (custom_format_name, name, type, arr_type, negate, required) VALUES ('4.0 Sound', '40ch', 'pattern', 'radarr', 0, 1);
INSERT OR IGNORE INTO custom_format_conditions (custom_format_name, name, type, arr_type, negate, required) VALUES ('4.0 Sound', 'Not Mono', 'pattern', 'radarr', 1, 1);
INSERT OR IGNORE INTO custom_format_conditions (custom_format_name, name, type, arr_type, negate, required) VALUES ('4.0 Sound', 'Not Stereo', 'pattern', 'radarr', 1, 1);
INSERT OR IGNORE INTO custom_format_conditions (custom_format_name, name, type, arr_type, negate, required) VALUES ('4.0 Sound', 'Not 30ch', 'pattern', 'radarr', 1, 1);
INSERT OR IGNORE INTO custom_format_conditions (custom_format_name, name, type, arr_type, negate, required) VALUES ('4.0 Sound', 'Not High Channel Count', 'pattern', 'radarr', 1, 1);

INSERT OR IGNORE INTO custom_formats (name, description, include_in_rename) VALUES ('4K Remaster', 'eca37840c13c6ef2dd0262b141a5482f', 1);
INSERT OR IGNORE INTO condition_patterns (custom_format_name, condition_name, regular_expression_name) VALUES ('4K Remaster', 'Remaster', '4K_Remaster_Remaster');
INSERT OR IGNORE INTO condition_patterns (custom_format_name, condition_name, regular_expression_name) VALUES ('4K Remaster', '4K', '4K_Remaster_4K');
INSERT OR IGNORE INTO condition_resolutions (custom_format_name, condition_name, resolution) VALUES ('4K Remaster', 'Not 4K Resolution', '2160');
INSERT OR IGNORE INTO regular_expressions (name, pattern) VALUES ('4K_Remaster_Remaster', 'Remaster');
INSERT OR IGNORE INTO regular_expressions (name, pattern) VALUES ('4K_Remaster_4K', '4k');
INSERT OR IGNORE INTO custom_format_conditions (custom_format_name, name, type, arr_type, negate, required) VALUES ('4K Remaster', 'Remaster', 'pattern', 'radarr', 0, 1);
INSERT OR IGNORE INTO custom_format_conditions (custom_format_name, name, type, arr_type, negate, required) VALUES ('4K Remaster', '4K', 'pattern', 'radarr', 0, 1);
INSERT OR IGNORE INTO custom_format_conditions (custom_format_name, name, type, arr_type, negate, required) VALUES ('4K Remaster', 'Not 4K Resolution', 'resolution', 'radarr', 1, 1);

INSERT OR IGNORE INTO custom_formats (name, description, include_in_rename) VALUES ('5.1 Surround', '77ff61788dfe1097194fd8743d7b4524', 0);
INSERT OR IGNORE INTO condition_patterns (custom_format_name, condition_name, regular_expression_name) VALUES ('5.1 Surround', '51 Surround', '5.1_Surround_51_Surround');
INSERT OR IGNORE INTO condition_patterns (custom_format_name, condition_name, regular_expression_name) VALUES ('5.1 Surround', 'Not 61 Surround', '5.1_Surround_Not_61_Surround');
INSERT OR IGNORE INTO condition_patterns (custom_format_name, condition_name, regular_expression_name) VALUES ('5.1 Surround', 'Not 71 Surround', '5.1_Surround_Not_71_Surround');
INSERT OR IGNORE INTO regular_expressions (name, pattern) VALUES ('5.1_Surround_51_Surround', '[^0-9]5[ .][0-1]\b');
INSERT OR IGNORE INTO regular_expressions (name, pattern) VALUES ('5.1_Surround_Not_61_Surround', '[^0-9]6[ .][0-1]\b');
INSERT OR IGNORE INTO regular_expressions (name, pattern) VALUES ('5.1_Surround_Not_71_Surround', '[^0-9][7-8][ .][0-1]\b');
INSERT OR IGNORE INTO custom_format_conditions (custom_format_name, name, type, arr_type, negate, required) VALUES ('5.1 Surround', '51 Surround', 'pattern', 'radarr', 0, 1);
INSERT OR IGNORE INTO custom_format_conditions (custom_format_name, name, type, arr_type, negate, required) VALUES ('5.1 Surround', 'Not 61 Surround', 'pattern', 'radarr', 1, 1);
INSERT OR IGNORE INTO custom_format_conditions (custom_format_name, name, type, arr_type, negate, required) VALUES ('5.1 Surround', 'Not 71 Surround', 'pattern', 'radarr', 1, 1);

INSERT OR IGNORE INTO custom_formats (name, description, include_in_rename) VALUES ('6.1 Surround', '6fd7b090c3f7317502ab3b63cc7f51e3', 0);
INSERT OR IGNORE INTO condition_patterns (custom_format_name, condition_name, regular_expression_name) VALUES ('6.1 Surround', '61 Surround', '6.1_Surround_61_Surround');
INSERT OR IGNORE INTO condition_patterns (custom_format_name, condition_name, regular_expression_name) VALUES ('6.1 Surround', 'Not 71 Surround', '6.1_Surround_Not_71_Surround');
INSERT OR IGNORE INTO regular_expressions (name, pattern) VALUES ('6.1_Surround_61_Surround', '[^0-9]6[ .][0-1]\b');
INSERT OR IGNORE INTO regular_expressions (name, pattern) VALUES ('6.1_Surround_Not_71_Surround', '[^0-9][7-8][ .][0-1]\b');
INSERT OR IGNORE INTO custom_format_conditions (custom_format_name, name, type, arr_type, negate, required) VALUES ('6.1 Surround', '61 Surround', 'pattern', 'radarr', 0, 1);
INSERT OR IGNORE INTO custom_format_conditions (custom_format_name, name, type, arr_type, negate, required) VALUES ('6.1 Surround', 'Not 71 Surround', 'pattern', 'radarr', 1, 1);

INSERT OR IGNORE INTO custom_formats (name, description, include_in_rename) VALUES ('7.1 Surround', 'e77382bcfeba57cb83744c9c5449b401', 0);
INSERT OR IGNORE INTO condition_patterns (custom_format_name, condition_name, regular_expression_name) VALUES ('7.1 Surround', '71 Surround', '7.1_Surround_71_Surround');
INSERT OR IGNORE INTO condition_patterns (custom_format_name, condition_name, regular_expression_name) VALUES ('7.1 Surround', 'Not Low Channel Count', '7.1_Surround_Not_Low_Channel_Count');
INSERT OR IGNORE INTO regular_expressions (name, pattern) VALUES ('7.1_Surround_71_Surround', '[^0-9][7-8][ .][0-1]\b');
INSERT OR IGNORE INTO regular_expressions (name, pattern) VALUES ('7.1_Surround_Not_Low_Channel_Count', '(?<!repac)[^0-9][1-4][ .][0-1]\b|\b(Stereo|Mono)\b');
INSERT OR IGNORE INTO custom_format_conditions (custom_format_name, name, type, arr_type, negate, required) VALUES ('7.1 Surround', '71 Surround', 'pattern', 'radarr', 0, 1);
INSERT OR IGNORE INTO custom_format_conditions (custom_format_name, name, type, arr_type, negate, required) VALUES ('7.1 Surround', 'Not Low Channel Count', 'pattern', 'radarr', 1, 1);

INSERT OR IGNORE INTO custom_formats (name, description, include_in_rename) VALUES ('720p', 'b2be17d608fc88818940cd1833b0b24c', 0);
INSERT OR IGNORE INTO condition_resolutions (custom_format_name, condition_name, resolution) VALUES ('720p', '720p', '720');
INSERT OR IGNORE INTO custom_format_conditions (custom_format_name, name, type, arr_type, negate, required) VALUES ('720p', '720p', 'resolution', 'radarr', 0, 1);

INSERT OR IGNORE INTO custom_formats (name, description, include_in_rename) VALUES ('AAC', '240770601cc226190c367ef59aba7463', 0);
INSERT OR IGNORE INTO condition_patterns (custom_format_name, condition_name, regular_expression_name) VALUES ('AAC', 'AAC', 'AAC_AAC');
INSERT OR IGNORE INTO condition_patterns (custom_format_name, condition_name, regular_expression_name) VALUES ('AAC', 'Not DTS', 'AAC_Not_DTS');
INSERT OR IGNORE INTO condition_patterns (custom_format_name, condition_name, regular_expression_name) VALUES ('AAC', 'Not Dolby Digital Plus ', 'AAC_Not_Dolby_Digital_Plus_');
INSERT OR IGNORE INTO condition_patterns (custom_format_name, condition_name, regular_expression_name) VALUES ('AAC', 'Not Basic Dolby Digital', 'AAC_Not_Basic_Dolby_Digital');
INSERT OR IGNORE INTO condition_patterns (custom_format_name, condition_name, regular_expression_name) VALUES ('AAC', 'Not PCM', 'AAC_Not_PCM');
INSERT OR IGNORE INTO condition_patterns (custom_format_name, condition_name, regular_expression_name) VALUES ('AAC', 'Not FLAC', 'AAC_Not_FLAC');
INSERT OR IGNORE INTO condition_patterns (custom_format_name, condition_name, regular_expression_name) VALUES ('AAC', 'Not TrueHDATMOS', 'AAC_Not_TrueHDATMOS');
INSERT OR IGNORE INTO regular_expressions (name, pattern) VALUES ('AAC_AAC', '\bAAC(\b|\d)');
INSERT OR IGNORE INTO regular_expressions (name, pattern) VALUES ('AAC_Not_DTS', '\bDTS(\b|\d)');
INSERT OR IGNORE INTO regular_expressions (name, pattern) VALUES ('AAC_Not_Dolby_Digital_Plus_', '\bDD[P+]|\b(e[-_. ]?ac-?3)\b');
INSERT OR IGNORE INTO regular_expressions (name, pattern) VALUES ('AAC_Not_Basic_Dolby_Digital', '\bDD[^a-z+]|(?<!e-)\b(ac-?3)\b');
INSERT OR IGNORE INTO regular_expressions (name, pattern) VALUES ('AAC_Not_PCM', '\b(l?)PCM(\b|\d)');
INSERT OR IGNORE INTO regular_expressions (name, pattern) VALUES ('AAC_Not_FLAC', '\bFLAC(\b|\d)');
INSERT OR IGNORE INTO regular_expressions (name, pattern) VALUES ('AAC_Not_TrueHDATMOS', 'True[ .-]?HD|\bATMOS(\b|\d)');
INSERT OR IGNORE INTO custom_format_conditions (custom_format_name, name, type, arr_type, negate, required) VALUES ('AAC', 'AAC', 'pattern', 'radarr', 0, 1);
INSERT OR IGNORE INTO custom_format_conditions (custom_format_name, name, type, arr_type, negate, required) VALUES ('AAC', 'Not DTS', 'pattern', 'radarr', 1, 1);
INSERT OR IGNORE INTO custom_format_conditions (custom_format_name, name, type, arr_type, negate, required) VALUES ('AAC', 'Not Dolby Digital Plus ', 'pattern', 'radarr', 1, 1);
INSERT OR IGNORE INTO custom_format_conditions (custom_format_name, name, type, arr_type, negate, required) VALUES ('AAC', 'Not Basic Dolby Digital', 'pattern', 'radarr', 1, 1);
INSERT OR IGNORE INTO custom_format_conditions (custom_format_name, name, type, arr_type, negate, required) VALUES ('AAC', 'Not PCM', 'pattern', 'radarr', 1, 1);
INSERT OR IGNORE INTO custom_format_conditions (custom_format_name, name, type, arr_type, negate, required) VALUES ('AAC', 'Not FLAC', 'pattern', 'radarr', 1, 1);
INSERT OR IGNORE INTO custom_format_conditions (custom_format_name, name, type, arr_type, negate, required) VALUES ('AAC', 'Not TrueHDATMOS', 'pattern', 'radarr', 1, 1);

INSERT OR IGNORE INTO custom_formats (name, description, include_in_rename) VALUES ('AMZN', 'b3b3a6ac74ecbd56bcdbefa4799fb9df', 1);
INSERT OR IGNORE INTO condition_patterns (custom_format_name, condition_name, regular_expression_name) VALUES ('AMZN', 'Amazon', 'AMZN_Amazon');
INSERT OR IGNORE INTO condition_sources (custom_format_name, condition_name, source) VALUES ('AMZN', 'WEBDL', 'WEBDL');
INSERT OR IGNORE INTO condition_sources (custom_format_name, condition_name, source) VALUES ('AMZN', 'WEBRIP', 'WEBRIP');
INSERT OR IGNORE INTO regular_expressions (name, pattern) VALUES ('AMZN_Amazon', '\b(amzn|amazon(hd)?)\b');
INSERT OR IGNORE INTO custom_format_conditions (custom_format_name, name, type, arr_type, negate, required) VALUES ('AMZN', 'Amazon', 'pattern', 'radarr', 0, 1);
INSERT OR IGNORE INTO custom_format_conditions (custom_format_name, name, type, arr_type, negate, required) VALUES ('AMZN', 'WEBDL', 'source', 'radarr', 0, 0);
INSERT OR IGNORE INTO custom_format_conditions (custom_format_name, name, type, arr_type, negate, required) VALUES ('AMZN', 'WEBRIP', 'source', 'radarr', 0, 0);

INSERT OR IGNORE INTO custom_formats (name, description, include_in_rename) VALUES ('Anime BD Tier 01', 'fb3ccc5d5cc8f77c9055d4cb4561dded', 0);
INSERT OR IGNORE INTO condition_patterns (custom_format_name, condition_name, regular_expression_name) VALUES ('Anime BD Tier 01', 'DemiHuman', 'Anime_BD_Tier_01_DemiHuman');
INSERT OR IGNORE INTO condition_patterns (custom_format_name, condition_name, regular_expression_name) VALUES ('Anime BD Tier 01', 'FLE', 'Anime_BD_Tier_01_FLE');
INSERT OR IGNORE INTO condition_patterns (custom_format_name, condition_name, regular_expression_name) VALUES ('Anime BD Tier 01', 'Flugel', 'Anime_BD_Tier_01_Flugel');
INSERT OR IGNORE INTO condition_patterns (custom_format_name, condition_name, regular_expression_name) VALUES ('Anime BD Tier 01', 'LYS1TH3A', 'Anime_BD_Tier_01_LYS1TH3A');
INSERT OR IGNORE INTO condition_patterns (custom_format_name, condition_name, regular_expression_name) VALUES ('Anime BD Tier 01', 'Moxie', 'Anime_BD_Tier_01_Moxie');
INSERT OR IGNORE INTO condition_patterns (custom_format_name, condition_name, regular_expression_name) VALUES ('Anime BD Tier 01', 'NAN0', 'Anime_BD_Tier_01_NAN0');
INSERT OR IGNORE INTO condition_patterns (custom_format_name, condition_name, regular_expression_name) VALUES ('Anime BD Tier 01', 'sam', 'Anime_BD_Tier_01_sam');
INSERT OR IGNORE INTO condition_patterns (custom_format_name, condition_name, regular_expression_name) VALUES ('Anime BD Tier 01', 'smol', 'Anime_BD_Tier_01_smol');
INSERT OR IGNORE INTO condition_patterns (custom_format_name, condition_name, regular_expression_name) VALUES ('Anime BD Tier 01', 'SoM', 'Anime_BD_Tier_01_SoM');
INSERT OR IGNORE INTO condition_patterns (custom_format_name, condition_name, regular_expression_name) VALUES ('Anime BD Tier 01', 'ZR', 'Anime_BD_Tier_01_ZR');
INSERT OR IGNORE INTO condition_sources (custom_format_name, condition_name, source) VALUES ('Anime BD Tier 01', 'Bluray', 'BLURAY');
INSERT OR IGNORE INTO condition_sources (custom_format_name, condition_name, source) VALUES ('Anime BD Tier 01', 'DVD', 'DVD');
INSERT OR IGNORE INTO regular_expressions (name, pattern) VALUES ('Anime_BD_Tier_01_DemiHuman', '\b(DemiHuman)\b');
INSERT OR IGNORE INTO regular_expressions (name, pattern) VALUES ('Anime_BD_Tier_01_FLE', '\b(FLE)\b');
INSERT OR IGNORE INTO regular_expressions (name, pattern) VALUES ('Anime_BD_Tier_01_Flugel', '\b(Flugel)\b');
INSERT OR IGNORE INTO regular_expressions (name, pattern) VALUES ('Anime_BD_Tier_01_LYS1TH3A', '\b(LYS1TH3A)\b');
INSERT OR IGNORE INTO regular_expressions (name, pattern) VALUES ('Anime_BD_Tier_01_Moxie', '\[Moxie\]|-Moxie\b');
INSERT OR IGNORE INTO regular_expressions (name, pattern) VALUES ('Anime_BD_Tier_01_NAN0', '(?<=remux).*\b(NAN0)\b');
INSERT OR IGNORE INTO regular_expressions (name, pattern) VALUES ('Anime_BD_Tier_01_sam', '\[sam\]|-sam\b');
INSERT OR IGNORE INTO regular_expressions (name, pattern) VALUES ('Anime_BD_Tier_01_smol', '\[smol\]|-smol\b');
INSERT OR IGNORE INTO regular_expressions (name, pattern) VALUES ('Anime_BD_Tier_01_SoM', '\[SoM\]|-SoM\b');
INSERT OR IGNORE INTO regular_expressions (name, pattern) VALUES ('Anime_BD_Tier_01_ZR', '\b(ZR)\b|-ZR-');
INSERT OR IGNORE INTO custom_format_conditions (custom_format_name, name, type, arr_type, negate, required) VALUES ('Anime BD Tier 01', 'Bluray', 'source', 'radarr', 0, 0);
INSERT OR IGNORE INTO custom_format_conditions (custom_format_name, name, type, arr_type, negate, required) VALUES ('Anime BD Tier 01', 'DVD', 'source', 'radarr', 0, 0);
INSERT OR IGNORE INTO custom_format_conditions (custom_format_name, name, type, arr_type, negate, required) VALUES ('Anime BD Tier 01', 'DemiHuman', 'pattern', 'radarr', 0, 0);
INSERT OR IGNORE INTO custom_format_conditions (custom_format_name, name, type, arr_type, negate, required) VALUES ('Anime BD Tier 01', 'FLE', 'pattern', 'radarr', 0, 0);
INSERT OR IGNORE INTO custom_format_conditions (custom_format_name, name, type, arr_type, negate, required) VALUES ('Anime BD Tier 01', 'Flugel', 'pattern', 'radarr', 0, 0);
INSERT OR IGNORE INTO custom_format_conditions (custom_format_name, name, type, arr_type, negate, required) VALUES ('Anime BD Tier 01', 'LYS1TH3A', 'pattern', 'radarr', 0, 0);
INSERT OR IGNORE INTO custom_format_conditions (custom_format_name, name, type, arr_type, negate, required) VALUES ('Anime BD Tier 01', 'Moxie', 'pattern', 'radarr', 0, 0);
INSERT OR IGNORE INTO custom_format_conditions (custom_format_name, name, type, arr_type, negate, required) VALUES ('Anime BD Tier 01', 'NAN0', 'pattern', 'radarr', 0, 0);
INSERT OR IGNORE INTO custom_format_conditions (custom_format_name, name, type, arr_type, negate, required) VALUES ('Anime BD Tier 01', 'sam', 'pattern', 'radarr', 0, 0);
INSERT OR IGNORE INTO custom_format_conditions (custom_format_name, name, type, arr_type, negate, required) VALUES ('Anime BD Tier 01', 'smol', 'pattern', 'radarr', 0, 0);
INSERT OR IGNORE INTO custom_format_conditions (custom_format_name, name, type, arr_type, negate, required) VALUES ('Anime BD Tier 01', 'SoM', 'pattern', 'radarr', 0, 0);
INSERT OR IGNORE INTO custom_format_conditions (custom_format_name, name, type, arr_type, negate, required) VALUES ('Anime BD Tier 01', 'ZR', 'pattern', 'radarr', 0, 0);

INSERT OR IGNORE INTO custom_formats (name, description, include_in_rename) VALUES ('Anime BD Tier 02', '66926c8fa9312bc74ab71bf69aae4f4a', 0);
INSERT OR IGNORE INTO condition_patterns (custom_format_name, condition_name, regular_expression_name) VALUES ('Anime BD Tier 02', 'Aergia', 'Anime_BD_Tier_02_Aergia');
INSERT OR IGNORE INTO condition_patterns (custom_format_name, condition_name, regular_expression_name) VALUES ('Anime BD Tier 02', 'Arg0', 'Anime_BD_Tier_02_Arg0');
INSERT OR IGNORE INTO condition_patterns (custom_format_name, condition_name, regular_expression_name) VALUES ('Anime BD Tier 02', 'Arid', 'Anime_BD_Tier_02_Arid');
INSERT OR IGNORE INTO condition_patterns (custom_format_name, condition_name, regular_expression_name) VALUES ('Anime BD Tier 02', 'FateSucks', 'Anime_BD_Tier_02_FateSucks');
INSERT OR IGNORE INTO condition_patterns (custom_format_name, condition_name, regular_expression_name) VALUES ('Anime BD Tier 02', 'hydes', 'Anime_BD_Tier_02_hydes');
INSERT OR IGNORE INTO condition_patterns (custom_format_name, condition_name, regular_expression_name) VALUES ('Anime BD Tier 02', 'hchcsen', 'Anime_BD_Tier_02_hchcsen');
INSERT OR IGNORE INTO condition_patterns (custom_format_name, condition_name, regular_expression_name) VALUES ('Anime BD Tier 02', 'JOHNTiTOR', 'Anime_BD_Tier_02_JOHNTiTOR');
INSERT OR IGNORE INTO condition_patterns (custom_format_name, condition_name, regular_expression_name) VALUES ('Anime BD Tier 02', 'JySzE', 'Anime_BD_Tier_02_JySzE');
INSERT OR IGNORE INTO condition_patterns (custom_format_name, condition_name, regular_expression_name) VALUES ('Anime BD Tier 02', 'koala', 'Anime_BD_Tier_02_koala');
INSERT OR IGNORE INTO condition_patterns (custom_format_name, condition_name, regular_expression_name) VALUES ('Anime BD Tier 02', 'Kulot', 'Anime_BD_Tier_02_Kulot');
INSERT OR IGNORE INTO condition_patterns (custom_format_name, condition_name, regular_expression_name) VALUES ('Anime BD Tier 02', 'LostYears', 'Anime_BD_Tier_02_LostYears');
INSERT OR IGNORE INTO condition_patterns (custom_format_name, condition_name, regular_expression_name) VALUES ('Anime BD Tier 02', 'Lulu', 'Anime_BD_Tier_02_Lulu');
INSERT OR IGNORE INTO condition_patterns (custom_format_name, condition_name, regular_expression_name) VALUES ('Anime BD Tier 02', 'Meakes', 'Anime_BD_Tier_02_Meakes');
INSERT OR IGNORE INTO condition_patterns (custom_format_name, condition_name, regular_expression_name) VALUES ('Anime BD Tier 02', 'Orphan', 'Anime_BD_Tier_02_Orphan');
INSERT OR IGNORE INTO condition_patterns (custom_format_name, condition_name, regular_expression_name) VALUES ('Anime BD Tier 02', 'PMR', 'Anime_BD_Tier_02_PMR');
INSERT OR IGNORE INTO condition_patterns (custom_format_name, condition_name, regular_expression_name) VALUES ('Anime BD Tier 02', 'Vodes', 'Anime_BD_Tier_02_Vodes');
INSERT OR IGNORE INTO condition_patterns (custom_format_name, condition_name, regular_expression_name) VALUES ('Anime BD Tier 02', 'WAP', 'Anime_BD_Tier_02_WAP');
INSERT OR IGNORE INTO condition_patterns (custom_format_name, condition_name, regular_expression_name) VALUES ('Anime BD Tier 02', 'YURI', 'Anime_BD_Tier_02_YURI');
INSERT OR IGNORE INTO condition_patterns (custom_format_name, condition_name, regular_expression_name) VALUES ('Anime BD Tier 02', 'ZeroBuild', 'Anime_BD_Tier_02_ZeroBuild');
INSERT OR IGNORE INTO condition_sources (custom_format_name, condition_name, source) VALUES ('Anime BD Tier 02', 'Bluray', 'BLURAY');
INSERT OR IGNORE INTO condition_sources (custom_format_name, condition_name, source) VALUES ('Anime BD Tier 02', 'DVD', 'DVD');
INSERT OR IGNORE INTO regular_expressions (name, pattern) VALUES ('Anime_BD_Tier_02_Aergia', '\[Aergia\]|-Aergia(?!-raws)\b');
INSERT OR IGNORE INTO regular_expressions (name, pattern) VALUES ('Anime_BD_Tier_02_Arg0', '\b(Arg0)\b');
INSERT OR IGNORE INTO regular_expressions (name, pattern) VALUES ('Anime_BD_Tier_02_Arid', '\[Arid\]|-Arid\b');
INSERT OR IGNORE INTO regular_expressions (name, pattern) VALUES ('Anime_BD_Tier_02_FateSucks', '\b(FateSucks)\b');
INSERT OR IGNORE INTO regular_expressions (name, pattern) VALUES ('Anime_BD_Tier_02_hydes', '\b(hydes)\b');
INSERT OR IGNORE INTO regular_expressions (name, pattern) VALUES ('Anime_BD_Tier_02_hchcsen', '\b(hchcsen)\b');
INSERT OR IGNORE INTO regular_expressions (name, pattern) VALUES ('Anime_BD_Tier_02_JOHNTiTOR', '\b(JOHNTiTOR)\b');
INSERT OR IGNORE INTO regular_expressions (name, pattern) VALUES ('Anime_BD_Tier_02_JySzE', '\b(JySzE)\b');
INSERT OR IGNORE INTO regular_expressions (name, pattern) VALUES ('Anime_BD_Tier_02_koala', '\[koala\]|-koala\b');
INSERT OR IGNORE INTO regular_expressions (name, pattern) VALUES ('Anime_BD_Tier_02_Kulot', '\b(Kulot)\b');
INSERT OR IGNORE INTO regular_expressions (name, pattern) VALUES ('Anime_BD_Tier_02_LostYears', '\b(LostYears)\b');
INSERT OR IGNORE INTO regular_expressions (name, pattern) VALUES ('Anime_BD_Tier_02_Lulu', '\[Lulu\]|-Lulu\b');
INSERT OR IGNORE INTO regular_expressions (name, pattern) VALUES ('Anime_BD_Tier_02_Meakes', '\b(Meakes)\b');
INSERT OR IGNORE INTO regular_expressions (name, pattern) VALUES ('Anime_BD_Tier_02_Orphan', '\[Orphan\]|-Orphan\b');
INSERT OR IGNORE INTO regular_expressions (name, pattern) VALUES ('Anime_BD_Tier_02_PMR', '^(?=.*\b(PMR)\b)(?=.*\b(Remux)\b)');
INSERT OR IGNORE INTO regular_expressions (name, pattern) VALUES ('Anime_BD_Tier_02_Vodes', '\[Vodes\]|(?<!Not)-Vodes\b');
INSERT OR IGNORE INTO regular_expressions (name, pattern) VALUES ('Anime_BD_Tier_02_WAP', '\b(WAP)\b');
INSERT OR IGNORE INTO regular_expressions (name, pattern) VALUES ('Anime_BD_Tier_02_YURI', '\[YURI\]|-YURI\b');
INSERT OR IGNORE INTO regular_expressions (name, pattern) VALUES ('Anime_BD_Tier_02_ZeroBuild', '\b(ZeroBuild)\b');
INSERT OR IGNORE INTO custom_format_conditions (custom_format_name, name, type, arr_type, negate, required) VALUES ('Anime BD Tier 02', 'Bluray', 'source', 'radarr', 0, 0);
INSERT OR IGNORE INTO custom_format_conditions (custom_format_name, name, type, arr_type, negate, required) VALUES ('Anime BD Tier 02', 'DVD', 'source', 'radarr', 0, 0);
INSERT OR IGNORE INTO custom_format_conditions (custom_format_name, name, type, arr_type, negate, required) VALUES ('Anime BD Tier 02', 'Aergia', 'pattern', 'radarr', 0, 0);
INSERT OR IGNORE INTO custom_format_conditions (custom_format_name, name, type, arr_type, negate, required) VALUES ('Anime BD Tier 02', 'Arg0', 'pattern', 'radarr', 0, 0);
INSERT OR IGNORE INTO custom_format_conditions (custom_format_name, name, type, arr_type, negate, required) VALUES ('Anime BD Tier 02', 'Arid', 'pattern', 'radarr', 0, 0);
INSERT OR IGNORE INTO custom_format_conditions (custom_format_name, name, type, arr_type, negate, required) VALUES ('Anime BD Tier 02', 'FateSucks', 'pattern', 'radarr', 0, 0);
INSERT OR IGNORE INTO custom_format_conditions (custom_format_name, name, type, arr_type, negate, required) VALUES ('Anime BD Tier 02', 'hydes', 'pattern', 'radarr', 0, 0);
INSERT OR IGNORE INTO custom_format_conditions (custom_format_name, name, type, arr_type, negate, required) VALUES ('Anime BD Tier 02', 'hchcsen', 'pattern', 'radarr', 0, 0);
INSERT OR IGNORE INTO custom_format_conditions (custom_format_name, name, type, arr_type, negate, required) VALUES ('Anime BD Tier 02', 'JOHNTiTOR', 'pattern', 'radarr', 0, 0);
INSERT OR IGNORE INTO custom_format_conditions (custom_format_name, name, type, arr_type, negate, required) VALUES ('Anime BD Tier 02', 'JySzE', 'pattern', 'radarr', 0, 0);
INSERT OR IGNORE INTO custom_format_conditions (custom_format_name, name, type, arr_type, negate, required) VALUES ('Anime BD Tier 02', 'koala', 'pattern', 'radarr', 0, 0);
INSERT OR IGNORE INTO custom_format_conditions (custom_format_name, name, type, arr_type, negate, required) VALUES ('Anime BD Tier 02', 'Kulot', 'pattern', 'radarr', 0, 0);
INSERT OR IGNORE INTO custom_format_conditions (custom_format_name, name, type, arr_type, negate, required) VALUES ('Anime BD Tier 02', 'LostYears', 'pattern', 'radarr', 0, 0);
INSERT OR IGNORE INTO custom_format_conditions (custom_format_name, name, type, arr_type, negate, required) VALUES ('Anime BD Tier 02', 'Lulu', 'pattern', 'radarr', 0, 0);
INSERT OR IGNORE INTO custom_format_conditions (custom_format_name, name, type, arr_type, negate, required) VALUES ('Anime BD Tier 02', 'Meakes', 'pattern', 'radarr', 0, 0);
INSERT OR IGNORE INTO custom_format_conditions (custom_format_name, name, type, arr_type, negate, required) VALUES ('Anime BD Tier 02', 'Orphan', 'pattern', 'radarr', 0, 0);
INSERT OR IGNORE INTO custom_format_conditions (custom_format_name, name, type, arr_type, negate, required) VALUES ('Anime BD Tier 02', 'PMR', 'pattern', 'radarr', 0, 0);
INSERT OR IGNORE INTO custom_format_conditions (custom_format_name, name, type, arr_type, negate, required) VALUES ('Anime BD Tier 02', 'Vodes', 'pattern', 'radarr', 0, 0);
INSERT OR IGNORE INTO custom_format_conditions (custom_format_name, name, type, arr_type, negate, required) VALUES ('Anime BD Tier 02', 'WAP', 'pattern', 'radarr', 0, 0);
INSERT OR IGNORE INTO custom_format_conditions (custom_format_name, name, type, arr_type, negate, required) VALUES ('Anime BD Tier 02', 'YURI', 'pattern', 'radarr', 0, 0);
INSERT OR IGNORE INTO custom_format_conditions (custom_format_name, name, type, arr_type, negate, required) VALUES ('Anime BD Tier 02', 'ZeroBuild', 'pattern', 'radarr', 0, 0);

INSERT OR IGNORE INTO custom_formats (name, description, include_in_rename) VALUES ('Anime BD Tier 03', 'fa857662bad28d5ff21a6e611869a0ff', 0);
INSERT OR IGNORE INTO condition_patterns (custom_format_name, condition_name, regular_expression_name) VALUES ('Anime BD Tier 03', 'ARC', 'Anime_BD_Tier_03_ARC');
INSERT OR IGNORE INTO condition_patterns (custom_format_name, condition_name, regular_expression_name) VALUES ('Anime BD Tier 03', 'BBT-RMX', 'Anime_BD_Tier_03_BBT-RMX');
INSERT OR IGNORE INTO condition_patterns (custom_format_name, condition_name, regular_expression_name) VALUES ('Anime BD Tier 03', 'cappybara', 'Anime_BD_Tier_03_cappybara');
INSERT OR IGNORE INTO condition_patterns (custom_format_name, condition_name, regular_expression_name) VALUES ('Anime BD Tier 03', 'ChucksMux', 'Anime_BD_Tier_03_ChucksMux');
INSERT OR IGNORE INTO condition_patterns (custom_format_name, condition_name, regular_expression_name) VALUES ('Anime BD Tier 03', 'CRUCiBLE', 'Anime_BD_Tier_03_CRUCiBLE');
INSERT OR IGNORE INTO condition_patterns (custom_format_name, condition_name, regular_expression_name) VALUES ('Anime BD Tier 03', 'CUNNY', 'Anime_BD_Tier_03_CUNNY');
INSERT OR IGNORE INTO condition_patterns (custom_format_name, condition_name, regular_expression_name) VALUES ('Anime BD Tier 03', 'Cunnysseur', 'Anime_BD_Tier_03_Cunnysseur');
INSERT OR IGNORE INTO condition_patterns (custom_format_name, condition_name, regular_expression_name) VALUES ('Anime BD Tier 03', 'Doc', 'Anime_BD_Tier_03_Doc');
INSERT OR IGNORE INTO condition_patterns (custom_format_name, condition_name, regular_expression_name) VALUES ('Anime BD Tier 03', 'fig', 'Anime_BD_Tier_03_fig');
INSERT OR IGNORE INTO condition_patterns (custom_format_name, condition_name, regular_expression_name) VALUES ('Anime BD Tier 03', 'Headpatter', 'Anime_BD_Tier_03_Headpatter');
INSERT OR IGNORE INTO condition_patterns (custom_format_name, condition_name, regular_expression_name) VALUES ('Anime BD Tier 03', 'Inka-Subs', 'Anime_BD_Tier_03_Inka-Subs');
INSERT OR IGNORE INTO condition_patterns (custom_format_name, condition_name, regular_expression_name) VALUES ('Anime BD Tier 03', 'LaCroiX', 'Anime_BD_Tier_03_LaCroiX');
INSERT OR IGNORE INTO condition_patterns (custom_format_name, condition_name, regular_expression_name) VALUES ('Anime BD Tier 03', 'Legion', 'Anime_BD_Tier_03_Legion');
INSERT OR IGNORE INTO condition_patterns (custom_format_name, condition_name, regular_expression_name) VALUES ('Anime BD Tier 03', 'Mehul', 'Anime_BD_Tier_03_Mehul');
INSERT OR IGNORE INTO condition_patterns (custom_format_name, condition_name, regular_expression_name) VALUES ('Anime BD Tier 03', 'MTBB', 'Anime_BD_Tier_03_MTBB');
INSERT OR IGNORE INTO condition_patterns (custom_format_name, condition_name, regular_expression_name) VALUES ('Anime BD Tier 03', 'Mysteria', 'Anime_BD_Tier_03_Mysteria');
INSERT OR IGNORE INTO condition_patterns (custom_format_name, condition_name, regular_expression_name) VALUES ('Anime BD Tier 03', 'Netaro', 'Anime_BD_Tier_03_Netaro');
INSERT OR IGNORE INTO condition_patterns (custom_format_name, condition_name, regular_expression_name) VALUES ('Anime BD Tier 03', 'Noiy', 'Anime_BD_Tier_03_Noiy');
INSERT OR IGNORE INTO condition_patterns (custom_format_name, condition_name, regular_expression_name) VALUES ('Anime BD Tier 03', 'npz', 'Anime_BD_Tier_03_npz');
INSERT OR IGNORE INTO condition_patterns (custom_format_name, condition_name, regular_expression_name) VALUES ('Anime BD Tier 03', 'NTRX', 'Anime_BD_Tier_03_NTRX');
INSERT OR IGNORE INTO condition_patterns (custom_format_name, condition_name, regular_expression_name) VALUES ('Anime BD Tier 03', 'Okay-Subs', 'Anime_BD_Tier_03_Okay-Subs');
INSERT OR IGNORE INTO condition_patterns (custom_format_name, condition_name, regular_expression_name) VALUES ('Anime BD Tier 03', 'P9', 'Anime_BD_Tier_03_P9');
INSERT OR IGNORE INTO condition_patterns (custom_format_name, condition_name, regular_expression_name) VALUES ('Anime BD Tier 03', 'RUDY', 'Anime_BD_Tier_03_RUDY');
INSERT OR IGNORE INTO condition_patterns (custom_format_name, condition_name, regular_expression_name) VALUES ('Anime BD Tier 03', 'RaiN', 'Anime_BD_Tier_03_RaiN');
INSERT OR IGNORE INTO condition_patterns (custom_format_name, condition_name, regular_expression_name) VALUES ('Anime BD Tier 03', 'RMX', 'Anime_BD_Tier_03_RMX');
INSERT OR IGNORE INTO condition_patterns (custom_format_name, condition_name, regular_expression_name) VALUES ('Anime BD Tier 03', 'Sekkon', 'Anime_BD_Tier_03_Sekkon');
INSERT OR IGNORE INTO condition_patterns (custom_format_name, condition_name, regular_expression_name) VALUES ('Anime BD Tier 03', 'Serendipity', 'Anime_BD_Tier_03_Serendipity');
INSERT OR IGNORE INTO condition_patterns (custom_format_name, condition_name, regular_expression_name) VALUES ('Anime BD Tier 03', 'sgt', 'Anime_BD_Tier_03_sgt');
INSERT OR IGNORE INTO condition_patterns (custom_format_name, condition_name, regular_expression_name) VALUES ('Anime BD Tier 03', 'SubsMix', 'Anime_BD_Tier_03_SubsMix');
INSERT OR IGNORE INTO condition_patterns (custom_format_name, condition_name, regular_expression_name) VALUES ('Anime BD Tier 03', 'uba', 'Anime_BD_Tier_03_uba');
INSERT OR IGNORE INTO condition_sources (custom_format_name, condition_name, source) VALUES ('Anime BD Tier 03', 'Bluray', 'BLURAY');
INSERT OR IGNORE INTO condition_sources (custom_format_name, condition_name, source) VALUES ('Anime BD Tier 03', 'DVD', 'DVD');
INSERT OR IGNORE INTO regular_expressions (name, pattern) VALUES ('Anime_BD_Tier_03_ARC', '\[ARC\]|-ARC\b');
INSERT OR IGNORE INTO regular_expressions (name, pattern) VALUES ('Anime_BD_Tier_03_BBT-RMX', '\b(BBT-RMX)\b');
INSERT OR IGNORE INTO regular_expressions (name, pattern) VALUES ('Anime_BD_Tier_03_cappybara', '\[cappybara\]|-cappybara\b');
INSERT OR IGNORE INTO regular_expressions (name, pattern) VALUES ('Anime_BD_Tier_03_ChucksMux', '\b(ChucksMux)\b');
INSERT OR IGNORE INTO regular_expressions (name, pattern) VALUES ('Anime_BD_Tier_03_CRUCiBLE', '\[CRUCiBLE\]|-CRUCiBLE\b');
INSERT OR IGNORE INTO regular_expressions (name, pattern) VALUES ('Anime_BD_Tier_03_CUNNY', '\b(CUNNY)\b');
INSERT OR IGNORE INTO regular_expressions (name, pattern) VALUES ('Anime_BD_Tier_03_Cunnysseur', '\b(Cunnysseur)\b');
INSERT OR IGNORE INTO regular_expressions (name, pattern) VALUES ('Anime_BD_Tier_03_Doc', '\[Doc\]|-Doc\b');
INSERT OR IGNORE INTO regular_expressions (name, pattern) VALUES ('Anime_BD_Tier_03_fig', '\[fig\]|-fig\b');
INSERT OR IGNORE INTO regular_expressions (name, pattern) VALUES ('Anime_BD_Tier_03_Headpatter', '\[Headpatter\]|-Headpatter\b');
INSERT OR IGNORE INTO regular_expressions (name, pattern) VALUES ('Anime_BD_Tier_03_Inka-Subs', '\b(Inka-Subs)\b');
INSERT OR IGNORE INTO regular_expressions (name, pattern) VALUES ('Anime_BD_Tier_03_LaCroiX', '\b(LaCroiX)\b');
INSERT OR IGNORE INTO regular_expressions (name, pattern) VALUES ('Anime_BD_Tier_03_Legion', '\[Legion\]|-Legion\b');
INSERT OR IGNORE INTO regular_expressions (name, pattern) VALUES ('Anime_BD_Tier_03_Mehul', '\[Mehul\]|-Mehul\b');
INSERT OR IGNORE INTO regular_expressions (name, pattern) VALUES ('Anime_BD_Tier_03_MTBB', '\b(MTBB)\b');
INSERT OR IGNORE INTO regular_expressions (name, pattern) VALUES ('Anime_BD_Tier_03_Mysteria', '\[Mysteria\]|-Mysteria\b');
INSERT OR IGNORE INTO regular_expressions (name, pattern) VALUES ('Anime_BD_Tier_03_Netaro', '\b(Netaro)\b');
INSERT OR IGNORE INTO regular_expressions (name, pattern) VALUES ('Anime_BD_Tier_03_Noiy', '\b(Noiy)\b');
INSERT OR IGNORE INTO regular_expressions (name, pattern) VALUES ('Anime_BD_Tier_03_npz', '\b(npz)\b');
INSERT OR IGNORE INTO regular_expressions (name, pattern) VALUES ('Anime_BD_Tier_03_NTRX', '\b(NTRX)\b');
INSERT OR IGNORE INTO regular_expressions (name, pattern) VALUES ('Anime_BD_Tier_03_Okay-Subs', '\b(Okay-Subs)\b');
INSERT OR IGNORE INTO regular_expressions (name, pattern) VALUES ('Anime_BD_Tier_03_P9', '\b(P9)\b');
INSERT OR IGNORE INTO regular_expressions (name, pattern) VALUES ('Anime_BD_Tier_03_RUDY', '\[RUDY\]|-RUDY\b');
INSERT OR IGNORE INTO regular_expressions (name, pattern) VALUES ('Anime_BD_Tier_03_RaiN', '\[RaiN\]|-RaiN\b');
INSERT OR IGNORE INTO regular_expressions (name, pattern) VALUES ('Anime_BD_Tier_03_RMX', '\b(RMX)\b');
INSERT OR IGNORE INTO regular_expressions (name, pattern) VALUES ('Anime_BD_Tier_03_Sekkon', '\b(Sekkon)\b');
INSERT OR IGNORE INTO regular_expressions (name, pattern) VALUES ('Anime_BD_Tier_03_Serendipity', '\[Serendipity\]|-Serendipity\b');
INSERT OR IGNORE INTO regular_expressions (name, pattern) VALUES ('Anime_BD_Tier_03_sgt', '\[sgt\]|-sgt\b');
INSERT OR IGNORE INTO regular_expressions (name, pattern) VALUES ('Anime_BD_Tier_03_SubsMix', '\b(SubsMix)\b');
INSERT OR IGNORE INTO regular_expressions (name, pattern) VALUES ('Anime_BD_Tier_03_uba', '\[uba\]|-uba\b');
INSERT OR IGNORE INTO custom_format_conditions (custom_format_name, name, type, arr_type, negate, required) VALUES ('Anime BD Tier 03', 'Bluray', 'source', 'radarr', 0, 0);
INSERT OR IGNORE INTO custom_format_conditions (custom_format_name, name, type, arr_type, negate, required) VALUES ('Anime BD Tier 03', 'DVD', 'source', 'radarr', 0, 0);
INSERT OR IGNORE INTO custom_format_conditions (custom_format_name, name, type, arr_type, negate, required) VALUES ('Anime BD Tier 03', 'ARC', 'pattern', 'radarr', 0, 0);
INSERT OR IGNORE INTO custom_format_conditions (custom_format_name, name, type, arr_type, negate, required) VALUES ('Anime BD Tier 03', 'BBT-RMX', 'pattern', 'radarr', 0, 0);
INSERT OR IGNORE INTO custom_format_conditions (custom_format_name, name, type, arr_type, negate, required) VALUES ('Anime BD Tier 03', 'cappybara', 'pattern', 'radarr', 0, 0);
INSERT OR IGNORE INTO custom_format_conditions (custom_format_name, name, type, arr_type, negate, required) VALUES ('Anime BD Tier 03', 'ChucksMux', 'pattern', 'radarr', 0, 0);
INSERT OR IGNORE INTO custom_format_conditions (custom_format_name, name, type, arr_type, negate, required) VALUES ('Anime BD Tier 03', 'CRUCiBLE', 'pattern', 'radarr', 0, 0);
INSERT OR IGNORE INTO custom_format_conditions (custom_format_name, name, type, arr_type, negate, required) VALUES ('Anime BD Tier 03', 'CUNNY', 'pattern', 'radarr', 0, 0);
INSERT OR IGNORE INTO custom_format_conditions (custom_format_name, name, type, arr_type, negate, required) VALUES ('Anime BD Tier 03', 'Cunnysseur', 'pattern', 'radarr', 0, 0);
INSERT OR IGNORE INTO custom_format_conditions (custom_format_name, name, type, arr_type, negate, required) VALUES ('Anime BD Tier 03', 'Doc', 'pattern', 'radarr', 0, 0);
INSERT OR IGNORE INTO custom_format_conditions (custom_format_name, name, type, arr_type, negate, required) VALUES ('Anime BD Tier 03', 'fig', 'pattern', 'radarr', 0, 0);
INSERT OR IGNORE INTO custom_format_conditions (custom_format_name, name, type, arr_type, negate, required) VALUES ('Anime BD Tier 03', 'Headpatter', 'pattern', 'radarr', 0, 0);
INSERT OR IGNORE INTO custom_format_conditions (custom_format_name, name, type, arr_type, negate, required) VALUES ('Anime BD Tier 03', 'Inka-Subs', 'pattern', 'radarr', 0, 0);
INSERT OR IGNORE INTO custom_format_conditions (custom_format_name, name, type, arr_type, negate, required) VALUES ('Anime BD Tier 03', 'LaCroiX', 'pattern', 'radarr', 0, 0);
INSERT OR IGNORE INTO custom_format_conditions (custom_format_name, name, type, arr_type, negate, required) VALUES ('Anime BD Tier 03', 'Legion', 'pattern', 'radarr', 0, 0);
INSERT OR IGNORE INTO custom_format_conditions (custom_format_name, name, type, arr_type, negate, required) VALUES ('Anime BD Tier 03', 'Mehul', 'pattern', 'radarr', 0, 0);
INSERT OR IGNORE INTO custom_format_conditions (custom_format_name, name, type, arr_type, negate, required) VALUES ('Anime BD Tier 03', 'MTBB', 'pattern', 'radarr', 0, 0);
INSERT OR IGNORE INTO custom_format_conditions (custom_format_name, name, type, arr_type, negate, required) VALUES ('Anime BD Tier 03', 'Mysteria', 'pattern', 'radarr', 0, 0);
INSERT OR IGNORE INTO custom_format_conditions (custom_format_name, name, type, arr_type, negate, required) VALUES ('Anime BD Tier 03', 'Netaro', 'pattern', 'radarr', 0, 0);
INSERT OR IGNORE INTO custom_format_conditions (custom_format_name, name, type, arr_type, negate, required) VALUES ('Anime BD Tier 03', 'Noiy', 'pattern', 'radarr', 0, 0);
INSERT OR IGNORE INTO custom_format_conditions (custom_format_name, name, type, arr_type, negate, required) VALUES ('Anime BD Tier 03', 'npz', 'pattern', 'radarr', 0, 0);
INSERT OR IGNORE INTO custom_format_conditions (custom_format_name, name, type, arr_type, negate, required) VALUES ('Anime BD Tier 03', 'NTRX', 'pattern', 'radarr', 0, 0);
INSERT OR IGNORE INTO custom_format_conditions (custom_format_name, name, type, arr_type, negate, required) VALUES ('Anime BD Tier 03', 'Okay-Subs', 'pattern', 'radarr', 0, 0);
INSERT OR IGNORE INTO custom_format_conditions (custom_format_name, name, type, arr_type, negate, required) VALUES ('Anime BD Tier 03', 'P9', 'pattern', 'radarr', 0, 0);
INSERT OR IGNORE INTO custom_format_conditions (custom_format_name, name, type, arr_type, negate, required) VALUES ('Anime BD Tier 03', 'RUDY', 'pattern', 'radarr', 0, 0);
INSERT OR IGNORE INTO custom_format_conditions (custom_format_name, name, type, arr_type, negate, required) VALUES ('Anime BD Tier 03', 'RaiN', 'pattern', 'radarr', 0, 0);
INSERT OR IGNORE INTO custom_format_conditions (custom_format_name, name, type, arr_type, negate, required) VALUES ('Anime BD Tier 03', 'RMX', 'pattern', 'radarr', 0, 0);
INSERT OR IGNORE INTO custom_format_conditions (custom_format_name, name, type, arr_type, negate, required) VALUES ('Anime BD Tier 03', 'Sekkon', 'pattern', 'radarr', 0, 0);
INSERT OR IGNORE INTO custom_format_conditions (custom_format_name, name, type, arr_type, negate, required) VALUES ('Anime BD Tier 03', 'Serendipity', 'pattern', 'radarr', 0, 0);
INSERT OR IGNORE INTO custom_format_conditions (custom_format_name, name, type, arr_type, negate, required) VALUES ('Anime BD Tier 03', 'sgt', 'pattern', 'radarr', 0, 0);
INSERT OR IGNORE INTO custom_format_conditions (custom_format_name, name, type, arr_type, negate, required) VALUES ('Anime BD Tier 03', 'SubsMix', 'pattern', 'radarr', 0, 0);
INSERT OR IGNORE INTO custom_format_conditions (custom_format_name, name, type, arr_type, negate, required) VALUES ('Anime BD Tier 03', 'uba', 'pattern', 'radarr', 0, 0);

INSERT OR IGNORE INTO custom_formats (name, description, include_in_rename) VALUES ('Anime BD Tier 04', 'f262f1299d99b1a2263375e8fa2ddbb3', 0);
INSERT OR IGNORE INTO condition_patterns (custom_format_name, condition_name, regular_expression_name) VALUES ('Anime BD Tier 04', 'ABdex', 'Anime_BD_Tier_04_ABdex');
INSERT OR IGNORE INTO condition_patterns (custom_format_name, condition_name, regular_expression_name) VALUES ('Anime BD Tier 04', 'Afro', 'Anime_BD_Tier_04_Afro');
INSERT OR IGNORE INTO condition_patterns (custom_format_name, condition_name, regular_expression_name) VALUES ('Anime BD Tier 04', 'aRMX', 'Anime_BD_Tier_04_aRMX');
INSERT OR IGNORE INTO condition_patterns (custom_format_name, condition_name, regular_expression_name) VALUES ('Anime BD Tier 04', 'BiRJU', 'Anime_BD_Tier_04_BiRJU');
INSERT OR IGNORE INTO condition_patterns (custom_format_name, condition_name, regular_expression_name) VALUES ('Anime BD Tier 04', 'BKC', 'Anime_BD_Tier_04_BKC');
INSERT OR IGNORE INTO condition_patterns (custom_format_name, condition_name, regular_expression_name) VALUES ('Anime BD Tier 04', 'CBT', 'Anime_BD_Tier_04_CBT');
INSERT OR IGNORE INTO condition_patterns (custom_format_name, condition_name, regular_expression_name) VALUES ('Anime BD Tier 04', 'Chimera', 'Anime_BD_Tier_04_Chimera');
INSERT OR IGNORE INTO condition_patterns (custom_format_name, condition_name, regular_expression_name) VALUES ('Anime BD Tier 04', 'derp', 'Anime_BD_Tier_04_derp');
INSERT OR IGNORE INTO condition_patterns (custom_format_name, condition_name, regular_expression_name) VALUES ('Anime BD Tier 04', 'DIY', 'Anime_BD_Tier_04_DIY');
INSERT OR IGNORE INTO condition_patterns (custom_format_name, condition_name, regular_expression_name) VALUES ('Anime BD Tier 04', 'EXP', 'Anime_BD_Tier_04_EXP');
INSERT OR IGNORE INTO condition_patterns (custom_format_name, condition_name, regular_expression_name) VALUES ('Anime BD Tier 04', 'Foxtrot', 'Anime_BD_Tier_04_Foxtrot');
INSERT OR IGNORE INTO condition_patterns (custom_format_name, condition_name, regular_expression_name) VALUES ('Anime BD Tier 04', 'grimf', 'Anime_BD_Tier_04_grimf');
INSERT OR IGNORE INTO condition_patterns (custom_format_name, condition_name, regular_expression_name) VALUES ('Anime BD Tier 04', 'IK', 'Anime_BD_Tier_04_IK');
INSERT OR IGNORE INTO condition_patterns (custom_format_name, condition_name, regular_expression_name) VALUES ('Anime BD Tier 04', 'Iznjie Biznjie', 'Anime_BD_Tier_04_Iznjie_Biznjie');
INSERT OR IGNORE INTO condition_patterns (custom_format_name, condition_name, regular_expression_name) VALUES ('Anime BD Tier 04', 'Kaleido-subs', 'Anime_BD_Tier_04_Kaleido-subs');
INSERT OR IGNORE INTO condition_patterns (custom_format_name, condition_name, regular_expression_name) VALUES ('Anime BD Tier 04', 'Kametsu', 'Anime_BD_Tier_04_Kametsu');
INSERT OR IGNORE INTO condition_patterns (custom_format_name, condition_name, regular_expression_name) VALUES ('Anime BD Tier 04', 'Kawatare', 'Anime_BD_Tier_04_Kawatare');
INSERT OR IGNORE INTO condition_patterns (custom_format_name, condition_name, regular_expression_name) VALUES ('Anime BD Tier 04', 'KH', 'Anime_BD_Tier_04_KH');
INSERT OR IGNORE INTO condition_patterns (custom_format_name, condition_name, regular_expression_name) VALUES ('Anime BD Tier 04', 'LazyRemux', 'Anime_BD_Tier_04_LazyRemux');
INSERT OR IGNORE INTO condition_patterns (custom_format_name, condition_name, regular_expression_name) VALUES ('Anime BD Tier 04', 'Metal', 'Anime_BD_Tier_04_Metal');
INSERT OR IGNORE INTO condition_patterns (custom_format_name, condition_name, regular_expression_name) VALUES ('Anime BD Tier 04', 'MK', 'Anime_BD_Tier_04_MK');
INSERT OR IGNORE INTO condition_patterns (custom_format_name, condition_name, regular_expression_name) VALUES ('Anime BD Tier 04', 'neko-kBaraka', 'Anime_BD_Tier_04_neko-kBaraka');
INSERT OR IGNORE INTO condition_patterns (custom_format_name, condition_name, regular_expression_name) VALUES ('Anime BD Tier 04', 'OZR', 'Anime_BD_Tier_04_OZR');
INSERT OR IGNORE INTO condition_patterns (custom_format_name, condition_name, regular_expression_name) VALUES ('Anime BD Tier 04', 'Pizza', 'Anime_BD_Tier_04_Pizza');
INSERT OR IGNORE INTO condition_patterns (custom_format_name, condition_name, regular_expression_name) VALUES ('Anime BD Tier 04', 'pog42', 'Anime_BD_Tier_04_pog42');
INSERT OR IGNORE INTO condition_patterns (custom_format_name, condition_name, regular_expression_name) VALUES ('Anime BD Tier 04', 'Quetzal', 'Anime_BD_Tier_04_Quetzal');
INSERT OR IGNORE INTO condition_patterns (custom_format_name, condition_name, regular_expression_name) VALUES ('Anime BD Tier 04', 'Reza', 'Anime_BD_Tier_04_Reza');
INSERT OR IGNORE INTO condition_patterns (custom_format_name, condition_name, regular_expression_name) VALUES ('Anime BD Tier 04', 'SCY', 'Anime_BD_Tier_04_SCY');
INSERT OR IGNORE INTO condition_patterns (custom_format_name, condition_name, regular_expression_name) VALUES ('Anime BD Tier 04', 'Shimatta', 'Anime_BD_Tier_04_Shimatta');
INSERT OR IGNORE INTO condition_patterns (custom_format_name, condition_name, regular_expression_name) VALUES ('Anime BD Tier 04', 'Smoke', 'Anime_BD_Tier_04_Smoke');
INSERT OR IGNORE INTO condition_patterns (custom_format_name, condition_name, regular_expression_name) VALUES ('Anime BD Tier 04', 'Spirale', 'Anime_BD_Tier_04_Spirale');
INSERT OR IGNORE INTO condition_patterns (custom_format_name, condition_name, regular_expression_name) VALUES ('Anime BD Tier 04', 'UDF', 'Anime_BD_Tier_04_UDF');
INSERT OR IGNORE INTO condition_patterns (custom_format_name, condition_name, regular_expression_name) VALUES ('Anime BD Tier 04', 'UQW', 'Anime_BD_Tier_04_UQW');
INSERT OR IGNORE INTO condition_patterns (custom_format_name, condition_name, regular_expression_name) VALUES ('Anime BD Tier 04', 'Virtuality', 'Anime_BD_Tier_04_Virtuality');
INSERT OR IGNORE INTO condition_patterns (custom_format_name, condition_name, regular_expression_name) VALUES ('Anime BD Tier 04', 'Vanilla', 'Anime_BD_Tier_04_Vanilla');
INSERT OR IGNORE INTO condition_patterns (custom_format_name, condition_name, regular_expression_name) VALUES ('Anime BD Tier 04', 'VULCAN', 'Anime_BD_Tier_04_VULCAN');
INSERT OR IGNORE INTO condition_sources (custom_format_name, condition_name, source) VALUES ('Anime BD Tier 04', 'Bluray', 'BLURAY');
INSERT OR IGNORE INTO condition_sources (custom_format_name, condition_name, source) VALUES ('Anime BD Tier 04', 'DVD', 'DVD');
INSERT OR IGNORE INTO regular_expressions (name, pattern) VALUES ('Anime_BD_Tier_04_ABdex', '\b(ABdex)\b');
INSERT OR IGNORE INTO regular_expressions (name, pattern) VALUES ('Anime_BD_Tier_04_Afro', '\[Afro\]|-Afro\b');
INSERT OR IGNORE INTO regular_expressions (name, pattern) VALUES ('Anime_BD_Tier_04_aRMX', '\b(aRMX)\b');
INSERT OR IGNORE INTO regular_expressions (name, pattern) VALUES ('Anime_BD_Tier_04_BiRJU', '\b(BiRJU)\b');
INSERT OR IGNORE INTO regular_expressions (name, pattern) VALUES ('Anime_BD_Tier_04_BKC', '\b(BKC)\b');
INSERT OR IGNORE INTO regular_expressions (name, pattern) VALUES ('Anime_BD_Tier_04_CBT', '\b(CBT)\b');
INSERT OR IGNORE INTO regular_expressions (name, pattern) VALUES ('Anime_BD_Tier_04_Chimera', '\[Chimera\]|-Chimera\b');
INSERT OR IGNORE INTO regular_expressions (name, pattern) VALUES ('Anime_BD_Tier_04_derp', '\[derp\]|-derp\b');
INSERT OR IGNORE INTO regular_expressions (name, pattern) VALUES ('Anime_BD_Tier_04_DIY', '\[DIY\]|-DIY\b');
INSERT OR IGNORE INTO regular_expressions (name, pattern) VALUES ('Anime_BD_Tier_04_EXP', '\[EXP\]|-EXP\b');
INSERT OR IGNORE INTO regular_expressions (name, pattern) VALUES ('Anime_BD_Tier_04_Foxtrot', '\[Foxtrot\]|-Foxtrot\b');
INSERT OR IGNORE INTO regular_expressions (name, pattern) VALUES ('Anime_BD_Tier_04_grimf', '\b(grimf)\b');
INSERT OR IGNORE INTO regular_expressions (name, pattern) VALUES ('Anime_BD_Tier_04_IK', '\b(IK)\b');
INSERT OR IGNORE INTO regular_expressions (name, pattern) VALUES ('Anime_BD_Tier_04_Iznjie_Biznjie', '\b(Iznjie[ .-]Biznjie)\b');
INSERT OR IGNORE INTO regular_expressions (name, pattern) VALUES ('Anime_BD_Tier_04_Kaleido-subs', '\b(Kaleido-subs)\b');
INSERT OR IGNORE INTO regular_expressions (name, pattern) VALUES ('Anime_BD_Tier_04_Kametsu', '\b(Kametsu)\b');
INSERT OR IGNORE INTO regular_expressions (name, pattern) VALUES ('Anime_BD_Tier_04_Kawatare', '\[Kawatare\]|-Kawatare\b');
INSERT OR IGNORE INTO regular_expressions (name, pattern) VALUES ('Anime_BD_Tier_04_KH', '\b(KH)\b');
INSERT OR IGNORE INTO regular_expressions (name, pattern) VALUES ('Anime_BD_Tier_04_LazyRemux', '\b(LazyRemux)\b');
INSERT OR IGNORE INTO regular_expressions (name, pattern) VALUES ('Anime_BD_Tier_04_Metal', '\[Metal\]|-Metal\b');
INSERT OR IGNORE INTO regular_expressions (name, pattern) VALUES ('Anime_BD_Tier_04_MK', '\b(MK)\b');
INSERT OR IGNORE INTO regular_expressions (name, pattern) VALUES ('Anime_BD_Tier_04_neko-kBaraka', '\b(neko-kBaraka)\b');
INSERT OR IGNORE INTO regular_expressions (name, pattern) VALUES ('Anime_BD_Tier_04_OZR', '\b(OZR)\b');
INSERT OR IGNORE INTO regular_expressions (name, pattern) VALUES ('Anime_BD_Tier_04_Pizza', '\[Pizza\]|-Pizza\b');
INSERT OR IGNORE INTO regular_expressions (name, pattern) VALUES ('Anime_BD_Tier_04_pog42', '\b(pog42)\b');
INSERT OR IGNORE INTO regular_expressions (name, pattern) VALUES ('Anime_BD_Tier_04_Quetzal', '\b(Quetzal)\b');
INSERT OR IGNORE INTO regular_expressions (name, pattern) VALUES ('Anime_BD_Tier_04_Reza', '\b(Reza)\b');
INSERT OR IGNORE INTO regular_expressions (name, pattern) VALUES ('Anime_BD_Tier_04_SCY', '\b(SCY)\b');
INSERT OR IGNORE INTO regular_expressions (name, pattern) VALUES ('Anime_BD_Tier_04_Shimatta', '\b(Shimatta)\b');
INSERT OR IGNORE INTO regular_expressions (name, pattern) VALUES ('Anime_BD_Tier_04_Smoke', '\[Smoke\]|-Smoke\b');
INSERT OR IGNORE INTO regular_expressions (name, pattern) VALUES ('Anime_BD_Tier_04_Spirale', '\b(Spirale)\b');
INSERT OR IGNORE INTO regular_expressions (name, pattern) VALUES ('Anime_BD_Tier_04_UDF', '\b(UDF)\b');
INSERT OR IGNORE INTO regular_expressions (name, pattern) VALUES ('Anime_BD_Tier_04_UQW', '\b(UQW)\b');
INSERT OR IGNORE INTO regular_expressions (name, pattern) VALUES ('Anime_BD_Tier_04_Virtuality', '\b(Virtuality)\b');
INSERT OR IGNORE INTO regular_expressions (name, pattern) VALUES ('Anime_BD_Tier_04_Vanilla', '\[Vanilla\]|-Vanilla\b');
INSERT OR IGNORE INTO regular_expressions (name, pattern) VALUES ('Anime_BD_Tier_04_VULCAN', '\[VULCAN\]|-VULCAN\b');
INSERT OR IGNORE INTO custom_format_conditions (custom_format_name, name, type, arr_type, negate, required) VALUES ('Anime BD Tier 04', 'Bluray', 'source', 'radarr', 0, 0);
INSERT OR IGNORE INTO custom_format_conditions (custom_format_name, name, type, arr_type, negate, required) VALUES ('Anime BD Tier 04', 'DVD', 'source', 'radarr', 0, 0);
INSERT OR IGNORE INTO custom_format_conditions (custom_format_name, name, type, arr_type, negate, required) VALUES ('Anime BD Tier 04', 'ABdex', 'pattern', 'radarr', 0, 0);
INSERT OR IGNORE INTO custom_format_conditions (custom_format_name, name, type, arr_type, negate, required) VALUES ('Anime BD Tier 04', 'Afro', 'pattern', 'radarr', 0, 0);
INSERT OR IGNORE INTO custom_format_conditions (custom_format_name, name, type, arr_type, negate, required) VALUES ('Anime BD Tier 04', 'aRMX', 'pattern', 'radarr', 0, 0);
INSERT OR IGNORE INTO custom_format_conditions (custom_format_name, name, type, arr_type, negate, required) VALUES ('Anime BD Tier 04', 'BiRJU', 'pattern', 'radarr', 0, 0);
INSERT OR IGNORE INTO custom_format_conditions (custom_format_name, name, type, arr_type, negate, required) VALUES ('Anime BD Tier 04', 'BKC', 'pattern', 'radarr', 0, 0);
INSERT OR IGNORE INTO custom_format_conditions (custom_format_name, name, type, arr_type, negate, required) VALUES ('Anime BD Tier 04', 'CBT', 'pattern', 'radarr', 0, 0);
INSERT OR IGNORE INTO custom_format_conditions (custom_format_name, name, type, arr_type, negate, required) VALUES ('Anime BD Tier 04', 'Chimera', 'pattern', 'radarr', 0, 0);
INSERT OR IGNORE INTO custom_format_conditions (custom_format_name, name, type, arr_type, negate, required) VALUES ('Anime BD Tier 04', 'derp', 'pattern', 'radarr', 0, 0);
INSERT OR IGNORE INTO custom_format_conditions (custom_format_name, name, type, arr_type, negate, required) VALUES ('Anime BD Tier 04', 'DIY', 'pattern', 'radarr', 0, 0);
INSERT OR IGNORE INTO custom_format_conditions (custom_format_name, name, type, arr_type, negate, required) VALUES ('Anime BD Tier 04', 'EXP', 'pattern', 'radarr', 0, 0);
INSERT OR IGNORE INTO custom_format_conditions (custom_format_name, name, type, arr_type, negate, required) VALUES ('Anime BD Tier 04', 'Foxtrot', 'pattern', 'radarr', 0, 0);
INSERT OR IGNORE INTO custom_format_conditions (custom_format_name, name, type, arr_type, negate, required) VALUES ('Anime BD Tier 04', 'grimf', 'pattern', 'radarr', 0, 0);
INSERT OR IGNORE INTO custom_format_conditions (custom_format_name, name, type, arr_type, negate, required) VALUES ('Anime BD Tier 04', 'IK', 'pattern', 'radarr', 0, 0);
INSERT OR IGNORE INTO custom_format_conditions (custom_format_name, name, type, arr_type, negate, required) VALUES ('Anime BD Tier 04', 'Iznjie Biznjie', 'pattern', 'radarr', 0, 0);
INSERT OR IGNORE INTO custom_format_conditions (custom_format_name, name, type, arr_type, negate, required) VALUES ('Anime BD Tier 04', 'Kaleido-subs', 'pattern', 'radarr', 0, 0);
INSERT OR IGNORE INTO custom_format_conditions (custom_format_name, name, type, arr_type, negate, required) VALUES ('Anime BD Tier 04', 'Kametsu', 'pattern', 'radarr', 0, 0);
INSERT OR IGNORE INTO custom_format_conditions (custom_format_name, name, type, arr_type, negate, required) VALUES ('Anime BD Tier 04', 'Kawatare', 'pattern', 'radarr', 0, 0);
INSERT OR IGNORE INTO custom_format_conditions (custom_format_name, name, type, arr_type, negate, required) VALUES ('Anime BD Tier 04', 'KH', 'pattern', 'radarr', 0, 0);
INSERT OR IGNORE INTO custom_format_conditions (custom_format_name, name, type, arr_type, negate, required) VALUES ('Anime BD Tier 04', 'LazyRemux', 'pattern', 'radarr', 0, 0);
INSERT OR IGNORE INTO custom_format_conditions (custom_format_name, name, type, arr_type, negate, required) VALUES ('Anime BD Tier 04', 'Metal', 'pattern', 'radarr', 0, 0);
INSERT OR IGNORE INTO custom_format_conditions (custom_format_name, name, type, arr_type, negate, required) VALUES ('Anime BD Tier 04', 'MK', 'pattern', 'radarr', 0, 0);
INSERT OR IGNORE INTO custom_format_conditions (custom_format_name, name, type, arr_type, negate, required) VALUES ('Anime BD Tier 04', 'neko-kBaraka', 'pattern', 'radarr', 0, 0);
INSERT OR IGNORE INTO custom_format_conditions (custom_format_name, name, type, arr_type, negate, required) VALUES ('Anime BD Tier 04', 'OZR', 'pattern', 'radarr', 0, 0);
INSERT OR IGNORE INTO custom_format_conditions (custom_format_name, name, type, arr_type, negate, required) VALUES ('Anime BD Tier 04', 'Pizza', 'pattern', 'radarr', 0, 0);
INSERT OR IGNORE INTO custom_format_conditions (custom_format_name, name, type, arr_type, negate, required) VALUES ('Anime BD Tier 04', 'pog42', 'pattern', 'radarr', 0, 0);
INSERT OR IGNORE INTO custom_format_conditions (custom_format_name, name, type, arr_type, negate, required) VALUES ('Anime BD Tier 04', 'Quetzal', 'pattern', 'radarr', 0, 0);
INSERT OR IGNORE INTO custom_format_conditions (custom_format_name, name, type, arr_type, negate, required) VALUES ('Anime BD Tier 04', 'Reza', 'pattern', 'radarr', 0, 0);
INSERT OR IGNORE INTO custom_format_conditions (custom_format_name, name, type, arr_type, negate, required) VALUES ('Anime BD Tier 04', 'SCY', 'pattern', 'radarr', 0, 0);
INSERT OR IGNORE INTO custom_format_conditions (custom_format_name, name, type, arr_type, negate, required) VALUES ('Anime BD Tier 04', 'Shimatta', 'pattern', 'radarr', 0, 0);
INSERT OR IGNORE INTO custom_format_conditions (custom_format_name, name, type, arr_type, negate, required) VALUES ('Anime BD Tier 04', 'Smoke', 'pattern', 'radarr', 0, 0);
INSERT OR IGNORE INTO custom_format_conditions (custom_format_name, name, type, arr_type, negate, required) VALUES ('Anime BD Tier 04', 'Spirale', 'pattern', 'radarr', 0, 0);
INSERT OR IGNORE INTO custom_format_conditions (custom_format_name, name, type, arr_type, negate, required) VALUES ('Anime BD Tier 04', 'UDF', 'pattern', 'radarr', 0, 0);
INSERT OR IGNORE INTO custom_format_conditions (custom_format_name, name, type, arr_type, negate, required) VALUES ('Anime BD Tier 04', 'UQW', 'pattern', 'radarr', 0, 0);
INSERT OR IGNORE INTO custom_format_conditions (custom_format_name, name, type, arr_type, negate, required) VALUES ('Anime BD Tier 04', 'Virtuality', 'pattern', 'radarr', 0, 0);
INSERT OR IGNORE INTO custom_format_conditions (custom_format_name, name, type, arr_type, negate, required) VALUES ('Anime BD Tier 04', 'Vanilla', 'pattern', 'radarr', 0, 0);
INSERT OR IGNORE INTO custom_format_conditions (custom_format_name, name, type, arr_type, negate, required) VALUES ('Anime BD Tier 04', 'VULCAN', 'pattern', 'radarr', 0, 0);

INSERT OR IGNORE INTO custom_formats (name, description, include_in_rename) VALUES ('Anime BD Tier 05', 'ca864ed93c7b431150cc6748dc34875d', 0);
INSERT OR IGNORE INTO condition_patterns (custom_format_name, condition_name, regular_expression_name) VALUES ('Anime BD Tier 05', 'Animorphs', 'Anime_BD_Tier_05_Animorphs');
INSERT OR IGNORE INTO condition_patterns (custom_format_name, condition_name, regular_expression_name) VALUES ('Anime BD Tier 05', 'AOmundson', 'Anime_BD_Tier_05_AOmundson');
INSERT OR IGNORE INTO condition_patterns (custom_format_name, condition_name, regular_expression_name) VALUES ('Anime BD Tier 05', 'ASC', 'Anime_BD_Tier_05_ASC');
INSERT OR IGNORE INTO condition_patterns (custom_format_name, condition_name, regular_expression_name) VALUES ('Anime BD Tier 05', 'Baws', 'Anime_BD_Tier_05_Baws');
INSERT OR IGNORE INTO condition_patterns (custom_format_name, condition_name, regular_expression_name) VALUES ('Anime BD Tier 05', 'Beatrice', 'Anime_BD_Tier_05_Beatrice');
INSERT OR IGNORE INTO condition_patterns (custom_format_name, condition_name, regular_expression_name) VALUES ('Anime BD Tier 05', 'B00BA', 'Anime_BD_Tier_05_B00BA');
INSERT OR IGNORE INTO condition_patterns (custom_format_name, condition_name, regular_expression_name) VALUES ('Anime BD Tier 05', 'Cait-Sidhe', 'Anime_BD_Tier_05_Cait-Sidhe');
INSERT OR IGNORE INTO condition_patterns (custom_format_name, condition_name, regular_expression_name) VALUES ('Anime BD Tier 05', 'CsS', 'Anime_BD_Tier_05_CsS');
INSERT OR IGNORE INTO condition_patterns (custom_format_name, condition_name, regular_expression_name) VALUES ('Anime BD Tier 05', 'CTR', 'Anime_BD_Tier_05_CTR');
INSERT OR IGNORE INTO condition_patterns (custom_format_name, condition_name, regular_expression_name) VALUES ('Anime BD Tier 05', 'D4C', 'Anime_BD_Tier_05_D4C');
INSERT OR IGNORE INTO condition_patterns (custom_format_name, condition_name, regular_expression_name) VALUES ('Anime BD Tier 05', 'deanzel', 'Anime_BD_Tier_05_deanzel');
INSERT OR IGNORE INTO condition_patterns (custom_format_name, condition_name, regular_expression_name) VALUES ('Anime BD Tier 05', 'Drag', 'Anime_BD_Tier_05_Drag');
INSERT OR IGNORE INTO condition_patterns (custom_format_name, condition_name, regular_expression_name) VALUES ('Anime BD Tier 05', 'eldon', 'Anime_BD_Tier_05_eldon');
INSERT OR IGNORE INTO condition_patterns (custom_format_name, condition_name, regular_expression_name) VALUES ('Anime BD Tier 05', 'Freehold', 'Anime_BD_Tier_05_Freehold');
INSERT OR IGNORE INTO condition_patterns (custom_format_name, condition_name, regular_expression_name) VALUES ('Anime BD Tier 05', 'GHS', 'Anime_BD_Tier_05_GHS');
INSERT OR IGNORE INTO condition_patterns (custom_format_name, condition_name, regular_expression_name) VALUES ('Anime BD Tier 05', 'Hark0N', 'Anime_BD_Tier_05_Hark0N');
INSERT OR IGNORE INTO condition_patterns (custom_format_name, condition_name, regular_expression_name) VALUES ('Anime BD Tier 05', 'Holomux', 'Anime_BD_Tier_05_Holomux');
INSERT OR IGNORE INTO condition_patterns (custom_format_name, condition_name, regular_expression_name) VALUES ('Anime BD Tier 05', 'Judgement', 'Anime_BD_Tier_05_Judgement');
INSERT OR IGNORE INTO condition_patterns (custom_format_name, condition_name, regular_expression_name) VALUES ('Anime BD Tier 05', 'MC', 'Anime_BD_Tier_05_MC');
INSERT OR IGNORE INTO condition_patterns (custom_format_name, condition_name, regular_expression_name) VALUES ('Anime BD Tier 05', 'mottoj', 'Anime_BD_Tier_05_mottoj');
INSERT OR IGNORE INTO condition_patterns (custom_format_name, condition_name, regular_expression_name) VALUES ('Anime BD Tier 05', 'NH', 'Anime_BD_Tier_05_NH');
INSERT OR IGNORE INTO condition_patterns (custom_format_name, condition_name, regular_expression_name) VALUES ('Anime BD Tier 05', 'NTRM', 'Anime_BD_Tier_05_NTRM');
INSERT OR IGNORE INTO condition_patterns (custom_format_name, condition_name, regular_expression_name) VALUES ('Anime BD Tier 05', 'o7', 'Anime_BD_Tier_05_o7');
INSERT OR IGNORE INTO condition_patterns (custom_format_name, condition_name, regular_expression_name) VALUES ('Anime BD Tier 05', 'QM', 'Anime_BD_Tier_05_QM');
INSERT OR IGNORE INTO condition_patterns (custom_format_name, condition_name, regular_expression_name) VALUES ('Anime BD Tier 05', 'Thighs', 'Anime_BD_Tier_05_Thighs');
INSERT OR IGNORE INTO condition_patterns (custom_format_name, condition_name, regular_expression_name) VALUES ('Anime BD Tier 05', 'TTGA', 'Anime_BD_Tier_05_TTGA');
INSERT OR IGNORE INTO condition_patterns (custom_format_name, condition_name, regular_expression_name) VALUES ('Anime BD Tier 05', 'UltraRemux', 'Anime_BD_Tier_05_UltraRemux');
INSERT OR IGNORE INTO condition_patterns (custom_format_name, condition_name, regular_expression_name) VALUES ('Anime BD Tier 05', 'WBDP', 'Anime_BD_Tier_05_WBDP');
INSERT OR IGNORE INTO condition_patterns (custom_format_name, condition_name, regular_expression_name) VALUES ('Anime BD Tier 05', 'WSE', 'Anime_BD_Tier_05_WSE');
INSERT OR IGNORE INTO condition_patterns (custom_format_name, condition_name, regular_expression_name) VALUES ('Anime BD Tier 05', 'Yuki', 'Anime_BD_Tier_05_Yuki');
INSERT OR IGNORE INTO condition_sources (custom_format_name, condition_name, source) VALUES ('Anime BD Tier 05', 'Bluray', 'BLURAY');
INSERT OR IGNORE INTO condition_sources (custom_format_name, condition_name, source) VALUES ('Anime BD Tier 05', 'DVD', 'DVD');
INSERT OR IGNORE INTO regular_expressions (name, pattern) VALUES ('Anime_BD_Tier_05_Animorphs', '\b(Animorphs)\b');
INSERT OR IGNORE INTO regular_expressions (name, pattern) VALUES ('Anime_BD_Tier_05_AOmundson', '\b(AOmundson)\b');
INSERT OR IGNORE INTO regular_expressions (name, pattern) VALUES ('Anime_BD_Tier_05_ASC', '\b(ASC)\b');
INSERT OR IGNORE INTO regular_expressions (name, pattern) VALUES ('Anime_BD_Tier_05_Baws', '\b(Baws|McBalls)\b');
INSERT OR IGNORE INTO regular_expressions (name, pattern) VALUES ('Anime_BD_Tier_05_Beatrice', '\[Beatrice\]|-Beatrice(?!-raws)\b');
INSERT OR IGNORE INTO regular_expressions (name, pattern) VALUES ('Anime_BD_Tier_05_B00BA', '\b(B00BA)\b');
INSERT OR IGNORE INTO regular_expressions (name, pattern) VALUES ('Anime_BD_Tier_05_Cait-Sidhe', '\b(Cait-Sidhe)\b');
INSERT OR IGNORE INTO regular_expressions (name, pattern) VALUES ('Anime_BD_Tier_05_CsS', '\b(CsS)\b');
INSERT OR IGNORE INTO regular_expressions (name, pattern) VALUES ('Anime_BD_Tier_05_CTR', '\b(CTR)\b');
INSERT OR IGNORE INTO regular_expressions (name, pattern) VALUES ('Anime_BD_Tier_05_D4C', '\b(D4C)\b');
INSERT OR IGNORE INTO regular_expressions (name, pattern) VALUES ('Anime_BD_Tier_05_deanzel', '\b(deanzel)\b');
INSERT OR IGNORE INTO regular_expressions (name, pattern) VALUES ('Anime_BD_Tier_05_Drag', '\[Drag\]|-Drag\b');
INSERT OR IGNORE INTO regular_expressions (name, pattern) VALUES ('Anime_BD_Tier_05_eldon', '\b(eldon)\b');
INSERT OR IGNORE INTO regular_expressions (name, pattern) VALUES ('Anime_BD_Tier_05_Freehold', '\b(Freehold)\b');
INSERT OR IGNORE INTO regular_expressions (name, pattern) VALUES ('Anime_BD_Tier_05_GHS', '\b(GHS)\b');
INSERT OR IGNORE INTO regular_expressions (name, pattern) VALUES ('Anime_BD_Tier_05_Hark0N', '\b(Hark0N)\b');
INSERT OR IGNORE INTO regular_expressions (name, pattern) VALUES ('Anime_BD_Tier_05_Holomux', '\b(Holomux)\b');
INSERT OR IGNORE INTO regular_expressions (name, pattern) VALUES ('Anime_BD_Tier_05_Judgement', '\[Judgment\]|-Judgment\b');
INSERT OR IGNORE INTO regular_expressions (name, pattern) VALUES ('Anime_BD_Tier_05_MC', '\b(MC)\b');
INSERT OR IGNORE INTO regular_expressions (name, pattern) VALUES ('Anime_BD_Tier_05_mottoj', '\b(mottoj)\b');
INSERT OR IGNORE INTO regular_expressions (name, pattern) VALUES ('Anime_BD_Tier_05_NH', '\b(NH)\b');
INSERT OR IGNORE INTO regular_expressions (name, pattern) VALUES ('Anime_BD_Tier_05_NTRM', '\b(NTRM)\b');
INSERT OR IGNORE INTO regular_expressions (name, pattern) VALUES ('Anime_BD_Tier_05_o7', '\b(o7)\b');
INSERT OR IGNORE INTO regular_expressions (name, pattern) VALUES ('Anime_BD_Tier_05_QM', '\b(QM)\b');
INSERT OR IGNORE INTO regular_expressions (name, pattern) VALUES ('Anime_BD_Tier_05_Thighs', '\[Thighs\]|-Thighs\b');
INSERT OR IGNORE INTO regular_expressions (name, pattern) VALUES ('Anime_BD_Tier_05_TTGA', '\b(TTGA)\b');
INSERT OR IGNORE INTO regular_expressions (name, pattern) VALUES ('Anime_BD_Tier_05_UltraRemux', '\b(UltraRemux)\b');
INSERT OR IGNORE INTO regular_expressions (name, pattern) VALUES ('Anime_BD_Tier_05_WBDP', '\b(WBDP)\b');
INSERT OR IGNORE INTO regular_expressions (name, pattern) VALUES ('Anime_BD_Tier_05_WSE', '\b(WSE)\b');
INSERT OR IGNORE INTO regular_expressions (name, pattern) VALUES ('Anime_BD_Tier_05_Yuki', '\[Yuki\]|-Yuki\b');
INSERT OR IGNORE INTO custom_format_conditions (custom_format_name, name, type, arr_type, negate, required) VALUES ('Anime BD Tier 05', 'Bluray', 'source', 'radarr', 0, 0);
INSERT OR IGNORE INTO custom_format_conditions (custom_format_name, name, type, arr_type, negate, required) VALUES ('Anime BD Tier 05', 'DVD', 'source', 'radarr', 0, 0);
INSERT OR IGNORE INTO custom_format_conditions (custom_format_name, name, type, arr_type, negate, required) VALUES ('Anime BD Tier 05', 'Animorphs', 'pattern', 'radarr', 0, 0);
INSERT OR IGNORE INTO custom_format_conditions (custom_format_name, name, type, arr_type, negate, required) VALUES ('Anime BD Tier 05', 'AOmundson', 'pattern', 'radarr', 0, 0);
INSERT OR IGNORE INTO custom_format_conditions (custom_format_name, name, type, arr_type, negate, required) VALUES ('Anime BD Tier 05', 'ASC', 'pattern', 'radarr', 0, 0);
INSERT OR IGNORE INTO custom_format_conditions (custom_format_name, name, type, arr_type, negate, required) VALUES ('Anime BD Tier 05', 'Baws', 'pattern', 'radarr', 0, 0);
INSERT OR IGNORE INTO custom_format_conditions (custom_format_name, name, type, arr_type, negate, required) VALUES ('Anime BD Tier 05', 'Beatrice', 'pattern', 'radarr', 0, 0);
INSERT OR IGNORE INTO custom_format_conditions (custom_format_name, name, type, arr_type, negate, required) VALUES ('Anime BD Tier 05', 'B00BA', 'pattern', 'radarr', 0, 0);
INSERT OR IGNORE INTO custom_format_conditions (custom_format_name, name, type, arr_type, negate, required) VALUES ('Anime BD Tier 05', 'Cait-Sidhe', 'pattern', 'radarr', 0, 0);
INSERT OR IGNORE INTO custom_format_conditions (custom_format_name, name, type, arr_type, negate, required) VALUES ('Anime BD Tier 05', 'CsS', 'pattern', 'radarr', 0, 0);
INSERT OR IGNORE INTO custom_format_conditions (custom_format_name, name, type, arr_type, negate, required) VALUES ('Anime BD Tier 05', 'CTR', 'pattern', 'radarr', 0, 0);
INSERT OR IGNORE INTO custom_format_conditions (custom_format_name, name, type, arr_type, negate, required) VALUES ('Anime BD Tier 05', 'D4C', 'pattern', 'radarr', 0, 0);
INSERT OR IGNORE INTO custom_format_conditions (custom_format_name, name, type, arr_type, negate, required) VALUES ('Anime BD Tier 05', 'deanzel', 'pattern', 'radarr', 0, 0);
INSERT OR IGNORE INTO custom_format_conditions (custom_format_name, name, type, arr_type, negate, required) VALUES ('Anime BD Tier 05', 'Drag', 'pattern', 'radarr', 0, 0);
INSERT OR IGNORE INTO custom_format_conditions (custom_format_name, name, type, arr_type, negate, required) VALUES ('Anime BD Tier 05', 'eldon', 'pattern', 'radarr', 0, 0);
INSERT OR IGNORE INTO custom_format_conditions (custom_format_name, name, type, arr_type, negate, required) VALUES ('Anime BD Tier 05', 'Freehold', 'pattern', 'radarr', 0, 0);
INSERT OR IGNORE INTO custom_format_conditions (custom_format_name, name, type, arr_type, negate, required) VALUES ('Anime BD Tier 05', 'GHS', 'pattern', 'radarr', 0, 0);
INSERT OR IGNORE INTO custom_format_conditions (custom_format_name, name, type, arr_type, negate, required) VALUES ('Anime BD Tier 05', 'Hark0N', 'pattern', 'radarr', 0, 0);
INSERT OR IGNORE INTO custom_format_conditions (custom_format_name, name, type, arr_type, negate, required) VALUES ('Anime BD Tier 05', 'Holomux', 'pattern', 'radarr', 0, 0);
INSERT OR IGNORE INTO custom_format_conditions (custom_format_name, name, type, arr_type, negate, required) VALUES ('Anime BD Tier 05', 'Judgement', 'pattern', 'radarr', 0, 0);
INSERT OR IGNORE INTO custom_format_conditions (custom_format_name, name, type, arr_type, negate, required) VALUES ('Anime BD Tier 05', 'MC', 'pattern', 'radarr', 0, 0);
INSERT OR IGNORE INTO custom_format_conditions (custom_format_name, name, type, arr_type, negate, required) VALUES ('Anime BD Tier 05', 'mottoj', 'pattern', 'radarr', 0, 0);
INSERT OR IGNORE INTO custom_format_conditions (custom_format_name, name, type, arr_type, negate, required) VALUES ('Anime BD Tier 05', 'NH', 'pattern', 'radarr', 0, 0);
INSERT OR IGNORE INTO custom_format_conditions (custom_format_name, name, type, arr_type, negate, required) VALUES ('Anime BD Tier 05', 'NTRM', 'pattern', 'radarr', 0, 0);
INSERT OR IGNORE INTO custom_format_conditions (custom_format_name, name, type, arr_type, negate, required) VALUES ('Anime BD Tier 05', 'o7', 'pattern', 'radarr', 0, 0);
INSERT OR IGNORE INTO custom_format_conditions (custom_format_name, name, type, arr_type, negate, required) VALUES ('Anime BD Tier 05', 'QM', 'pattern', 'radarr', 0, 0);
INSERT OR IGNORE INTO custom_format_conditions (custom_format_name, name, type, arr_type, negate, required) VALUES ('Anime BD Tier 05', 'Thighs', 'pattern', 'radarr', 0, 0);
INSERT OR IGNORE INTO custom_format_conditions (custom_format_name, name, type, arr_type, negate, required) VALUES ('Anime BD Tier 05', 'TTGA', 'pattern', 'radarr', 0, 0);
INSERT OR IGNORE INTO custom_format_conditions (custom_format_name, name, type, arr_type, negate, required) VALUES ('Anime BD Tier 05', 'UltraRemux', 'pattern', 'radarr', 0, 0);
INSERT OR IGNORE INTO custom_format_conditions (custom_format_name, name, type, arr_type, negate, required) VALUES ('Anime BD Tier 05', 'WBDP', 'pattern', 'radarr', 0, 0);
INSERT OR IGNORE INTO custom_format_conditions (custom_format_name, name, type, arr_type, negate, required) VALUES ('Anime BD Tier 05', 'WSE', 'pattern', 'radarr', 0, 0);
INSERT OR IGNORE INTO custom_format_conditions (custom_format_name, name, type, arr_type, negate, required) VALUES ('Anime BD Tier 05', 'Yuki', 'pattern', 'radarr', 0, 0);

INSERT OR IGNORE INTO custom_formats (name, description, include_in_rename) VALUES ('Anime BD Tier 06', '9dce189b960fddf47891b7484ee886ca', 0);
INSERT OR IGNORE INTO condition_patterns (custom_format_name, condition_name, regular_expression_name) VALUES ('Anime BD Tier 06', 'ANE', 'Anime_BD_Tier_06_ANE');
INSERT OR IGNORE INTO condition_patterns (custom_format_name, condition_name, regular_expression_name) VALUES ('Anime BD Tier 06', 'Bunny-Apocalypse', 'Anime_BD_Tier_06_Bunny-Apocalypse');
INSERT OR IGNORE INTO condition_patterns (custom_format_name, condition_name, regular_expression_name) VALUES ('Anime BD Tier 06', 'CyC', 'Anime_BD_Tier_06_CyC');
INSERT OR IGNORE INTO condition_patterns (custom_format_name, condition_name, regular_expression_name) VALUES ('Anime BD Tier 06', 'Datte13', 'Anime_BD_Tier_06_Datte13');
INSERT OR IGNORE INTO condition_patterns (custom_format_name, condition_name, regular_expression_name) VALUES ('Anime BD Tier 06', 'EJF', 'Anime_BD_Tier_06_EJF');
INSERT OR IGNORE INTO condition_patterns (custom_format_name, condition_name, regular_expression_name) VALUES ('Anime BD Tier 06', 'GetItTwisted', 'Anime_BD_Tier_06_GetItTwisted');
INSERT OR IGNORE INTO condition_patterns (custom_format_name, condition_name, regular_expression_name) VALUES ('Anime BD Tier 06', 'GSK_kun', 'Anime_BD_Tier_06_GSK_kun');
INSERT OR IGNORE INTO condition_patterns (custom_format_name, condition_name, regular_expression_name) VALUES ('Anime BD Tier 06', 'iKaos', 'Anime_BD_Tier_06_iKaos');
INSERT OR IGNORE INTO condition_patterns (custom_format_name, condition_name, regular_expression_name) VALUES ('Anime BD Tier 06', 'karios', 'Anime_BD_Tier_06_karios');
INSERT OR IGNORE INTO condition_patterns (custom_format_name, condition_name, regular_expression_name) VALUES ('Anime BD Tier 06', 'Pookie', 'Anime_BD_Tier_06_Pookie');
INSERT OR IGNORE INTO condition_patterns (custom_format_name, condition_name, regular_expression_name) VALUES ('Anime BD Tier 06', 'RASETSU', 'Anime_BD_Tier_06_RASETSU');
INSERT OR IGNORE INTO condition_patterns (custom_format_name, condition_name, regular_expression_name) VALUES ('Anime BD Tier 06', 'Starbez', 'Anime_BD_Tier_06_Starbez');
INSERT OR IGNORE INTO condition_patterns (custom_format_name, condition_name, regular_expression_name) VALUES ('Anime BD Tier 06', 'Tsundere', 'Anime_BD_Tier_06_Tsundere');
INSERT OR IGNORE INTO condition_patterns (custom_format_name, condition_name, regular_expression_name) VALUES ('Anime BD Tier 06', 'Yoghurt', 'Anime_BD_Tier_06_Yoghurt');
INSERT OR IGNORE INTO condition_patterns (custom_format_name, condition_name, regular_expression_name) VALUES ('Anime BD Tier 06', 'YURASUKA', 'Anime_BD_Tier_06_YURASUKA');
INSERT OR IGNORE INTO condition_sources (custom_format_name, condition_name, source) VALUES ('Anime BD Tier 06', 'Bluray', 'BLURAY');
INSERT OR IGNORE INTO condition_sources (custom_format_name, condition_name, source) VALUES ('Anime BD Tier 06', 'DVD', 'DVD');
INSERT OR IGNORE INTO regular_expressions (name, pattern) VALUES ('Anime_BD_Tier_06_ANE', '\[ANE\]|-ANE$');
INSERT OR IGNORE INTO regular_expressions (name, pattern) VALUES ('Anime_BD_Tier_06_Bunny-Apocalypse', '\b(Bunny-Apocalypse)\b');
INSERT OR IGNORE INTO regular_expressions (name, pattern) VALUES ('Anime_BD_Tier_06_CyC', '\b(CyC)\b');
INSERT OR IGNORE INTO regular_expressions (name, pattern) VALUES ('Anime_BD_Tier_06_Datte13', '\b(Datte13)\b');
INSERT OR IGNORE INTO regular_expressions (name, pattern) VALUES ('Anime_BD_Tier_06_EJF', '\b(EJF)\b');
INSERT OR IGNORE INTO regular_expressions (name, pattern) VALUES ('Anime_BD_Tier_06_GetItTwisted', '\b(GetItTwisted)\b');
INSERT OR IGNORE INTO regular_expressions (name, pattern) VALUES ('Anime_BD_Tier_06_GSK_kun', '\b(GSK[._-]kun)\b');
INSERT OR IGNORE INTO regular_expressions (name, pattern) VALUES ('Anime_BD_Tier_06_iKaos', '\b(iKaos)\b');
INSERT OR IGNORE INTO regular_expressions (name, pattern) VALUES ('Anime_BD_Tier_06_karios', '\b(karios)\b');
INSERT OR IGNORE INTO regular_expressions (name, pattern) VALUES ('Anime_BD_Tier_06_Pookie', '\b(Pookie)\b');
INSERT OR IGNORE INTO regular_expressions (name, pattern) VALUES ('Anime_BD_Tier_06_RASETSU', '\b(RASETSU)\b');
INSERT OR IGNORE INTO regular_expressions (name, pattern) VALUES ('Anime_BD_Tier_06_Starbez', '\b(Starbez)\b');
INSERT OR IGNORE INTO regular_expressions (name, pattern) VALUES ('Anime_BD_Tier_06_Tsundere', '\[Tsundere\]|-Tsundere(?!-)\b');
INSERT OR IGNORE INTO regular_expressions (name, pattern) VALUES ('Anime_BD_Tier_06_Yoghurt', '\b(Yoghurt)\b');
INSERT OR IGNORE INTO regular_expressions (name, pattern) VALUES ('Anime_BD_Tier_06_YURASUKA', '\[YURASUKA\]|-YURASUKA\b');
INSERT OR IGNORE INTO custom_format_conditions (custom_format_name, name, type, arr_type, negate, required) VALUES ('Anime BD Tier 06', 'Bluray', 'source', 'radarr', 0, 0);
INSERT OR IGNORE INTO custom_format_conditions (custom_format_name, name, type, arr_type, negate, required) VALUES ('Anime BD Tier 06', 'DVD', 'source', 'radarr', 0, 0);
INSERT OR IGNORE INTO custom_format_conditions (custom_format_name, name, type, arr_type, negate, required) VALUES ('Anime BD Tier 06', 'ANE', 'pattern', 'radarr', 0, 0);
INSERT OR IGNORE INTO custom_format_conditions (custom_format_name, name, type, arr_type, negate, required) VALUES ('Anime BD Tier 06', 'Bunny-Apocalypse', 'pattern', 'radarr', 0, 0);
INSERT OR IGNORE INTO custom_format_conditions (custom_format_name, name, type, arr_type, negate, required) VALUES ('Anime BD Tier 06', 'CyC', 'pattern', 'radarr', 0, 0);
INSERT OR IGNORE INTO custom_format_conditions (custom_format_name, name, type, arr_type, negate, required) VALUES ('Anime BD Tier 06', 'Datte13', 'pattern', 'radarr', 0, 0);
INSERT OR IGNORE INTO custom_format_conditions (custom_format_name, name, type, arr_type, negate, required) VALUES ('Anime BD Tier 06', 'EJF', 'pattern', 'radarr', 0, 0);
INSERT OR IGNORE INTO custom_format_conditions (custom_format_name, name, type, arr_type, negate, required) VALUES ('Anime BD Tier 06', 'GetItTwisted', 'pattern', 'radarr', 0, 0);
INSERT OR IGNORE INTO custom_format_conditions (custom_format_name, name, type, arr_type, negate, required) VALUES ('Anime BD Tier 06', 'GSK_kun', 'pattern', 'radarr', 0, 0);
INSERT OR IGNORE INTO custom_format_conditions (custom_format_name, name, type, arr_type, negate, required) VALUES ('Anime BD Tier 06', 'iKaos', 'pattern', 'radarr', 0, 0);
INSERT OR IGNORE INTO custom_format_conditions (custom_format_name, name, type, arr_type, negate, required) VALUES ('Anime BD Tier 06', 'karios', 'pattern', 'radarr', 0, 0);
INSERT OR IGNORE INTO custom_format_conditions (custom_format_name, name, type, arr_type, negate, required) VALUES ('Anime BD Tier 06', 'Pookie', 'pattern', 'radarr', 0, 0);
INSERT OR IGNORE INTO custom_format_conditions (custom_format_name, name, type, arr_type, negate, required) VALUES ('Anime BD Tier 06', 'RASETSU', 'pattern', 'radarr', 0, 0);
INSERT OR IGNORE INTO custom_format_conditions (custom_format_name, name, type, arr_type, negate, required) VALUES ('Anime BD Tier 06', 'Starbez', 'pattern', 'radarr', 0, 0);
INSERT OR IGNORE INTO custom_format_conditions (custom_format_name, name, type, arr_type, negate, required) VALUES ('Anime BD Tier 06', 'Tsundere', 'pattern', 'radarr', 0, 0);
INSERT OR IGNORE INTO custom_format_conditions (custom_format_name, name, type, arr_type, negate, required) VALUES ('Anime BD Tier 06', 'Yoghurt', 'pattern', 'radarr', 0, 0);
INSERT OR IGNORE INTO custom_format_conditions (custom_format_name, name, type, arr_type, negate, required) VALUES ('Anime BD Tier 06', 'YURASUKA', 'pattern', 'radarr', 0, 0);

INSERT OR IGNORE INTO custom_formats (name, description, include_in_rename) VALUES ('Anime BD Tier 07', '1ef101b3a82646b40e0cab7fc92cd896', 0);
INSERT OR IGNORE INTO condition_patterns (custom_format_name, condition_name, regular_expression_name) VALUES ('Anime BD Tier 07', '9volt', 'Anime_BD_Tier_07_9volt');
INSERT OR IGNORE INTO condition_patterns (custom_format_name, condition_name, regular_expression_name) VALUES ('Anime BD Tier 07', 'AC', 'Anime_BD_Tier_07_AC');
INSERT OR IGNORE INTO condition_patterns (custom_format_name, condition_name, regular_expression_name) VALUES ('Anime BD Tier 07', 'Almighty', 'Anime_BD_Tier_07_Almighty');
INSERT OR IGNORE INTO condition_patterns (custom_format_name, condition_name, regular_expression_name) VALUES ('Anime BD Tier 07', 'Asakura', 'Anime_BD_Tier_07_Asakura');
INSERT OR IGNORE INTO condition_patterns (custom_format_name, condition_name, regular_expression_name) VALUES ('Anime BD Tier 07', 'Asenshi', 'Anime_BD_Tier_07_Asenshi');
INSERT OR IGNORE INTO condition_patterns (custom_format_name, condition_name, regular_expression_name) VALUES ('Anime BD Tier 07', 'BlurayDesuYo', 'Anime_BD_Tier_07_BlurayDesuYo');
INSERT OR IGNORE INTO condition_patterns (custom_format_name, condition_name, regular_expression_name) VALUES ('Anime BD Tier 07', 'Bolshevik', 'Anime_BD_Tier_07_Bolshevik');
INSERT OR IGNORE INTO condition_patterns (custom_format_name, condition_name, regular_expression_name) VALUES ('Anime BD Tier 07', 'Brrrrrrr', 'Anime_BD_Tier_07_Brrrrrrr');
INSERT OR IGNORE INTO condition_patterns (custom_format_name, condition_name, regular_expression_name) VALUES ('Anime BD Tier 07', 'Chihiro', 'Anime_BD_Tier_07_Chihiro');
INSERT OR IGNORE INTO condition_patterns (custom_format_name, condition_name, regular_expression_name) VALUES ('Anime BD Tier 07', 'Commie', 'Anime_BD_Tier_07_Commie');
INSERT OR IGNORE INTO condition_patterns (custom_format_name, condition_name, regular_expression_name) VALUES ('Anime BD Tier 07', 'Crow', 'Anime_BD_Tier_07_Crow');
INSERT OR IGNORE INTO condition_patterns (custom_format_name, condition_name, regular_expression_name) VALUES ('Anime BD Tier 07', 'Dae', 'Anime_BD_Tier_07_Dae');
INSERT OR IGNORE INTO condition_patterns (custom_format_name, condition_name, regular_expression_name) VALUES ('Anime BD Tier 07', 'Dekinai', 'Anime_BD_Tier_07_Dekinai');
INSERT OR IGNORE INTO condition_patterns (custom_format_name, condition_name, regular_expression_name) VALUES ('Anime BD Tier 07', 'Dragon-Releases', 'Anime_BD_Tier_07_Dragon-Releases');
INSERT OR IGNORE INTO condition_patterns (custom_format_name, condition_name, regular_expression_name) VALUES ('Anime BD Tier 07', 'DragsterPS', 'Anime_BD_Tier_07_DragsterPS');
INSERT OR IGNORE INTO condition_patterns (custom_format_name, condition_name, regular_expression_name) VALUES ('Anime BD Tier 07', 'Exiled-Destiny', 'Anime_BD_Tier_07_Exiled-Destiny');
INSERT OR IGNORE INTO condition_patterns (custom_format_name, condition_name, regular_expression_name) VALUES ('Anime BD Tier 07', 'FFF', 'Anime_BD_Tier_07_FFF');
INSERT OR IGNORE INTO condition_patterns (custom_format_name, condition_name, regular_expression_name) VALUES ('Anime BD Tier 07', 'Final8', 'Anime_BD_Tier_07_Final8');
INSERT OR IGNORE INTO condition_patterns (custom_format_name, condition_name, regular_expression_name) VALUES ('Anime BD Tier 07', 'Geonope', 'Anime_BD_Tier_07_Geonope');
INSERT OR IGNORE INTO condition_patterns (custom_format_name, condition_name, regular_expression_name) VALUES ('Anime BD Tier 07', 'GJM', 'Anime_BD_Tier_07_GJM');
INSERT OR IGNORE INTO condition_patterns (custom_format_name, condition_name, regular_expression_name) VALUES ('Anime BD Tier 07', 'iAHD', 'Anime_BD_Tier_07_iAHD');
INSERT OR IGNORE INTO condition_patterns (custom_format_name, condition_name, regular_expression_name) VALUES ('Anime BD Tier 07', 'inid4c', 'Anime_BD_Tier_07_inid4c');
INSERT OR IGNORE INTO condition_patterns (custom_format_name, condition_name, regular_expression_name) VALUES ('Anime BD Tier 07', 'Koten_Gars', 'Anime_BD_Tier_07_Koten_Gars');
INSERT OR IGNORE INTO condition_patterns (custom_format_name, condition_name, regular_expression_name) VALUES ('Anime BD Tier 07', 'kuchikirukia', 'Anime_BD_Tier_07_kuchikirukia');
INSERT OR IGNORE INTO condition_patterns (custom_format_name, condition_name, regular_expression_name) VALUES ('Anime BD Tier 07', 'LCE', 'Anime_BD_Tier_07_LCE');
INSERT OR IGNORE INTO condition_patterns (custom_format_name, condition_name, regular_expression_name) VALUES ('Anime BD Tier 07', 'NTW', 'Anime_BD_Tier_07_NTW');
INSERT OR IGNORE INTO condition_patterns (custom_format_name, condition_name, regular_expression_name) VALUES ('Anime BD Tier 07', 'orz', 'Anime_BD_Tier_07_orz');
INSERT OR IGNORE INTO condition_patterns (custom_format_name, condition_name, regular_expression_name) VALUES ('Anime BD Tier 07', 'RAI', 'Anime_BD_Tier_07_RAI');
INSERT OR IGNORE INTO condition_patterns (custom_format_name, condition_name, regular_expression_name) VALUES ('Anime BD Tier 07', 'REVO', 'Anime_BD_Tier_07_REVO');
INSERT OR IGNORE INTO condition_patterns (custom_format_name, condition_name, regular_expression_name) VALUES ('Anime BD Tier 07', 'SCP-2223', 'Anime_BD_Tier_07_SCP-2223');
INSERT OR IGNORE INTO condition_patterns (custom_format_name, condition_name, regular_expression_name) VALUES ('Anime BD Tier 07', 'Senjou', 'Anime_BD_Tier_07_Senjou');
INSERT OR IGNORE INTO condition_patterns (custom_format_name, condition_name, regular_expression_name) VALUES ('Anime BD Tier 07', 'SEV', 'Anime_BD_Tier_07_SEV');
INSERT OR IGNORE INTO condition_patterns (custom_format_name, condition_name, regular_expression_name) VALUES ('Anime BD Tier 07', 'THORA', 'Anime_BD_Tier_07_THORA');
INSERT OR IGNORE INTO condition_patterns (custom_format_name, condition_name, regular_expression_name) VALUES ('Anime BD Tier 07', 'Vivid', 'Anime_BD_Tier_07_Vivid');
INSERT OR IGNORE INTO condition_sources (custom_format_name, condition_name, source) VALUES ('Anime BD Tier 07', 'Bluray', 'BLURAY');
INSERT OR IGNORE INTO condition_sources (custom_format_name, condition_name, source) VALUES ('Anime BD Tier 07', 'DVD', 'DVD');
INSERT OR IGNORE INTO regular_expressions (name, pattern) VALUES ('Anime_BD_Tier_07_9volt', '\b(9volt)\b');
INSERT OR IGNORE INTO regular_expressions (name, pattern) VALUES ('Anime_BD_Tier_07_AC', '\[AC\]|-AC$');
INSERT OR IGNORE INTO regular_expressions (name, pattern) VALUES ('Anime_BD_Tier_07_Almighty', '\[Almighty\]|-Almighty\b');
INSERT OR IGNORE INTO regular_expressions (name, pattern) VALUES ('Anime_BD_Tier_07_Asakura', '\[Asakura\]|-Asakura\b');
INSERT OR IGNORE INTO regular_expressions (name, pattern) VALUES ('Anime_BD_Tier_07_Asenshi', '\b(Asenshi)\b');
INSERT OR IGNORE INTO regular_expressions (name, pattern) VALUES ('Anime_BD_Tier_07_BlurayDesuYo', '\b(BlurayDesuYo)\b');
INSERT OR IGNORE INTO regular_expressions (name, pattern) VALUES ('Anime_BD_Tier_07_Bolshevik', '\[Bolshevik\]|-Bolshevik\b');
INSERT OR IGNORE INTO regular_expressions (name, pattern) VALUES ('Anime_BD_Tier_07_Brrrrrrr', '\b(Brrrrrrr)\b');
INSERT OR IGNORE INTO regular_expressions (name, pattern) VALUES ('Anime_BD_Tier_07_Chihiro', '\[Chihiro\]|-Chihiro\b');
INSERT OR IGNORE INTO regular_expressions (name, pattern) VALUES ('Anime_BD_Tier_07_Commie', '\b(Commie)\b');
INSERT OR IGNORE INTO regular_expressions (name, pattern) VALUES ('Anime_BD_Tier_07_Crow', '\[Crow\]|-Crow\b');
INSERT OR IGNORE INTO regular_expressions (name, pattern) VALUES ('Anime_BD_Tier_07_Dae', '\b(Dae)\b');
INSERT OR IGNORE INTO regular_expressions (name, pattern) VALUES ('Anime_BD_Tier_07_Dekinai', '\[Dekinai\]|-Dekinai\b');
INSERT OR IGNORE INTO regular_expressions (name, pattern) VALUES ('Anime_BD_Tier_07_Dragon-Releases', '\b(Dragon-Releases)\b');
INSERT OR IGNORE INTO regular_expressions (name, pattern) VALUES ('Anime_BD_Tier_07_DragsterPS', '\b(DragsterPS)\b');
INSERT OR IGNORE INTO regular_expressions (name, pattern) VALUES ('Anime_BD_Tier_07_Exiled-Destiny', '\b(Exiled-Destiny|E-D)\b');
INSERT OR IGNORE INTO regular_expressions (name, pattern) VALUES ('Anime_BD_Tier_07_FFF', '\b(FFF)\b');
INSERT OR IGNORE INTO regular_expressions (name, pattern) VALUES ('Anime_BD_Tier_07_Final8', '\b(Final8)\b');
INSERT OR IGNORE INTO regular_expressions (name, pattern) VALUES ('Anime_BD_Tier_07_Geonope', '\b(Geonope)\b');
INSERT OR IGNORE INTO regular_expressions (name, pattern) VALUES ('Anime_BD_Tier_07_GJM', '\b(GJM)\b');
INSERT OR IGNORE INTO regular_expressions (name, pattern) VALUES ('Anime_BD_Tier_07_iAHD', '\b(iAHD)\b');
INSERT OR IGNORE INTO regular_expressions (name, pattern) VALUES ('Anime_BD_Tier_07_inid4c', '\b(inid4c)\b');
INSERT OR IGNORE INTO regular_expressions (name, pattern) VALUES ('Anime_BD_Tier_07_Koten_Gars', '\b(Koten[ ._-]Gars)\b');
INSERT OR IGNORE INTO regular_expressions (name, pattern) VALUES ('Anime_BD_Tier_07_kuchikirukia', '\b(kuchikirukia)\b');
INSERT OR IGNORE INTO regular_expressions (name, pattern) VALUES ('Anime_BD_Tier_07_LCE', '\b(LCE)\b');
INSERT OR IGNORE INTO regular_expressions (name, pattern) VALUES ('Anime_BD_Tier_07_NTW', '\b(NTW)\b');
INSERT OR IGNORE INTO regular_expressions (name, pattern) VALUES ('Anime_BD_Tier_07_orz', '\b(orz)\b');
INSERT OR IGNORE INTO regular_expressions (name, pattern) VALUES ('Anime_BD_Tier_07_RAI', '\b(RAI)\b');
INSERT OR IGNORE INTO regular_expressions (name, pattern) VALUES ('Anime_BD_Tier_07_REVO', '\b(REVO)\b');
INSERT OR IGNORE INTO regular_expressions (name, pattern) VALUES ('Anime_BD_Tier_07_SCP-2223', '\b(SCP-2223)\b');
INSERT OR IGNORE INTO regular_expressions (name, pattern) VALUES ('Anime_BD_Tier_07_Senjou', '\[Senjou\]|-Senjou\b');
INSERT OR IGNORE INTO regular_expressions (name, pattern) VALUES ('Anime_BD_Tier_07_SEV', '\b(SEV)\b');
INSERT OR IGNORE INTO regular_expressions (name, pattern) VALUES ('Anime_BD_Tier_07_THORA', '\b(THORA)\b');
INSERT OR IGNORE INTO regular_expressions (name, pattern) VALUES ('Anime_BD_Tier_07_Vivid', '\[Vivid\]|-Vivid\b');
INSERT OR IGNORE INTO custom_format_conditions (custom_format_name, name, type, arr_type, negate, required) VALUES ('Anime BD Tier 07', 'Bluray', 'source', 'radarr', 0, 0);
INSERT OR IGNORE INTO custom_format_conditions (custom_format_name, name, type, arr_type, negate, required) VALUES ('Anime BD Tier 07', 'DVD', 'source', 'radarr', 0, 0);
INSERT OR IGNORE INTO custom_format_conditions (custom_format_name, name, type, arr_type, negate, required) VALUES ('Anime BD Tier 07', '9volt', 'pattern', 'radarr', 0, 0);
INSERT OR IGNORE INTO custom_format_conditions (custom_format_name, name, type, arr_type, negate, required) VALUES ('Anime BD Tier 07', 'AC', 'pattern', 'radarr', 0, 0);
INSERT OR IGNORE INTO custom_format_conditions (custom_format_name, name, type, arr_type, negate, required) VALUES ('Anime BD Tier 07', 'Almighty', 'pattern', 'radarr', 0, 0);
INSERT OR IGNORE INTO custom_format_conditions (custom_format_name, name, type, arr_type, negate, required) VALUES ('Anime BD Tier 07', 'Asakura', 'pattern', 'radarr', 0, 0);
INSERT OR IGNORE INTO custom_format_conditions (custom_format_name, name, type, arr_type, negate, required) VALUES ('Anime BD Tier 07', 'Asenshi', 'pattern', 'radarr', 0, 0);
INSERT OR IGNORE INTO custom_format_conditions (custom_format_name, name, type, arr_type, negate, required) VALUES ('Anime BD Tier 07', 'BlurayDesuYo', 'pattern', 'radarr', 0, 0);
INSERT OR IGNORE INTO custom_format_conditions (custom_format_name, name, type, arr_type, negate, required) VALUES ('Anime BD Tier 07', 'Bolshevik', 'pattern', 'radarr', 0, 0);
INSERT OR IGNORE INTO custom_format_conditions (custom_format_name, name, type, arr_type, negate, required) VALUES ('Anime BD Tier 07', 'Brrrrrrr', 'pattern', 'radarr', 0, 0);
INSERT OR IGNORE INTO custom_format_conditions (custom_format_name, name, type, arr_type, negate, required) VALUES ('Anime BD Tier 07', 'Chihiro', 'pattern', 'radarr', 0, 0);
INSERT OR IGNORE INTO custom_format_conditions (custom_format_name, name, type, arr_type, negate, required) VALUES ('Anime BD Tier 07', 'Commie', 'pattern', 'radarr', 0, 0);
INSERT OR IGNORE INTO custom_format_conditions (custom_format_name, name, type, arr_type, negate, required) VALUES ('Anime BD Tier 07', 'Crow', 'pattern', 'radarr', 0, 0);
INSERT OR IGNORE INTO custom_format_conditions (custom_format_name, name, type, arr_type, negate, required) VALUES ('Anime BD Tier 07', 'Dae', 'pattern', 'radarr', 0, 0);
INSERT OR IGNORE INTO custom_format_conditions (custom_format_name, name, type, arr_type, negate, required) VALUES ('Anime BD Tier 07', 'Dekinai', 'pattern', 'radarr', 0, 0);
INSERT OR IGNORE INTO custom_format_conditions (custom_format_name, name, type, arr_type, negate, required) VALUES ('Anime BD Tier 07', 'Dragon-Releases', 'pattern', 'radarr', 0, 0);
INSERT OR IGNORE INTO custom_format_conditions (custom_format_name, name, type, arr_type, negate, required) VALUES ('Anime BD Tier 07', 'DragsterPS', 'pattern', 'radarr', 0, 0);
INSERT OR IGNORE INTO custom_format_conditions (custom_format_name, name, type, arr_type, negate, required) VALUES ('Anime BD Tier 07', 'Exiled-Destiny', 'pattern', 'radarr', 0, 0);
INSERT OR IGNORE INTO custom_format_conditions (custom_format_name, name, type, arr_type, negate, required) VALUES ('Anime BD Tier 07', 'FFF', 'pattern', 'radarr', 0, 0);
INSERT OR IGNORE INTO custom_format_conditions (custom_format_name, name, type, arr_type, negate, required) VALUES ('Anime BD Tier 07', 'Final8', 'pattern', 'radarr', 0, 0);
INSERT OR IGNORE INTO custom_format_conditions (custom_format_name, name, type, arr_type, negate, required) VALUES ('Anime BD Tier 07', 'Geonope', 'pattern', 'radarr', 0, 0);
INSERT OR IGNORE INTO custom_format_conditions (custom_format_name, name, type, arr_type, negate, required) VALUES ('Anime BD Tier 07', 'GJM', 'pattern', 'radarr', 0, 0);
INSERT OR IGNORE INTO custom_format_conditions (custom_format_name, name, type, arr_type, negate, required) VALUES ('Anime BD Tier 07', 'iAHD', 'pattern', 'radarr', 0, 0);
INSERT OR IGNORE INTO custom_format_conditions (custom_format_name, name, type, arr_type, negate, required) VALUES ('Anime BD Tier 07', 'inid4c', 'pattern', 'radarr', 0, 0);
INSERT OR IGNORE INTO custom_format_conditions (custom_format_name, name, type, arr_type, negate, required) VALUES ('Anime BD Tier 07', 'Koten_Gars', 'pattern', 'radarr', 0, 0);
INSERT OR IGNORE INTO custom_format_conditions (custom_format_name, name, type, arr_type, negate, required) VALUES ('Anime BD Tier 07', 'kuchikirukia', 'pattern', 'radarr', 0, 0);
INSERT OR IGNORE INTO custom_format_conditions (custom_format_name, name, type, arr_type, negate, required) VALUES ('Anime BD Tier 07', 'LCE', 'pattern', 'radarr', 0, 0);
INSERT OR IGNORE INTO custom_format_conditions (custom_format_name, name, type, arr_type, negate, required) VALUES ('Anime BD Tier 07', 'NTW', 'pattern', 'radarr', 0, 0);
INSERT OR IGNORE INTO custom_format_conditions (custom_format_name, name, type, arr_type, negate, required) VALUES ('Anime BD Tier 07', 'orz', 'pattern', 'radarr', 0, 0);
INSERT OR IGNORE INTO custom_format_conditions (custom_format_name, name, type, arr_type, negate, required) VALUES ('Anime BD Tier 07', 'RAI', 'pattern', 'radarr', 0, 0);
INSERT OR IGNORE INTO custom_format_conditions (custom_format_name, name, type, arr_type, negate, required) VALUES ('Anime BD Tier 07', 'REVO', 'pattern', 'radarr', 0, 0);
INSERT OR IGNORE INTO custom_format_conditions (custom_format_name, name, type, arr_type, negate, required) VALUES ('Anime BD Tier 07', 'SCP-2223', 'pattern', 'radarr', 0, 0);
INSERT OR IGNORE INTO custom_format_conditions (custom_format_name, name, type, arr_type, negate, required) VALUES ('Anime BD Tier 07', 'Senjou', 'pattern', 'radarr', 0, 0);
INSERT OR IGNORE INTO custom_format_conditions (custom_format_name, name, type, arr_type, negate, required) VALUES ('Anime BD Tier 07', 'SEV', 'pattern', 'radarr', 0, 0);
INSERT OR IGNORE INTO custom_format_conditions (custom_format_name, name, type, arr_type, negate, required) VALUES ('Anime BD Tier 07', 'THORA', 'pattern', 'radarr', 0, 0);
INSERT OR IGNORE INTO custom_format_conditions (custom_format_name, name, type, arr_type, negate, required) VALUES ('Anime BD Tier 07', 'Vivid', 'pattern', 'radarr', 0, 0);

INSERT OR IGNORE INTO custom_formats (name, description, include_in_rename) VALUES ('Anime BD Tier 08', '6115ccd6640b978234cc47f2c1f2cadc', 0);
INSERT OR IGNORE INTO condition_patterns (custom_format_name, condition_name, regular_expression_name) VALUES ('Anime BD Tier 08', 'AkihitoSubs', 'Anime_BD_Tier_08_AkihitoSubs');
INSERT OR IGNORE INTO condition_patterns (custom_format_name, condition_name, regular_expression_name) VALUES ('Anime BD Tier 08', 'Arukoru', 'Anime_BD_Tier_08_Arukoru');
INSERT OR IGNORE INTO condition_patterns (custom_format_name, condition_name, regular_expression_name) VALUES ('Anime BD Tier 08', 'EDGE', 'Anime_BD_Tier_08_EDGE');
INSERT OR IGNORE INTO condition_patterns (custom_format_name, condition_name, regular_expression_name) VALUES ('Anime BD Tier 08', 'EMBER', 'Anime_BD_Tier_08_EMBER');
INSERT OR IGNORE INTO condition_patterns (custom_format_name, condition_name, regular_expression_name) VALUES ('Anime BD Tier 08', 'GHOST', 'Anime_BD_Tier_08_GHOST');
INSERT OR IGNORE INTO condition_patterns (custom_format_name, condition_name, regular_expression_name) VALUES ('Anime BD Tier 08', 'Judas', 'Anime_BD_Tier_08_Judas');
INSERT OR IGNORE INTO condition_patterns (custom_format_name, condition_name, regular_expression_name) VALUES ('Anime BD Tier 08', 'naiyas', 'Anime_BD_Tier_08_naiyas');
INSERT OR IGNORE INTO condition_patterns (custom_format_name, condition_name, regular_expression_name) VALUES ('Anime BD Tier 08', 'Nep_Blanc', 'Anime_BD_Tier_08_Nep_Blanc');
INSERT OR IGNORE INTO condition_patterns (custom_format_name, condition_name, regular_expression_name) VALUES ('Anime BD Tier 08', 'Prof', 'Anime_BD_Tier_08_Prof');
INSERT OR IGNORE INTO condition_patterns (custom_format_name, condition_name, regular_expression_name) VALUES ('Anime BD Tier 08', 'Shir', 'Anime_BD_Tier_08_Shir');
INSERT OR IGNORE INTO condition_sources (custom_format_name, condition_name, source) VALUES ('Anime BD Tier 08', 'Bluray', 'BLURAY');
INSERT OR IGNORE INTO condition_sources (custom_format_name, condition_name, source) VALUES ('Anime BD Tier 08', 'DVD', 'DVD');
INSERT OR IGNORE INTO regular_expressions (name, pattern) VALUES ('Anime_BD_Tier_08_AkihitoSubs', '\b(AkihitoSubs)\b');
INSERT OR IGNORE INTO regular_expressions (name, pattern) VALUES ('Anime_BD_Tier_08_Arukoru', '\b(Arukoru)\b');
INSERT OR IGNORE INTO regular_expressions (name, pattern) VALUES ('Anime_BD_Tier_08_EDGE', '\[EDGE\]|-EDGE\b');
INSERT OR IGNORE INTO regular_expressions (name, pattern) VALUES ('Anime_BD_Tier_08_EMBER', '\[EMBER\]|-EMBER\b');
INSERT OR IGNORE INTO regular_expressions (name, pattern) VALUES ('Anime_BD_Tier_08_GHOST', '\[GHOST\]|-GHOST\b');
INSERT OR IGNORE INTO regular_expressions (name, pattern) VALUES ('Anime_BD_Tier_08_Judas', '\[Judas\]|-Judas');
INSERT OR IGNORE INTO regular_expressions (name, pattern) VALUES ('Anime_BD_Tier_08_naiyas', '\[naiyas\]|-naiyas\b');
INSERT OR IGNORE INTO regular_expressions (name, pattern) VALUES ('Anime_BD_Tier_08_Nep_Blanc', '\b(Nep[ ._-]Blanc)\b');
INSERT OR IGNORE INTO regular_expressions (name, pattern) VALUES ('Anime_BD_Tier_08_Prof', '\[Prof\]|-Prof\b');
INSERT OR IGNORE INTO regular_expressions (name, pattern) VALUES ('Anime_BD_Tier_08_Shir', '\b(Shir)\b');
INSERT OR IGNORE INTO custom_format_conditions (custom_format_name, name, type, arr_type, negate, required) VALUES ('Anime BD Tier 08', 'Bluray', 'source', 'radarr', 0, 0);
INSERT OR IGNORE INTO custom_format_conditions (custom_format_name, name, type, arr_type, negate, required) VALUES ('Anime BD Tier 08', 'DVD', 'source', 'radarr', 0, 0);
INSERT OR IGNORE INTO custom_format_conditions (custom_format_name, name, type, arr_type, negate, required) VALUES ('Anime BD Tier 08', 'AkihitoSubs', 'pattern', 'radarr', 0, 0);
INSERT OR IGNORE INTO custom_format_conditions (custom_format_name, name, type, arr_type, negate, required) VALUES ('Anime BD Tier 08', 'Arukoru', 'pattern', 'radarr', 0, 0);
INSERT OR IGNORE INTO custom_format_conditions (custom_format_name, name, type, arr_type, negate, required) VALUES ('Anime BD Tier 08', 'EDGE', 'pattern', 'radarr', 0, 0);
INSERT OR IGNORE INTO custom_format_conditions (custom_format_name, name, type, arr_type, negate, required) VALUES ('Anime BD Tier 08', 'EMBER', 'pattern', 'radarr', 0, 0);
INSERT OR IGNORE INTO custom_format_conditions (custom_format_name, name, type, arr_type, negate, required) VALUES ('Anime BD Tier 08', 'GHOST', 'pattern', 'radarr', 0, 0);
INSERT OR IGNORE INTO custom_format_conditions (custom_format_name, name, type, arr_type, negate, required) VALUES ('Anime BD Tier 08', 'Judas', 'pattern', 'radarr', 0, 0);
INSERT OR IGNORE INTO custom_format_conditions (custom_format_name, name, type, arr_type, negate, required) VALUES ('Anime BD Tier 08', 'naiyas', 'pattern', 'radarr', 0, 0);
INSERT OR IGNORE INTO custom_format_conditions (custom_format_name, name, type, arr_type, negate, required) VALUES ('Anime BD Tier 08', 'Nep_Blanc', 'pattern', 'radarr', 0, 0);
INSERT OR IGNORE INTO custom_format_conditions (custom_format_name, name, type, arr_type, negate, required) VALUES ('Anime BD Tier 08', 'Prof', 'pattern', 'radarr', 0, 0);
INSERT OR IGNORE INTO custom_format_conditions (custom_format_name, name, type, arr_type, negate, required) VALUES ('Anime BD Tier 08', 'Shir', 'pattern', 'radarr', 0, 0);

INSERT OR IGNORE INTO custom_formats (name, description, include_in_rename) VALUES ('Anime Dual Audio', '4a3b087eea2ce012fcc1ce319259a3be', 0);
INSERT OR IGNORE INTO condition_patterns (custom_format_name, condition_name, regular_expression_name) VALUES ('Anime Dual Audio', 'Dual Audio', 'Anime_Dual_Audio_Dual_Audio');
INSERT OR IGNORE INTO condition_patterns (custom_format_name, condition_name, regular_expression_name) VALUES ('Anime Dual Audio', 'Not Single Language Only', 'Anime_Dual_Audio_Not_Single_Language_Only');
INSERT OR IGNORE INTO condition_languages (custom_format_name, condition_name, language_name, except_language) VALUES ('Anime Dual Audio', 'Japanese Language', '8', 0);
INSERT OR IGNORE INTO condition_languages (custom_format_name, condition_name, language_name, except_language) VALUES ('Anime Dual Audio', 'Chinese Language', '10', 0);
INSERT OR IGNORE INTO condition_languages (custom_format_name, condition_name, language_name, except_language) VALUES ('Anime Dual Audio', 'Korean Language', '21', 0);
INSERT OR IGNORE INTO regular_expressions (name, pattern) VALUES ('Anime_Dual_Audio_Dual_Audio', 'dual[ ._-]?(audio)|[([]dual[])]|\b(JA|ZH|KO)(?= ?\+ ?.*?\b(EN))|\b(EN)(?= ?\+ ?.*?\b(JA|ZH|KO))|\b(Japanese|Chinese|Korean) ?[ ._\+&-] ?\b(English)|\b(English) ?[ ._\+&-] ?\b(Japanese|Chinese|Korean)|\b(\d{3,4}(p|i)|4K|U(ltra)?HD)\b.*\b(DUAL)\b(?!.*\(|\))');
INSERT OR IGNORE INTO regular_expressions (name, pattern) VALUES ('Anime_Dual_Audio_Not_Single_Language_Only', '\[(JA|ZH|KO)\]');
INSERT OR IGNORE INTO custom_format_conditions (custom_format_name, name, type, arr_type, negate, required) VALUES ('Anime Dual Audio', 'Dual Audio', 'pattern', 'radarr', 0, 1);
INSERT OR IGNORE INTO custom_format_conditions (custom_format_name, name, type, arr_type, negate, required) VALUES ('Anime Dual Audio', 'Not Single Language Only', 'pattern', 'radarr', 1, 1);
INSERT OR IGNORE INTO custom_format_conditions (custom_format_name, name, type, arr_type, negate, required) VALUES ('Anime Dual Audio', 'Japanese Language', 'language', 'radarr', 0, 0);
INSERT OR IGNORE INTO custom_format_conditions (custom_format_name, name, type, arr_type, negate, required) VALUES ('Anime Dual Audio', 'Chinese Language', 'language', 'radarr', 0, 0);
INSERT OR IGNORE INTO custom_format_conditions (custom_format_name, name, type, arr_type, negate, required) VALUES ('Anime Dual Audio', 'Korean Language', 'language', 'radarr', 0, 0);

INSERT OR IGNORE INTO custom_formats (name, description, include_in_rename) VALUES ('Anime LQ Groups', 'b0fdc5897f68c9a68c70c25169f77447', 0);
INSERT OR IGNORE INTO condition_patterns (custom_format_name, condition_name, regular_expression_name) VALUES ('Anime LQ Groups', 'tore-Chill', 'Anime_LQ_Groups_tore-Chill');
INSERT OR IGNORE INTO condition_patterns (custom_format_name, condition_name, regular_expression_name) VALUES ('Anime LQ Groups', '0neshot', 'Anime_LQ_Groups_0neshot');
INSERT OR IGNORE INTO condition_patterns (custom_format_name, condition_name, regular_expression_name) VALUES ('Anime LQ Groups', '224', 'Anime_LQ_Groups_224');
INSERT OR IGNORE INTO condition_patterns (custom_format_name, condition_name, regular_expression_name) VALUES ('Anime LQ Groups', 'A-Destiny', 'Anime_LQ_Groups_A-Destiny');
INSERT OR IGNORE INTO condition_patterns (custom_format_name, condition_name, regular_expression_name) VALUES ('Anime LQ Groups', 'AceAres', 'Anime_LQ_Groups_AceAres');
INSERT OR IGNORE INTO condition_patterns (custom_format_name, condition_name, regular_expression_name) VALUES ('Anime LQ Groups', 'AhmadDev', 'Anime_LQ_Groups_AhmadDev');
INSERT OR IGNORE INTO condition_patterns (custom_format_name, condition_name, regular_expression_name) VALUES ('Anime LQ Groups', 'Anime Chap', 'Anime_LQ_Groups_Anime_Chap');
INSERT OR IGNORE INTO condition_patterns (custom_format_name, condition_name, regular_expression_name) VALUES ('Anime LQ Groups', 'Anime Land', 'Anime_LQ_Groups_Anime_Land');
INSERT OR IGNORE INTO condition_patterns (custom_format_name, condition_name, regular_expression_name) VALUES ('Anime LQ Groups', 'Anime Time', 'Anime_LQ_Groups_Anime_Time');
INSERT OR IGNORE INTO condition_patterns (custom_format_name, condition_name, regular_expression_name) VALUES ('Anime LQ Groups', 'AnimeDynastyEN', 'Anime_LQ_Groups_AnimeDynastyEN');
INSERT OR IGNORE INTO condition_patterns (custom_format_name, condition_name, regular_expression_name) VALUES ('Anime LQ Groups', 'AnimeKuro', 'Anime_LQ_Groups_AnimeKuro');
INSERT OR IGNORE INTO condition_patterns (custom_format_name, condition_name, regular_expression_name) VALUES ('Anime LQ Groups', 'AnimeRG', 'Anime_LQ_Groups_AnimeRG');
INSERT OR IGNORE INTO condition_patterns (custom_format_name, condition_name, regular_expression_name) VALUES ('Anime LQ Groups', 'Animesubs', 'Anime_LQ_Groups_Animesubs');
INSERT OR IGNORE INTO condition_patterns (custom_format_name, condition_name, regular_expression_name) VALUES ('Anime LQ Groups', 'AnimeTR', 'Anime_LQ_Groups_AnimeTR');
INSERT OR IGNORE INTO condition_patterns (custom_format_name, condition_name, regular_expression_name) VALUES ('Anime LQ Groups', 'Anitsu', 'Anime_LQ_Groups_Anitsu');
INSERT OR IGNORE INTO condition_patterns (custom_format_name, condition_name, regular_expression_name) VALUES ('Anime LQ Groups', 'AniVoid', 'Anime_LQ_Groups_AniVoid');
INSERT OR IGNORE INTO condition_patterns (custom_format_name, condition_name, regular_expression_name) VALUES ('Anime LQ Groups', 'ArataEnc', 'Anime_LQ_Groups_ArataEnc');
INSERT OR IGNORE INTO condition_patterns (custom_format_name, condition_name, regular_expression_name) VALUES ('Anime LQ Groups', 'AREY', 'Anime_LQ_Groups_AREY');
INSERT OR IGNORE INTO condition_patterns (custom_format_name, condition_name, regular_expression_name) VALUES ('Anime LQ Groups', 'Ari', 'Anime_LQ_Groups_Ari');
INSERT OR IGNORE INTO condition_patterns (custom_format_name, condition_name, regular_expression_name) VALUES ('Anime LQ Groups', 'ASW', 'Anime_LQ_Groups_ASW');
INSERT OR IGNORE INTO condition_patterns (custom_format_name, condition_name, regular_expression_name) VALUES ('Anime LQ Groups', 'BJX', 'Anime_LQ_Groups_BJX');
INSERT OR IGNORE INTO condition_patterns (custom_format_name, condition_name, regular_expression_name) VALUES ('Anime LQ Groups', 'BlackLuster', 'Anime_LQ_Groups_BlackLuster');
INSERT OR IGNORE INTO condition_patterns (custom_format_name, condition_name, regular_expression_name) VALUES ('Anime LQ Groups', 'bonkai77', 'Anime_LQ_Groups_bonkai77');
INSERT OR IGNORE INTO condition_patterns (custom_format_name, condition_name, regular_expression_name) VALUES ('Anime LQ Groups', 'CameEsp', 'Anime_LQ_Groups_CameEsp');
INSERT OR IGNORE INTO condition_patterns (custom_format_name, condition_name, regular_expression_name) VALUES ('Anime LQ Groups', 'Cat66', 'Anime_LQ_Groups_Cat66');
INSERT OR IGNORE INTO condition_patterns (custom_format_name, condition_name, regular_expression_name) VALUES ('Anime LQ Groups', 'CBB', 'Anime_LQ_Groups_CBB');
INSERT OR IGNORE INTO condition_patterns (custom_format_name, condition_name, regular_expression_name) VALUES ('Anime LQ Groups', 'Cerberus', 'Anime_LQ_Groups_Cerberus');
INSERT OR IGNORE INTO condition_patterns (custom_format_name, condition_name, regular_expression_name) VALUES ('Anime LQ Groups', 'Cleo', 'Anime_LQ_Groups_Cleo');
INSERT OR IGNORE INTO condition_patterns (custom_format_name, condition_name, regular_expression_name) VALUES ('Anime LQ Groups', 'CuaP', 'Anime_LQ_Groups_CuaP');
INSERT OR IGNORE INTO condition_patterns (custom_format_name, condition_name, regular_expression_name) VALUES ('Anime LQ Groups', 'DaddySubs', 'Anime_LQ_Groups_DaddySubs');
INSERT OR IGNORE INTO condition_patterns (custom_format_name, condition_name, regular_expression_name) VALUES ('Anime LQ Groups', 'DARKFLiX', 'Anime_LQ_Groups_DARKFLiX');
INSERT OR IGNORE INTO condition_patterns (custom_format_name, condition_name, regular_expression_name) VALUES ('Anime LQ Groups', 'DB', 'Anime_LQ_Groups_DB');
INSERT OR IGNORE INTO condition_patterns (custom_format_name, condition_name, regular_expression_name) VALUES ('Anime LQ Groups', 'DBArabic', 'Anime_LQ_Groups_DBArabic');
INSERT OR IGNORE INTO condition_patterns (custom_format_name, condition_name, regular_expression_name) VALUES ('Anime LQ Groups', 'Deadmau- RAWS', 'Anime_LQ_Groups_Deadmau-_RAWS');
INSERT OR IGNORE INTO condition_patterns (custom_format_name, condition_name, regular_expression_name) VALUES ('Anime LQ Groups', 'DKB', 'Anime_LQ_Groups_DKB');
INSERT OR IGNORE INTO condition_patterns (custom_format_name, condition_name, regular_expression_name) VALUES ('Anime LQ Groups', 'DP', 'Anime_LQ_Groups_DP');
INSERT OR IGNORE INTO condition_patterns (custom_format_name, condition_name, regular_expression_name) VALUES ('Anime LQ Groups', 'DsunS', 'Anime_LQ_Groups_DsunS');
INSERT OR IGNORE INTO condition_patterns (custom_format_name, condition_name, regular_expression_name) VALUES ('Anime LQ Groups', 'Emmid', 'Anime_LQ_Groups_Emmid');
INSERT OR IGNORE INTO condition_patterns (custom_format_name, condition_name, regular_expression_name) VALUES ('Anime LQ Groups', 'ExREN', 'Anime_LQ_Groups_ExREN');
INSERT OR IGNORE INTO condition_patterns (custom_format_name, condition_name, regular_expression_name) VALUES ('Anime LQ Groups', 'FAV', 'Anime_LQ_Groups_FAV');
INSERT OR IGNORE INTO condition_patterns (custom_format_name, condition_name, regular_expression_name) VALUES ('Anime LQ Groups', 'Fish', 'Anime_LQ_Groups_Fish');
INSERT OR IGNORE INTO condition_patterns (custom_format_name, condition_name, regular_expression_name) VALUES ('Anime LQ Groups', 'FunArts', 'Anime_LQ_Groups_FunArts');
INSERT OR IGNORE INTO condition_patterns (custom_format_name, condition_name, regular_expression_name) VALUES ('Anime LQ Groups', 'GERMini', 'Anime_LQ_Groups_GERMini');
INSERT OR IGNORE INTO condition_patterns (custom_format_name, condition_name, regular_expression_name) VALUES ('Anime LQ Groups', 'Hakata Ramen', 'Anime_LQ_Groups_Hakata_Ramen');
INSERT OR IGNORE INTO condition_patterns (custom_format_name, condition_name, regular_expression_name) VALUES ('Anime LQ Groups', 'Hall_of_C', 'Anime_LQ_Groups_Hall_of_C');
INSERT OR IGNORE INTO condition_patterns (custom_format_name, condition_name, regular_expression_name) VALUES ('Anime LQ Groups', 'Hatsuyuki', 'Anime_LQ_Groups_Hatsuyuki');
INSERT OR IGNORE INTO condition_patterns (custom_format_name, condition_name, regular_expression_name) VALUES ('Anime LQ Groups', 'HAV1T', 'Anime_LQ_Groups_HAV1T');
INSERT OR IGNORE INTO condition_patterns (custom_format_name, condition_name, regular_expression_name) VALUES ('Anime LQ Groups', 'HENiL', 'Anime_LQ_Groups_HENiL');
INSERT OR IGNORE INTO condition_patterns (custom_format_name, condition_name, regular_expression_name) VALUES ('Anime LQ Groups', 'Hitoku', 'Anime_LQ_Groups_Hitoku');
INSERT OR IGNORE INTO condition_patterns (custom_format_name, condition_name, regular_expression_name) VALUES ('Anime LQ Groups', 'HollowRoxas', 'Anime_LQ_Groups_HollowRoxas');
INSERT OR IGNORE INTO condition_patterns (custom_format_name, condition_name, regular_expression_name) VALUES ('Anime LQ Groups', 'HR', 'Anime_LQ_Groups_HR');
INSERT OR IGNORE INTO condition_patterns (custom_format_name, condition_name, regular_expression_name) VALUES ('Anime LQ Groups', 'ICEBLUE', 'Anime_LQ_Groups_ICEBLUE');
INSERT OR IGNORE INTO condition_patterns (custom_format_name, condition_name, regular_expression_name) VALUES ('Anime LQ Groups', 'iPUNISHER', 'Anime_LQ_Groups_iPUNISHER');
INSERT OR IGNORE INTO condition_patterns (custom_format_name, condition_name, regular_expression_name) VALUES ('Anime LQ Groups', 'JacobSwaggedUp', 'Anime_LQ_Groups_JacobSwaggedUp');
INSERT OR IGNORE INTO condition_patterns (custom_format_name, condition_name, regular_expression_name) VALUES ('Anime LQ Groups', 'Johnny-englishsubs', 'Anime_LQ_Groups_Johnny-englishsubs');
INSERT OR IGNORE INTO condition_patterns (custom_format_name, condition_name, regular_expression_name) VALUES ('Anime LQ Groups', 'Kallango', 'Anime_LQ_Groups_Kallango');
INSERT OR IGNORE INTO condition_patterns (custom_format_name, condition_name, regular_expression_name) VALUES ('Anime LQ Groups', 'Kanjouteki', 'Anime_LQ_Groups_Kanjouteki');
INSERT OR IGNORE INTO condition_patterns (custom_format_name, condition_name, regular_expression_name) VALUES ('Anime LQ Groups', 'KEKMASTERS', 'Anime_LQ_Groups_KEKMASTERS');
INSERT OR IGNORE INTO condition_patterns (custom_format_name, condition_name, regular_expression_name) VALUES ('Anime LQ Groups', 'Kirion', 'Anime_LQ_Groups_Kirion');
INSERT OR IGNORE INTO condition_patterns (custom_format_name, condition_name, regular_expression_name) VALUES ('Anime LQ Groups', 'KQRM', 'Anime_LQ_Groups_KQRM');
INSERT OR IGNORE INTO condition_patterns (custom_format_name, condition_name, regular_expression_name) VALUES ('Anime LQ Groups', 'KRP', 'Anime_LQ_Groups_KRP');
INSERT OR IGNORE INTO condition_patterns (custom_format_name, condition_name, regular_expression_name) VALUES ('Anime LQ Groups', 'LoliHouse', 'Anime_LQ_Groups_LoliHouse');
INSERT OR IGNORE INTO condition_patterns (custom_format_name, condition_name, regular_expression_name) VALUES ('Anime LQ Groups', 'MnI', 'Anime_LQ_Groups_MnI');
INSERT OR IGNORE INTO condition_patterns (custom_format_name, condition_name, regular_expression_name) VALUES ('Anime LQ Groups', 'mal lu zen', 'Anime_LQ_Groups_mal_lu_zen');
INSERT OR IGNORE INTO condition_patterns (custom_format_name, condition_name, regular_expression_name) VALUES ('Anime LQ Groups', 'ManK', 'Anime_LQ_Groups_ManK');
INSERT OR IGNORE INTO condition_patterns (custom_format_name, condition_name, regular_expression_name) VALUES ('Anime LQ Groups', 'Maximus', 'Anime_LQ_Groups_Maximus');
INSERT OR IGNORE INTO condition_patterns (custom_format_name, condition_name, regular_expression_name) VALUES ('Anime LQ Groups', 'MD', 'Anime_LQ_Groups_MD');
INSERT OR IGNORE INTO condition_patterns (custom_format_name, condition_name, regular_expression_name) VALUES ('Anime LQ Groups', 'mdcx', 'Anime_LQ_Groups_mdcx');
INSERT OR IGNORE INTO condition_patterns (custom_format_name, condition_name, regular_expression_name) VALUES ('Anime LQ Groups', 'Metaljerk', 'Anime_LQ_Groups_Metaljerk');
INSERT OR IGNORE INTO condition_patterns (custom_format_name, condition_name, regular_expression_name) VALUES ('Anime LQ Groups', 'MGD', 'Anime_LQ_Groups_MGD');
INSERT OR IGNORE INTO condition_patterns (custom_format_name, condition_name, regular_expression_name) VALUES ('Anime LQ Groups', 'MiniFreeza', 'Anime_LQ_Groups_MiniFreeza');
INSERT OR IGNORE INTO condition_patterns (custom_format_name, condition_name, regular_expression_name) VALUES ('Anime LQ Groups', 'MiniMTBB', 'Anime_LQ_Groups_MiniMTBB');
INSERT OR IGNORE INTO condition_patterns (custom_format_name, condition_name, regular_expression_name) VALUES ('Anime LQ Groups', 'MinisCuba', 'Anime_LQ_Groups_MinisCuba');
INSERT OR IGNORE INTO condition_patterns (custom_format_name, condition_name, regular_expression_name) VALUES ('Anime LQ Groups', 'MiniTheatre', 'Anime_LQ_Groups_MiniTheatre');
INSERT OR IGNORE INTO condition_patterns (custom_format_name, condition_name, regular_expression_name) VALUES ('Anime LQ Groups', 'Mites', 'Anime_LQ_Groups_Mites');
INSERT OR IGNORE INTO condition_patterns (custom_format_name, condition_name, regular_expression_name) VALUES ('Anime LQ Groups', 'Modders Bay', 'Anime_LQ_Groups_Modders_Bay');
INSERT OR IGNORE INTO condition_patterns (custom_format_name, condition_name, regular_expression_name) VALUES ('Anime LQ Groups', 'Mr Deadpool', 'Anime_LQ_Groups_Mr_Deadpool');
INSERT OR IGNORE INTO condition_patterns (custom_format_name, condition_name, regular_expression_name) VALUES ('Anime LQ Groups', 'NemDiggers', 'Anime_LQ_Groups_NemDiggers');
INSERT OR IGNORE INTO condition_patterns (custom_format_name, condition_name, regular_expression_name) VALUES ('Anime LQ Groups', 'neoHEVC', 'Anime_LQ_Groups_neoHEVC');
INSERT OR IGNORE INTO condition_patterns (custom_format_name, condition_name, regular_expression_name) VALUES ('Anime LQ Groups', 'Nokou', 'Anime_LQ_Groups_Nokou');
INSERT OR IGNORE INTO condition_patterns (custom_format_name, condition_name, regular_expression_name) VALUES ('Anime LQ Groups', 'NoobSubs', 'Anime_LQ_Groups_NoobSubs');
INSERT OR IGNORE INTO condition_patterns (custom_format_name, condition_name, regular_expression_name) VALUES ('Anime LQ Groups', 'NS', 'Anime_LQ_Groups_NS');
INSERT OR IGNORE INTO condition_patterns (custom_format_name, condition_name, regular_expression_name) VALUES ('Anime LQ Groups', 'Nyanpasu', 'Anime_LQ_Groups_Nyanpasu');
INSERT OR IGNORE INTO condition_patterns (custom_format_name, condition_name, regular_expression_name) VALUES ('Anime LQ Groups', 'OldCastle', 'Anime_LQ_Groups_OldCastle');
INSERT OR IGNORE INTO condition_patterns (custom_format_name, condition_name, regular_expression_name) VALUES ('Anime LQ Groups', 'Pantsu', 'Anime_LQ_Groups_Pantsu');
INSERT OR IGNORE INTO condition_patterns (custom_format_name, condition_name, regular_expression_name) VALUES ('Anime LQ Groups', 'Pao', 'Anime_LQ_Groups_Pao');
INSERT OR IGNORE INTO condition_patterns (custom_format_name, condition_name, regular_expression_name) VALUES ('Anime LQ Groups', 'phazer11', 'Anime_LQ_Groups_phazer11');
INSERT OR IGNORE INTO condition_patterns (custom_format_name, condition_name, regular_expression_name) VALUES ('Anime LQ Groups', 'Pixel', 'Anime_LQ_Groups_Pixel');
INSERT OR IGNORE INTO condition_patterns (custom_format_name, condition_name, regular_expression_name) VALUES ('Anime LQ Groups', 'Plex Friendly', 'Anime_LQ_Groups_Plex_Friendly');
INSERT OR IGNORE INTO condition_patterns (custom_format_name, condition_name, regular_expression_name) VALUES ('Anime LQ Groups', 'PnPSubs', 'Anime_LQ_Groups_PnPSubs');
INSERT OR IGNORE INTO condition_patterns (custom_format_name, condition_name, regular_expression_name) VALUES ('Anime LQ Groups', 'Polarwindz', 'Anime_LQ_Groups_Polarwindz');
INSERT OR IGNORE INTO condition_patterns (custom_format_name, condition_name, regular_expression_name) VALUES ('Anime LQ Groups', 'Project-gxs', 'Anime_LQ_Groups_Project-gxs');
INSERT OR IGNORE INTO condition_patterns (custom_format_name, condition_name, regular_expression_name) VALUES ('Anime LQ Groups', 'PuyaSubs', 'Anime_LQ_Groups_PuyaSubs');
INSERT OR IGNORE INTO condition_patterns (custom_format_name, condition_name, regular_expression_name) VALUES ('Anime LQ Groups', 'QaS', 'Anime_LQ_Groups_QaS');
INSERT OR IGNORE INTO condition_patterns (custom_format_name, condition_name, regular_expression_name) VALUES ('Anime LQ Groups', 'QCE', 'Anime_LQ_Groups_QCE');
INSERT OR IGNORE INTO condition_patterns (custom_format_name, condition_name, regular_expression_name) VALUES ('Anime LQ Groups', 'Rando235', 'Anime_LQ_Groups_Rando235');
INSERT OR IGNORE INTO condition_patterns (custom_format_name, condition_name, regular_expression_name) VALUES ('Anime LQ Groups', 'Ranger', 'Anime_LQ_Groups_Ranger');
INSERT OR IGNORE INTO condition_patterns (custom_format_name, condition_name, regular_expression_name) VALUES ('Anime LQ Groups', 'Rapta', 'Anime_LQ_Groups_Rapta');
INSERT OR IGNORE INTO condition_patterns (custom_format_name, condition_name, regular_expression_name) VALUES ('Anime LQ Groups', 'Raw Files', 'Anime_LQ_Groups_Raw_Files');
INSERT OR IGNORE INTO condition_patterns (custom_format_name, condition_name, regular_expression_name) VALUES ('Anime LQ Groups', 'Raze', 'Anime_LQ_Groups_Raze');
INSERT OR IGNORE INTO condition_patterns (custom_format_name, condition_name, regular_expression_name) VALUES ('Anime LQ Groups', 'Reaktor', 'Anime_LQ_Groups_Reaktor');
INSERT OR IGNORE INTO condition_patterns (custom_format_name, condition_name, regular_expression_name) VALUES ('Anime LQ Groups', 'RightShiftBy2', 'Anime_LQ_Groups_RightShiftBy2');
INSERT OR IGNORE INTO condition_patterns (custom_format_name, condition_name, regular_expression_name) VALUES ('Anime LQ Groups', 'Rip Time', 'Anime_LQ_Groups_Rip_Time');
INSERT OR IGNORE INTO condition_patterns (custom_format_name, condition_name, regular_expression_name) VALUES ('Anime LQ Groups', 'SAD', 'Anime_LQ_Groups_SAD');
INSERT OR IGNORE INTO condition_patterns (custom_format_name, condition_name, regular_expression_name) VALUES ('Anime LQ Groups', 'Salieri', 'Anime_LQ_Groups_Salieri');
INSERT OR IGNORE INTO condition_patterns (custom_format_name, condition_name, regular_expression_name) VALUES ('Anime LQ Groups', 'Samir755', 'Anime_LQ_Groups_Samir755');
INSERT OR IGNORE INTO condition_patterns (custom_format_name, condition_name, regular_expression_name) VALUES ('Anime LQ Groups', 'SanKyuu', 'Anime_LQ_Groups_SanKyuu');
INSERT OR IGNORE INTO condition_patterns (custom_format_name, condition_name, regular_expression_name) VALUES ('Anime LQ Groups', 'SEiN', 'Anime_LQ_Groups_SEiN');
INSERT OR IGNORE INTO condition_patterns (custom_format_name, condition_name, regular_expression_name) VALUES ('Anime LQ Groups', 'sekkusuok', 'Anime_LQ_Groups_sekkusuok');
INSERT OR IGNORE INTO condition_patterns (custom_format_name, condition_name, regular_expression_name) VALUES ('Anime LQ Groups', 'SHFS', 'Anime_LQ_Groups_SHFS');
INSERT OR IGNORE INTO condition_patterns (custom_format_name, condition_name, regular_expression_name) VALUES ('Anime LQ Groups', 'shincaps', 'Anime_LQ_Groups_shincaps');
INSERT OR IGNORE INTO condition_patterns (custom_format_name, condition_name, regular_expression_name) VALUES ('Anime LQ Groups', 'SLAX', 'Anime_LQ_Groups_SLAX');
INSERT OR IGNORE INTO condition_patterns (custom_format_name, condition_name, regular_expression_name) VALUES ('Anime LQ Groups', 'Sokudo', 'Anime_LQ_Groups_Sokudo');
INSERT OR IGNORE INTO condition_patterns (custom_format_name, condition_name, regular_expression_name) VALUES ('Anime LQ Groups', 'SRW', 'Anime_LQ_Groups_SRW');
INSERT OR IGNORE INTO condition_patterns (custom_format_name, condition_name, regular_expression_name) VALUES ('Anime LQ Groups', 'SSA', 'Anime_LQ_Groups_SSA');
INSERT OR IGNORE INTO condition_patterns (custom_format_name, condition_name, regular_expression_name) VALUES ('Anime LQ Groups', 'StrayGods', 'Anime_LQ_Groups_StrayGods');
INSERT OR IGNORE INTO condition_patterns (custom_format_name, condition_name, regular_expression_name) VALUES ('Anime LQ Groups', 'Suki Desu', 'Anime_LQ_Groups_Suki_Desu');
INSERT OR IGNORE INTO condition_patterns (custom_format_name, condition_name, regular_expression_name) VALUES ('Anime LQ Groups', 'TeamTurquoize', 'Anime_LQ_Groups_TeamTurquoize');
INSERT OR IGNORE INTO condition_patterns (custom_format_name, condition_name, regular_expression_name) VALUES ('Anime LQ Groups', 'Tenrai Sensei', 'Anime_LQ_Groups_Tenrai_Sensei');
INSERT OR IGNORE INTO condition_patterns (custom_format_name, condition_name, regular_expression_name) VALUES ('Anime LQ Groups', 'TnF', 'Anime_LQ_Groups_TnF');
INSERT OR IGNORE INTO condition_patterns (custom_format_name, condition_name, regular_expression_name) VALUES ('Anime LQ Groups', 'TOPKEK', 'Anime_LQ_Groups_TOPKEK');
INSERT OR IGNORE INTO condition_patterns (custom_format_name, condition_name, regular_expression_name) VALUES ('Anime LQ Groups', 'Trix', 'Anime_LQ_Groups_Trix');
INSERT OR IGNORE INTO condition_patterns (custom_format_name, condition_name, regular_expression_name) VALUES ('Anime LQ Groups', 'U3-Web', 'Anime_LQ_Groups_U3-Web');
INSERT OR IGNORE INTO condition_patterns (custom_format_name, condition_name, regular_expression_name) VALUES ('Anime LQ Groups', 'UNBIASED', 'Anime_LQ_Groups_UNBIASED');
INSERT OR IGNORE INTO condition_patterns (custom_format_name, condition_name, regular_expression_name) VALUES ('Anime LQ Groups', 'uP', 'Anime_LQ_Groups_uP');
INSERT OR IGNORE INTO condition_patterns (custom_format_name, condition_name, regular_expression_name) VALUES ('Anime LQ Groups', 'USD', 'Anime_LQ_Groups_USD');
INSERT OR IGNORE INTO condition_patterns (custom_format_name, condition_name, regular_expression_name) VALUES ('Anime LQ Groups', 'Valenciano', 'Anime_LQ_Groups_Valenciano');
INSERT OR IGNORE INTO condition_patterns (custom_format_name, condition_name, regular_expression_name) VALUES ('Anime LQ Groups', 'VipapkStudios', 'Anime_LQ_Groups_VipapkStudios');
INSERT OR IGNORE INTO condition_patterns (custom_format_name, condition_name, regular_expression_name) VALUES ('Anime LQ Groups', 'Wardevil', 'Anime_LQ_Groups_Wardevil');
INSERT OR IGNORE INTO condition_patterns (custom_format_name, condition_name, regular_expression_name) VALUES ('Anime LQ Groups', 'WtF Anime', 'Anime_LQ_Groups_WtF_Anime');
INSERT OR IGNORE INTO condition_patterns (custom_format_name, condition_name, regular_expression_name) VALUES ('Anime LQ Groups', 'xiao-av1', 'Anime_LQ_Groups_xiao-av1');
INSERT OR IGNORE INTO condition_patterns (custom_format_name, condition_name, regular_expression_name) VALUES ('Anime LQ Groups', 'Yabai_Desu_NeRandomRemux', 'Anime_LQ_Groups_Yabai_Desu_NeRandomRemux');
INSERT OR IGNORE INTO condition_patterns (custom_format_name, condition_name, regular_expression_name) VALUES ('Anime LQ Groups', 'YakuboEncodes', 'Anime_LQ_Groups_YakuboEncodes');
INSERT OR IGNORE INTO condition_patterns (custom_format_name, condition_name, regular_expression_name) VALUES ('Anime LQ Groups', 'youshikibi', 'Anime_LQ_Groups_youshikibi');
INSERT OR IGNORE INTO condition_patterns (custom_format_name, condition_name, regular_expression_name) VALUES ('Anime LQ Groups', 'YuiSubs', 'Anime_LQ_Groups_YuiSubs');
INSERT OR IGNORE INTO condition_patterns (custom_format_name, condition_name, regular_expression_name) VALUES ('Anime LQ Groups', 'Yun', 'Anime_LQ_Groups_Yun');
INSERT OR IGNORE INTO condition_patterns (custom_format_name, condition_name, regular_expression_name) VALUES ('Anime LQ Groups', 'zza', 'Anime_LQ_Groups_zza');
INSERT OR IGNORE INTO regular_expressions (name, pattern) VALUES ('Anime_LQ_Groups_tore-Chill', '\b(\$tore-Chill)\b');
INSERT OR IGNORE INTO regular_expressions (name, pattern) VALUES ('Anime_LQ_Groups_0neshot', '\b(0neshot)\b');
INSERT OR IGNORE INTO regular_expressions (name, pattern) VALUES ('Anime_LQ_Groups_224', '\[224\]|-224\b');
INSERT OR IGNORE INTO regular_expressions (name, pattern) VALUES ('Anime_LQ_Groups_A-Destiny', '\b(A-Destiny)\b');
INSERT OR IGNORE INTO regular_expressions (name, pattern) VALUES ('Anime_LQ_Groups_AceAres', '\b(AceAres)\b');
INSERT OR IGNORE INTO regular_expressions (name, pattern) VALUES ('Anime_LQ_Groups_AhmadDev', '\b(AhmadDev)\b');
INSERT OR IGNORE INTO regular_expressions (name, pattern) VALUES ('Anime_LQ_Groups_Anime_Chap', '\b(Anime[ .-]?Chap)\b');
INSERT OR IGNORE INTO regular_expressions (name, pattern) VALUES ('Anime_LQ_Groups_Anime_Land', '\b(Anime[ .-]?Land)\b');
INSERT OR IGNORE INTO regular_expressions (name, pattern) VALUES ('Anime_LQ_Groups_Anime_Time', '\b(Anime[ .-]?Time)\b');
INSERT OR IGNORE INTO regular_expressions (name, pattern) VALUES ('Anime_LQ_Groups_AnimeDynastyEN', '\b(AnimeDynastyEN)\b');
INSERT OR IGNORE INTO regular_expressions (name, pattern) VALUES ('Anime_LQ_Groups_AnimeKuro', '\b(AnimeKuro)\b');
INSERT OR IGNORE INTO regular_expressions (name, pattern) VALUES ('Anime_LQ_Groups_AnimeRG', '\b(AnimeRG)\b');
INSERT OR IGNORE INTO regular_expressions (name, pattern) VALUES ('Anime_LQ_Groups_Animesubs', '\b(Animesubs)\b');
INSERT OR IGNORE INTO regular_expressions (name, pattern) VALUES ('Anime_LQ_Groups_AnimeTR', '\b(AnimeTR)\b');
INSERT OR IGNORE INTO regular_expressions (name, pattern) VALUES ('Anime_LQ_Groups_Anitsu', '\b(Anitsu)\b');
INSERT OR IGNORE INTO regular_expressions (name, pattern) VALUES ('Anime_LQ_Groups_AniVoid', '\b(AniVoid)\b');
INSERT OR IGNORE INTO regular_expressions (name, pattern) VALUES ('Anime_LQ_Groups_ArataEnc', '\b(ArataEnc)\b');
INSERT OR IGNORE INTO regular_expressions (name, pattern) VALUES ('Anime_LQ_Groups_AREY', '\b(AREY)\b');
INSERT OR IGNORE INTO regular_expressions (name, pattern) VALUES ('Anime_LQ_Groups_Ari', '\[Ari\]|-Ari\b');
INSERT OR IGNORE INTO regular_expressions (name, pattern) VALUES ('Anime_LQ_Groups_ASW', '\b(ASW)\b');
INSERT OR IGNORE INTO regular_expressions (name, pattern) VALUES ('Anime_LQ_Groups_BJX', '\b(BJX)\b');
INSERT OR IGNORE INTO regular_expressions (name, pattern) VALUES ('Anime_LQ_Groups_BlackLuster', '\b(BlackLuster)\b');
INSERT OR IGNORE INTO regular_expressions (name, pattern) VALUES ('Anime_LQ_Groups_bonkai77', '\b(bonkai77)\b');
INSERT OR IGNORE INTO regular_expressions (name, pattern) VALUES ('Anime_LQ_Groups_CameEsp', '\b(CameEsp)\b');
INSERT OR IGNORE INTO regular_expressions (name, pattern) VALUES ('Anime_LQ_Groups_Cat66', '\b(Cat66)\b');
INSERT OR IGNORE INTO regular_expressions (name, pattern) VALUES ('Anime_LQ_Groups_CBB', '\b(CBB)\b');
INSERT OR IGNORE INTO regular_expressions (name, pattern) VALUES ('Anime_LQ_Groups_Cerberus', '\[Cerberus\]|-Cerberus\b');
INSERT OR IGNORE INTO regular_expressions (name, pattern) VALUES ('Anime_LQ_Groups_Cleo', '\[Cleo\]|-Cleo');
INSERT OR IGNORE INTO regular_expressions (name, pattern) VALUES ('Anime_LQ_Groups_CuaP', '\b(CuaP)\b');
INSERT OR IGNORE INTO regular_expressions (name, pattern) VALUES ('Anime_LQ_Groups_DaddySubs', '\[Daddy(Subs)?\]|-Daddy(Subs)?\b');
INSERT OR IGNORE INTO regular_expressions (name, pattern) VALUES ('Anime_LQ_Groups_DARKFLiX', '\b(DARKFLiX)\b');
INSERT OR IGNORE INTO regular_expressions (name, pattern) VALUES ('Anime_LQ_Groups_DB', '\[DB\]');
INSERT OR IGNORE INTO regular_expressions (name, pattern) VALUES ('Anime_LQ_Groups_DBArabic', '\b(DBArabic)\b');
INSERT OR IGNORE INTO regular_expressions (name, pattern) VALUES ('Anime_LQ_Groups_Deadmau-_RAWS', '\b(Deadmau[ .-]?[ .-]?RAWS)\b');
INSERT OR IGNORE INTO regular_expressions (name, pattern) VALUES ('Anime_LQ_Groups_DKB', '\b(DKB)\b');
INSERT OR IGNORE INTO regular_expressions (name, pattern) VALUES ('Anime_LQ_Groups_DP', '\b(DP)\b');
INSERT OR IGNORE INTO regular_expressions (name, pattern) VALUES ('Anime_LQ_Groups_DsunS', '\b(DsunS)\b');
INSERT OR IGNORE INTO regular_expressions (name, pattern) VALUES ('Anime_LQ_Groups_Emmid', '\[Emmid\]|-Emmid\b');
INSERT OR IGNORE INTO regular_expressions (name, pattern) VALUES ('Anime_LQ_Groups_ExREN', '\b(ExREN)\b');
INSERT OR IGNORE INTO regular_expressions (name, pattern) VALUES ('Anime_LQ_Groups_FAV', '\[FAV\]|-FAV\b');
INSERT OR IGNORE INTO regular_expressions (name, pattern) VALUES ('Anime_LQ_Groups_Fish', '\b((Baked|Dead|Space)Fish)\b');
INSERT OR IGNORE INTO regular_expressions (name, pattern) VALUES ('Anime_LQ_Groups_FunArts', '\b(FunArts)\b');
INSERT OR IGNORE INTO regular_expressions (name, pattern) VALUES ('Anime_LQ_Groups_GERMini', '\b(GERMini)\b');
INSERT OR IGNORE INTO regular_expressions (name, pattern) VALUES ('Anime_LQ_Groups_Hakata_Ramen', '\b(Hakata[ .-]?Ramen)\b');
INSERT OR IGNORE INTO regular_expressions (name, pattern) VALUES ('Anime_LQ_Groups_Hall_of_C', '\b(Hall_of_C)\b');
INSERT OR IGNORE INTO regular_expressions (name, pattern) VALUES ('Anime_LQ_Groups_Hatsuyuki', '\[Hatsuyuki\]|-Hatsuyuki\b');
INSERT OR IGNORE INTO regular_expressions (name, pattern) VALUES ('Anime_LQ_Groups_HAV1T', '\b(HAV1T)\b');
INSERT OR IGNORE INTO regular_expressions (name, pattern) VALUES ('Anime_LQ_Groups_HENiL', '\b(HENiL)\b');
INSERT OR IGNORE INTO regular_expressions (name, pattern) VALUES ('Anime_LQ_Groups_Hitoku', '\[Hitoku\]|-Hitoku\b');
INSERT OR IGNORE INTO regular_expressions (name, pattern) VALUES ('Anime_LQ_Groups_HollowRoxas', '\b(HollowRoxas)\b');
INSERT OR IGNORE INTO regular_expressions (name, pattern) VALUES ('Anime_LQ_Groups_HR', '\[HR\]|-HR\b');
INSERT OR IGNORE INTO regular_expressions (name, pattern) VALUES ('Anime_LQ_Groups_ICEBLUE', '\b(ICEBLUE)\b');
INSERT OR IGNORE INTO regular_expressions (name, pattern) VALUES ('Anime_LQ_Groups_iPUNISHER', '\b(iPUNISHER)\b');
INSERT OR IGNORE INTO regular_expressions (name, pattern) VALUES ('Anime_LQ_Groups_JacobSwaggedUp', '\b(JacobSwaggedUp)\b');
INSERT OR IGNORE INTO regular_expressions (name, pattern) VALUES ('Anime_LQ_Groups_Johnny-englishsubs', '\b(Johnny-englishsubs)\b');
INSERT OR IGNORE INTO regular_expressions (name, pattern) VALUES ('Anime_LQ_Groups_Kallango', '\[Kallango\]|-Kallango\b');
INSERT OR IGNORE INTO regular_expressions (name, pattern) VALUES ('Anime_LQ_Groups_Kanjouteki', '\b(Kanjouteki)\b');
INSERT OR IGNORE INTO regular_expressions (name, pattern) VALUES ('Anime_LQ_Groups_KEKMASTERS', '\b(KEKMASTERS)\b');
INSERT OR IGNORE INTO regular_expressions (name, pattern) VALUES ('Anime_LQ_Groups_Kirion', '\b(Kirion)\b');
INSERT OR IGNORE INTO regular_expressions (name, pattern) VALUES ('Anime_LQ_Groups_KQRM', '\b(KQRM)\b');
INSERT OR IGNORE INTO regular_expressions (name, pattern) VALUES ('Anime_LQ_Groups_KRP', '\b(KRP)\b');
INSERT OR IGNORE INTO regular_expressions (name, pattern) VALUES ('Anime_LQ_Groups_LoliHouse', '\b(LoliHouse)\b');
INSERT OR IGNORE INTO regular_expressions (name, pattern) VALUES ('Anime_LQ_Groups_MnI', '\b(M@nI)\b');
INSERT OR IGNORE INTO regular_expressions (name, pattern) VALUES ('Anime_LQ_Groups_mal_lu_zen', '\b(mal[ .-]lu[ .-]zen)\b');
INSERT OR IGNORE INTO regular_expressions (name, pattern) VALUES ('Anime_LQ_Groups_ManK', '\b(Man\.K)\b');
INSERT OR IGNORE INTO regular_expressions (name, pattern) VALUES ('Anime_LQ_Groups_Maximus', '\[Maximus\]|-Maximus\b');
INSERT OR IGNORE INTO regular_expressions (name, pattern) VALUES ('Anime_LQ_Groups_MD', '\[MD\]|-MD\b');
INSERT OR IGNORE INTO regular_expressions (name, pattern) VALUES ('Anime_LQ_Groups_mdcx', '\b(mdcx)\b');
INSERT OR IGNORE INTO regular_expressions (name, pattern) VALUES ('Anime_LQ_Groups_Metaljerk', '\b(Metaljerk)\b');
INSERT OR IGNORE INTO regular_expressions (name, pattern) VALUES ('Anime_LQ_Groups_MGD', '\b(MGD)\b');
INSERT OR IGNORE INTO regular_expressions (name, pattern) VALUES ('Anime_LQ_Groups_MiniFreeza', '\b(MiniFreeza)\b');
INSERT OR IGNORE INTO regular_expressions (name, pattern) VALUES ('Anime_LQ_Groups_MiniMTBB', '\b(MiniMTBB)\b');
INSERT OR IGNORE INTO regular_expressions (name, pattern) VALUES ('Anime_LQ_Groups_MinisCuba', '\b(MinisCuba)\b');
INSERT OR IGNORE INTO regular_expressions (name, pattern) VALUES ('Anime_LQ_Groups_MiniTheatre', '\b(MiniTheatre)\b');
INSERT OR IGNORE INTO regular_expressions (name, pattern) VALUES ('Anime_LQ_Groups_Mites', '\b(Mites)\b');
INSERT OR IGNORE INTO regular_expressions (name, pattern) VALUES ('Anime_LQ_Groups_Modders_Bay', '\b(Modders[ .-]?Bay)\b');
INSERT OR IGNORE INTO regular_expressions (name, pattern) VALUES ('Anime_LQ_Groups_Mr_Deadpool', '\b(Mr\.Deadpool)\b');
INSERT OR IGNORE INTO regular_expressions (name, pattern) VALUES ('Anime_LQ_Groups_NemDiggers', '\b(NemDiggers)\b');
INSERT OR IGNORE INTO regular_expressions (name, pattern) VALUES ('Anime_LQ_Groups_neoHEVC', '\b(neoHEVC)\b');
INSERT OR IGNORE INTO regular_expressions (name, pattern) VALUES ('Anime_LQ_Groups_Nokou', '\b(Nokou)\b');
INSERT OR IGNORE INTO regular_expressions (name, pattern) VALUES ('Anime_LQ_Groups_NoobSubs', '\b(N[eo][wo]b[ ._-]?Subs)\b');
INSERT OR IGNORE INTO regular_expressions (name, pattern) VALUES ('Anime_LQ_Groups_NS', '\b(NS)\b');
INSERT OR IGNORE INTO regular_expressions (name, pattern) VALUES ('Anime_LQ_Groups_Nyanpasu', '\b(Nyanpasu)\b');
INSERT OR IGNORE INTO regular_expressions (name, pattern) VALUES ('Anime_LQ_Groups_OldCastle', '\b(OldCastle)\b');
INSERT OR IGNORE INTO regular_expressions (name, pattern) VALUES ('Anime_LQ_Groups_Pantsu', '\[Pantsu\]|-Pantsu\b');
INSERT OR IGNORE INTO regular_expressions (name, pattern) VALUES ('Anime_LQ_Groups_Pao', '\[Pao\]|-Pao\b');
INSERT OR IGNORE INTO regular_expressions (name, pattern) VALUES ('Anime_LQ_Groups_phazer11', '\b(phazer11)\b');
INSERT OR IGNORE INTO regular_expressions (name, pattern) VALUES ('Anime_LQ_Groups_Pixel', '\[Pixel\]|-Pixel\b');
INSERT OR IGNORE INTO regular_expressions (name, pattern) VALUES ('Anime_LQ_Groups_Plex_Friendly', '\b(Plex[ .-]?Friendly)\b');
INSERT OR IGNORE INTO regular_expressions (name, pattern) VALUES ('Anime_LQ_Groups_PnPSubs', '\b(PnPSubs)\b');
INSERT OR IGNORE INTO regular_expressions (name, pattern) VALUES ('Anime_LQ_Groups_Polarwindz', '\b(Polarwindz)\b');
INSERT OR IGNORE INTO regular_expressions (name, pattern) VALUES ('Anime_LQ_Groups_Project-gxs', '\b(Project-gxs)\b');
INSERT OR IGNORE INTO regular_expressions (name, pattern) VALUES ('Anime_LQ_Groups_PuyaSubs', '\b(PuyaSubs)\b');
INSERT OR IGNORE INTO regular_expressions (name, pattern) VALUES ('Anime_LQ_Groups_QaS', '\b(QAS)\b');
INSERT OR IGNORE INTO regular_expressions (name, pattern) VALUES ('Anime_LQ_Groups_QCE', '\b(QCE)\b');
INSERT OR IGNORE INTO regular_expressions (name, pattern) VALUES ('Anime_LQ_Groups_Rando235', '\b(Rando235)\b');
INSERT OR IGNORE INTO regular_expressions (name, pattern) VALUES ('Anime_LQ_Groups_Ranger', '\[Ranger\]|-Ranger\b');
INSERT OR IGNORE INTO regular_expressions (name, pattern) VALUES ('Anime_LQ_Groups_Rapta', '\[Rapta\]|-Rapta\b');
INSERT OR IGNORE INTO regular_expressions (name, pattern) VALUES ('Anime_LQ_Groups_Raw_Files', '\b(M2TS|BDMV|BDVD)\b');
INSERT OR IGNORE INTO regular_expressions (name, pattern) VALUES ('Anime_LQ_Groups_Raze', '\[Raze\]|-Raze\b');
INSERT OR IGNORE INTO regular_expressions (name, pattern) VALUES ('Anime_LQ_Groups_Reaktor', '\b(Reaktor)\b');
INSERT OR IGNORE INTO regular_expressions (name, pattern) VALUES ('Anime_LQ_Groups_RightShiftBy2', '\b(RightShiftBy2)\b');
INSERT OR IGNORE INTO regular_expressions (name, pattern) VALUES ('Anime_LQ_Groups_Rip_Time', '\b(Rip[ .-]?Time)\b');
INSERT OR IGNORE INTO regular_expressions (name, pattern) VALUES ('Anime_LQ_Groups_SAD', '\[SAD\]|-SAD\b');
INSERT OR IGNORE INTO regular_expressions (name, pattern) VALUES ('Anime_LQ_Groups_Salieri', '\b(Salieri)\b');
INSERT OR IGNORE INTO regular_expressions (name, pattern) VALUES ('Anime_LQ_Groups_Samir755', '\b(Samir755)\b');
INSERT OR IGNORE INTO regular_expressions (name, pattern) VALUES ('Anime_LQ_Groups_SanKyuu', '\b(SanKyuu)\b');
INSERT OR IGNORE INTO regular_expressions (name, pattern) VALUES ('Anime_LQ_Groups_SEiN', '\[SEiN\]|-SEiN\b');
INSERT OR IGNORE INTO regular_expressions (name, pattern) VALUES ('Anime_LQ_Groups_sekkusuok', '\b(sekkusu&ok)\b');
INSERT OR IGNORE INTO regular_expressions (name, pattern) VALUES ('Anime_LQ_Groups_SHFS', '\b(SHFS)\b');
INSERT OR IGNORE INTO regular_expressions (name, pattern) VALUES ('Anime_LQ_Groups_shincaps', '\b(shincaps)\b');
INSERT OR IGNORE INTO regular_expressions (name, pattern) VALUES ('Anime_LQ_Groups_SLAX', '\b(SLAX)\b');
INSERT OR IGNORE INTO regular_expressions (name, pattern) VALUES ('Anime_LQ_Groups_Sokudo', '\[Sokudo\]|-Sokudo\b');
INSERT OR IGNORE INTO regular_expressions (name, pattern) VALUES ('Anime_LQ_Groups_SRW', '\b(SRW)\b');
INSERT OR IGNORE INTO regular_expressions (name, pattern) VALUES ('Anime_LQ_Groups_SSA', '\b(SSA)\b');
INSERT OR IGNORE INTO regular_expressions (name, pattern) VALUES ('Anime_LQ_Groups_StrayGods', '\b(StrayGods)\b');
INSERT OR IGNORE INTO regular_expressions (name, pattern) VALUES ('Anime_LQ_Groups_Suki_Desu', '\[Suki[ .-]?Desu\]|-Suki[ .-]?Desu\b');
INSERT OR IGNORE INTO regular_expressions (name, pattern) VALUES ('Anime_LQ_Groups_TeamTurquoize', '\b(TeamTurquoize)\b');
INSERT OR IGNORE INTO regular_expressions (name, pattern) VALUES ('Anime_LQ_Groups_Tenrai_Sensei', '\b(Tenrai[ .-]?Sensei)\b');
INSERT OR IGNORE INTO regular_expressions (name, pattern) VALUES ('Anime_LQ_Groups_TnF', '\b(TnF)\b');
INSERT OR IGNORE INTO regular_expressions (name, pattern) VALUES ('Anime_LQ_Groups_TOPKEK', '\b(TOPKEK)\b');
INSERT OR IGNORE INTO regular_expressions (name, pattern) VALUES ('Anime_LQ_Groups_Trix', '\[Trix\]|-Trix\b');
INSERT OR IGNORE INTO regular_expressions (name, pattern) VALUES ('Anime_LQ_Groups_U3-Web', '\b(U3-Web)\b');
INSERT OR IGNORE INTO regular_expressions (name, pattern) VALUES ('Anime_LQ_Groups_UNBIASED', '\[UNBIASED\]|-UNBIASED\b');
INSERT OR IGNORE INTO regular_expressions (name, pattern) VALUES ('Anime_LQ_Groups_uP', '\[uP\]');
INSERT OR IGNORE INTO regular_expressions (name, pattern) VALUES ('Anime_LQ_Groups_USD', '\[USD\]|-USD\b');
INSERT OR IGNORE INTO regular_expressions (name, pattern) VALUES ('Anime_LQ_Groups_Valenciano', '\b(Valenciano)\b');
INSERT OR IGNORE INTO regular_expressions (name, pattern) VALUES ('Anime_LQ_Groups_VipapkStudios', '\b(VipapkStudios)\b');
INSERT OR IGNORE INTO regular_expressions (name, pattern) VALUES ('Anime_LQ_Groups_Wardevil', '\[Wardevil\]|-Wardevil\b');
INSERT OR IGNORE INTO regular_expressions (name, pattern) VALUES ('Anime_LQ_Groups_WtF_Anime', '\b(WtF[ ._-]?Anime)\b');
INSERT OR IGNORE INTO regular_expressions (name, pattern) VALUES ('Anime_LQ_Groups_xiao-av1', '\b(xiao-av1)\b');
INSERT OR IGNORE INTO regular_expressions (name, pattern) VALUES ('Anime_LQ_Groups_Yabai_Desu_NeRandomRemux', '\b(Yabai_Desu_NeRandomRemux)\b');
INSERT OR IGNORE INTO regular_expressions (name, pattern) VALUES ('Anime_LQ_Groups_YakuboEncodes', '\b(YakuboEncodes)\b');
INSERT OR IGNORE INTO regular_expressions (name, pattern) VALUES ('Anime_LQ_Groups_youshikibi', '\b(youshikibi)\b');
INSERT OR IGNORE INTO regular_expressions (name, pattern) VALUES ('Anime_LQ_Groups_YuiSubs', '\b(YuiSubs)\b');
INSERT OR IGNORE INTO regular_expressions (name, pattern) VALUES ('Anime_LQ_Groups_Yun', '\[Yun\]|-Yun\b');
INSERT OR IGNORE INTO regular_expressions (name, pattern) VALUES ('Anime_LQ_Groups_zza', '\[zza\]|-zza\b');
INSERT OR IGNORE INTO custom_format_conditions (custom_format_name, name, type, arr_type, negate, required) VALUES ('Anime LQ Groups', 'tore-Chill', 'pattern', 'radarr', 0, 0);
INSERT OR IGNORE INTO custom_format_conditions (custom_format_name, name, type, arr_type, negate, required) VALUES ('Anime LQ Groups', '0neshot', 'pattern', 'radarr', 0, 0);
INSERT OR IGNORE INTO custom_format_conditions (custom_format_name, name, type, arr_type, negate, required) VALUES ('Anime LQ Groups', '224', 'pattern', 'radarr', 0, 0);
INSERT OR IGNORE INTO custom_format_conditions (custom_format_name, name, type, arr_type, negate, required) VALUES ('Anime LQ Groups', 'A-Destiny', 'pattern', 'radarr', 0, 0);
INSERT OR IGNORE INTO custom_format_conditions (custom_format_name, name, type, arr_type, negate, required) VALUES ('Anime LQ Groups', 'AceAres', 'pattern', 'radarr', 0, 0);
INSERT OR IGNORE INTO custom_format_conditions (custom_format_name, name, type, arr_type, negate, required) VALUES ('Anime LQ Groups', 'AhmadDev', 'pattern', 'radarr', 0, 0);
INSERT OR IGNORE INTO custom_format_conditions (custom_format_name, name, type, arr_type, negate, required) VALUES ('Anime LQ Groups', 'Anime Chap', 'pattern', 'radarr', 0, 0);
INSERT OR IGNORE INTO custom_format_conditions (custom_format_name, name, type, arr_type, negate, required) VALUES ('Anime LQ Groups', 'Anime Land', 'pattern', 'radarr', 0, 0);
INSERT OR IGNORE INTO custom_format_conditions (custom_format_name, name, type, arr_type, negate, required) VALUES ('Anime LQ Groups', 'Anime Time', 'pattern', 'radarr', 0, 0);
INSERT OR IGNORE INTO custom_format_conditions (custom_format_name, name, type, arr_type, negate, required) VALUES ('Anime LQ Groups', 'AnimeDynastyEN', 'pattern', 'radarr', 0, 0);
INSERT OR IGNORE INTO custom_format_conditions (custom_format_name, name, type, arr_type, negate, required) VALUES ('Anime LQ Groups', 'AnimeKuro', 'pattern', 'radarr', 0, 0);
INSERT OR IGNORE INTO custom_format_conditions (custom_format_name, name, type, arr_type, negate, required) VALUES ('Anime LQ Groups', 'AnimeRG', 'pattern', 'radarr', 0, 0);
INSERT OR IGNORE INTO custom_format_conditions (custom_format_name, name, type, arr_type, negate, required) VALUES ('Anime LQ Groups', 'Animesubs', 'pattern', 'radarr', 0, 0);
INSERT OR IGNORE INTO custom_format_conditions (custom_format_name, name, type, arr_type, negate, required) VALUES ('Anime LQ Groups', 'AnimeTR', 'pattern', 'radarr', 0, 0);
INSERT OR IGNORE INTO custom_format_conditions (custom_format_name, name, type, arr_type, negate, required) VALUES ('Anime LQ Groups', 'Anitsu', 'pattern', 'radarr', 0, 0);
INSERT OR IGNORE INTO custom_format_conditions (custom_format_name, name, type, arr_type, negate, required) VALUES ('Anime LQ Groups', 'AniVoid', 'pattern', 'radarr', 0, 0);
INSERT OR IGNORE INTO custom_format_conditions (custom_format_name, name, type, arr_type, negate, required) VALUES ('Anime LQ Groups', 'ArataEnc', 'pattern', 'radarr', 0, 0);
INSERT OR IGNORE INTO custom_format_conditions (custom_format_name, name, type, arr_type, negate, required) VALUES ('Anime LQ Groups', 'AREY', 'pattern', 'radarr', 0, 0);
INSERT OR IGNORE INTO custom_format_conditions (custom_format_name, name, type, arr_type, negate, required) VALUES ('Anime LQ Groups', 'Ari', 'pattern', 'radarr', 0, 0);
INSERT OR IGNORE INTO custom_format_conditions (custom_format_name, name, type, arr_type, negate, required) VALUES ('Anime LQ Groups', 'ASW', 'pattern', 'radarr', 0, 0);
INSERT OR IGNORE INTO custom_format_conditions (custom_format_name, name, type, arr_type, negate, required) VALUES ('Anime LQ Groups', 'BJX', 'pattern', 'radarr', 0, 0);
INSERT OR IGNORE INTO custom_format_conditions (custom_format_name, name, type, arr_type, negate, required) VALUES ('Anime LQ Groups', 'BlackLuster', 'pattern', 'radarr', 0, 0);
INSERT OR IGNORE INTO custom_format_conditions (custom_format_name, name, type, arr_type, negate, required) VALUES ('Anime LQ Groups', 'bonkai77', 'pattern', 'radarr', 0, 0);
INSERT OR IGNORE INTO custom_format_conditions (custom_format_name, name, type, arr_type, negate, required) VALUES ('Anime LQ Groups', 'CameEsp', 'pattern', 'radarr', 0, 0);
INSERT OR IGNORE INTO custom_format_conditions (custom_format_name, name, type, arr_type, negate, required) VALUES ('Anime LQ Groups', 'Cat66', 'pattern', 'radarr', 0, 0);
INSERT OR IGNORE INTO custom_format_conditions (custom_format_name, name, type, arr_type, negate, required) VALUES ('Anime LQ Groups', 'CBB', 'pattern', 'radarr', 0, 0);
INSERT OR IGNORE INTO custom_format_conditions (custom_format_name, name, type, arr_type, negate, required) VALUES ('Anime LQ Groups', 'Cerberus', 'pattern', 'radarr', 0, 0);
INSERT OR IGNORE INTO custom_format_conditions (custom_format_name, name, type, arr_type, negate, required) VALUES ('Anime LQ Groups', 'Cleo', 'pattern', 'radarr', 0, 0);
INSERT OR IGNORE INTO custom_format_conditions (custom_format_name, name, type, arr_type, negate, required) VALUES ('Anime LQ Groups', 'CuaP', 'pattern', 'radarr', 0, 0);
INSERT OR IGNORE INTO custom_format_conditions (custom_format_name, name, type, arr_type, negate, required) VALUES ('Anime LQ Groups', 'DaddySubs', 'pattern', 'radarr', 0, 0);
INSERT OR IGNORE INTO custom_format_conditions (custom_format_name, name, type, arr_type, negate, required) VALUES ('Anime LQ Groups', 'DARKFLiX', 'pattern', 'radarr', 0, 0);
INSERT OR IGNORE INTO custom_format_conditions (custom_format_name, name, type, arr_type, negate, required) VALUES ('Anime LQ Groups', 'DB', 'pattern', 'radarr', 0, 0);
INSERT OR IGNORE INTO custom_format_conditions (custom_format_name, name, type, arr_type, negate, required) VALUES ('Anime LQ Groups', 'DBArabic', 'pattern', 'radarr', 0, 0);
INSERT OR IGNORE INTO custom_format_conditions (custom_format_name, name, type, arr_type, negate, required) VALUES ('Anime LQ Groups', 'Deadmau- RAWS', 'pattern', 'radarr', 0, 0);
INSERT OR IGNORE INTO custom_format_conditions (custom_format_name, name, type, arr_type, negate, required) VALUES ('Anime LQ Groups', 'DKB', 'pattern', 'radarr', 0, 0);
INSERT OR IGNORE INTO custom_format_conditions (custom_format_name, name, type, arr_type, negate, required) VALUES ('Anime LQ Groups', 'DP', 'pattern', 'radarr', 0, 0);
INSERT OR IGNORE INTO custom_format_conditions (custom_format_name, name, type, arr_type, negate, required) VALUES ('Anime LQ Groups', 'DsunS', 'pattern', 'radarr', 0, 0);
INSERT OR IGNORE INTO custom_format_conditions (custom_format_name, name, type, arr_type, negate, required) VALUES ('Anime LQ Groups', 'Emmid', 'pattern', 'radarr', 0, 0);
INSERT OR IGNORE INTO custom_format_conditions (custom_format_name, name, type, arr_type, negate, required) VALUES ('Anime LQ Groups', 'ExREN', 'pattern', 'radarr', 0, 0);
INSERT OR IGNORE INTO custom_format_conditions (custom_format_name, name, type, arr_type, negate, required) VALUES ('Anime LQ Groups', 'FAV', 'pattern', 'radarr', 0, 0);
INSERT OR IGNORE INTO custom_format_conditions (custom_format_name, name, type, arr_type, negate, required) VALUES ('Anime LQ Groups', 'Fish', 'pattern', 'radarr', 0, 0);
INSERT OR IGNORE INTO custom_format_conditions (custom_format_name, name, type, arr_type, negate, required) VALUES ('Anime LQ Groups', 'FunArts', 'pattern', 'radarr', 0, 0);
INSERT OR IGNORE INTO custom_format_conditions (custom_format_name, name, type, arr_type, negate, required) VALUES ('Anime LQ Groups', 'GERMini', 'pattern', 'radarr', 0, 0);
INSERT OR IGNORE INTO custom_format_conditions (custom_format_name, name, type, arr_type, negate, required) VALUES ('Anime LQ Groups', 'Hakata Ramen', 'pattern', 'radarr', 0, 0);
INSERT OR IGNORE INTO custom_format_conditions (custom_format_name, name, type, arr_type, negate, required) VALUES ('Anime LQ Groups', 'Hall_of_C', 'pattern', 'radarr', 0, 0);
INSERT OR IGNORE INTO custom_format_conditions (custom_format_name, name, type, arr_type, negate, required) VALUES ('Anime LQ Groups', 'Hatsuyuki', 'pattern', 'radarr', 0, 0);
INSERT OR IGNORE INTO custom_format_conditions (custom_format_name, name, type, arr_type, negate, required) VALUES ('Anime LQ Groups', 'HAV1T', 'pattern', 'radarr', 0, 0);
INSERT OR IGNORE INTO custom_format_conditions (custom_format_name, name, type, arr_type, negate, required) VALUES ('Anime LQ Groups', 'HENiL', 'pattern', 'radarr', 0, 0);
INSERT OR IGNORE INTO custom_format_conditions (custom_format_name, name, type, arr_type, negate, required) VALUES ('Anime LQ Groups', 'Hitoku', 'pattern', 'radarr', 0, 0);
INSERT OR IGNORE INTO custom_format_conditions (custom_format_name, name, type, arr_type, negate, required) VALUES ('Anime LQ Groups', 'HollowRoxas', 'pattern', 'radarr', 0, 0);
INSERT OR IGNORE INTO custom_format_conditions (custom_format_name, name, type, arr_type, negate, required) VALUES ('Anime LQ Groups', 'HR', 'pattern', 'radarr', 0, 0);
INSERT OR IGNORE INTO custom_format_conditions (custom_format_name, name, type, arr_type, negate, required) VALUES ('Anime LQ Groups', 'ICEBLUE', 'pattern', 'radarr', 0, 0);
INSERT OR IGNORE INTO custom_format_conditions (custom_format_name, name, type, arr_type, negate, required) VALUES ('Anime LQ Groups', 'iPUNISHER', 'pattern', 'radarr', 0, 0);
INSERT OR IGNORE INTO custom_format_conditions (custom_format_name, name, type, arr_type, negate, required) VALUES ('Anime LQ Groups', 'JacobSwaggedUp', 'pattern', 'radarr', 0, 0);
INSERT OR IGNORE INTO custom_format_conditions (custom_format_name, name, type, arr_type, negate, required) VALUES ('Anime LQ Groups', 'Johnny-englishsubs', 'pattern', 'radarr', 0, 0);
INSERT OR IGNORE INTO custom_format_conditions (custom_format_name, name, type, arr_type, negate, required) VALUES ('Anime LQ Groups', 'Kallango', 'pattern', 'radarr', 0, 0);
INSERT OR IGNORE INTO custom_format_conditions (custom_format_name, name, type, arr_type, negate, required) VALUES ('Anime LQ Groups', 'Kanjouteki', 'pattern', 'radarr', 0, 0);
INSERT OR IGNORE INTO custom_format_conditions (custom_format_name, name, type, arr_type, negate, required) VALUES ('Anime LQ Groups', 'KEKMASTERS', 'pattern', 'radarr', 0, 0);
INSERT OR IGNORE INTO custom_format_conditions (custom_format_name, name, type, arr_type, negate, required) VALUES ('Anime LQ Groups', 'Kirion', 'pattern', 'radarr', 0, 0);
INSERT OR IGNORE INTO custom_format_conditions (custom_format_name, name, type, arr_type, negate, required) VALUES ('Anime LQ Groups', 'KQRM', 'pattern', 'radarr', 0, 0);
INSERT OR IGNORE INTO custom_format_conditions (custom_format_name, name, type, arr_type, negate, required) VALUES ('Anime LQ Groups', 'KRP', 'pattern', 'radarr', 0, 0);
INSERT OR IGNORE INTO custom_format_conditions (custom_format_name, name, type, arr_type, negate, required) VALUES ('Anime LQ Groups', 'LoliHouse', 'pattern', 'radarr', 0, 0);
INSERT OR IGNORE INTO custom_format_conditions (custom_format_name, name, type, arr_type, negate, required) VALUES ('Anime LQ Groups', 'MnI', 'pattern', 'radarr', 0, 0);
INSERT OR IGNORE INTO custom_format_conditions (custom_format_name, name, type, arr_type, negate, required) VALUES ('Anime LQ Groups', 'mal lu zen', 'pattern', 'radarr', 0, 0);
INSERT OR IGNORE INTO custom_format_conditions (custom_format_name, name, type, arr_type, negate, required) VALUES ('Anime LQ Groups', 'ManK', 'pattern', 'radarr', 0, 0);
INSERT OR IGNORE INTO custom_format_conditions (custom_format_name, name, type, arr_type, negate, required) VALUES ('Anime LQ Groups', 'Maximus', 'pattern', 'radarr', 0, 0);
INSERT OR IGNORE INTO custom_format_conditions (custom_format_name, name, type, arr_type, negate, required) VALUES ('Anime LQ Groups', 'MD', 'pattern', 'radarr', 0, 0);
INSERT OR IGNORE INTO custom_format_conditions (custom_format_name, name, type, arr_type, negate, required) VALUES ('Anime LQ Groups', 'mdcx', 'pattern', 'radarr', 0, 0);
INSERT OR IGNORE INTO custom_format_conditions (custom_format_name, name, type, arr_type, negate, required) VALUES ('Anime LQ Groups', 'Metaljerk', 'pattern', 'radarr', 0, 0);
INSERT OR IGNORE INTO custom_format_conditions (custom_format_name, name, type, arr_type, negate, required) VALUES ('Anime LQ Groups', 'MGD', 'pattern', 'radarr', 0, 0);
INSERT OR IGNORE INTO custom_format_conditions (custom_format_name, name, type, arr_type, negate, required) VALUES ('Anime LQ Groups', 'MiniFreeza', 'pattern', 'radarr', 0, 0);
INSERT OR IGNORE INTO custom_format_conditions (custom_format_name, name, type, arr_type, negate, required) VALUES ('Anime LQ Groups', 'MiniMTBB', 'pattern', 'radarr', 0, 0);
INSERT OR IGNORE INTO custom_format_conditions (custom_format_name, name, type, arr_type, negate, required) VALUES ('Anime LQ Groups', 'MinisCuba', 'pattern', 'radarr', 0, 0);
INSERT OR IGNORE INTO custom_format_conditions (custom_format_name, name, type, arr_type, negate, required) VALUES ('Anime LQ Groups', 'MiniTheatre', 'pattern', 'radarr', 0, 0);
INSERT OR IGNORE INTO custom_format_conditions (custom_format_name, name, type, arr_type, negate, required) VALUES ('Anime LQ Groups', 'Mites', 'pattern', 'radarr', 0, 0);
INSERT OR IGNORE INTO custom_format_conditions (custom_format_name, name, type, arr_type, negate, required) VALUES ('Anime LQ Groups', 'Modders Bay', 'pattern', 'radarr', 0, 0);
INSERT OR IGNORE INTO custom_format_conditions (custom_format_name, name, type, arr_type, negate, required) VALUES ('Anime LQ Groups', 'Mr Deadpool', 'pattern', 'radarr', 0, 0);
INSERT OR IGNORE INTO custom_format_conditions (custom_format_name, name, type, arr_type, negate, required) VALUES ('Anime LQ Groups', 'NemDiggers', 'pattern', 'radarr', 0, 0);
INSERT OR IGNORE INTO custom_format_conditions (custom_format_name, name, type, arr_type, negate, required) VALUES ('Anime LQ Groups', 'neoHEVC', 'pattern', 'radarr', 0, 0);
INSERT OR IGNORE INTO custom_format_conditions (custom_format_name, name, type, arr_type, negate, required) VALUES ('Anime LQ Groups', 'Nokou', 'pattern', 'radarr', 0, 0);
INSERT OR IGNORE INTO custom_format_conditions (custom_format_name, name, type, arr_type, negate, required) VALUES ('Anime LQ Groups', 'NoobSubs', 'pattern', 'radarr', 0, 0);
INSERT OR IGNORE INTO custom_format_conditions (custom_format_name, name, type, arr_type, negate, required) VALUES ('Anime LQ Groups', 'NS', 'pattern', 'radarr', 0, 0);
INSERT OR IGNORE INTO custom_format_conditions (custom_format_name, name, type, arr_type, negate, required) VALUES ('Anime LQ Groups', 'Nyanpasu', 'pattern', 'radarr', 0, 0);
INSERT OR IGNORE INTO custom_format_conditions (custom_format_name, name, type, arr_type, negate, required) VALUES ('Anime LQ Groups', 'OldCastle', 'pattern', 'radarr', 0, 0);
INSERT OR IGNORE INTO custom_format_conditions (custom_format_name, name, type, arr_type, negate, required) VALUES ('Anime LQ Groups', 'Pantsu', 'pattern', 'radarr', 0, 0);
INSERT OR IGNORE INTO custom_format_conditions (custom_format_name, name, type, arr_type, negate, required) VALUES ('Anime LQ Groups', 'Pao', 'pattern', 'radarr', 0, 0);
INSERT OR IGNORE INTO custom_format_conditions (custom_format_name, name, type, arr_type, negate, required) VALUES ('Anime LQ Groups', 'phazer11', 'pattern', 'radarr', 0, 0);
INSERT OR IGNORE INTO custom_format_conditions (custom_format_name, name, type, arr_type, negate, required) VALUES ('Anime LQ Groups', 'Pixel', 'pattern', 'radarr', 0, 0);
INSERT OR IGNORE INTO custom_format_conditions (custom_format_name, name, type, arr_type, negate, required) VALUES ('Anime LQ Groups', 'Plex Friendly', 'pattern', 'radarr', 0, 0);
INSERT OR IGNORE INTO custom_format_conditions (custom_format_name, name, type, arr_type, negate, required) VALUES ('Anime LQ Groups', 'PnPSubs', 'pattern', 'radarr', 0, 0);
INSERT OR IGNORE INTO custom_format_conditions (custom_format_name, name, type, arr_type, negate, required) VALUES ('Anime LQ Groups', 'Polarwindz', 'pattern', 'radarr', 0, 0);
INSERT OR IGNORE INTO custom_format_conditions (custom_format_name, name, type, arr_type, negate, required) VALUES ('Anime LQ Groups', 'Project-gxs', 'pattern', 'radarr', 0, 0);
INSERT OR IGNORE INTO custom_format_conditions (custom_format_name, name, type, arr_type, negate, required) VALUES ('Anime LQ Groups', 'PuyaSubs', 'pattern', 'radarr', 0, 0);
INSERT OR IGNORE INTO custom_format_conditions (custom_format_name, name, type, arr_type, negate, required) VALUES ('Anime LQ Groups', 'QaS', 'pattern', 'radarr', 0, 0);
INSERT OR IGNORE INTO custom_format_conditions (custom_format_name, name, type, arr_type, negate, required) VALUES ('Anime LQ Groups', 'QCE', 'pattern', 'radarr', 0, 0);
INSERT OR IGNORE INTO custom_format_conditions (custom_format_name, name, type, arr_type, negate, required) VALUES ('Anime LQ Groups', 'Rando235', 'pattern', 'radarr', 0, 0);
INSERT OR IGNORE INTO custom_format_conditions (custom_format_name, name, type, arr_type, negate, required) VALUES ('Anime LQ Groups', 'Ranger', 'pattern', 'radarr', 0, 0);
INSERT OR IGNORE INTO custom_format_conditions (custom_format_name, name, type, arr_type, negate, required) VALUES ('Anime LQ Groups', 'Rapta', 'pattern', 'radarr', 0, 0);
INSERT OR IGNORE INTO custom_format_conditions (custom_format_name, name, type, arr_type, negate, required) VALUES ('Anime LQ Groups', 'Raw Files', 'pattern', 'radarr', 0, 0);
INSERT OR IGNORE INTO custom_format_conditions (custom_format_name, name, type, arr_type, negate, required) VALUES ('Anime LQ Groups', 'Raze', 'pattern', 'radarr', 0, 0);
INSERT OR IGNORE INTO custom_format_conditions (custom_format_name, name, type, arr_type, negate, required) VALUES ('Anime LQ Groups', 'Reaktor', 'pattern', 'radarr', 0, 0);
INSERT OR IGNORE INTO custom_format_conditions (custom_format_name, name, type, arr_type, negate, required) VALUES ('Anime LQ Groups', 'RightShiftBy2', 'pattern', 'radarr', 0, 0);
INSERT OR IGNORE INTO custom_format_conditions (custom_format_name, name, type, arr_type, negate, required) VALUES ('Anime LQ Groups', 'Rip Time', 'pattern', 'radarr', 0, 0);
INSERT OR IGNORE INTO custom_format_conditions (custom_format_name, name, type, arr_type, negate, required) VALUES ('Anime LQ Groups', 'SAD', 'pattern', 'radarr', 0, 0);
INSERT OR IGNORE INTO custom_format_conditions (custom_format_name, name, type, arr_type, negate, required) VALUES ('Anime LQ Groups', 'Salieri', 'pattern', 'radarr', 0, 0);
INSERT OR IGNORE INTO custom_format_conditions (custom_format_name, name, type, arr_type, negate, required) VALUES ('Anime LQ Groups', 'Samir755', 'pattern', 'radarr', 0, 0);
INSERT OR IGNORE INTO custom_format_conditions (custom_format_name, name, type, arr_type, negate, required) VALUES ('Anime LQ Groups', 'SanKyuu', 'pattern', 'radarr', 0, 0);
INSERT OR IGNORE INTO custom_format_conditions (custom_format_name, name, type, arr_type, negate, required) VALUES ('Anime LQ Groups', 'SEiN', 'pattern', 'radarr', 0, 0);
INSERT OR IGNORE INTO custom_format_conditions (custom_format_name, name, type, arr_type, negate, required) VALUES ('Anime LQ Groups', 'sekkusuok', 'pattern', 'radarr', 0, 0);
INSERT OR IGNORE INTO custom_format_conditions (custom_format_name, name, type, arr_type, negate, required) VALUES ('Anime LQ Groups', 'SHFS', 'pattern', 'radarr', 0, 0);
INSERT OR IGNORE INTO custom_format_conditions (custom_format_name, name, type, arr_type, negate, required) VALUES ('Anime LQ Groups', 'shincaps', 'pattern', 'radarr', 0, 0);
INSERT OR IGNORE INTO custom_format_conditions (custom_format_name, name, type, arr_type, negate, required) VALUES ('Anime LQ Groups', 'SLAX', 'pattern', 'radarr', 0, 0);
INSERT OR IGNORE INTO custom_format_conditions (custom_format_name, name, type, arr_type, negate, required) VALUES ('Anime LQ Groups', 'Sokudo', 'pattern', 'radarr', 0, 0);
INSERT OR IGNORE INTO custom_format_conditions (custom_format_name, name, type, arr_type, negate, required) VALUES ('Anime LQ Groups', 'SRW', 'pattern', 'radarr', 0, 0);
INSERT OR IGNORE INTO custom_format_conditions (custom_format_name, name, type, arr_type, negate, required) VALUES ('Anime LQ Groups', 'SSA', 'pattern', 'radarr', 0, 0);
INSERT OR IGNORE INTO custom_format_conditions (custom_format_name, name, type, arr_type, negate, required) VALUES ('Anime LQ Groups', 'StrayGods', 'pattern', 'radarr', 0, 0);
INSERT OR IGNORE INTO custom_format_conditions (custom_format_name, name, type, arr_type, negate, required) VALUES ('Anime LQ Groups', 'Suki Desu', 'pattern', 'radarr', 0, 0);
INSERT OR IGNORE INTO custom_format_conditions (custom_format_name, name, type, arr_type, negate, required) VALUES ('Anime LQ Groups', 'TeamTurquoize', 'pattern', 'radarr', 0, 0);
INSERT OR IGNORE INTO custom_format_conditions (custom_format_name, name, type, arr_type, negate, required) VALUES ('Anime LQ Groups', 'Tenrai Sensei', 'pattern', 'radarr', 0, 0);
INSERT OR IGNORE INTO custom_format_conditions (custom_format_name, name, type, arr_type, negate, required) VALUES ('Anime LQ Groups', 'TnF', 'pattern', 'radarr', 0, 0);
INSERT OR IGNORE INTO custom_format_conditions (custom_format_name, name, type, arr_type, negate, required) VALUES ('Anime LQ Groups', 'TOPKEK', 'pattern', 'radarr', 0, 0);
INSERT OR IGNORE INTO custom_format_conditions (custom_format_name, name, type, arr_type, negate, required) VALUES ('Anime LQ Groups', 'Trix', 'pattern', 'radarr', 0, 0);
INSERT OR IGNORE INTO custom_format_conditions (custom_format_name, name, type, arr_type, negate, required) VALUES ('Anime LQ Groups', 'U3-Web', 'pattern', 'radarr', 0, 0);
INSERT OR IGNORE INTO custom_format_conditions (custom_format_name, name, type, arr_type, negate, required) VALUES ('Anime LQ Groups', 'UNBIASED', 'pattern', 'radarr', 0, 0);
INSERT OR IGNORE INTO custom_format_conditions (custom_format_name, name, type, arr_type, negate, required) VALUES ('Anime LQ Groups', 'uP', 'pattern', 'radarr', 0, 0);
INSERT OR IGNORE INTO custom_format_conditions (custom_format_name, name, type, arr_type, negate, required) VALUES ('Anime LQ Groups', 'USD', 'pattern', 'radarr', 0, 0);
INSERT OR IGNORE INTO custom_format_conditions (custom_format_name, name, type, arr_type, negate, required) VALUES ('Anime LQ Groups', 'Valenciano', 'pattern', 'radarr', 0, 0);
INSERT OR IGNORE INTO custom_format_conditions (custom_format_name, name, type, arr_type, negate, required) VALUES ('Anime LQ Groups', 'VipapkStudios', 'pattern', 'radarr', 0, 0);
INSERT OR IGNORE INTO custom_format_conditions (custom_format_name, name, type, arr_type, negate, required) VALUES ('Anime LQ Groups', 'Wardevil', 'pattern', 'radarr', 0, 0);
INSERT OR IGNORE INTO custom_format_conditions (custom_format_name, name, type, arr_type, negate, required) VALUES ('Anime LQ Groups', 'WtF Anime', 'pattern', 'radarr', 0, 0);
INSERT OR IGNORE INTO custom_format_conditions (custom_format_name, name, type, arr_type, negate, required) VALUES ('Anime LQ Groups', 'xiao-av1', 'pattern', 'radarr', 0, 0);
INSERT OR IGNORE INTO custom_format_conditions (custom_format_name, name, type, arr_type, negate, required) VALUES ('Anime LQ Groups', 'Yabai_Desu_NeRandomRemux', 'pattern', 'radarr', 0, 0);
INSERT OR IGNORE INTO custom_format_conditions (custom_format_name, name, type, arr_type, negate, required) VALUES ('Anime LQ Groups', 'YakuboEncodes', 'pattern', 'radarr', 0, 0);
INSERT OR IGNORE INTO custom_format_conditions (custom_format_name, name, type, arr_type, negate, required) VALUES ('Anime LQ Groups', 'youshikibi', 'pattern', 'radarr', 0, 0);
INSERT OR IGNORE INTO custom_format_conditions (custom_format_name, name, type, arr_type, negate, required) VALUES ('Anime LQ Groups', 'YuiSubs', 'pattern', 'radarr', 0, 0);
INSERT OR IGNORE INTO custom_format_conditions (custom_format_name, name, type, arr_type, negate, required) VALUES ('Anime LQ Groups', 'Yun', 'pattern', 'radarr', 0, 0);
INSERT OR IGNORE INTO custom_format_conditions (custom_format_name, name, type, arr_type, negate, required) VALUES ('Anime LQ Groups', 'zza', 'pattern', 'radarr', 0, 0);

INSERT OR IGNORE INTO custom_formats (name, description, include_in_rename) VALUES ('Anime Raws', '06b6542a47037d1e33b15aa3677c2365', 0);
INSERT OR IGNORE INTO condition_patterns (custom_format_name, condition_name, regular_expression_name) VALUES ('Anime Raws', 'AsukaRaws', 'Anime_Raws_AsukaRaws');
INSERT OR IGNORE INTO condition_patterns (custom_format_name, condition_name, regular_expression_name) VALUES ('Anime Raws', 'Beatrice-Raws', 'Anime_Raws_Beatrice-Raws');
INSERT OR IGNORE INTO condition_patterns (custom_format_name, condition_name, regular_expression_name) VALUES ('Anime Raws', 'Daddy-Raws', 'Anime_Raws_Daddy-Raws');
INSERT OR IGNORE INTO condition_patterns (custom_format_name, condition_name, regular_expression_name) VALUES ('Anime Raws', 'Fumi-Raws', 'Anime_Raws_Fumi-Raws');
INSERT OR IGNORE INTO condition_patterns (custom_format_name, condition_name, regular_expression_name) VALUES ('Anime Raws', 'IrizaRaws', 'Anime_Raws_IrizaRaws');
INSERT OR IGNORE INTO condition_patterns (custom_format_name, condition_name, regular_expression_name) VALUES ('Anime Raws', 'Kawaiika-Raws', 'Anime_Raws_Kawaiika-Raws');
INSERT OR IGNORE INTO condition_patterns (custom_format_name, condition_name, regular_expression_name) VALUES ('Anime Raws', 'km', 'Anime_Raws_km');
INSERT OR IGNORE INTO condition_patterns (custom_format_name, condition_name, regular_expression_name) VALUES ('Anime Raws', 'Koi-Raws', 'Anime_Raws_Koi-Raws');
INSERT OR IGNORE INTO condition_patterns (custom_format_name, condition_name, regular_expression_name) VALUES ('Anime Raws', 'Lilith-Raws', 'Anime_Raws_Lilith-Raws');
INSERT OR IGNORE INTO condition_patterns (custom_format_name, condition_name, regular_expression_name) VALUES ('Anime Raws', 'LowPower-Raws', 'Anime_Raws_LowPower-Raws');
INSERT OR IGNORE INTO condition_patterns (custom_format_name, condition_name, regular_expression_name) VALUES ('Anime Raws', 'Moozzi2', 'Anime_Raws_Moozzi2');
INSERT OR IGNORE INTO condition_patterns (custom_format_name, condition_name, regular_expression_name) VALUES ('Anime Raws', 'NanakoRaws', 'Anime_Raws_NanakoRaws');
INSERT OR IGNORE INTO condition_patterns (custom_format_name, condition_name, regular_expression_name) VALUES ('Anime Raws', 'NC-Raws', 'Anime_Raws_NC-Raws');
INSERT OR IGNORE INTO condition_patterns (custom_format_name, condition_name, regular_expression_name) VALUES ('Anime Raws', 'neko-raws', 'Anime_Raws_neko-raws');
INSERT OR IGNORE INTO condition_patterns (custom_format_name, condition_name, regular_expression_name) VALUES ('Anime Raws', 'New-raws', 'Anime_Raws_New-raws');
INSERT OR IGNORE INTO condition_patterns (custom_format_name, condition_name, regular_expression_name) VALUES ('Anime Raws', 'Ohys-Raws', 'Anime_Raws_Ohys-Raws');
INSERT OR IGNORE INTO condition_patterns (custom_format_name, condition_name, regular_expression_name) VALUES ('Anime Raws', 'Pandoratv-Raws', 'Anime_Raws_Pandoratv-Raws');
INSERT OR IGNORE INTO condition_patterns (custom_format_name, condition_name, regular_expression_name) VALUES ('Anime Raws', 'Raws-Maji', 'Anime_Raws_Raws-Maji');
INSERT OR IGNORE INTO condition_patterns (custom_format_name, condition_name, regular_expression_name) VALUES ('Anime Raws', 'ReinForce', 'Anime_Raws_ReinForce');
INSERT OR IGNORE INTO condition_patterns (custom_format_name, condition_name, regular_expression_name) VALUES ('Anime Raws', 'Scryous-Raws', 'Anime_Raws_Scryous-Raws');
INSERT OR IGNORE INTO condition_patterns (custom_format_name, condition_name, regular_expression_name) VALUES ('Anime Raws', 'Seicher-Raws', 'Anime_Raws_Seicher-Raws');
INSERT OR IGNORE INTO condition_patterns (custom_format_name, condition_name, regular_expression_name) VALUES ('Anime Raws', 'Shiniori-Raws', 'Anime_Raws_Shiniori-Raws');
INSERT OR IGNORE INTO regular_expressions (name, pattern) VALUES ('Anime_Raws_AsukaRaws', 'Asuka[ ._-]?(Raws)');
INSERT OR IGNORE INTO regular_expressions (name, pattern) VALUES ('Anime_Raws_Beatrice-Raws', 'Beatrice[ ._-]?(Raws)');
INSERT OR IGNORE INTO regular_expressions (name, pattern) VALUES ('Anime_Raws_Daddy-Raws', 'Daddy[ ._-]?(Raws)');
INSERT OR IGNORE INTO regular_expressions (name, pattern) VALUES ('Anime_Raws_Fumi-Raws', 'Fumi[ ._-]?(Raws)');
INSERT OR IGNORE INTO regular_expressions (name, pattern) VALUES ('Anime_Raws_IrizaRaws', 'Iriza[ ._-]?(Raws)');
INSERT OR IGNORE INTO regular_expressions (name, pattern) VALUES ('Anime_Raws_Kawaiika-Raws', 'Kawaiika[ ._-]?(Raws)');
INSERT OR IGNORE INTO regular_expressions (name, pattern) VALUES ('Anime_Raws_km', '\[km\]|-km\b');
INSERT OR IGNORE INTO regular_expressions (name, pattern) VALUES ('Anime_Raws_Koi-Raws', 'Koi[ ._-]?(Raws)');
INSERT OR IGNORE INTO regular_expressions (name, pattern) VALUES ('Anime_Raws_Lilith-Raws', 'Lilith[ ._-]?(Raws)');
INSERT OR IGNORE INTO regular_expressions (name, pattern) VALUES ('Anime_Raws_LowPower-Raws', 'LowPower[ ._-]?(Raws)');
INSERT OR IGNORE INTO regular_expressions (name, pattern) VALUES ('Anime_Raws_Moozzi2', '\b(Moozzi2)\b');
INSERT OR IGNORE INTO regular_expressions (name, pattern) VALUES ('Anime_Raws_NanakoRaws', 'Nanako[ ._-]?(Raws)');
INSERT OR IGNORE INTO regular_expressions (name, pattern) VALUES ('Anime_Raws_NC-Raws', 'NC[ ._-]?(Raws)');
INSERT OR IGNORE INTO regular_expressions (name, pattern) VALUES ('Anime_Raws_neko-raws', 'neko[ ._-]?(raws)');
INSERT OR IGNORE INTO regular_expressions (name, pattern) VALUES ('Anime_Raws_New-raws', 'New[ ._-]?(raws)');
INSERT OR IGNORE INTO regular_expressions (name, pattern) VALUES ('Anime_Raws_Ohys-Raws', 'Ohys[ ._-]?(Raws)');
INSERT OR IGNORE INTO regular_expressions (name, pattern) VALUES ('Anime_Raws_Pandoratv-Raws', 'Pandoratv[ ._-]?(Raws)');
INSERT OR IGNORE INTO regular_expressions (name, pattern) VALUES ('Anime_Raws_Raws-Maji', '\b(Raws-Maji)\b');
INSERT OR IGNORE INTO regular_expressions (name, pattern) VALUES ('Anime_Raws_ReinForce', '\b(ReinForce)\b');
INSERT OR IGNORE INTO regular_expressions (name, pattern) VALUES ('Anime_Raws_Scryous-Raws', 'Scryous[ ._-]?(Raws)');
INSERT OR IGNORE INTO regular_expressions (name, pattern) VALUES ('Anime_Raws_Seicher-Raws', 'Seicher[ ._-]?(Raws)');
INSERT OR IGNORE INTO regular_expressions (name, pattern) VALUES ('Anime_Raws_Shiniori-Raws', 'Shiniori[ ._-]?(Raws)');
INSERT OR IGNORE INTO custom_format_conditions (custom_format_name, name, type, arr_type, negate, required) VALUES ('Anime Raws', 'AsukaRaws', 'pattern', 'radarr', 0, 0);
INSERT OR IGNORE INTO custom_format_conditions (custom_format_name, name, type, arr_type, negate, required) VALUES ('Anime Raws', 'Beatrice-Raws', 'pattern', 'radarr', 0, 0);
INSERT OR IGNORE INTO custom_format_conditions (custom_format_name, name, type, arr_type, negate, required) VALUES ('Anime Raws', 'Daddy-Raws', 'pattern', 'radarr', 0, 0);
INSERT OR IGNORE INTO custom_format_conditions (custom_format_name, name, type, arr_type, negate, required) VALUES ('Anime Raws', 'Fumi-Raws', 'pattern', 'radarr', 0, 0);
INSERT OR IGNORE INTO custom_format_conditions (custom_format_name, name, type, arr_type, negate, required) VALUES ('Anime Raws', 'IrizaRaws', 'pattern', 'radarr', 0, 0);
INSERT OR IGNORE INTO custom_format_conditions (custom_format_name, name, type, arr_type, negate, required) VALUES ('Anime Raws', 'Kawaiika-Raws', 'pattern', 'radarr', 0, 0);
INSERT OR IGNORE INTO custom_format_conditions (custom_format_name, name, type, arr_type, negate, required) VALUES ('Anime Raws', 'km', 'pattern', 'radarr', 0, 0);
INSERT OR IGNORE INTO custom_format_conditions (custom_format_name, name, type, arr_type, negate, required) VALUES ('Anime Raws', 'Koi-Raws', 'pattern', 'radarr', 0, 0);
INSERT OR IGNORE INTO custom_format_conditions (custom_format_name, name, type, arr_type, negate, required) VALUES ('Anime Raws', 'Lilith-Raws', 'pattern', 'radarr', 0, 0);
INSERT OR IGNORE INTO custom_format_conditions (custom_format_name, name, type, arr_type, negate, required) VALUES ('Anime Raws', 'LowPower-Raws', 'pattern', 'radarr', 0, 0);
INSERT OR IGNORE INTO custom_format_conditions (custom_format_name, name, type, arr_type, negate, required) VALUES ('Anime Raws', 'Moozzi2', 'pattern', 'radarr', 0, 0);
INSERT OR IGNORE INTO custom_format_conditions (custom_format_name, name, type, arr_type, negate, required) VALUES ('Anime Raws', 'NanakoRaws', 'pattern', 'radarr', 0, 0);
INSERT OR IGNORE INTO custom_format_conditions (custom_format_name, name, type, arr_type, negate, required) VALUES ('Anime Raws', 'NC-Raws', 'pattern', 'radarr', 0, 0);
INSERT OR IGNORE INTO custom_format_conditions (custom_format_name, name, type, arr_type, negate, required) VALUES ('Anime Raws', 'neko-raws', 'pattern', 'radarr', 0, 0);
INSERT OR IGNORE INTO custom_format_conditions (custom_format_name, name, type, arr_type, negate, required) VALUES ('Anime Raws', 'New-raws', 'pattern', 'radarr', 0, 0);
INSERT OR IGNORE INTO custom_format_conditions (custom_format_name, name, type, arr_type, negate, required) VALUES ('Anime Raws', 'Ohys-Raws', 'pattern', 'radarr', 0, 0);
INSERT OR IGNORE INTO custom_format_conditions (custom_format_name, name, type, arr_type, negate, required) VALUES ('Anime Raws', 'Pandoratv-Raws', 'pattern', 'radarr', 0, 0);
INSERT OR IGNORE INTO custom_format_conditions (custom_format_name, name, type, arr_type, negate, required) VALUES ('Anime Raws', 'Raws-Maji', 'pattern', 'radarr', 0, 0);
INSERT OR IGNORE INTO custom_format_conditions (custom_format_name, name, type, arr_type, negate, required) VALUES ('Anime Raws', 'ReinForce', 'pattern', 'radarr', 0, 0);
INSERT OR IGNORE INTO custom_format_conditions (custom_format_name, name, type, arr_type, negate, required) VALUES ('Anime Raws', 'Scryous-Raws', 'pattern', 'radarr', 0, 0);
INSERT OR IGNORE INTO custom_format_conditions (custom_format_name, name, type, arr_type, negate, required) VALUES ('Anime Raws', 'Seicher-Raws', 'pattern', 'radarr', 0, 0);
INSERT OR IGNORE INTO custom_format_conditions (custom_format_name, name, type, arr_type, negate, required) VALUES ('Anime Raws', 'Shiniori-Raws', 'pattern', 'radarr', 0, 0);

INSERT OR IGNORE INTO custom_formats (name, description, include_in_rename) VALUES ('Anime Web Tier 01', '8167cffba4febfb9a6988ef24f274e7e', 0);
INSERT OR IGNORE INTO condition_patterns (custom_format_name, condition_name, regular_expression_name) VALUES ('Anime Web Tier 01', 'Arg0', 'Anime_Web_Tier_01_Arg0');
INSERT OR IGNORE INTO condition_patterns (custom_format_name, condition_name, regular_expression_name) VALUES ('Anime Web Tier 01', 'Arid', 'Anime_Web_Tier_01_Arid');
INSERT OR IGNORE INTO condition_patterns (custom_format_name, condition_name, regular_expression_name) VALUES ('Anime Web Tier 01', 'Baws', 'Anime_Web_Tier_01_Baws');
INSERT OR IGNORE INTO condition_patterns (custom_format_name, condition_name, regular_expression_name) VALUES ('Anime Web Tier 01', 'FLE', 'Anime_Web_Tier_01_FLE');
INSERT OR IGNORE INTO condition_patterns (custom_format_name, condition_name, regular_expression_name) VALUES ('Anime Web Tier 01', 'LostYears', 'Anime_Web_Tier_01_LostYears');
INSERT OR IGNORE INTO condition_patterns (custom_format_name, condition_name, regular_expression_name) VALUES ('Anime Web Tier 01', 'LYS1TH3A', 'Anime_Web_Tier_01_LYS1TH3A');
INSERT OR IGNORE INTO condition_patterns (custom_format_name, condition_name, regular_expression_name) VALUES ('Anime Web Tier 01', 'McBalls', 'Anime_Web_Tier_01_McBalls');
INSERT OR IGNORE INTO condition_patterns (custom_format_name, condition_name, regular_expression_name) VALUES ('Anime Web Tier 01', 'sam', 'Anime_Web_Tier_01_sam');
INSERT OR IGNORE INTO condition_patterns (custom_format_name, condition_name, regular_expression_name) VALUES ('Anime Web Tier 01', 'SCY', 'Anime_Web_Tier_01_SCY');
INSERT OR IGNORE INTO condition_patterns (custom_format_name, condition_name, regular_expression_name) VALUES ('Anime Web Tier 01', 'Setsugen', 'Anime_Web_Tier_01_Setsugen');
INSERT OR IGNORE INTO condition_patterns (custom_format_name, condition_name, regular_expression_name) VALUES ('Anime Web Tier 01', 'smol', 'Anime_Web_Tier_01_smol');
INSERT OR IGNORE INTO condition_patterns (custom_format_name, condition_name, regular_expression_name) VALUES ('Anime Web Tier 01', 'SoM', 'Anime_Web_Tier_01_SoM');
INSERT OR IGNORE INTO condition_patterns (custom_format_name, condition_name, regular_expression_name) VALUES ('Anime Web Tier 01', 'Vodes', 'Anime_Web_Tier_01_Vodes');
INSERT OR IGNORE INTO condition_patterns (custom_format_name, condition_name, regular_expression_name) VALUES ('Anime Web Tier 01', 'Z4ST1N', 'Anime_Web_Tier_01_Z4ST1N');
INSERT OR IGNORE INTO condition_patterns (custom_format_name, condition_name, regular_expression_name) VALUES ('Anime Web Tier 01', 'ZeroBuild', 'Anime_Web_Tier_01_ZeroBuild');
INSERT OR IGNORE INTO condition_sources (custom_format_name, condition_name, source) VALUES ('Anime Web Tier 01', 'WEBDL', 'WEBDL');
INSERT OR IGNORE INTO condition_sources (custom_format_name, condition_name, source) VALUES ('Anime Web Tier 01', 'WEBRIP', 'WEBRIP');
INSERT OR IGNORE INTO regular_expressions (name, pattern) VALUES ('Anime_Web_Tier_01_Arg0', '\b(Arg0)\b');
INSERT OR IGNORE INTO regular_expressions (name, pattern) VALUES ('Anime_Web_Tier_01_Arid', '\[Arid\]|-Arid\b');
INSERT OR IGNORE INTO regular_expressions (name, pattern) VALUES ('Anime_Web_Tier_01_Baws', '\b(Baws)\b');
INSERT OR IGNORE INTO regular_expressions (name, pattern) VALUES ('Anime_Web_Tier_01_FLE', '\b(FLE)\b');
INSERT OR IGNORE INTO regular_expressions (name, pattern) VALUES ('Anime_Web_Tier_01_LostYears', '\b(LostYears)\b');
INSERT OR IGNORE INTO regular_expressions (name, pattern) VALUES ('Anime_Web_Tier_01_LYS1TH3A', '\b(LYS1TH3A)\b');
INSERT OR IGNORE INTO regular_expressions (name, pattern) VALUES ('Anime_Web_Tier_01_McBalls', '\b(McBalls)\b');
INSERT OR IGNORE INTO regular_expressions (name, pattern) VALUES ('Anime_Web_Tier_01_sam', '\[sam\]|-sam\b');
INSERT OR IGNORE INTO regular_expressions (name, pattern) VALUES ('Anime_Web_Tier_01_SCY', '\b(SCY)\b');
INSERT OR IGNORE INTO regular_expressions (name, pattern) VALUES ('Anime_Web_Tier_01_Setsugen', '\b(Setsugen)\b');
INSERT OR IGNORE INTO regular_expressions (name, pattern) VALUES ('Anime_Web_Tier_01_smol', '\[smol\]|-smol\b');
INSERT OR IGNORE INTO regular_expressions (name, pattern) VALUES ('Anime_Web_Tier_01_SoM', '\[SoM\]|-SoM\b');
INSERT OR IGNORE INTO regular_expressions (name, pattern) VALUES ('Anime_Web_Tier_01_Vodes', '\[Vodes\]|(?<!Not)-Vodes\b');
INSERT OR IGNORE INTO regular_expressions (name, pattern) VALUES ('Anime_Web_Tier_01_Z4ST1N', '\b(Z4ST1N)\b');
INSERT OR IGNORE INTO regular_expressions (name, pattern) VALUES ('Anime_Web_Tier_01_ZeroBuild', '\b(ZeroBuild)\b');
INSERT OR IGNORE INTO custom_format_conditions (custom_format_name, name, type, arr_type, negate, required) VALUES ('Anime Web Tier 01', 'WEBDL', 'source', 'radarr', 0, 0);
INSERT OR IGNORE INTO custom_format_conditions (custom_format_name, name, type, arr_type, negate, required) VALUES ('Anime Web Tier 01', 'WEBRIP', 'source', 'radarr', 0, 0);
INSERT OR IGNORE INTO custom_format_conditions (custom_format_name, name, type, arr_type, negate, required) VALUES ('Anime Web Tier 01', 'Arg0', 'pattern', 'radarr', 0, 0);
INSERT OR IGNORE INTO custom_format_conditions (custom_format_name, name, type, arr_type, negate, required) VALUES ('Anime Web Tier 01', 'Arid', 'pattern', 'radarr', 0, 0);
INSERT OR IGNORE INTO custom_format_conditions (custom_format_name, name, type, arr_type, negate, required) VALUES ('Anime Web Tier 01', 'Baws', 'pattern', 'radarr', 0, 0);
INSERT OR IGNORE INTO custom_format_conditions (custom_format_name, name, type, arr_type, negate, required) VALUES ('Anime Web Tier 01', 'FLE', 'pattern', 'radarr', 0, 0);
INSERT OR IGNORE INTO custom_format_conditions (custom_format_name, name, type, arr_type, negate, required) VALUES ('Anime Web Tier 01', 'LostYears', 'pattern', 'radarr', 0, 0);
INSERT OR IGNORE INTO custom_format_conditions (custom_format_name, name, type, arr_type, negate, required) VALUES ('Anime Web Tier 01', 'LYS1TH3A', 'pattern', 'radarr', 0, 0);
INSERT OR IGNORE INTO custom_format_conditions (custom_format_name, name, type, arr_type, negate, required) VALUES ('Anime Web Tier 01', 'McBalls', 'pattern', 'radarr', 0, 0);
INSERT OR IGNORE INTO custom_format_conditions (custom_format_name, name, type, arr_type, negate, required) VALUES ('Anime Web Tier 01', 'sam', 'pattern', 'radarr', 0, 0);
INSERT OR IGNORE INTO custom_format_conditions (custom_format_name, name, type, arr_type, negate, required) VALUES ('Anime Web Tier 01', 'SCY', 'pattern', 'radarr', 0, 0);
INSERT OR IGNORE INTO custom_format_conditions (custom_format_name, name, type, arr_type, negate, required) VALUES ('Anime Web Tier 01', 'Setsugen', 'pattern', 'radarr', 0, 0);
INSERT OR IGNORE INTO custom_format_conditions (custom_format_name, name, type, arr_type, negate, required) VALUES ('Anime Web Tier 01', 'smol', 'pattern', 'radarr', 0, 0);
INSERT OR IGNORE INTO custom_format_conditions (custom_format_name, name, type, arr_type, negate, required) VALUES ('Anime Web Tier 01', 'SoM', 'pattern', 'radarr', 0, 0);
INSERT OR IGNORE INTO custom_format_conditions (custom_format_name, name, type, arr_type, negate, required) VALUES ('Anime Web Tier 01', 'Vodes', 'pattern', 'radarr', 0, 0);
INSERT OR IGNORE INTO custom_format_conditions (custom_format_name, name, type, arr_type, negate, required) VALUES ('Anime Web Tier 01', 'Z4ST1N', 'pattern', 'radarr', 0, 0);
INSERT OR IGNORE INTO custom_format_conditions (custom_format_name, name, type, arr_type, negate, required) VALUES ('Anime Web Tier 01', 'ZeroBuild', 'pattern', 'radarr', 0, 0);

INSERT OR IGNORE INTO custom_formats (name, description, include_in_rename) VALUES ('Anime Web Tier 02', '8526c54e36b4962d340fce52ef030e76', 0);
INSERT OR IGNORE INTO condition_patterns (custom_format_name, condition_name, regular_expression_name) VALUES ('Anime Web Tier 02', '0x539', 'Anime_Web_Tier_02_0x539');
INSERT OR IGNORE INTO condition_patterns (custom_format_name, condition_name, regular_expression_name) VALUES ('Anime Web Tier 02', 'Asakura', 'Anime_Web_Tier_02_Asakura');
INSERT OR IGNORE INTO condition_patterns (custom_format_name, condition_name, regular_expression_name) VALUES ('Anime Web Tier 02', 'Cyan', 'Anime_Web_Tier_02_Cyan');
INSERT OR IGNORE INTO condition_patterns (custom_format_name, condition_name, regular_expression_name) VALUES ('Anime Web Tier 02', 'Cytox', 'Anime_Web_Tier_02_Cytox');
INSERT OR IGNORE INTO condition_patterns (custom_format_name, condition_name, regular_expression_name) VALUES ('Anime Web Tier 02', 'Dae', 'Anime_Web_Tier_02_Dae');
INSERT OR IGNORE INTO condition_patterns (custom_format_name, condition_name, regular_expression_name) VALUES ('Anime Web Tier 02', 'Foxtrot', 'Anime_Web_Tier_02_Foxtrot');
INSERT OR IGNORE INTO condition_patterns (custom_format_name, condition_name, regular_expression_name) VALUES ('Anime Web Tier 02', 'Gao', 'Anime_Web_Tier_02_Gao');
INSERT OR IGNORE INTO condition_patterns (custom_format_name, condition_name, regular_expression_name) VALUES ('Anime Web Tier 02', 'GSK_kun', 'Anime_Web_Tier_02_GSK_kun');
INSERT OR IGNORE INTO condition_patterns (custom_format_name, condition_name, regular_expression_name) VALUES ('Anime Web Tier 02', 'Half-Baked', 'Anime_Web_Tier_02_Half-Baked');
INSERT OR IGNORE INTO condition_patterns (custom_format_name, condition_name, regular_expression_name) VALUES ('Anime Web Tier 02', 'HatSubs', 'Anime_Web_Tier_02_HatSubs');
INSERT OR IGNORE INTO condition_patterns (custom_format_name, condition_name, regular_expression_name) VALUES ('Anime Web Tier 02', 'MALD', 'Anime_Web_Tier_02_MALD');
INSERT OR IGNORE INTO condition_patterns (custom_format_name, condition_name, regular_expression_name) VALUES ('Anime Web Tier 02', 'MTBB', 'Anime_Web_Tier_02_MTBB');
INSERT OR IGNORE INTO condition_patterns (custom_format_name, condition_name, regular_expression_name) VALUES ('Anime Web Tier 02', 'Not-Vodes', 'Anime_Web_Tier_02_Not-Vodes');
INSERT OR IGNORE INTO condition_patterns (custom_format_name, condition_name, regular_expression_name) VALUES ('Anime Web Tier 02', 'Okay-Subs', 'Anime_Web_Tier_02_Okay-Subs');
INSERT OR IGNORE INTO condition_patterns (custom_format_name, condition_name, regular_expression_name) VALUES ('Anime Web Tier 02', 'Pizza', 'Anime_Web_Tier_02_Pizza');
INSERT OR IGNORE INTO condition_patterns (custom_format_name, condition_name, regular_expression_name) VALUES ('Anime Web Tier 02', 'Reza', 'Anime_Web_Tier_02_Reza');
INSERT OR IGNORE INTO condition_patterns (custom_format_name, condition_name, regular_expression_name) VALUES ('Anime Web Tier 02', 'Slyfox', 'Anime_Web_Tier_02_Slyfox');
INSERT OR IGNORE INTO condition_patterns (custom_format_name, condition_name, regular_expression_name) VALUES ('Anime Web Tier 02', 'SoLCE', 'Anime_Web_Tier_02_SoLCE');
INSERT OR IGNORE INTO condition_patterns (custom_format_name, condition_name, regular_expression_name) VALUES ('Anime Web Tier 02', 'Tenshi', 'Anime_Web_Tier_02_Tenshi');
INSERT OR IGNORE INTO condition_sources (custom_format_name, condition_name, source) VALUES ('Anime Web Tier 02', 'WEBDL', 'WEBDL');
INSERT OR IGNORE INTO condition_sources (custom_format_name, condition_name, source) VALUES ('Anime Web Tier 02', 'WEBRIP', 'WEBRIP');
INSERT OR IGNORE INTO regular_expressions (name, pattern) VALUES ('Anime_Web_Tier_02_0x539', '\b(0x539)\b');
INSERT OR IGNORE INTO regular_expressions (name, pattern) VALUES ('Anime_Web_Tier_02_Asakura', '\[Asakura\]|-Asakura\b');
INSERT OR IGNORE INTO regular_expressions (name, pattern) VALUES ('Anime_Web_Tier_02_Cyan', '\[Cyan\]|-Cyan\b');
INSERT OR IGNORE INTO regular_expressions (name, pattern) VALUES ('Anime_Web_Tier_02_Cytox', '\b(Cytox)\b');
INSERT OR IGNORE INTO regular_expressions (name, pattern) VALUES ('Anime_Web_Tier_02_Dae', '\[Dae\]|-Dae\b');
INSERT OR IGNORE INTO regular_expressions (name, pattern) VALUES ('Anime_Web_Tier_02_Foxtrot', '\[Foxtrot\]|-Foxtrot\b');
INSERT OR IGNORE INTO regular_expressions (name, pattern) VALUES ('Anime_Web_Tier_02_Gao', '\[Gao\]|-Gao\b');
INSERT OR IGNORE INTO regular_expressions (name, pattern) VALUES ('Anime_Web_Tier_02_GSK_kun', '\b(GSK[._-]kun)\b');
INSERT OR IGNORE INTO regular_expressions (name, pattern) VALUES ('Anime_Web_Tier_02_Half-Baked', '\b(Half-Baked)\b');
INSERT OR IGNORE INTO regular_expressions (name, pattern) VALUES ('Anime_Web_Tier_02_HatSubs', '\b(HatSubs)\b');
INSERT OR IGNORE INTO regular_expressions (name, pattern) VALUES ('Anime_Web_Tier_02_MALD', '\b(MALD)\b');
INSERT OR IGNORE INTO regular_expressions (name, pattern) VALUES ('Anime_Web_Tier_02_MTBB', '\b(MTBB)\b');
INSERT OR IGNORE INTO regular_expressions (name, pattern) VALUES ('Anime_Web_Tier_02_Not-Vodes', '\[Not-Vodes\]|-Not-Vodes\b');
INSERT OR IGNORE INTO regular_expressions (name, pattern) VALUES ('Anime_Web_Tier_02_Okay-Subs', '\b(Okay-Subs)\b');
INSERT OR IGNORE INTO regular_expressions (name, pattern) VALUES ('Anime_Web_Tier_02_Pizza', '\[Pizza\]|-Pizza\b');
INSERT OR IGNORE INTO regular_expressions (name, pattern) VALUES ('Anime_Web_Tier_02_Reza', '\b(Reza)\b');
INSERT OR IGNORE INTO regular_expressions (name, pattern) VALUES ('Anime_Web_Tier_02_Slyfox', '\b(Slyfox)\b');
INSERT OR IGNORE INTO regular_expressions (name, pattern) VALUES ('Anime_Web_Tier_02_SoLCE', '\b(SoLCE)\b');
INSERT OR IGNORE INTO regular_expressions (name, pattern) VALUES ('Anime_Web_Tier_02_Tenshi', '\[tenshi\]|-tenshi$');
INSERT OR IGNORE INTO custom_format_conditions (custom_format_name, name, type, arr_type, negate, required) VALUES ('Anime Web Tier 02', 'WEBDL', 'source', 'radarr', 0, 0);
INSERT OR IGNORE INTO custom_format_conditions (custom_format_name, name, type, arr_type, negate, required) VALUES ('Anime Web Tier 02', 'WEBRIP', 'source', 'radarr', 0, 0);
INSERT OR IGNORE INTO custom_format_conditions (custom_format_name, name, type, arr_type, negate, required) VALUES ('Anime Web Tier 02', '0x539', 'pattern', 'radarr', 0, 0);
INSERT OR IGNORE INTO custom_format_conditions (custom_format_name, name, type, arr_type, negate, required) VALUES ('Anime Web Tier 02', 'Asakura', 'pattern', 'radarr', 0, 0);
INSERT OR IGNORE INTO custom_format_conditions (custom_format_name, name, type, arr_type, negate, required) VALUES ('Anime Web Tier 02', 'Cyan', 'pattern', 'radarr', 0, 0);
INSERT OR IGNORE INTO custom_format_conditions (custom_format_name, name, type, arr_type, negate, required) VALUES ('Anime Web Tier 02', 'Cytox', 'pattern', 'radarr', 0, 0);
INSERT OR IGNORE INTO custom_format_conditions (custom_format_name, name, type, arr_type, negate, required) VALUES ('Anime Web Tier 02', 'Dae', 'pattern', 'radarr', 0, 0);
INSERT OR IGNORE INTO custom_format_conditions (custom_format_name, name, type, arr_type, negate, required) VALUES ('Anime Web Tier 02', 'Foxtrot', 'pattern', 'radarr', 0, 0);
INSERT OR IGNORE INTO custom_format_conditions (custom_format_name, name, type, arr_type, negate, required) VALUES ('Anime Web Tier 02', 'Gao', 'pattern', 'radarr', 0, 0);
INSERT OR IGNORE INTO custom_format_conditions (custom_format_name, name, type, arr_type, negate, required) VALUES ('Anime Web Tier 02', 'GSK_kun', 'pattern', 'radarr', 0, 0);
INSERT OR IGNORE INTO custom_format_conditions (custom_format_name, name, type, arr_type, negate, required) VALUES ('Anime Web Tier 02', 'Half-Baked', 'pattern', 'radarr', 0, 0);
INSERT OR IGNORE INTO custom_format_conditions (custom_format_name, name, type, arr_type, negate, required) VALUES ('Anime Web Tier 02', 'HatSubs', 'pattern', 'radarr', 0, 0);
INSERT OR IGNORE INTO custom_format_conditions (custom_format_name, name, type, arr_type, negate, required) VALUES ('Anime Web Tier 02', 'MALD', 'pattern', 'radarr', 0, 0);
INSERT OR IGNORE INTO custom_format_conditions (custom_format_name, name, type, arr_type, negate, required) VALUES ('Anime Web Tier 02', 'MTBB', 'pattern', 'radarr', 0, 0);
INSERT OR IGNORE INTO custom_format_conditions (custom_format_name, name, type, arr_type, negate, required) VALUES ('Anime Web Tier 02', 'Not-Vodes', 'pattern', 'radarr', 0, 0);
INSERT OR IGNORE INTO custom_format_conditions (custom_format_name, name, type, arr_type, negate, required) VALUES ('Anime Web Tier 02', 'Okay-Subs', 'pattern', 'radarr', 0, 0);
INSERT OR IGNORE INTO custom_format_conditions (custom_format_name, name, type, arr_type, negate, required) VALUES ('Anime Web Tier 02', 'Pizza', 'pattern', 'radarr', 0, 0);
INSERT OR IGNORE INTO custom_format_conditions (custom_format_name, name, type, arr_type, negate, required) VALUES ('Anime Web Tier 02', 'Reza', 'pattern', 'radarr', 0, 0);
INSERT OR IGNORE INTO custom_format_conditions (custom_format_name, name, type, arr_type, negate, required) VALUES ('Anime Web Tier 02', 'Slyfox', 'pattern', 'radarr', 0, 0);
INSERT OR IGNORE INTO custom_format_conditions (custom_format_name, name, type, arr_type, negate, required) VALUES ('Anime Web Tier 02', 'SoLCE', 'pattern', 'radarr', 0, 0);
INSERT OR IGNORE INTO custom_format_conditions (custom_format_name, name, type, arr_type, negate, required) VALUES ('Anime Web Tier 02', 'Tenshi', 'pattern', 'radarr', 0, 0);

INSERT OR IGNORE INTO custom_formats (name, description, include_in_rename) VALUES ('Anime Web Tier 03', 'de41e72708d2c856fa261094c85e965d', 0);
INSERT OR IGNORE INTO condition_patterns (custom_format_name, condition_name, regular_expression_name) VALUES ('Anime Web Tier 03', 'AnoZu', 'Anime_Web_Tier_03_AnoZu');
INSERT OR IGNORE INTO condition_patterns (custom_format_name, condition_name, regular_expression_name) VALUES ('Anime Web Tier 03', 'Dooky', 'Anime_Web_Tier_03_Dooky');
INSERT OR IGNORE INTO condition_patterns (custom_format_name, condition_name, regular_expression_name) VALUES ('Anime Web Tier 03', 'Kitsune', 'Anime_Web_Tier_03_Kitsune');
INSERT OR IGNORE INTO condition_patterns (custom_format_name, condition_name, regular_expression_name) VALUES ('Anime Web Tier 03', 'SubsPlus', 'Anime_Web_Tier_03_SubsPlus');
INSERT OR IGNORE INTO condition_patterns (custom_format_name, condition_name, regular_expression_name) VALUES ('Anime Web Tier 03', 'ZR', 'Anime_Web_Tier_03_ZR');
INSERT OR IGNORE INTO condition_sources (custom_format_name, condition_name, source) VALUES ('Anime Web Tier 03', 'WEBDL', 'WEBDL');
INSERT OR IGNORE INTO condition_sources (custom_format_name, condition_name, source) VALUES ('Anime Web Tier 03', 'WEBRIP', 'WEBRIP');
INSERT OR IGNORE INTO regular_expressions (name, pattern) VALUES ('Anime_Web_Tier_03_AnoZu', '\b(AnoZu)\b');
INSERT OR IGNORE INTO regular_expressions (name, pattern) VALUES ('Anime_Web_Tier_03_Dooky', '\b(Dooky)\b');
INSERT OR IGNORE INTO regular_expressions (name, pattern) VALUES ('Anime_Web_Tier_03_Kitsune', '\[Kitsune\]|-Kitsune\b');
INSERT OR IGNORE INTO regular_expressions (name, pattern) VALUES ('Anime_Web_Tier_03_SubsPlus', '\b(SubsPlus\+?)\b');
INSERT OR IGNORE INTO regular_expressions (name, pattern) VALUES ('Anime_Web_Tier_03_ZR', '\b(ZR)\b');
INSERT OR IGNORE INTO custom_format_conditions (custom_format_name, name, type, arr_type, negate, required) VALUES ('Anime Web Tier 03', 'WEBDL', 'source', 'radarr', 0, 0);
INSERT OR IGNORE INTO custom_format_conditions (custom_format_name, name, type, arr_type, negate, required) VALUES ('Anime Web Tier 03', 'WEBRIP', 'source', 'radarr', 0, 0);
INSERT OR IGNORE INTO custom_format_conditions (custom_format_name, name, type, arr_type, negate, required) VALUES ('Anime Web Tier 03', 'AnoZu', 'pattern', 'radarr', 0, 0);
INSERT OR IGNORE INTO custom_format_conditions (custom_format_name, name, type, arr_type, negate, required) VALUES ('Anime Web Tier 03', 'Dooky', 'pattern', 'radarr', 0, 0);
INSERT OR IGNORE INTO custom_format_conditions (custom_format_name, name, type, arr_type, negate, required) VALUES ('Anime Web Tier 03', 'Kitsune', 'pattern', 'radarr', 0, 0);
INSERT OR IGNORE INTO custom_format_conditions (custom_format_name, name, type, arr_type, negate, required) VALUES ('Anime Web Tier 03', 'SubsPlus', 'pattern', 'radarr', 0, 0);
INSERT OR IGNORE INTO custom_format_conditions (custom_format_name, name, type, arr_type, negate, required) VALUES ('Anime Web Tier 03', 'ZR', 'pattern', 'radarr', 0, 0);

INSERT OR IGNORE INTO custom_formats (name, description, include_in_rename) VALUES ('Anime Web Tier 04', '9edaeee9ea3bcd585da9b7c0ac3fc54f', 0);
INSERT OR IGNORE INTO condition_patterns (custom_format_name, condition_name, regular_expression_name) VALUES ('Anime Web Tier 04', 'Erai-Raws', 'Anime_Web_Tier_04_Erai-Raws');
INSERT OR IGNORE INTO condition_patterns (custom_format_name, condition_name, regular_expression_name) VALUES ('Anime Web Tier 04', 'ToonsHub', 'Anime_Web_Tier_04_ToonsHub');
INSERT OR IGNORE INTO condition_patterns (custom_format_name, condition_name, regular_expression_name) VALUES ('Anime Web Tier 04', 'VARYG', 'Anime_Web_Tier_04_VARYG');
INSERT OR IGNORE INTO condition_sources (custom_format_name, condition_name, source) VALUES ('Anime Web Tier 04', 'WEBDL', 'WEBDL');
INSERT OR IGNORE INTO condition_sources (custom_format_name, condition_name, source) VALUES ('Anime Web Tier 04', 'WEBRIP', 'WEBRIP');
INSERT OR IGNORE INTO regular_expressions (name, pattern) VALUES ('Anime_Web_Tier_04_Erai-Raws', '\b(Erai-raws)\b');
INSERT OR IGNORE INTO regular_expressions (name, pattern) VALUES ('Anime_Web_Tier_04_ToonsHub', '\b(ToonsHub)\b');
INSERT OR IGNORE INTO regular_expressions (name, pattern) VALUES ('Anime_Web_Tier_04_VARYG', '\b(VARYG)\b');
INSERT OR IGNORE INTO custom_format_conditions (custom_format_name, name, type, arr_type, negate, required) VALUES ('Anime Web Tier 04', 'WEBDL', 'source', 'radarr', 0, 0);
INSERT OR IGNORE INTO custom_format_conditions (custom_format_name, name, type, arr_type, negate, required) VALUES ('Anime Web Tier 04', 'WEBRIP', 'source', 'radarr', 0, 0);
INSERT OR IGNORE INTO custom_format_conditions (custom_format_name, name, type, arr_type, negate, required) VALUES ('Anime Web Tier 04', 'Erai-Raws', 'pattern', 'radarr', 0, 0);
INSERT OR IGNORE INTO custom_format_conditions (custom_format_name, name, type, arr_type, negate, required) VALUES ('Anime Web Tier 04', 'ToonsHub', 'pattern', 'radarr', 0, 0);
INSERT OR IGNORE INTO custom_format_conditions (custom_format_name, name, type, arr_type, negate, required) VALUES ('Anime Web Tier 04', 'VARYG', 'pattern', 'radarr', 0, 0);

INSERT OR IGNORE INTO custom_formats (name, description, include_in_rename) VALUES ('Anime Web Tier 05', '22d953bbe897857b517928f3652b8dd3', 0);
INSERT OR IGNORE INTO condition_patterns (custom_format_name, condition_name, regular_expression_name) VALUES ('Anime Web Tier 05', 'BlueLobster', 'Anime_Web_Tier_05_BlueLobster');
INSERT OR IGNORE INTO condition_patterns (custom_format_name, condition_name, regular_expression_name) VALUES ('Anime Web Tier 05', 'GST', 'Anime_Web_Tier_05_GST');
INSERT OR IGNORE INTO condition_patterns (custom_format_name, condition_name, regular_expression_name) VALUES ('Anime Web Tier 05', 'HorribleRips', 'Anime_Web_Tier_05_HorribleRips');
INSERT OR IGNORE INTO condition_patterns (custom_format_name, condition_name, regular_expression_name) VALUES ('Anime Web Tier 05', 'HorribleSubs', 'Anime_Web_Tier_05_HorribleSubs');
INSERT OR IGNORE INTO condition_patterns (custom_format_name, condition_name, regular_expression_name) VALUES ('Anime Web Tier 05', 'KAN3D2M', 'Anime_Web_Tier_05_KAN3D2M');
INSERT OR IGNORE INTO condition_patterns (custom_format_name, condition_name, regular_expression_name) VALUES ('Anime Web Tier 05', 'KiyoshiStar', 'Anime_Web_Tier_05_KiyoshiStar');
INSERT OR IGNORE INTO condition_patterns (custom_format_name, condition_name, regular_expression_name) VALUES ('Anime Web Tier 05', 'Lia', 'Anime_Web_Tier_05_Lia');
INSERT OR IGNORE INTO condition_patterns (custom_format_name, condition_name, regular_expression_name) VALUES ('Anime Web Tier 05', 'NanDesuKa', 'Anime_Web_Tier_05_NanDesuKa');
INSERT OR IGNORE INTO condition_patterns (custom_format_name, condition_name, regular_expression_name) VALUES ('Anime Web Tier 05', 'PlayWeb', 'Anime_Web_Tier_05_PlayWeb');
INSERT OR IGNORE INTO condition_patterns (custom_format_name, condition_name, regular_expression_name) VALUES ('Anime Web Tier 05', 'SobsPlease', 'Anime_Web_Tier_05_SobsPlease');
INSERT OR IGNORE INTO condition_patterns (custom_format_name, condition_name, regular_expression_name) VALUES ('Anime Web Tier 05', 'Some-Stuffs', 'Anime_Web_Tier_05_Some-Stuffs');
INSERT OR IGNORE INTO condition_patterns (custom_format_name, condition_name, regular_expression_name) VALUES ('Anime Web Tier 05', 'SubsPlease', 'Anime_Web_Tier_05_SubsPlease');
INSERT OR IGNORE INTO condition_patterns (custom_format_name, condition_name, regular_expression_name) VALUES ('Anime Web Tier 05', 'URANIME', 'Anime_Web_Tier_05_URANIME');
INSERT OR IGNORE INTO condition_patterns (custom_format_name, condition_name, regular_expression_name) VALUES ('Anime Web Tier 05', 'ZigZag', 'Anime_Web_Tier_05_ZigZag');
INSERT OR IGNORE INTO condition_sources (custom_format_name, condition_name, source) VALUES ('Anime Web Tier 05', 'WEBDL', 'WEBDL');
INSERT OR IGNORE INTO condition_sources (custom_format_name, condition_name, source) VALUES ('Anime Web Tier 05', 'WEBRIP', 'WEBRIP');
INSERT OR IGNORE INTO regular_expressions (name, pattern) VALUES ('Anime_Web_Tier_05_BlueLobster', '\b(BlueLobster)\b');
INSERT OR IGNORE INTO regular_expressions (name, pattern) VALUES ('Anime_Web_Tier_05_GST', '\b(GST)\b');
INSERT OR IGNORE INTO regular_expressions (name, pattern) VALUES ('Anime_Web_Tier_05_HorribleRips', '\b(HorribleRips)\b');
INSERT OR IGNORE INTO regular_expressions (name, pattern) VALUES ('Anime_Web_Tier_05_HorribleSubs', '\b(HorribleSubs)\b');
INSERT OR IGNORE INTO regular_expressions (name, pattern) VALUES ('Anime_Web_Tier_05_KAN3D2M', '\b(KAN3D2M)\b');
INSERT OR IGNORE INTO regular_expressions (name, pattern) VALUES ('Anime_Web_Tier_05_KiyoshiStar', '\b(KS|KiyoshiStar)\b');
INSERT OR IGNORE INTO regular_expressions (name, pattern) VALUES ('Anime_Web_Tier_05_Lia', '\[Lia\]|-Lia\b');
INSERT OR IGNORE INTO regular_expressions (name, pattern) VALUES ('Anime_Web_Tier_05_NanDesuKa', '\b(NanDesuKa)\b');
INSERT OR IGNORE INTO regular_expressions (name, pattern) VALUES ('Anime_Web_Tier_05_PlayWeb', '\b(PlayWeb)\b');
INSERT OR IGNORE INTO regular_expressions (name, pattern) VALUES ('Anime_Web_Tier_05_SobsPlease', '\b(SobsPlease)\b');
INSERT OR IGNORE INTO regular_expressions (name, pattern) VALUES ('Anime_Web_Tier_05_Some-Stuffs', '\b(Some-Stuffs)\b');
INSERT OR IGNORE INTO regular_expressions (name, pattern) VALUES ('Anime_Web_Tier_05_SubsPlease', '\b(SubsPlease)\b');
INSERT OR IGNORE INTO regular_expressions (name, pattern) VALUES ('Anime_Web_Tier_05_URANIME', '\b(URANIME)\b');
INSERT OR IGNORE INTO regular_expressions (name, pattern) VALUES ('Anime_Web_Tier_05_ZigZag', '\[ZigZag\]|-ZigZab');
INSERT OR IGNORE INTO custom_format_conditions (custom_format_name, name, type, arr_type, negate, required) VALUES ('Anime Web Tier 05', 'WEBDL', 'source', 'radarr', 0, 0);
INSERT OR IGNORE INTO custom_format_conditions (custom_format_name, name, type, arr_type, negate, required) VALUES ('Anime Web Tier 05', 'WEBRIP', 'source', 'radarr', 0, 0);
INSERT OR IGNORE INTO custom_format_conditions (custom_format_name, name, type, arr_type, negate, required) VALUES ('Anime Web Tier 05', 'BlueLobster', 'pattern', 'radarr', 0, 0);
INSERT OR IGNORE INTO custom_format_conditions (custom_format_name, name, type, arr_type, negate, required) VALUES ('Anime Web Tier 05', 'GST', 'pattern', 'radarr', 0, 0);
INSERT OR IGNORE INTO custom_format_conditions (custom_format_name, name, type, arr_type, negate, required) VALUES ('Anime Web Tier 05', 'HorribleRips', 'pattern', 'radarr', 0, 0);
INSERT OR IGNORE INTO custom_format_conditions (custom_format_name, name, type, arr_type, negate, required) VALUES ('Anime Web Tier 05', 'HorribleSubs', 'pattern', 'radarr', 0, 0);
INSERT OR IGNORE INTO custom_format_conditions (custom_format_name, name, type, arr_type, negate, required) VALUES ('Anime Web Tier 05', 'KAN3D2M', 'pattern', 'radarr', 0, 0);
INSERT OR IGNORE INTO custom_format_conditions (custom_format_name, name, type, arr_type, negate, required) VALUES ('Anime Web Tier 05', 'KiyoshiStar', 'pattern', 'radarr', 0, 0);
INSERT OR IGNORE INTO custom_format_conditions (custom_format_name, name, type, arr_type, negate, required) VALUES ('Anime Web Tier 05', 'Lia', 'pattern', 'radarr', 0, 0);
INSERT OR IGNORE INTO custom_format_conditions (custom_format_name, name, type, arr_type, negate, required) VALUES ('Anime Web Tier 05', 'NanDesuKa', 'pattern', 'radarr', 0, 0);
INSERT OR IGNORE INTO custom_format_conditions (custom_format_name, name, type, arr_type, negate, required) VALUES ('Anime Web Tier 05', 'PlayWeb', 'pattern', 'radarr', 0, 0);
INSERT OR IGNORE INTO custom_format_conditions (custom_format_name, name, type, arr_type, negate, required) VALUES ('Anime Web Tier 05', 'SobsPlease', 'pattern', 'radarr', 0, 0);
INSERT OR IGNORE INTO custom_format_conditions (custom_format_name, name, type, arr_type, negate, required) VALUES ('Anime Web Tier 05', 'Some-Stuffs', 'pattern', 'radarr', 0, 0);
INSERT OR IGNORE INTO custom_format_conditions (custom_format_name, name, type, arr_type, negate, required) VALUES ('Anime Web Tier 05', 'SubsPlease', 'pattern', 'radarr', 0, 0);
INSERT OR IGNORE INTO custom_format_conditions (custom_format_name, name, type, arr_type, negate, required) VALUES ('Anime Web Tier 05', 'URANIME', 'pattern', 'radarr', 0, 0);
INSERT OR IGNORE INTO custom_format_conditions (custom_format_name, name, type, arr_type, negate, required) VALUES ('Anime Web Tier 05', 'ZigZag', 'pattern', 'radarr', 0, 0);

INSERT OR IGNORE INTO custom_formats (name, description, include_in_rename) VALUES ('Anime Web Tier 06', 'a786fbc0eae05afe3bb51aee3c83a9d4', 0);
INSERT OR IGNORE INTO condition_patterns (custom_format_name, condition_name, regular_expression_name) VALUES ('Anime Web Tier 06', '9volt', 'Anime_Web_Tier_06_9volt');
INSERT OR IGNORE INTO condition_patterns (custom_format_name, condition_name, regular_expression_name) VALUES ('Anime Web Tier 06', 'Asenshi', 'Anime_Web_Tier_06_Asenshi');
INSERT OR IGNORE INTO condition_patterns (custom_format_name, condition_name, regular_expression_name) VALUES ('Anime Web Tier 06', 'Chihiro', 'Anime_Web_Tier_06_Chihiro');
INSERT OR IGNORE INTO condition_patterns (custom_format_name, condition_name, regular_expression_name) VALUES ('Anime Web Tier 06', 'Commie', 'Anime_Web_Tier_06_Commie');
INSERT OR IGNORE INTO condition_patterns (custom_format_name, condition_name, regular_expression_name) VALUES ('Anime Web Tier 06', 'DameDesuYo', 'Anime_Web_Tier_06_DameDesuYo');
INSERT OR IGNORE INTO condition_patterns (custom_format_name, condition_name, regular_expression_name) VALUES ('Anime Web Tier 06', 'Doki', 'Anime_Web_Tier_06_Doki');
INSERT OR IGNORE INTO condition_patterns (custom_format_name, condition_name, regular_expression_name) VALUES ('Anime Web Tier 06', 'GJM', 'Anime_Web_Tier_06_GJM');
INSERT OR IGNORE INTO condition_patterns (custom_format_name, condition_name, regular_expression_name) VALUES ('Anime Web Tier 06', 'Kaleido', 'Anime_Web_Tier_06_Kaleido');
INSERT OR IGNORE INTO condition_patterns (custom_format_name, condition_name, regular_expression_name) VALUES ('Anime Web Tier 06', 'Kantai', 'Anime_Web_Tier_06_Kantai');
INSERT OR IGNORE INTO condition_patterns (custom_format_name, condition_name, regular_expression_name) VALUES ('Anime Web Tier 06', 'KawaSubs', 'Anime_Web_Tier_06_KawaSubs');
INSERT OR IGNORE INTO condition_patterns (custom_format_name, condition_name, regular_expression_name) VALUES ('Anime Web Tier 06', 'Tsundere', 'Anime_Web_Tier_06_Tsundere');
INSERT OR IGNORE INTO condition_sources (custom_format_name, condition_name, source) VALUES ('Anime Web Tier 06', 'WEBDL', 'WEBDL');
INSERT OR IGNORE INTO condition_sources (custom_format_name, condition_name, source) VALUES ('Anime Web Tier 06', 'WEBRIP', 'WEBRIP');
INSERT OR IGNORE INTO regular_expressions (name, pattern) VALUES ('Anime_Web_Tier_06_9volt', '\b(9volt)\b');
INSERT OR IGNORE INTO regular_expressions (name, pattern) VALUES ('Anime_Web_Tier_06_Asenshi', '\b(Asenshi)\b');
INSERT OR IGNORE INTO regular_expressions (name, pattern) VALUES ('Anime_Web_Tier_06_Chihiro', '\[Chihiro\]|-Chihiro\b');
INSERT OR IGNORE INTO regular_expressions (name, pattern) VALUES ('Anime_Web_Tier_06_Commie', '\b(Commie)\b');
INSERT OR IGNORE INTO regular_expressions (name, pattern) VALUES ('Anime_Web_Tier_06_DameDesuYo', '\b(DameDesuYo)\b');
INSERT OR IGNORE INTO regular_expressions (name, pattern) VALUES ('Anime_Web_Tier_06_Doki', '\[Doki\]|-Doki\b');
INSERT OR IGNORE INTO regular_expressions (name, pattern) VALUES ('Anime_Web_Tier_06_GJM', '\b(GJM)\b');
INSERT OR IGNORE INTO regular_expressions (name, pattern) VALUES ('Anime_Web_Tier_06_Kaleido', '\b(Kaleido)\b');
INSERT OR IGNORE INTO regular_expressions (name, pattern) VALUES ('Anime_Web_Tier_06_Kantai', '\[Kantai\]|-Kantai\b');
INSERT OR IGNORE INTO regular_expressions (name, pattern) VALUES ('Anime_Web_Tier_06_KawaSubs', '\b(KawaSubs)\b');
INSERT OR IGNORE INTO regular_expressions (name, pattern) VALUES ('Anime_Web_Tier_06_Tsundere', '\[Tsundere\]|-Tsundere(?!-)\b');
INSERT OR IGNORE INTO custom_format_conditions (custom_format_name, name, type, arr_type, negate, required) VALUES ('Anime Web Tier 06', 'WEBDL', 'source', 'radarr', 0, 0);
INSERT OR IGNORE INTO custom_format_conditions (custom_format_name, name, type, arr_type, negate, required) VALUES ('Anime Web Tier 06', 'WEBRIP', 'source', 'radarr', 0, 0);
INSERT OR IGNORE INTO custom_format_conditions (custom_format_name, name, type, arr_type, negate, required) VALUES ('Anime Web Tier 06', '9volt', 'pattern', 'radarr', 0, 0);
INSERT OR IGNORE INTO custom_format_conditions (custom_format_name, name, type, arr_type, negate, required) VALUES ('Anime Web Tier 06', 'Asenshi', 'pattern', 'radarr', 0, 0);
INSERT OR IGNORE INTO custom_format_conditions (custom_format_name, name, type, arr_type, negate, required) VALUES ('Anime Web Tier 06', 'Chihiro', 'pattern', 'radarr', 0, 0);
INSERT OR IGNORE INTO custom_format_conditions (custom_format_name, name, type, arr_type, negate, required) VALUES ('Anime Web Tier 06', 'Commie', 'pattern', 'radarr', 0, 0);
INSERT OR IGNORE INTO custom_format_conditions (custom_format_name, name, type, arr_type, negate, required) VALUES ('Anime Web Tier 06', 'DameDesuYo', 'pattern', 'radarr', 0, 0);
INSERT OR IGNORE INTO custom_format_conditions (custom_format_name, name, type, arr_type, negate, required) VALUES ('Anime Web Tier 06', 'Doki', 'pattern', 'radarr', 0, 0);
INSERT OR IGNORE INTO custom_format_conditions (custom_format_name, name, type, arr_type, negate, required) VALUES ('Anime Web Tier 06', 'GJM', 'pattern', 'radarr', 0, 0);
INSERT OR IGNORE INTO custom_format_conditions (custom_format_name, name, type, arr_type, negate, required) VALUES ('Anime Web Tier 06', 'Kaleido', 'pattern', 'radarr', 0, 0);
INSERT OR IGNORE INTO custom_format_conditions (custom_format_name, name, type, arr_type, negate, required) VALUES ('Anime Web Tier 06', 'Kantai', 'pattern', 'radarr', 0, 0);
INSERT OR IGNORE INTO custom_format_conditions (custom_format_name, name, type, arr_type, negate, required) VALUES ('Anime Web Tier 06', 'KawaSubs', 'pattern', 'radarr', 0, 0);
INSERT OR IGNORE INTO custom_format_conditions (custom_format_name, name, type, arr_type, negate, required) VALUES ('Anime Web Tier 06', 'Tsundere', 'pattern', 'radarr', 0, 0);

INSERT OR IGNORE INTO custom_formats (name, description, include_in_rename) VALUES ('ATMOS (undefined)', '417804f7f2c4308c1f4c5d380d4c4475', 0);
INSERT OR IGNORE INTO condition_patterns (custom_format_name, condition_name, regular_expression_name) VALUES ('ATMOS (undefined)', 'ATMOS', 'ATMOS_(undefined)_ATMOS');
INSERT OR IGNORE INTO condition_patterns (custom_format_name, condition_name, regular_expression_name) VALUES ('ATMOS (undefined)', 'Not AAC', 'ATMOS_(undefined)_Not_AAC');
INSERT OR IGNORE INTO condition_patterns (custom_format_name, condition_name, regular_expression_name) VALUES ('ATMOS (undefined)', 'Not Basic Dolby Digital ', 'ATMOS_(undefined)_Not_Basic_Dolby_Digital_');
INSERT OR IGNORE INTO condition_patterns (custom_format_name, condition_name, regular_expression_name) VALUES ('ATMOS (undefined)', 'Not Dolby Digital Plus', 'ATMOS_(undefined)_Not_Dolby_Digital_Plus');
INSERT OR IGNORE INTO condition_patterns (custom_format_name, condition_name, regular_expression_name) VALUES ('ATMOS (undefined)', 'Not DTS', 'ATMOS_(undefined)_Not_DTS');
INSERT OR IGNORE INTO condition_patterns (custom_format_name, condition_name, regular_expression_name) VALUES ('ATMOS (undefined)', 'Not FLAC', 'ATMOS_(undefined)_Not_FLAC');
INSERT OR IGNORE INTO condition_patterns (custom_format_name, condition_name, regular_expression_name) VALUES ('ATMOS (undefined)', 'Not PCM', 'ATMOS_(undefined)_Not_PCM');
INSERT OR IGNORE INTO condition_patterns (custom_format_name, condition_name, regular_expression_name) VALUES ('ATMOS (undefined)', 'Not RlsGrp Atmos Only', 'ATMOS_(undefined)_Not_RlsGrp_Atmos_Only');
INSERT OR IGNORE INTO condition_patterns (custom_format_name, condition_name, regular_expression_name) VALUES ('ATMOS (undefined)', 'Not TrueHD', 'ATMOS_(undefined)_Not_TrueHD');
INSERT OR IGNORE INTO regular_expressions (name, pattern) VALUES ('ATMOS_(undefined)_ATMOS', '\bATMOS(\b|\d)');
INSERT OR IGNORE INTO regular_expressions (name, pattern) VALUES ('ATMOS_(undefined)_Not_AAC', '\bAAC(\b|\d)');
INSERT OR IGNORE INTO regular_expressions (name, pattern) VALUES ('ATMOS_(undefined)_Not_Basic_Dolby_Digital_', '\bDD[^a-z+]|(?<!e-)\b(ac-?3)\b');
INSERT OR IGNORE INTO regular_expressions (name, pattern) VALUES ('ATMOS_(undefined)_Not_Dolby_Digital_Plus', '\bDD[P+]|\b(e[-_. ]?ac-?3)\b');
INSERT OR IGNORE INTO regular_expressions (name, pattern) VALUES ('ATMOS_(undefined)_Not_DTS', '\bDTS(\b|\d)');
INSERT OR IGNORE INTO regular_expressions (name, pattern) VALUES ('ATMOS_(undefined)_Not_FLAC', '\bFLAC(\b|\d)');
INSERT OR IGNORE INTO regular_expressions (name, pattern) VALUES ('ATMOS_(undefined)_Not_PCM', '\b(l?)PCM(\b|\d)');
INSERT OR IGNORE INTO regular_expressions (name, pattern) VALUES ('ATMOS_(undefined)_Not_RlsGrp_Atmos_Only', '\b(W4NK3R|HQMUX)\b');
INSERT OR IGNORE INTO regular_expressions (name, pattern) VALUES ('ATMOS_(undefined)_Not_TrueHD', 'True[ .-]?HD');
INSERT OR IGNORE INTO custom_format_conditions (custom_format_name, name, type, arr_type, negate, required) VALUES ('ATMOS (undefined)', 'ATMOS', 'pattern', 'radarr', 0, 1);
INSERT OR IGNORE INTO custom_format_conditions (custom_format_name, name, type, arr_type, negate, required) VALUES ('ATMOS (undefined)', 'Not AAC', 'pattern', 'radarr', 1, 1);
INSERT OR IGNORE INTO custom_format_conditions (custom_format_name, name, type, arr_type, negate, required) VALUES ('ATMOS (undefined)', 'Not Basic Dolby Digital ', 'pattern', 'radarr', 1, 1);
INSERT OR IGNORE INTO custom_format_conditions (custom_format_name, name, type, arr_type, negate, required) VALUES ('ATMOS (undefined)', 'Not Dolby Digital Plus', 'pattern', 'radarr', 1, 1);
INSERT OR IGNORE INTO custom_format_conditions (custom_format_name, name, type, arr_type, negate, required) VALUES ('ATMOS (undefined)', 'Not DTS', 'pattern', 'radarr', 1, 1);
INSERT OR IGNORE INTO custom_format_conditions (custom_format_name, name, type, arr_type, negate, required) VALUES ('ATMOS (undefined)', 'Not FLAC', 'pattern', 'radarr', 1, 1);
INSERT OR IGNORE INTO custom_format_conditions (custom_format_name, name, type, arr_type, negate, required) VALUES ('ATMOS (undefined)', 'Not PCM', 'pattern', 'radarr', 1, 1);
INSERT OR IGNORE INTO custom_format_conditions (custom_format_name, name, type, arr_type, negate, required) VALUES ('ATMOS (undefined)', 'Not RlsGrp Atmos Only', 'pattern', 'radarr', 1, 1);
INSERT OR IGNORE INTO custom_format_conditions (custom_format_name, name, type, arr_type, negate, required) VALUES ('ATMOS (undefined)', 'Not TrueHD', 'pattern', 'radarr', 1, 1);

INSERT OR IGNORE INTO custom_formats (name, description, include_in_rename) VALUES ('ATV', 'df13ed57843877b21ad969184ab6888f', 1);
INSERT OR IGNORE INTO condition_patterns (custom_format_name, condition_name, regular_expression_name) VALUES ('ATV', 'Apple TV', 'ATV_Apple_TV');
INSERT OR IGNORE INTO condition_sources (custom_format_name, condition_name, source) VALUES ('ATV', 'WEBDL', 'WEBDL');
INSERT OR IGNORE INTO condition_sources (custom_format_name, condition_name, source) VALUES ('ATV', 'WEBRIP', 'WEBRIP');
INSERT OR IGNORE INTO regular_expressions (name, pattern) VALUES ('ATV_Apple_TV', '\b(ATV)\b');
INSERT OR IGNORE INTO custom_format_conditions (custom_format_name, name, type, arr_type, negate, required) VALUES ('ATV', 'Apple TV', 'pattern', 'radarr', 0, 1);
INSERT OR IGNORE INTO custom_format_conditions (custom_format_name, name, type, arr_type, negate, required) VALUES ('ATV', 'WEBDL', 'source', 'radarr', 0, 0);
INSERT OR IGNORE INTO custom_format_conditions (custom_format_name, name, type, arr_type, negate, required) VALUES ('ATV', 'WEBRIP', 'source', 'radarr', 0, 0);

INSERT OR IGNORE INTO custom_formats (name, description, include_in_rename) VALUES ('ATVP', '40e9380490e748672c2522eaaeb692f7', 1);
INSERT OR IGNORE INTO condition_patterns (custom_format_name, condition_name, regular_expression_name) VALUES ('ATVP', 'Apple TV', 'ATVP_Apple_TV');
INSERT OR IGNORE INTO condition_sources (custom_format_name, condition_name, source) VALUES ('ATVP', 'WEBDL', 'WEBDL');
INSERT OR IGNORE INTO condition_sources (custom_format_name, condition_name, source) VALUES ('ATVP', 'WEBRIP', 'WEBRIP');
INSERT OR IGNORE INTO regular_expressions (name, pattern) VALUES ('ATVP_Apple_TV', '\b(atvp|aptv|Apple TV\+)\b');
INSERT OR IGNORE INTO custom_format_conditions (custom_format_name, name, type, arr_type, negate, required) VALUES ('ATVP', 'Apple TV', 'pattern', 'radarr', 0, 1);
INSERT OR IGNORE INTO custom_format_conditions (custom_format_name, name, type, arr_type, negate, required) VALUES ('ATVP', 'WEBDL', 'source', 'radarr', 0, 0);
INSERT OR IGNORE INTO custom_format_conditions (custom_format_name, name, type, arr_type, negate, required) VALUES ('ATVP', 'WEBRIP', 'source', 'radarr', 0, 0);

INSERT OR IGNORE INTO custom_formats (name, description, include_in_rename) VALUES ('AUBC', '3bf143ecd06f66ed88da4c704350af1d', 1);
INSERT OR IGNORE INTO condition_patterns (custom_format_name, condition_name, regular_expression_name) VALUES ('AUBC', 'AUBC', 'AUBC_AUBC');
INSERT OR IGNORE INTO condition_sources (custom_format_name, condition_name, source) VALUES ('AUBC', 'WEBDL', 'WEBDL');
INSERT OR IGNORE INTO condition_sources (custom_format_name, condition_name, source) VALUES ('AUBC', 'WEBRIP', 'WEBRIP');
INSERT OR IGNORE INTO regular_expressions (name, pattern) VALUES ('AUBC_AUBC', '\b(AUBC)\b');
INSERT OR IGNORE INTO custom_format_conditions (custom_format_name, name, type, arr_type, negate, required) VALUES ('AUBC', 'AUBC', 'pattern', 'radarr', 0, 1);
INSERT OR IGNORE INTO custom_format_conditions (custom_format_name, name, type, arr_type, negate, required) VALUES ('AUBC', 'WEBDL', 'source', 'radarr', 0, 0);
INSERT OR IGNORE INTO custom_format_conditions (custom_format_name, name, type, arr_type, negate, required) VALUES ('AUBC', 'WEBRIP', 'source', 'radarr', 0, 0);

INSERT OR IGNORE INTO custom_formats (name, description, include_in_rename) VALUES ('AV1', 'cae4ca30163749b891686f95532519bd', 0);
INSERT OR IGNORE INTO condition_patterns (custom_format_name, condition_name, regular_expression_name) VALUES ('AV1', 'AV1', 'AV1_AV1');
INSERT OR IGNORE INTO regular_expressions (name, pattern) VALUES ('AV1_AV1', '\bAV1\b');
INSERT OR IGNORE INTO custom_format_conditions (custom_format_name, name, type, arr_type, negate, required) VALUES ('AV1', 'AV1', 'pattern', 'radarr', 0, 1);

INSERT OR IGNORE INTO custom_formats (name, description, include_in_rename) VALUES ('Bad Dual Groups', 'b6832f586342ef70d9c128d40c07b872', 0);
INSERT OR IGNORE INTO condition_patterns (custom_format_name, condition_name, regular_expression_name) VALUES ('Bad Dual Groups', 'alfaHD', 'Bad_Dual_Groups_alfaHD');
INSERT OR IGNORE INTO condition_patterns (custom_format_name, condition_name, regular_expression_name) VALUES ('Bad Dual Groups', 'BAT', 'Bad_Dual_Groups_BAT');
INSERT OR IGNORE INTO condition_patterns (custom_format_name, condition_name, regular_expression_name) VALUES ('Bad Dual Groups', 'BlackBit', 'Bad_Dual_Groups_BlackBit');
INSERT OR IGNORE INTO condition_patterns (custom_format_name, condition_name, regular_expression_name) VALUES ('Bad Dual Groups', 'BNd', 'Bad_Dual_Groups_BNd');
INSERT OR IGNORE INTO condition_patterns (custom_format_name, condition_name, regular_expression_name) VALUES ('Bad Dual Groups', 'CAA', 'Bad_Dual_Groups_CAA');
INSERT OR IGNORE INTO condition_patterns (custom_format_name, condition_name, regular_expression_name) VALUES ('Bad Dual Groups', 'Cory', 'Bad_Dual_Groups_Cory');
INSERT OR IGNORE INTO condition_patterns (custom_format_name, condition_name, regular_expression_name) VALUES ('Bad Dual Groups', 'EXTREME', 'Bad_Dual_Groups_EXTREME');
INSERT OR IGNORE INTO condition_patterns (custom_format_name, condition_name, regular_expression_name) VALUES ('Bad Dual Groups', 'FF', 'Bad_Dual_Groups_FF');
INSERT OR IGNORE INTO condition_patterns (custom_format_name, condition_name, regular_expression_name) VALUES ('Bad Dual Groups', 'FOXX', 'Bad_Dual_Groups_FOXX');
INSERT OR IGNORE INTO condition_patterns (custom_format_name, condition_name, regular_expression_name) VALUES ('Bad Dual Groups', 'G4RiS', 'Bad_Dual_Groups_G4RiS');
INSERT OR IGNORE INTO condition_patterns (custom_format_name, condition_name, regular_expression_name) VALUES ('Bad Dual Groups', 'GUEIRA', 'Bad_Dual_Groups_GUEIRA');
INSERT OR IGNORE INTO condition_patterns (custom_format_name, condition_name, regular_expression_name) VALUES ('Bad Dual Groups', 'LCD', 'Bad_Dual_Groups_LCD');
INSERT OR IGNORE INTO condition_patterns (custom_format_name, condition_name, regular_expression_name) VALUES ('Bad Dual Groups', 'MGE', 'Bad_Dual_Groups_MGE');
INSERT OR IGNORE INTO condition_patterns (custom_format_name, condition_name, regular_expression_name) VALUES ('Bad Dual Groups', 'N3G4N', 'Bad_Dual_Groups_N3G4N');
INSERT OR IGNORE INTO condition_patterns (custom_format_name, condition_name, regular_expression_name) VALUES ('Bad Dual Groups', 'ONLYMOViE', 'Bad_Dual_Groups_ONLYMOViE');
INSERT OR IGNORE INTO condition_patterns (custom_format_name, condition_name, regular_expression_name) VALUES ('Bad Dual Groups', 'PD', 'Bad_Dual_Groups_PD');
INSERT OR IGNORE INTO condition_patterns (custom_format_name, condition_name, regular_expression_name) VALUES ('Bad Dual Groups', 'PTHome', 'Bad_Dual_Groups_PTHome');
INSERT OR IGNORE INTO condition_patterns (custom_format_name, condition_name, regular_expression_name) VALUES ('Bad Dual Groups', 'RiPER', 'Bad_Dual_Groups_RiPER');
INSERT OR IGNORE INTO condition_patterns (custom_format_name, condition_name, regular_expression_name) VALUES ('Bad Dual Groups', 'RK', 'Bad_Dual_Groups_RK');
INSERT OR IGNORE INTO condition_patterns (custom_format_name, condition_name, regular_expression_name) VALUES ('Bad Dual Groups', 'SiGLA', 'Bad_Dual_Groups_SiGLA');
INSERT OR IGNORE INTO condition_patterns (custom_format_name, condition_name, regular_expression_name) VALUES ('Bad Dual Groups', 'Tars', 'Bad_Dual_Groups_Tars');
INSERT OR IGNORE INTO condition_patterns (custom_format_name, condition_name, regular_expression_name) VALUES ('Bad Dual Groups', 'TM', 'Bad_Dual_Groups_TM');
INSERT OR IGNORE INTO condition_patterns (custom_format_name, condition_name, regular_expression_name) VALUES ('Bad Dual Groups', 'tokar86a', 'Bad_Dual_Groups_tokar86a');
INSERT OR IGNORE INTO condition_patterns (custom_format_name, condition_name, regular_expression_name) VALUES ('Bad Dual Groups', 'TURG', 'Bad_Dual_Groups_TURG');
INSERT OR IGNORE INTO condition_patterns (custom_format_name, condition_name, regular_expression_name) VALUES ('Bad Dual Groups', 'TvR', 'Bad_Dual_Groups_TvR');
INSERT OR IGNORE INTO condition_patterns (custom_format_name, condition_name, regular_expression_name) VALUES ('Bad Dual Groups', 'vnlls', 'Bad_Dual_Groups_vnlls');
INSERT OR IGNORE INTO condition_patterns (custom_format_name, condition_name, regular_expression_name) VALUES ('Bad Dual Groups', 'WTV', 'Bad_Dual_Groups_WTV');
INSERT OR IGNORE INTO condition_patterns (custom_format_name, condition_name, regular_expression_name) VALUES ('Bad Dual Groups', 'Yatogam1', 'Bad_Dual_Groups_Yatogam1');
INSERT OR IGNORE INTO condition_patterns (custom_format_name, condition_name, regular_expression_name) VALUES ('Bad Dual Groups', 'YusukeFLA', 'Bad_Dual_Groups_YusukeFLA');
INSERT OR IGNORE INTO condition_patterns (custom_format_name, condition_name, regular_expression_name) VALUES ('Bad Dual Groups', 'ZigZag', 'Bad_Dual_Groups_ZigZag');
INSERT OR IGNORE INTO condition_patterns (custom_format_name, condition_name, regular_expression_name) VALUES ('Bad Dual Groups', 'ZNM', 'Bad_Dual_Groups_ZNM');
INSERT OR IGNORE INTO regular_expressions (name, pattern) VALUES ('Bad_Dual_Groups_alfaHD', '^(alfaHD.*)$');
INSERT OR IGNORE INTO regular_expressions (name, pattern) VALUES ('Bad_Dual_Groups_BAT', '^(BAT)$');
INSERT OR IGNORE INTO regular_expressions (name, pattern) VALUES ('Bad_Dual_Groups_BlackBit', '^(BlackBit)$');
INSERT OR IGNORE INTO regular_expressions (name, pattern) VALUES ('Bad_Dual_Groups_BNd', '^(BNd)$');
INSERT OR IGNORE INTO regular_expressions (name, pattern) VALUES ('Bad_Dual_Groups_CAA', '^(C\.A\.A)$');
INSERT OR IGNORE INTO regular_expressions (name, pattern) VALUES ('Bad_Dual_Groups_Cory', '^(Cory)$');
INSERT OR IGNORE INTO regular_expressions (name, pattern) VALUES ('Bad_Dual_Groups_EXTREME', '^(EXTREME)$');
INSERT OR IGNORE INTO regular_expressions (name, pattern) VALUES ('Bad_Dual_Groups_FF', '^(FF)$');
INSERT OR IGNORE INTO regular_expressions (name, pattern) VALUES ('Bad_Dual_Groups_FOXX', '^(FOXX)$');
INSERT OR IGNORE INTO regular_expressions (name, pattern) VALUES ('Bad_Dual_Groups_G4RiS', '^(G4RiS)$');
INSERT OR IGNORE INTO regular_expressions (name, pattern) VALUES ('Bad_Dual_Groups_GUEIRA', '^(GUEIRA)$');
INSERT OR IGNORE INTO regular_expressions (name, pattern) VALUES ('Bad_Dual_Groups_LCD', '^(LCD)$');
INSERT OR IGNORE INTO regular_expressions (name, pattern) VALUES ('Bad_Dual_Groups_MGE', '^(MGE\b.*)$');
INSERT OR IGNORE INTO regular_expressions (name, pattern) VALUES ('Bad_Dual_Groups_N3G4N', '^(N3G4N)$');
INSERT OR IGNORE INTO regular_expressions (name, pattern) VALUES ('Bad_Dual_Groups_ONLYMOViE', '^(ONLYMOViE)$');
INSERT OR IGNORE INTO regular_expressions (name, pattern) VALUES ('Bad_Dual_Groups_PD', '^(PD)$');
INSERT OR IGNORE INTO regular_expressions (name, pattern) VALUES ('Bad_Dual_Groups_PTHome', '^(PTHome)$');
INSERT OR IGNORE INTO regular_expressions (name, pattern) VALUES ('Bad_Dual_Groups_RiPER', '^(RiPER)$');
INSERT OR IGNORE INTO regular_expressions (name, pattern) VALUES ('Bad_Dual_Groups_RK', '^(RK)$');
INSERT OR IGNORE INTO regular_expressions (name, pattern) VALUES ('Bad_Dual_Groups_SiGLA', '^(SiGLA)$');
INSERT OR IGNORE INTO regular_expressions (name, pattern) VALUES ('Bad_Dual_Groups_Tars', '^(Tars)$');
INSERT OR IGNORE INTO regular_expressions (name, pattern) VALUES ('Bad_Dual_Groups_TM', '^(TM\b)$');
INSERT OR IGNORE INTO regular_expressions (name, pattern) VALUES ('Bad_Dual_Groups_tokar86a', '^(tokar86a)$');
INSERT OR IGNORE INTO regular_expressions (name, pattern) VALUES ('Bad_Dual_Groups_TURG', '^(TURG)$');
INSERT OR IGNORE INTO regular_expressions (name, pattern) VALUES ('Bad_Dual_Groups_TvR', '^(TvR)$');
INSERT OR IGNORE INTO regular_expressions (name, pattern) VALUES ('Bad_Dual_Groups_vnlls', '^(vnlls)$');
INSERT OR IGNORE INTO regular_expressions (name, pattern) VALUES ('Bad_Dual_Groups_WTV', '^(WTV)$');
INSERT OR IGNORE INTO regular_expressions (name, pattern) VALUES ('Bad_Dual_Groups_Yatogam1', '^(Yatogam1)$');
INSERT OR IGNORE INTO regular_expressions (name, pattern) VALUES ('Bad_Dual_Groups_YusukeFLA', '^(YusukeFLA)$');
INSERT OR IGNORE INTO regular_expressions (name, pattern) VALUES ('Bad_Dual_Groups_ZigZag', '^(ZigZag)$');
INSERT OR IGNORE INTO regular_expressions (name, pattern) VALUES ('Bad_Dual_Groups_ZNM', '^(ZNM)$');
INSERT OR IGNORE INTO custom_format_conditions (custom_format_name, name, type, arr_type, negate, required) VALUES ('Bad Dual Groups', 'alfaHD', 'pattern', 'radarr', 0, 0);
INSERT OR IGNORE INTO custom_format_conditions (custom_format_name, name, type, arr_type, negate, required) VALUES ('Bad Dual Groups', 'BAT', 'pattern', 'radarr', 0, 0);
INSERT OR IGNORE INTO custom_format_conditions (custom_format_name, name, type, arr_type, negate, required) VALUES ('Bad Dual Groups', 'BlackBit', 'pattern', 'radarr', 0, 0);
INSERT OR IGNORE INTO custom_format_conditions (custom_format_name, name, type, arr_type, negate, required) VALUES ('Bad Dual Groups', 'BNd', 'pattern', 'radarr', 0, 0);
INSERT OR IGNORE INTO custom_format_conditions (custom_format_name, name, type, arr_type, negate, required) VALUES ('Bad Dual Groups', 'CAA', 'pattern', 'radarr', 0, 0);
INSERT OR IGNORE INTO custom_format_conditions (custom_format_name, name, type, arr_type, negate, required) VALUES ('Bad Dual Groups', 'Cory', 'pattern', 'radarr', 0, 0);
INSERT OR IGNORE INTO custom_format_conditions (custom_format_name, name, type, arr_type, negate, required) VALUES ('Bad Dual Groups', 'EXTREME', 'pattern', 'radarr', 0, 0);
INSERT OR IGNORE INTO custom_format_conditions (custom_format_name, name, type, arr_type, negate, required) VALUES ('Bad Dual Groups', 'FF', 'pattern', 'radarr', 0, 0);
INSERT OR IGNORE INTO custom_format_conditions (custom_format_name, name, type, arr_type, negate, required) VALUES ('Bad Dual Groups', 'FOXX', 'pattern', 'radarr', 0, 0);
INSERT OR IGNORE INTO custom_format_conditions (custom_format_name, name, type, arr_type, negate, required) VALUES ('Bad Dual Groups', 'G4RiS', 'pattern', 'radarr', 0, 0);
INSERT OR IGNORE INTO custom_format_conditions (custom_format_name, name, type, arr_type, negate, required) VALUES ('Bad Dual Groups', 'GUEIRA', 'pattern', 'radarr', 0, 0);
INSERT OR IGNORE INTO custom_format_conditions (custom_format_name, name, type, arr_type, negate, required) VALUES ('Bad Dual Groups', 'LCD', 'pattern', 'radarr', 0, 0);
INSERT OR IGNORE INTO custom_format_conditions (custom_format_name, name, type, arr_type, negate, required) VALUES ('Bad Dual Groups', 'MGE', 'pattern', 'radarr', 0, 0);
INSERT OR IGNORE INTO custom_format_conditions (custom_format_name, name, type, arr_type, negate, required) VALUES ('Bad Dual Groups', 'N3G4N', 'pattern', 'radarr', 0, 0);
INSERT OR IGNORE INTO custom_format_conditions (custom_format_name, name, type, arr_type, negate, required) VALUES ('Bad Dual Groups', 'ONLYMOViE', 'pattern', 'radarr', 0, 0);
INSERT OR IGNORE INTO custom_format_conditions (custom_format_name, name, type, arr_type, negate, required) VALUES ('Bad Dual Groups', 'PD', 'pattern', 'radarr', 0, 0);
INSERT OR IGNORE INTO custom_format_conditions (custom_format_name, name, type, arr_type, negate, required) VALUES ('Bad Dual Groups', 'PTHome', 'pattern', 'radarr', 0, 0);
INSERT OR IGNORE INTO custom_format_conditions (custom_format_name, name, type, arr_type, negate, required) VALUES ('Bad Dual Groups', 'RiPER', 'pattern', 'radarr', 0, 0);
INSERT OR IGNORE INTO custom_format_conditions (custom_format_name, name, type, arr_type, negate, required) VALUES ('Bad Dual Groups', 'RK', 'pattern', 'radarr', 0, 0);
INSERT OR IGNORE INTO custom_format_conditions (custom_format_name, name, type, arr_type, negate, required) VALUES ('Bad Dual Groups', 'SiGLA', 'pattern', 'radarr', 0, 0);
INSERT OR IGNORE INTO custom_format_conditions (custom_format_name, name, type, arr_type, negate, required) VALUES ('Bad Dual Groups', 'Tars', 'pattern', 'radarr', 0, 0);
INSERT OR IGNORE INTO custom_format_conditions (custom_format_name, name, type, arr_type, negate, required) VALUES ('Bad Dual Groups', 'TM', 'pattern', 'radarr', 0, 0);
INSERT OR IGNORE INTO custom_format_conditions (custom_format_name, name, type, arr_type, negate, required) VALUES ('Bad Dual Groups', 'tokar86a', 'pattern', 'radarr', 0, 0);
INSERT OR IGNORE INTO custom_format_conditions (custom_format_name, name, type, arr_type, negate, required) VALUES ('Bad Dual Groups', 'TURG', 'pattern', 'radarr', 0, 0);
INSERT OR IGNORE INTO custom_format_conditions (custom_format_name, name, type, arr_type, negate, required) VALUES ('Bad Dual Groups', 'TvR', 'pattern', 'radarr', 0, 0);
INSERT OR IGNORE INTO custom_format_conditions (custom_format_name, name, type, arr_type, negate, required) VALUES ('Bad Dual Groups', 'vnlls', 'pattern', 'radarr', 0, 0);
INSERT OR IGNORE INTO custom_format_conditions (custom_format_name, name, type, arr_type, negate, required) VALUES ('Bad Dual Groups', 'WTV', 'pattern', 'radarr', 0, 0);
INSERT OR IGNORE INTO custom_format_conditions (custom_format_name, name, type, arr_type, negate, required) VALUES ('Bad Dual Groups', 'Yatogam1', 'pattern', 'radarr', 0, 0);
INSERT OR IGNORE INTO custom_format_conditions (custom_format_name, name, type, arr_type, negate, required) VALUES ('Bad Dual Groups', 'YusukeFLA', 'pattern', 'radarr', 0, 0);
INSERT OR IGNORE INTO custom_format_conditions (custom_format_name, name, type, arr_type, negate, required) VALUES ('Bad Dual Groups', 'ZigZag', 'pattern', 'radarr', 0, 0);
INSERT OR IGNORE INTO custom_format_conditions (custom_format_name, name, type, arr_type, negate, required) VALUES ('Bad Dual Groups', 'ZNM', 'pattern', 'radarr', 0, 0);

INSERT OR IGNORE INTO custom_formats (name, description, include_in_rename) VALUES ('BCORE', 'cc5e51a9e85a6296ceefe097a77f12f4', 1);
INSERT OR IGNORE INTO condition_patterns (custom_format_name, condition_name, regular_expression_name) VALUES ('BCORE', 'Bravia Core', 'BCORE_Bravia_Core');
INSERT OR IGNORE INTO condition_sources (custom_format_name, condition_name, source) VALUES ('BCORE', 'WEBDL', 'WEBDL');
INSERT OR IGNORE INTO condition_sources (custom_format_name, condition_name, source) VALUES ('BCORE', 'WEBRIP', 'WEBRIP');
INSERT OR IGNORE INTO regular_expressions (name, pattern) VALUES ('BCORE_Bravia_Core', '\b(BCORE)\b|\b(\d{3,4}(p|i))\b.*\b(CORE)\b');
INSERT OR IGNORE INTO custom_format_conditions (custom_format_name, name, type, arr_type, negate, required) VALUES ('BCORE', 'Bravia Core', 'pattern', 'radarr', 0, 1);
INSERT OR IGNORE INTO custom_format_conditions (custom_format_name, name, type, arr_type, negate, required) VALUES ('BCORE', 'WEBDL', 'source', 'radarr', 0, 0);
INSERT OR IGNORE INTO custom_format_conditions (custom_format_name, name, type, arr_type, negate, required) VALUES ('BCORE', 'WEBRIP', 'source', 'radarr', 0, 0);

INSERT OR IGNORE INTO custom_formats (name, description, include_in_rename) VALUES ('BHDStudio', '5153ec7413d9dae44e24275589b5e944', 0);
INSERT OR IGNORE INTO condition_patterns (custom_format_name, condition_name, regular_expression_name) VALUES ('BHDStudio', 'BHDStudio', 'BHDStudio_BHDStudio');
INSERT OR IGNORE INTO regular_expressions (name, pattern) VALUES ('BHDStudio_BHDStudio', '^(BHDStudio)$');
INSERT OR IGNORE INTO custom_format_conditions (custom_format_name, name, type, arr_type, negate, required) VALUES ('BHDStudio', 'BHDStudio', 'pattern', 'radarr', 0, 1);

INSERT OR IGNORE INTO custom_formats (name, description, include_in_rename) VALUES ('Black and White Editions', 'cc444569854e9de0b084ab2b8b1532b2', 0);
INSERT OR IGNORE INTO condition_patterns (custom_format_name, condition_name, regular_expression_name) VALUES ('Black and White Editions', 'BlackoutBWBlackChrome', 'Black_and_White_Editions_BlackoutBWBlackChrome');
INSERT OR IGNORE INTO condition_patterns (custom_format_name, condition_name, regular_expression_name) VALUES ('Black and White Editions', 'Monochrome', 'Black_and_White_Editions_Monochrome');
INSERT OR IGNORE INTO condition_patterns (custom_format_name, condition_name, regular_expression_name) VALUES ('Black and White Editions', 'Noir', 'Black_and_White_Editions_Noir');
INSERT OR IGNORE INTO condition_patterns (custom_format_name, condition_name, regular_expression_name) VALUES ('Black and White Editions', 'Shush Cut', 'Black_and_White_Editions_Shush_Cut');
INSERT OR IGNORE INTO condition_patterns (custom_format_name, condition_name, regular_expression_name) VALUES ('Black and White Editions', 'NoMinus Color', 'Black_and_White_Editions_NoMinus_Color');
INSERT OR IGNORE INTO condition_patterns (custom_format_name, condition_name, regular_expression_name) VALUES ('Black and White Editions', 'Grayscale', 'Black_and_White_Editions_Grayscale');
INSERT OR IGNORE INTO condition_patterns (custom_format_name, condition_name, regular_expression_name) VALUES ('Black and White Editions', 'Darkness and Light', 'Black_and_White_Editions_Darkness_and_Light');
INSERT OR IGNORE INTO regular_expressions (name, pattern) VALUES ('Black_and_White_Editions_BlackoutBWBlackChrome', '(?<=\b[12]\d{3}\b).*\b((B(lack)?[ ._-]?(out|(and|[n&])[ ._-]?(W(hite)?|Chrome))))\b(?!$)');
INSERT OR IGNORE INTO regular_expressions (name, pattern) VALUES ('Black_and_White_Editions_Monochrome', '(?<=\b[12]\d{3}\b).*\b(Monochrome)\b(?!$)');
INSERT OR IGNORE INTO regular_expressions (name, pattern) VALUES ('Black_and_White_Editions_Noir', '(?<=\b[12]\d{3}\b).*\b(Noir)\b(?!$)');
INSERT OR IGNORE INTO regular_expressions (name, pattern) VALUES ('Black_and_White_Editions_Shush_Cut', '(?<=\b[12]\d{3}\b).*\b(Shush[ ._-]?Cut)\b(?!$)');
INSERT OR IGNORE INTO regular_expressions (name, pattern) VALUES ('Black_and_White_Editions_NoMinus_Color', '(?<=\b[12]\d{3}\b).*\b((No|Minus)[ ._-]?Colou?r)\b(?!$)');
INSERT OR IGNORE INTO regular_expressions (name, pattern) VALUES ('Black_and_White_Editions_Grayscale', '(?<=\b[12]\d{3}\b).*\b(Gr[ae]y([ ._-]?(scale))?)\b(?!$)');
INSERT OR IGNORE INTO regular_expressions (name, pattern) VALUES ('Black_and_White_Editions_Darkness_and_Light', '(?<=\b[12]\d{3}\b).*\b(Darkness?[ ._-]?(and|&)[ ._-]?(Light))\b(?!$)');
INSERT OR IGNORE INTO custom_format_conditions (custom_format_name, name, type, arr_type, negate, required) VALUES ('Black and White Editions', 'BlackoutBWBlackChrome', 'pattern', 'radarr', 0, 0);
INSERT OR IGNORE INTO custom_format_conditions (custom_format_name, name, type, arr_type, negate, required) VALUES ('Black and White Editions', 'Monochrome', 'pattern', 'radarr', 0, 0);
INSERT OR IGNORE INTO custom_format_conditions (custom_format_name, name, type, arr_type, negate, required) VALUES ('Black and White Editions', 'Noir', 'pattern', 'radarr', 0, 0);
INSERT OR IGNORE INTO custom_format_conditions (custom_format_name, name, type, arr_type, negate, required) VALUES ('Black and White Editions', 'Shush Cut', 'pattern', 'radarr', 0, 0);
INSERT OR IGNORE INTO custom_format_conditions (custom_format_name, name, type, arr_type, negate, required) VALUES ('Black and White Editions', 'NoMinus Color', 'pattern', 'radarr', 0, 0);
INSERT OR IGNORE INTO custom_format_conditions (custom_format_name, name, type, arr_type, negate, required) VALUES ('Black and White Editions', 'Grayscale', 'pattern', 'radarr', 0, 0);
INSERT OR IGNORE INTO custom_format_conditions (custom_format_name, name, type, arr_type, negate, required) VALUES ('Black and White Editions', 'Darkness and Light', 'pattern', 'radarr', 0, 0);

INSERT OR IGNORE INTO custom_formats (name, description, include_in_rename) VALUES ('BR-DISK', 'ed38b889b31be83fda192888e2286d83', 0);
INSERT OR IGNORE INTO condition_patterns (custom_format_name, condition_name, regular_expression_name) VALUES ('BR-DISK', 'BR-DISK', 'BR-DISK_BR-DISK');
INSERT OR IGNORE INTO regular_expressions (name, pattern) VALUES ('BR-DISK_BR-DISK', '^(?!.*\b((?<!HD[._ -]|HD)DVD|BDRip|720p|MKV|XviD|WMV|d3g|(BD)?REMUX|^(?=.*1080p)(?=.*HEVC)|[xh][-_. ]?26[45]|German.*[DM]L|((?<=\d{4}).*German.*([DM]L)?)(?=.*\b(AVC|HEVC|VC[-_. ]?1|MVC|MPEG[-_. ]?2)\b))\b)(((?=.*\b(Blu[-_. ]?ray|BD|HD[-_. ]?DVD)\b)(?=.*\b(AVC|HEVC|VC[-_. ]?1|MVC|MPEG[-_. ]?2|BDMV|ISO)\b))|^((?=.*\b(((?=.*\b((.*_)?COMPLETE.*|Dis[ck])\b)(?=.*(Blu[-_. ]?ray|HD[-_. ]?DVD)))|3D[-_. ]?BD|BR[-_. ]?DISK|Full[-_. ]?Blu[-_. ]?ray|^((?=.*((BD|UHD)[-_. ]?(25|50|66|100|ISO)))))))).*');
INSERT OR IGNORE INTO custom_format_conditions (custom_format_name, name, type, arr_type, negate, required) VALUES ('BR-DISK', 'BR-DISK', 'pattern', 'radarr', 0, 1);

INSERT OR IGNORE INTO custom_formats (name, description, include_in_rename) VALUES ('CBC', 'd9058beaae2e147183870304dd526761', 1);
INSERT OR IGNORE INTO condition_patterns (custom_format_name, condition_name, regular_expression_name) VALUES ('CBC', 'CBC', 'CBC_CBC');
INSERT OR IGNORE INTO condition_sources (custom_format_name, condition_name, source) VALUES ('CBC', 'WEBDL', 'WEBDL');
INSERT OR IGNORE INTO condition_sources (custom_format_name, condition_name, source) VALUES ('CBC', 'WEBRIP', 'WEBRIP');
INSERT OR IGNORE INTO regular_expressions (name, pattern) VALUES ('CBC_CBC', '\b(CBC)\b');
INSERT OR IGNORE INTO custom_format_conditions (custom_format_name, name, type, arr_type, negate, required) VALUES ('CBC', 'CBC', 'pattern', 'radarr', 0, 1);
INSERT OR IGNORE INTO custom_format_conditions (custom_format_name, name, type, arr_type, negate, required) VALUES ('CBC', 'WEBDL', 'source', 'radarr', 0, 0);
INSERT OR IGNORE INTO custom_format_conditions (custom_format_name, name, type, arr_type, negate, required) VALUES ('CBC', 'WEBRIP', 'source', 'radarr', 0, 0);

INSERT OR IGNORE INTO custom_formats (name, description, include_in_rename) VALUES ('CRAV', 'f6ff65b3f4b464a79dcc75950fe20382', 1);
INSERT OR IGNORE INTO condition_patterns (custom_format_name, condition_name, regular_expression_name) VALUES ('CRAV', 'Crave', 'CRAV_Crave');
INSERT OR IGNORE INTO condition_patterns (custom_format_name, condition_name, regular_expression_name) VALUES ('CRAV', 'Crave Rename', 'CRAV_Crave_Rename');
INSERT OR IGNORE INTO condition_sources (custom_format_name, condition_name, source) VALUES ('CRAV', 'WEBDL', 'WEBDL');
INSERT OR IGNORE INTO condition_sources (custom_format_name, condition_name, source) VALUES ('CRAV', 'WEBRIP', 'WEBRIP');
INSERT OR IGNORE INTO regular_expressions (name, pattern) VALUES ('CRAV_Crave', '\b(crav(e)?)\b[ ._-]web[ ._-]?(dl|rip)?\b');
INSERT OR IGNORE INTO regular_expressions (name, pattern) VALUES ('CRAV_Crave_Rename', '\[(CRAV)\b|\b(CRAV)\]');
INSERT OR IGNORE INTO custom_format_conditions (custom_format_name, name, type, arr_type, negate, required) VALUES ('CRAV', 'Crave', 'pattern', 'radarr', 0, 0);
INSERT OR IGNORE INTO custom_format_conditions (custom_format_name, name, type, arr_type, negate, required) VALUES ('CRAV', 'Crave Rename', 'pattern', 'radarr', 0, 0);
INSERT OR IGNORE INTO custom_format_conditions (custom_format_name, name, type, arr_type, negate, required) VALUES ('CRAV', 'WEBDL', 'source', 'radarr', 0, 0);
INSERT OR IGNORE INTO custom_format_conditions (custom_format_name, name, type, arr_type, negate, required) VALUES ('CRAV', 'WEBRIP', 'source', 'radarr', 0, 0);

INSERT OR IGNORE INTO custom_formats (name, description, include_in_rename) VALUES ('CRiT', '16622a6911d1ab5d5b8b713d5b0036d4', 1);
INSERT OR IGNORE INTO condition_patterns (custom_format_name, condition_name, regular_expression_name) VALUES ('CRiT', 'CRiT', 'CRiT_CRiT');
INSERT OR IGNORE INTO condition_patterns (custom_format_name, condition_name, regular_expression_name) VALUES ('CRiT', 'Not Criterion RlsGrp', 'CRiT_Not_Criterion_RlsGrp');
INSERT OR IGNORE INTO condition_sources (custom_format_name, condition_name, source) VALUES ('CRiT', 'WEBDL', 'WEBDL');
INSERT OR IGNORE INTO condition_sources (custom_format_name, condition_name, source) VALUES ('CRiT', 'WEBRIP', 'WEBRIP');
INSERT OR IGNORE INTO regular_expressions (name, pattern) VALUES ('CRiT_CRiT', '\b(CRiT)\b');
INSERT OR IGNORE INTO regular_expressions (name, pattern) VALUES ('CRiT_Not_Criterion_RlsGrp', '^(Criterion)$');
INSERT OR IGNORE INTO custom_format_conditions (custom_format_name, name, type, arr_type, negate, required) VALUES ('CRiT', 'CRiT', 'pattern', 'radarr', 0, 1);
INSERT OR IGNORE INTO custom_format_conditions (custom_format_name, name, type, arr_type, negate, required) VALUES ('CRiT', 'WEBDL', 'source', 'radarr', 0, 0);
INSERT OR IGNORE INTO custom_format_conditions (custom_format_name, name, type, arr_type, negate, required) VALUES ('CRiT', 'WEBRIP', 'source', 'radarr', 0, 0);
INSERT OR IGNORE INTO custom_format_conditions (custom_format_name, name, type, arr_type, negate, required) VALUES ('CRiT', 'Not Criterion RlsGrp', 'pattern', 'radarr', 1, 1);

INSERT OR IGNORE INTO custom_formats (name, description, include_in_rename) VALUES ('Criterion Collection', 'e0c07d59beb37348e975a930d5e50319', 1);
INSERT OR IGNORE INTO condition_patterns (custom_format_name, condition_name, regular_expression_name) VALUES ('Criterion Collection', 'Criterion', 'Criterion_Collection_Criterion');
INSERT OR IGNORE INTO condition_patterns (custom_format_name, condition_name, regular_expression_name) VALUES ('Criterion Collection', 'CC', 'Criterion_Collection_CC');
INSERT OR IGNORE INTO condition_patterns (custom_format_name, condition_name, regular_expression_name) VALUES ('Criterion Collection', 'Not Criterion RlsGrp', 'Criterion_Collection_Not_Criterion_RlsGrp');
INSERT OR IGNORE INTO condition_sources (custom_format_name, condition_name, source) VALUES ('Criterion Collection', 'Bluray', 'BLURAY');
INSERT OR IGNORE INTO condition_sources (custom_format_name, condition_name, source) VALUES ('Criterion Collection', 'DVD', 'DVD');
INSERT OR IGNORE INTO regular_expressions (name, pattern) VALUES ('Criterion_Collection_Criterion', '\b(Criterion)\b');
INSERT OR IGNORE INTO regular_expressions (name, pattern) VALUES ('Criterion_Collection_CC', '\b(CC)\b');
INSERT OR IGNORE INTO regular_expressions (name, pattern) VALUES ('Criterion_Collection_Not_Criterion_RlsGrp', '^(Criterion)$');
INSERT OR IGNORE INTO custom_format_conditions (custom_format_name, name, type, arr_type, negate, required) VALUES ('Criterion Collection', 'Bluray', 'source', 'radarr', 0, 0);
INSERT OR IGNORE INTO custom_format_conditions (custom_format_name, name, type, arr_type, negate, required) VALUES ('Criterion Collection', 'DVD', 'source', 'radarr', 0, 0);
INSERT OR IGNORE INTO custom_format_conditions (custom_format_name, name, type, arr_type, negate, required) VALUES ('Criterion Collection', 'Criterion', 'pattern', 'radarr', 0, 0);
INSERT OR IGNORE INTO custom_format_conditions (custom_format_name, name, type, arr_type, negate, required) VALUES ('Criterion Collection', 'CC', 'pattern', 'radarr', 0, 0);
INSERT OR IGNORE INTO custom_format_conditions (custom_format_name, name, type, arr_type, negate, required) VALUES ('Criterion Collection', 'Not Criterion RlsGrp', 'pattern', 'radarr', 1, 1);

INSERT OR IGNORE INTO custom_formats (name, description, include_in_rename) VALUES ('DD', 'c2998bd0d90ed5621d8df281e839436e', 0);
INSERT OR IGNORE INTO condition_patterns (custom_format_name, condition_name, regular_expression_name) VALUES ('DD', 'Basic Dolby Digital', 'DD_Basic_Dolby_Digital');
INSERT OR IGNORE INTO condition_patterns (custom_format_name, condition_name, regular_expression_name) VALUES ('DD', 'Not Dolby Digital Plus', 'DD_Not_Dolby_Digital_Plus');
INSERT OR IGNORE INTO condition_patterns (custom_format_name, condition_name, regular_expression_name) VALUES ('DD', 'Not TrueHDATMOS', 'DD_Not_TrueHDATMOS');
INSERT OR IGNORE INTO condition_patterns (custom_format_name, condition_name, regular_expression_name) VALUES ('DD', 'Not DTS', 'DD_Not_DTS');
INSERT OR IGNORE INTO condition_patterns (custom_format_name, condition_name, regular_expression_name) VALUES ('DD', 'Not FLAC', 'DD_Not_FLAC');
INSERT OR IGNORE INTO condition_patterns (custom_format_name, condition_name, regular_expression_name) VALUES ('DD', 'Not AAC', 'DD_Not_AAC');
INSERT OR IGNORE INTO condition_patterns (custom_format_name, condition_name, regular_expression_name) VALUES ('DD', 'Not PCM', 'DD_Not_PCM');
INSERT OR IGNORE INTO regular_expressions (name, pattern) VALUES ('DD_Basic_Dolby_Digital', '\bDD[^a-z+]|(?<!e-)\b(ac-?3)\b');
INSERT OR IGNORE INTO regular_expressions (name, pattern) VALUES ('DD_Not_Dolby_Digital_Plus', '\bDD[P+]|\b(e[-_. ]?ac-?3)\b');
INSERT OR IGNORE INTO regular_expressions (name, pattern) VALUES ('DD_Not_TrueHDATMOS', 'True[ .-]?HD|\bATMOS(\b|\d)');
INSERT OR IGNORE INTO regular_expressions (name, pattern) VALUES ('DD_Not_DTS', '\bDTS(\b|\d)');
INSERT OR IGNORE INTO regular_expressions (name, pattern) VALUES ('DD_Not_FLAC', '\bFLAC(\b|\d)');
INSERT OR IGNORE INTO regular_expressions (name, pattern) VALUES ('DD_Not_AAC', '\bAAC(\b|\d)');
INSERT OR IGNORE INTO regular_expressions (name, pattern) VALUES ('DD_Not_PCM', '\b(l?)PCM(\b|\d)');
INSERT OR IGNORE INTO custom_format_conditions (custom_format_name, name, type, arr_type, negate, required) VALUES ('DD', 'Basic Dolby Digital', 'pattern', 'radarr', 0, 1);
INSERT OR IGNORE INTO custom_format_conditions (custom_format_name, name, type, arr_type, negate, required) VALUES ('DD', 'Not Dolby Digital Plus', 'pattern', 'radarr', 1, 1);
INSERT OR IGNORE INTO custom_format_conditions (custom_format_name, name, type, arr_type, negate, required) VALUES ('DD', 'Not TrueHDATMOS', 'pattern', 'radarr', 1, 1);
INSERT OR IGNORE INTO custom_format_conditions (custom_format_name, name, type, arr_type, negate, required) VALUES ('DD', 'Not DTS', 'pattern', 'radarr', 1, 1);
INSERT OR IGNORE INTO custom_format_conditions (custom_format_name, name, type, arr_type, negate, required) VALUES ('DD', 'Not FLAC', 'pattern', 'radarr', 1, 1);
INSERT OR IGNORE INTO custom_format_conditions (custom_format_name, name, type, arr_type, negate, required) VALUES ('DD', 'Not AAC', 'pattern', 'radarr', 1, 1);
INSERT OR IGNORE INTO custom_format_conditions (custom_format_name, name, type, arr_type, negate, required) VALUES ('DD', 'Not PCM', 'pattern', 'radarr', 1, 1);

INSERT OR IGNORE INTO custom_formats (name, description, include_in_rename) VALUES ('DD+ ATMOS', '1af239278386be2919e1bcee0bde047e', 0);
INSERT OR IGNORE INTO condition_patterns (custom_format_name, condition_name, regular_expression_name) VALUES ('DD+ ATMOS', 'Dolby Digital Plus', 'DD+_ATMOS_Dolby_Digital_Plus');
INSERT OR IGNORE INTO condition_patterns (custom_format_name, condition_name, regular_expression_name) VALUES ('DD+ ATMOS', 'ATMOS', 'DD+_ATMOS_ATMOS');
INSERT OR IGNORE INTO condition_patterns (custom_format_name, condition_name, regular_expression_name) VALUES ('DD+ ATMOS', 'Not TrueHD', 'DD+_ATMOS_Not_TrueHD');
INSERT OR IGNORE INTO condition_patterns (custom_format_name, condition_name, regular_expression_name) VALUES ('DD+ ATMOS', 'Not DTS', 'DD+_ATMOS_Not_DTS');
INSERT OR IGNORE INTO condition_patterns (custom_format_name, condition_name, regular_expression_name) VALUES ('DD+ ATMOS', 'Not Basic Dolby Digital ', 'DD+_ATMOS_Not_Basic_Dolby_Digital_');
INSERT OR IGNORE INTO condition_patterns (custom_format_name, condition_name, regular_expression_name) VALUES ('DD+ ATMOS', 'Not FLAC', 'DD+_ATMOS_Not_FLAC');
INSERT OR IGNORE INTO condition_patterns (custom_format_name, condition_name, regular_expression_name) VALUES ('DD+ ATMOS', 'Not AAC', 'DD+_ATMOS_Not_AAC');
INSERT OR IGNORE INTO condition_patterns (custom_format_name, condition_name, regular_expression_name) VALUES ('DD+ ATMOS', 'Not PCM', 'DD+_ATMOS_Not_PCM');
INSERT OR IGNORE INTO regular_expressions (name, pattern) VALUES ('DD+_ATMOS_Dolby_Digital_Plus', '\bDD[P+]|\b(e[-_. ]?ac-?3)\b');
INSERT OR IGNORE INTO regular_expressions (name, pattern) VALUES ('DD+_ATMOS_ATMOS', '\b(ATMOS|DDPA)(\b|\d)');
INSERT OR IGNORE INTO regular_expressions (name, pattern) VALUES ('DD+_ATMOS_Not_TrueHD', 'True[ .-]?HD');
INSERT OR IGNORE INTO regular_expressions (name, pattern) VALUES ('DD+_ATMOS_Not_DTS', '\bDTS(\b|\d)');
INSERT OR IGNORE INTO regular_expressions (name, pattern) VALUES ('DD+_ATMOS_Not_Basic_Dolby_Digital_', '\bDD[^a-z+]|(?<!e-)\b(ac-?3)\b');
INSERT OR IGNORE INTO regular_expressions (name, pattern) VALUES ('DD+_ATMOS_Not_FLAC', '\bFLAC(\b|\d)');
INSERT OR IGNORE INTO regular_expressions (name, pattern) VALUES ('DD+_ATMOS_Not_AAC', '\bAAC(\b|\d)');
INSERT OR IGNORE INTO regular_expressions (name, pattern) VALUES ('DD+_ATMOS_Not_PCM', '\b(l?)PCM(\b|\d)');
INSERT OR IGNORE INTO custom_format_conditions (custom_format_name, name, type, arr_type, negate, required) VALUES ('DD+ ATMOS', 'Dolby Digital Plus', 'pattern', 'radarr', 0, 1);
INSERT OR IGNORE INTO custom_format_conditions (custom_format_name, name, type, arr_type, negate, required) VALUES ('DD+ ATMOS', 'ATMOS', 'pattern', 'radarr', 0, 1);
INSERT OR IGNORE INTO custom_format_conditions (custom_format_name, name, type, arr_type, negate, required) VALUES ('DD+ ATMOS', 'Not TrueHD', 'pattern', 'radarr', 1, 1);
INSERT OR IGNORE INTO custom_format_conditions (custom_format_name, name, type, arr_type, negate, required) VALUES ('DD+ ATMOS', 'Not DTS', 'pattern', 'radarr', 1, 1);
INSERT OR IGNORE INTO custom_format_conditions (custom_format_name, name, type, arr_type, negate, required) VALUES ('DD+ ATMOS', 'Not Basic Dolby Digital ', 'pattern', 'radarr', 1, 1);
INSERT OR IGNORE INTO custom_format_conditions (custom_format_name, name, type, arr_type, negate, required) VALUES ('DD+ ATMOS', 'Not FLAC', 'pattern', 'radarr', 1, 1);
INSERT OR IGNORE INTO custom_format_conditions (custom_format_name, name, type, arr_type, negate, required) VALUES ('DD+ ATMOS', 'Not AAC', 'pattern', 'radarr', 1, 1);
INSERT OR IGNORE INTO custom_format_conditions (custom_format_name, name, type, arr_type, negate, required) VALUES ('DD+ ATMOS', 'Not PCM', 'pattern', 'radarr', 1, 1);

INSERT OR IGNORE INTO custom_formats (name, description, include_in_rename) VALUES ('DD+', '185f1dd7264c4562b9022d963ac37424', 0);
INSERT OR IGNORE INTO condition_patterns (custom_format_name, condition_name, regular_expression_name) VALUES ('DD+', 'Dolby Digital Plus', 'DD+_Dolby_Digital_Plus');
INSERT OR IGNORE INTO condition_patterns (custom_format_name, condition_name, regular_expression_name) VALUES ('DD+', 'Not TrueHDATMOS', 'DD+_Not_TrueHDATMOS');
INSERT OR IGNORE INTO condition_patterns (custom_format_name, condition_name, regular_expression_name) VALUES ('DD+', 'Not DTS', 'DD+_Not_DTS');
INSERT OR IGNORE INTO condition_patterns (custom_format_name, condition_name, regular_expression_name) VALUES ('DD+', 'Not FLAC', 'DD+_Not_FLAC');
INSERT OR IGNORE INTO condition_patterns (custom_format_name, condition_name, regular_expression_name) VALUES ('DD+', 'Not AAC', 'DD+_Not_AAC');
INSERT OR IGNORE INTO condition_patterns (custom_format_name, condition_name, regular_expression_name) VALUES ('DD+', 'Not PCM', 'DD+_Not_PCM');
INSERT OR IGNORE INTO regular_expressions (name, pattern) VALUES ('DD+_Dolby_Digital_Plus', '\bDD[P+](?!A)|\b(e[-_. ]?ac-?3)\b');
INSERT OR IGNORE INTO regular_expressions (name, pattern) VALUES ('DD+_Not_TrueHDATMOS', '\b(True[ .-]?HD|ATMOS|DDPA)(\b|\d)');
INSERT OR IGNORE INTO regular_expressions (name, pattern) VALUES ('DD+_Not_DTS', '\bDTS(\b|\d)');
INSERT OR IGNORE INTO regular_expressions (name, pattern) VALUES ('DD+_Not_FLAC', '\bFLAC(\b|\d)');
INSERT OR IGNORE INTO regular_expressions (name, pattern) VALUES ('DD+_Not_AAC', '\bAAC(\b|\d)');
INSERT OR IGNORE INTO regular_expressions (name, pattern) VALUES ('DD+_Not_PCM', '\b(l?)PCM(\b|\d)');
INSERT OR IGNORE INTO custom_format_conditions (custom_format_name, name, type, arr_type, negate, required) VALUES ('DD+', 'Dolby Digital Plus', 'pattern', 'radarr', 0, 1);
INSERT OR IGNORE INTO custom_format_conditions (custom_format_name, name, type, arr_type, negate, required) VALUES ('DD+', 'Not TrueHDATMOS', 'pattern', 'radarr', 1, 1);
INSERT OR IGNORE INTO custom_format_conditions (custom_format_name, name, type, arr_type, negate, required) VALUES ('DD+', 'Not DTS', 'pattern', 'radarr', 1, 1);
INSERT OR IGNORE INTO custom_format_conditions (custom_format_name, name, type, arr_type, negate, required) VALUES ('DD+', 'Not FLAC', 'pattern', 'radarr', 1, 1);
INSERT OR IGNORE INTO custom_format_conditions (custom_format_name, name, type, arr_type, negate, required) VALUES ('DD+', 'Not AAC', 'pattern', 'radarr', 1, 1);
INSERT OR IGNORE INTO custom_format_conditions (custom_format_name, name, type, arr_type, negate, required) VALUES ('DD+', 'Not PCM', 'pattern', 'radarr', 1, 1);

INSERT OR IGNORE INTO custom_formats (name, description, include_in_rename) VALUES ('DSNP', '84272245b2988854bfb76a16e60baea5', 1);
INSERT OR IGNORE INTO condition_patterns (custom_format_name, condition_name, regular_expression_name) VALUES ('DSNP', 'Disney', 'DSNP_Disney');
INSERT OR IGNORE INTO condition_sources (custom_format_name, condition_name, source) VALUES ('DSNP', 'WEBDL', 'WEBDL');
INSERT OR IGNORE INTO condition_sources (custom_format_name, condition_name, source) VALUES ('DSNP', 'WEBRIP', 'WEBRIP');
INSERT OR IGNORE INTO regular_expressions (name, pattern) VALUES ('DSNP_Disney', '\b(dsnp|dsny|disney|Disney\+)\b');
INSERT OR IGNORE INTO custom_format_conditions (custom_format_name, name, type, arr_type, negate, required) VALUES ('DSNP', 'Disney', 'pattern', 'radarr', 0, 1);
INSERT OR IGNORE INTO custom_format_conditions (custom_format_name, name, type, arr_type, negate, required) VALUES ('DSNP', 'WEBDL', 'source', 'radarr', 0, 0);
INSERT OR IGNORE INTO custom_format_conditions (custom_format_name, name, type, arr_type, negate, required) VALUES ('DSNP', 'WEBRIP', 'source', 'radarr', 0, 0);

INSERT OR IGNORE INTO custom_formats (name, description, include_in_rename) VALUES ('DTS-ES', 'f9f847ac70a0af62ea4a08280b859636', 0);
INSERT OR IGNORE INTO condition_patterns (custom_format_name, condition_name, regular_expression_name) VALUES ('DTS-ES', 'DTS-ES', 'DTS-ES_DTS-ES');
INSERT OR IGNORE INTO condition_patterns (custom_format_name, condition_name, regular_expression_name) VALUES ('DTS-ES', 'Not TrueHDATMOS', 'DTS-ES_Not_TrueHDATMOS');
INSERT OR IGNORE INTO condition_patterns (custom_format_name, condition_name, regular_expression_name) VALUES ('DTS-ES', 'Not Dolby Digital Plus', 'DTS-ES_Not_Dolby_Digital_Plus');
INSERT OR IGNORE INTO condition_patterns (custom_format_name, condition_name, regular_expression_name) VALUES ('DTS-ES', 'Not Basic DTS', 'DTS-ES_Not_Basic_DTS');
INSERT OR IGNORE INTO condition_patterns (custom_format_name, condition_name, regular_expression_name) VALUES ('DTS-ES', 'Not Basic Dolby Digital ', 'DTS-ES_Not_Basic_Dolby_Digital_');
INSERT OR IGNORE INTO condition_patterns (custom_format_name, condition_name, regular_expression_name) VALUES ('DTS-ES', 'Not DTS X', 'DTS-ES_Not_DTS_X');
INSERT OR IGNORE INTO condition_patterns (custom_format_name, condition_name, regular_expression_name) VALUES ('DTS-ES', 'Not FLAC', 'DTS-ES_Not_FLAC');
INSERT OR IGNORE INTO condition_patterns (custom_format_name, condition_name, regular_expression_name) VALUES ('DTS-ES', 'Not AAC', 'DTS-ES_Not_AAC');
INSERT OR IGNORE INTO condition_patterns (custom_format_name, condition_name, regular_expression_name) VALUES ('DTS-ES', 'Not PCM', 'DTS-ES_Not_PCM');
INSERT OR IGNORE INTO regular_expressions (name, pattern) VALUES ('DTS-ES_DTS-ES', 'dts[-. ]?es\b');
INSERT OR IGNORE INTO regular_expressions (name, pattern) VALUES ('DTS-ES_Not_TrueHDATMOS', 'True[ .-]?HD|\bATMOS(\b|\d)');
INSERT OR IGNORE INTO regular_expressions (name, pattern) VALUES ('DTS-ES_Not_Dolby_Digital_Plus', '\bDD[P+]|\b(e[-_. ]?ac-?3)\b');
INSERT OR IGNORE INTO regular_expressions (name, pattern) VALUES ('DTS-ES_Not_Basic_DTS', 'DTS[ .]?[1-9]');
INSERT OR IGNORE INTO regular_expressions (name, pattern) VALUES ('DTS-ES_Not_Basic_Dolby_Digital_', '\bDD[^a-z+]|(?<!e-)\b(ac-?3)\b');
INSERT OR IGNORE INTO regular_expressions (name, pattern) VALUES ('DTS-ES_Not_DTS_X', '\b(dts[-_.: ]?x7?)\b(?![-_. ]?(26[456]))');
INSERT OR IGNORE INTO regular_expressions (name, pattern) VALUES ('DTS-ES_Not_FLAC', '\bFLAC(\b|\d)');
INSERT OR IGNORE INTO regular_expressions (name, pattern) VALUES ('DTS-ES_Not_AAC', '\bAAC(\b|\d)');
INSERT OR IGNORE INTO regular_expressions (name, pattern) VALUES ('DTS-ES_Not_PCM', '\b(l?)PCM(\b|\d)');
INSERT OR IGNORE INTO custom_format_conditions (custom_format_name, name, type, arr_type, negate, required) VALUES ('DTS-ES', 'DTS-ES', 'pattern', 'radarr', 0, 1);
INSERT OR IGNORE INTO custom_format_conditions (custom_format_name, name, type, arr_type, negate, required) VALUES ('DTS-ES', 'Not TrueHDATMOS', 'pattern', 'radarr', 1, 1);
INSERT OR IGNORE INTO custom_format_conditions (custom_format_name, name, type, arr_type, negate, required) VALUES ('DTS-ES', 'Not Dolby Digital Plus', 'pattern', 'radarr', 1, 1);
INSERT OR IGNORE INTO custom_format_conditions (custom_format_name, name, type, arr_type, negate, required) VALUES ('DTS-ES', 'Not Basic DTS', 'pattern', 'radarr', 1, 1);
INSERT OR IGNORE INTO custom_format_conditions (custom_format_name, name, type, arr_type, negate, required) VALUES ('DTS-ES', 'Not Basic Dolby Digital ', 'pattern', 'radarr', 1, 1);
INSERT OR IGNORE INTO custom_format_conditions (custom_format_name, name, type, arr_type, negate, required) VALUES ('DTS-ES', 'Not DTS X', 'pattern', 'radarr', 1, 1);
INSERT OR IGNORE INTO custom_format_conditions (custom_format_name, name, type, arr_type, negate, required) VALUES ('DTS-ES', 'Not FLAC', 'pattern', 'radarr', 1, 1);
INSERT OR IGNORE INTO custom_format_conditions (custom_format_name, name, type, arr_type, negate, required) VALUES ('DTS-ES', 'Not AAC', 'pattern', 'radarr', 1, 1);
INSERT OR IGNORE INTO custom_format_conditions (custom_format_name, name, type, arr_type, negate, required) VALUES ('DTS-ES', 'Not PCM', 'pattern', 'radarr', 1, 1);

INSERT OR IGNORE INTO custom_formats (name, description, include_in_rename) VALUES ('DTS-HD HRA', '8e109e50e0a0b83a5098b056e13bf6db', 0);
INSERT OR IGNORE INTO condition_patterns (custom_format_name, condition_name, regular_expression_name) VALUES ('DTS-HD HRA', 'DTS-HD HRA', 'DTS-HD_HRA_DTS-HD_HRA');
INSERT OR IGNORE INTO condition_patterns (custom_format_name, condition_name, regular_expression_name) VALUES ('DTS-HD HRA', 'Not TrueHDATMOS', 'DTS-HD_HRA_Not_TrueHDATMOS');
INSERT OR IGNORE INTO condition_patterns (custom_format_name, condition_name, regular_expression_name) VALUES ('DTS-HD HRA', 'Not Dolby Digital Plus', 'DTS-HD_HRA_Not_Dolby_Digital_Plus');
INSERT OR IGNORE INTO condition_patterns (custom_format_name, condition_name, regular_expression_name) VALUES ('DTS-HD HRA', 'Not Basic DTS', 'DTS-HD_HRA_Not_Basic_DTS');
INSERT OR IGNORE INTO condition_patterns (custom_format_name, condition_name, regular_expression_name) VALUES ('DTS-HD HRA', 'Not Basic Dolby Digital ', 'DTS-HD_HRA_Not_Basic_Dolby_Digital_');
INSERT OR IGNORE INTO condition_patterns (custom_format_name, condition_name, regular_expression_name) VALUES ('DTS-HD HRA', 'Not DTS X', 'DTS-HD_HRA_Not_DTS_X');
INSERT OR IGNORE INTO condition_patterns (custom_format_name, condition_name, regular_expression_name) VALUES ('DTS-HD HRA', 'Not FLAC', 'DTS-HD_HRA_Not_FLAC');
INSERT OR IGNORE INTO condition_patterns (custom_format_name, condition_name, regular_expression_name) VALUES ('DTS-HD HRA', 'Not AAC', 'DTS-HD_HRA_Not_AAC');
INSERT OR IGNORE INTO condition_patterns (custom_format_name, condition_name, regular_expression_name) VALUES ('DTS-HD HRA', 'Not PCM', 'DTS-HD_HRA_Not_PCM');
INSERT OR IGNORE INTO condition_patterns (custom_format_name, condition_name, regular_expression_name) VALUES ('DTS-HD HRA', 'Not DTS-ES', 'DTS-HD_HRA_Not_DTS-ES');
INSERT OR IGNORE INTO condition_patterns (custom_format_name, condition_name, regular_expression_name) VALUES ('DTS-HD HRA', 'Not 61 Surround', 'DTS-HD_HRA_Not_61_Surround');
INSERT OR IGNORE INTO regular_expressions (name, pattern) VALUES ('DTS-HD_HRA_DTS-HD_HRA', 'dts[-. ]?(hd[. ]?)?(hra?|hi\b)');
INSERT OR IGNORE INTO regular_expressions (name, pattern) VALUES ('DTS-HD_HRA_Not_TrueHDATMOS', 'True[ .-]?HD|\bATMOS(\b|\d)');
INSERT OR IGNORE INTO regular_expressions (name, pattern) VALUES ('DTS-HD_HRA_Not_Dolby_Digital_Plus', '\bDD[P+]|\b(e[-_. ]?ac-?3)\b');
INSERT OR IGNORE INTO regular_expressions (name, pattern) VALUES ('DTS-HD_HRA_Not_Basic_DTS', 'DTS[ .]?[1-9]');
INSERT OR IGNORE INTO regular_expressions (name, pattern) VALUES ('DTS-HD_HRA_Not_Basic_Dolby_Digital_', '\bDD[^a-z+]|(?<!e-)\b(ac-?3)\b');
INSERT OR IGNORE INTO regular_expressions (name, pattern) VALUES ('DTS-HD_HRA_Not_DTS_X', '\b(dts[-_.: ]?x7?)\b(?![-_. ]?(26[456]))');
INSERT OR IGNORE INTO regular_expressions (name, pattern) VALUES ('DTS-HD_HRA_Not_FLAC', '\bFLAC(\b|\d)');
INSERT OR IGNORE INTO regular_expressions (name, pattern) VALUES ('DTS-HD_HRA_Not_AAC', '\bAAC(\b|\d)');
INSERT OR IGNORE INTO regular_expressions (name, pattern) VALUES ('DTS-HD_HRA_Not_PCM', '\b(l?)PCM(\b|\d)');
INSERT OR IGNORE INTO regular_expressions (name, pattern) VALUES ('DTS-HD_HRA_Not_DTS-ES', 'dts.?es');
INSERT OR IGNORE INTO regular_expressions (name, pattern) VALUES ('DTS-HD_HRA_Not_61_Surround', '[^0-9]6[ .][0-1]');
INSERT OR IGNORE INTO custom_format_conditions (custom_format_name, name, type, arr_type, negate, required) VALUES ('DTS-HD HRA', 'DTS-HD HRA', 'pattern', 'radarr', 0, 1);
INSERT OR IGNORE INTO custom_format_conditions (custom_format_name, name, type, arr_type, negate, required) VALUES ('DTS-HD HRA', 'Not TrueHDATMOS', 'pattern', 'radarr', 1, 1);
INSERT OR IGNORE INTO custom_format_conditions (custom_format_name, name, type, arr_type, negate, required) VALUES ('DTS-HD HRA', 'Not Dolby Digital Plus', 'pattern', 'radarr', 1, 1);
INSERT OR IGNORE INTO custom_format_conditions (custom_format_name, name, type, arr_type, negate, required) VALUES ('DTS-HD HRA', 'Not Basic DTS', 'pattern', 'radarr', 1, 1);
INSERT OR IGNORE INTO custom_format_conditions (custom_format_name, name, type, arr_type, negate, required) VALUES ('DTS-HD HRA', 'Not Basic Dolby Digital ', 'pattern', 'radarr', 1, 1);
INSERT OR IGNORE INTO custom_format_conditions (custom_format_name, name, type, arr_type, negate, required) VALUES ('DTS-HD HRA', 'Not DTS X', 'pattern', 'radarr', 1, 1);
INSERT OR IGNORE INTO custom_format_conditions (custom_format_name, name, type, arr_type, negate, required) VALUES ('DTS-HD HRA', 'Not FLAC', 'pattern', 'radarr', 1, 1);
INSERT OR IGNORE INTO custom_format_conditions (custom_format_name, name, type, arr_type, negate, required) VALUES ('DTS-HD HRA', 'Not AAC', 'pattern', 'radarr', 1, 1);
INSERT OR IGNORE INTO custom_format_conditions (custom_format_name, name, type, arr_type, negate, required) VALUES ('DTS-HD HRA', 'Not PCM', 'pattern', 'radarr', 1, 1);
INSERT OR IGNORE INTO custom_format_conditions (custom_format_name, name, type, arr_type, negate, required) VALUES ('DTS-HD HRA', 'Not DTS-ES', 'pattern', 'radarr', 1, 1);
INSERT OR IGNORE INTO custom_format_conditions (custom_format_name, name, type, arr_type, negate, required) VALUES ('DTS-HD HRA', 'Not 61 Surround', 'pattern', 'radarr', 1, 1);

INSERT OR IGNORE INTO custom_formats (name, description, include_in_rename) VALUES ('DTS-HD MA', 'dcf3ec6938fa32445f590a4da84256cd', 0);
INSERT OR IGNORE INTO condition_patterns (custom_format_name, condition_name, regular_expression_name) VALUES ('DTS-HD MA', 'DTS-HD MA', 'DTS-HD_MA_DTS-HD_MA');
INSERT OR IGNORE INTO condition_patterns (custom_format_name, condition_name, regular_expression_name) VALUES ('DTS-HD MA', 'Not TrueHDATMOS', 'DTS-HD_MA_Not_TrueHDATMOS');
INSERT OR IGNORE INTO condition_patterns (custom_format_name, condition_name, regular_expression_name) VALUES ('DTS-HD MA', 'Not Dolby Digital Plus', 'DTS-HD_MA_Not_Dolby_Digital_Plus');
INSERT OR IGNORE INTO condition_patterns (custom_format_name, condition_name, regular_expression_name) VALUES ('DTS-HD MA', 'Not Basic Dolby Digital ', 'DTS-HD_MA_Not_Basic_Dolby_Digital_');
INSERT OR IGNORE INTO condition_patterns (custom_format_name, condition_name, regular_expression_name) VALUES ('DTS-HD MA', 'Not DTS X', 'DTS-HD_MA_Not_DTS_X');
INSERT OR IGNORE INTO condition_patterns (custom_format_name, condition_name, regular_expression_name) VALUES ('DTS-HD MA', 'Not FLAC', 'DTS-HD_MA_Not_FLAC');
INSERT OR IGNORE INTO condition_patterns (custom_format_name, condition_name, regular_expression_name) VALUES ('DTS-HD MA', 'Not AAC', 'DTS-HD_MA_Not_AAC');
INSERT OR IGNORE INTO condition_patterns (custom_format_name, condition_name, regular_expression_name) VALUES ('DTS-HD MA', 'Not PCM', 'DTS-HD_MA_Not_PCM');
INSERT OR IGNORE INTO condition_patterns (custom_format_name, condition_name, regular_expression_name) VALUES ('DTS-HD MA', 'Not DTS-HD HRAES', 'DTS-HD_MA_Not_DTS-HD_HRAES');
INSERT OR IGNORE INTO regular_expressions (name, pattern) VALUES ('DTS-HD_MA_DTS-HD_MA', '\b(dts[-_. ]?(ma|hd([-_. ]?ma)?|xll))(\b|\d)');
INSERT OR IGNORE INTO regular_expressions (name, pattern) VALUES ('DTS-HD_MA_Not_TrueHDATMOS', 'True[ .-]?HD|\bATMOS(\b|\d)');
INSERT OR IGNORE INTO regular_expressions (name, pattern) VALUES ('DTS-HD_MA_Not_Dolby_Digital_Plus', '\bDD[P+]|\b(e[-_. ]?ac-?3)\b');
INSERT OR IGNORE INTO regular_expressions (name, pattern) VALUES ('DTS-HD_MA_Not_Basic_Dolby_Digital_', '\bDD[^a-z+]|(?<!e-)\b(ac-?3)\b');
INSERT OR IGNORE INTO regular_expressions (name, pattern) VALUES ('DTS-HD_MA_Not_DTS_X', '\b(dts[-_.: ]?x7?)\b(?![-_. ]?(26[456]))');
INSERT OR IGNORE INTO regular_expressions (name, pattern) VALUES ('DTS-HD_MA_Not_FLAC', '\bFLAC(\b|\d)');
INSERT OR IGNORE INTO regular_expressions (name, pattern) VALUES ('DTS-HD_MA_Not_AAC', '\bAAC(\b|\d)');
INSERT OR IGNORE INTO regular_expressions (name, pattern) VALUES ('DTS-HD_MA_Not_PCM', '\b(l?)PCM(\b|\d)');
INSERT OR IGNORE INTO regular_expressions (name, pattern) VALUES ('DTS-HD_MA_Not_DTS-HD_HRAES', 'dts[-. ]?(es|(hd[. ]?)?(hr|hi))');
INSERT OR IGNORE INTO custom_format_conditions (custom_format_name, name, type, arr_type, negate, required) VALUES ('DTS-HD MA', 'DTS-HD MA', 'pattern', 'radarr', 0, 1);
INSERT OR IGNORE INTO custom_format_conditions (custom_format_name, name, type, arr_type, negate, required) VALUES ('DTS-HD MA', 'Not TrueHDATMOS', 'pattern', 'radarr', 1, 1);
INSERT OR IGNORE INTO custom_format_conditions (custom_format_name, name, type, arr_type, negate, required) VALUES ('DTS-HD MA', 'Not Dolby Digital Plus', 'pattern', 'radarr', 1, 1);
INSERT OR IGNORE INTO custom_format_conditions (custom_format_name, name, type, arr_type, negate, required) VALUES ('DTS-HD MA', 'Not Basic Dolby Digital ', 'pattern', 'radarr', 1, 1);
INSERT OR IGNORE INTO custom_format_conditions (custom_format_name, name, type, arr_type, negate, required) VALUES ('DTS-HD MA', 'Not DTS X', 'pattern', 'radarr', 1, 1);
INSERT OR IGNORE INTO custom_format_conditions (custom_format_name, name, type, arr_type, negate, required) VALUES ('DTS-HD MA', 'Not FLAC', 'pattern', 'radarr', 1, 1);
INSERT OR IGNORE INTO custom_format_conditions (custom_format_name, name, type, arr_type, negate, required) VALUES ('DTS-HD MA', 'Not AAC', 'pattern', 'radarr', 1, 1);
INSERT OR IGNORE INTO custom_format_conditions (custom_format_name, name, type, arr_type, negate, required) VALUES ('DTS-HD MA', 'Not PCM', 'pattern', 'radarr', 1, 1);
INSERT OR IGNORE INTO custom_format_conditions (custom_format_name, name, type, arr_type, negate, required) VALUES ('DTS-HD MA', 'Not DTS-HD HRAES', 'pattern', 'radarr', 1, 1);

INSERT OR IGNORE INTO custom_formats (name, description, include_in_rename) VALUES ('DTS X', '2f22d89048b01681dde8afe203bf2e95', 0);
INSERT OR IGNORE INTO condition_patterns (custom_format_name, condition_name, regular_expression_name) VALUES ('DTS X', 'DTS X', 'DTS_X_DTS_X');
INSERT OR IGNORE INTO condition_patterns (custom_format_name, condition_name, regular_expression_name) VALUES ('DTS X', 'Not Basic DTS', 'DTS_X_Not_Basic_DTS');
INSERT OR IGNORE INTO condition_patterns (custom_format_name, condition_name, regular_expression_name) VALUES ('DTS X', 'Not Basic Dolby Digital', 'DTS_X_Not_Basic_Dolby_Digital');
INSERT OR IGNORE INTO condition_patterns (custom_format_name, condition_name, regular_expression_name) VALUES ('DTS X', 'Not Dolby Digital Plus', 'DTS_X_Not_Dolby_Digital_Plus');
INSERT OR IGNORE INTO condition_patterns (custom_format_name, condition_name, regular_expression_name) VALUES ('DTS X', 'Not TrueHDATMOS', 'DTS_X_Not_TrueHDATMOS');
INSERT OR IGNORE INTO condition_patterns (custom_format_name, condition_name, regular_expression_name) VALUES ('DTS X', 'Not FLAC', 'DTS_X_Not_FLAC');
INSERT OR IGNORE INTO condition_patterns (custom_format_name, condition_name, regular_expression_name) VALUES ('DTS X', 'Not AAC', 'DTS_X_Not_AAC');
INSERT OR IGNORE INTO condition_patterns (custom_format_name, condition_name, regular_expression_name) VALUES ('DTS X', 'Not PCM', 'DTS_X_Not_PCM');
INSERT OR IGNORE INTO regular_expressions (name, pattern) VALUES ('DTS_X_DTS_X', '\b(dts[-_.: ]?x7?)\b(?![-_. ]?(26[456]))');
INSERT OR IGNORE INTO regular_expressions (name, pattern) VALUES ('DTS_X_Not_Basic_DTS', 'DTS[ .]?[1-9]');
INSERT OR IGNORE INTO regular_expressions (name, pattern) VALUES ('DTS_X_Not_Basic_Dolby_Digital', '\bDD[^a-z+]|(?<!e-)\b(ac-?3)\b');
INSERT OR IGNORE INTO regular_expressions (name, pattern) VALUES ('DTS_X_Not_Dolby_Digital_Plus', '\bDD[P+]|\b(e[-_. ]?ac-?3)\b');
INSERT OR IGNORE INTO regular_expressions (name, pattern) VALUES ('DTS_X_Not_TrueHDATMOS', 'True[ .-]?HD|\bATMOS(\b|\d)');
INSERT OR IGNORE INTO regular_expressions (name, pattern) VALUES ('DTS_X_Not_FLAC', '\bFLAC(\b|\d)');
INSERT OR IGNORE INTO regular_expressions (name, pattern) VALUES ('DTS_X_Not_AAC', '\bAAC(\b|\d)');
INSERT OR IGNORE INTO regular_expressions (name, pattern) VALUES ('DTS_X_Not_PCM', '\b(l?)PCM(\b|\d)');
INSERT OR IGNORE INTO custom_format_conditions (custom_format_name, name, type, arr_type, negate, required) VALUES ('DTS X', 'DTS X', 'pattern', 'radarr', 0, 1);
INSERT OR IGNORE INTO custom_format_conditions (custom_format_name, name, type, arr_type, negate, required) VALUES ('DTS X', 'Not Basic DTS', 'pattern', 'radarr', 1, 1);
INSERT OR IGNORE INTO custom_format_conditions (custom_format_name, name, type, arr_type, negate, required) VALUES ('DTS X', 'Not Basic Dolby Digital', 'pattern', 'radarr', 1, 1);
INSERT OR IGNORE INTO custom_format_conditions (custom_format_name, name, type, arr_type, negate, required) VALUES ('DTS X', 'Not Dolby Digital Plus', 'pattern', 'radarr', 1, 1);
INSERT OR IGNORE INTO custom_format_conditions (custom_format_name, name, type, arr_type, negate, required) VALUES ('DTS X', 'Not TrueHDATMOS', 'pattern', 'radarr', 1, 1);
INSERT OR IGNORE INTO custom_format_conditions (custom_format_name, name, type, arr_type, negate, required) VALUES ('DTS X', 'Not FLAC', 'pattern', 'radarr', 1, 1);
INSERT OR IGNORE INTO custom_format_conditions (custom_format_name, name, type, arr_type, negate, required) VALUES ('DTS X', 'Not AAC', 'pattern', 'radarr', 1, 1);
INSERT OR IGNORE INTO custom_format_conditions (custom_format_name, name, type, arr_type, negate, required) VALUES ('DTS X', 'Not PCM', 'pattern', 'radarr', 1, 1);

INSERT OR IGNORE INTO custom_formats (name, description, include_in_rename) VALUES ('DTS', '1c1a4c5e823891c75bc50380a6866f73', 0);
INSERT OR IGNORE INTO condition_patterns (custom_format_name, condition_name, regular_expression_name) VALUES ('DTS', 'Basic DTS', 'DTS_Basic_DTS');
INSERT OR IGNORE INTO condition_patterns (custom_format_name, condition_name, regular_expression_name) VALUES ('DTS', 'Not DTS-HD', 'DTS_Not_DTS-HD');
INSERT OR IGNORE INTO condition_patterns (custom_format_name, condition_name, regular_expression_name) VALUES ('DTS', 'Not DTS-HD HRAES', 'DTS_Not_DTS-HD_HRAES');
INSERT OR IGNORE INTO condition_patterns (custom_format_name, condition_name, regular_expression_name) VALUES ('DTS', 'Not Dolby Digital Plus', 'DTS_Not_Dolby_Digital_Plus');
INSERT OR IGNORE INTO condition_patterns (custom_format_name, condition_name, regular_expression_name) VALUES ('DTS', 'Not TrueHDATMOS', 'DTS_Not_TrueHDATMOS');
INSERT OR IGNORE INTO condition_patterns (custom_format_name, condition_name, regular_expression_name) VALUES ('DTS', 'Not Basic Dolby Digital', 'DTS_Not_Basic_Dolby_Digital');
INSERT OR IGNORE INTO condition_patterns (custom_format_name, condition_name, regular_expression_name) VALUES ('DTS', 'Not DTS X', 'DTS_Not_DTS_X');
INSERT OR IGNORE INTO condition_patterns (custom_format_name, condition_name, regular_expression_name) VALUES ('DTS', 'Not FLAC', 'DTS_Not_FLAC');
INSERT OR IGNORE INTO condition_patterns (custom_format_name, condition_name, regular_expression_name) VALUES ('DTS', 'Not AAC', 'DTS_Not_AAC');
INSERT OR IGNORE INTO condition_patterns (custom_format_name, condition_name, regular_expression_name) VALUES ('DTS', 'Not PCM', 'DTS_Not_PCM');
INSERT OR IGNORE INTO regular_expressions (name, pattern) VALUES ('DTS_Basic_DTS', '\bDTS(\b|\d)');
INSERT OR IGNORE INTO regular_expressions (name, pattern) VALUES ('DTS_Not_DTS-HD', '\b(dts[-_. ]?(ma|hd([-_. ]?ma)?|xll))(\b|\d)');
INSERT OR IGNORE INTO regular_expressions (name, pattern) VALUES ('DTS_Not_DTS-HD_HRAES', 'dts[-. ]?(es|(hd[. ]?)?(hr|hi))');
INSERT OR IGNORE INTO regular_expressions (name, pattern) VALUES ('DTS_Not_Dolby_Digital_Plus', '\bDD[P+]|\b(e[-_. ]?ac-?3)\b');
INSERT OR IGNORE INTO regular_expressions (name, pattern) VALUES ('DTS_Not_TrueHDATMOS', 'True[ .-]?HD|\bATMOS(\b|\d)');
INSERT OR IGNORE INTO regular_expressions (name, pattern) VALUES ('DTS_Not_Basic_Dolby_Digital', '\bDD[^a-z+]|(?<!e-)\b(ac-?3)\b');
INSERT OR IGNORE INTO regular_expressions (name, pattern) VALUES ('DTS_Not_DTS_X', '\b(dts[-_.: ]?x7?)\b(?![-_. ]?(26[456]))');
INSERT OR IGNORE INTO regular_expressions (name, pattern) VALUES ('DTS_Not_FLAC', '\bFLAC(\b|\d)');
INSERT OR IGNORE INTO regular_expressions (name, pattern) VALUES ('DTS_Not_AAC', '\bAAC(\b|\d)');
INSERT OR IGNORE INTO regular_expressions (name, pattern) VALUES ('DTS_Not_PCM', '\b(l?)PCM(\b|\d)');
INSERT OR IGNORE INTO custom_format_conditions (custom_format_name, name, type, arr_type, negate, required) VALUES ('DTS', 'Basic DTS', 'pattern', 'radarr', 0, 1);
INSERT OR IGNORE INTO custom_format_conditions (custom_format_name, name, type, arr_type, negate, required) VALUES ('DTS', 'Not DTS-HD', 'pattern', 'radarr', 1, 1);
INSERT OR IGNORE INTO custom_format_conditions (custom_format_name, name, type, arr_type, negate, required) VALUES ('DTS', 'Not DTS-HD HRAES', 'pattern', 'radarr', 1, 1);
INSERT OR IGNORE INTO custom_format_conditions (custom_format_name, name, type, arr_type, negate, required) VALUES ('DTS', 'Not Dolby Digital Plus', 'pattern', 'radarr', 1, 1);
INSERT OR IGNORE INTO custom_format_conditions (custom_format_name, name, type, arr_type, negate, required) VALUES ('DTS', 'Not TrueHDATMOS', 'pattern', 'radarr', 1, 1);
INSERT OR IGNORE INTO custom_format_conditions (custom_format_name, name, type, arr_type, negate, required) VALUES ('DTS', 'Not Basic Dolby Digital', 'pattern', 'radarr', 1, 1);
INSERT OR IGNORE INTO custom_format_conditions (custom_format_name, name, type, arr_type, negate, required) VALUES ('DTS', 'Not DTS X', 'pattern', 'radarr', 1, 1);
INSERT OR IGNORE INTO custom_format_conditions (custom_format_name, name, type, arr_type, negate, required) VALUES ('DTS', 'Not FLAC', 'pattern', 'radarr', 1, 1);
INSERT OR IGNORE INTO custom_format_conditions (custom_format_name, name, type, arr_type, negate, required) VALUES ('DTS', 'Not AAC', 'pattern', 'radarr', 1, 1);
INSERT OR IGNORE INTO custom_format_conditions (custom_format_name, name, type, arr_type, negate, required) VALUES ('DTS', 'Not PCM', 'pattern', 'radarr', 1, 1);

INSERT OR IGNORE INTO custom_formats (name, description, include_in_rename) VALUES ('Dubs Only', 'b23eae459cc960816f2d6ba84af45055', 0);
INSERT OR IGNORE INTO condition_patterns (custom_format_name, condition_name, regular_expression_name) VALUES ('Dubs Only', 'Dubbed', 'Dubs_Only_Dubbed');
INSERT OR IGNORE INTO condition_patterns (custom_format_name, condition_name, regular_expression_name) VALUES ('Dubs Only', 'Golumpa', 'Dubs_Only_Golumpa');
INSERT OR IGNORE INTO condition_patterns (custom_format_name, condition_name, regular_expression_name) VALUES ('Dubs Only', 'KaiDubs Not Dual Audio', 'Dubs_Only_KaiDubs_Not_Dual_Audio');
INSERT OR IGNORE INTO condition_patterns (custom_format_name, condition_name, regular_expression_name) VALUES ('Dubs Only', 'KamiFS', 'Dubs_Only_KamiFS');
INSERT OR IGNORE INTO condition_patterns (custom_format_name, condition_name, regular_expression_name) VALUES ('Dubs Only', 'KS Not Dual Audio', 'Dubs_Only_KS_Not_Dual_Audio');
INSERT OR IGNORE INTO condition_patterns (custom_format_name, condition_name, regular_expression_name) VALUES ('Dubs Only', 'torenter69', 'Dubs_Only_torenter69');
INSERT OR IGNORE INTO condition_patterns (custom_format_name, condition_name, regular_expression_name) VALUES ('Dubs Only', 'Yameii', 'Dubs_Only_Yameii');
INSERT OR IGNORE INTO regular_expressions (name, pattern) VALUES ('Dubs_Only_Dubbed', '^(?!.*(Dual|Multi)[-_. ]?Audio).*((?<!multi-)\b(dub(bed)?)\b|(funi|eng(lish)?)_?dub)');
INSERT OR IGNORE INTO regular_expressions (name, pattern) VALUES ('Dubs_Only_Golumpa', '\b(Golumpa)\b');
INSERT OR IGNORE INTO regular_expressions (name, pattern) VALUES ('Dubs_Only_KaiDubs_Not_Dual_Audio', '^(?!.*(dual[ ._-]?audio|[([]dual[])]|(JA|ZH|KO)\+EN|EN\+(JA|ZH|KO))).*\b(KaiDubs)\b');
INSERT OR IGNORE INTO regular_expressions (name, pattern) VALUES ('Dubs_Only_KamiFS', '\b(KamiFS)\b');
INSERT OR IGNORE INTO regular_expressions (name, pattern) VALUES ('Dubs_Only_KS_Not_Dual_Audio', '^(?!.*(dual[ ._-]?audio|[([]dual[])]|(JA|ZH|KO)\+EN|EN\+(JA|ZH|KO))).*\bKS\b');
INSERT OR IGNORE INTO regular_expressions (name, pattern) VALUES ('Dubs_Only_torenter69', '\b(torenter69)\b');
INSERT OR IGNORE INTO regular_expressions (name, pattern) VALUES ('Dubs_Only_Yameii', '\[Yameii\]|-Yameii\b');
INSERT OR IGNORE INTO custom_format_conditions (custom_format_name, name, type, arr_type, negate, required) VALUES ('Dubs Only', 'Dubbed', 'pattern', 'radarr', 0, 0);
INSERT OR IGNORE INTO custom_format_conditions (custom_format_name, name, type, arr_type, negate, required) VALUES ('Dubs Only', 'Golumpa', 'pattern', 'radarr', 0, 0);
INSERT OR IGNORE INTO custom_format_conditions (custom_format_name, name, type, arr_type, negate, required) VALUES ('Dubs Only', 'KaiDubs Not Dual Audio', 'pattern', 'radarr', 0, 0);
INSERT OR IGNORE INTO custom_format_conditions (custom_format_name, name, type, arr_type, negate, required) VALUES ('Dubs Only', 'KamiFS', 'pattern', 'radarr', 0, 0);
INSERT OR IGNORE INTO custom_format_conditions (custom_format_name, name, type, arr_type, negate, required) VALUES ('Dubs Only', 'KS Not Dual Audio', 'pattern', 'radarr', 0, 0);
INSERT OR IGNORE INTO custom_format_conditions (custom_format_name, name, type, arr_type, negate, required) VALUES ('Dubs Only', 'torenter69', 'pattern', 'radarr', 0, 0);
INSERT OR IGNORE INTO custom_format_conditions (custom_format_name, name, type, arr_type, negate, required) VALUES ('Dubs Only', 'Yameii', 'pattern', 'radarr', 0, 0);

INSERT OR IGNORE INTO custom_formats (name, description, include_in_rename) VALUES ('Dutch Groups', '9de657fd3d327ecf144ec73dfe3a3e9a', 0);
INSERT OR IGNORE INTO condition_patterns (custom_format_name, condition_name, regular_expression_name) VALUES ('Dutch Groups', 'Dutch Groups', 'Dutch_Groups_Dutch_Groups');
INSERT OR IGNORE INTO regular_expressions (name, pattern) VALUES ('Dutch_Groups_Dutch_Groups', '-CyTSuNee|-SHiTSoNy|-QoQ');
INSERT OR IGNORE INTO custom_format_conditions (custom_format_name, name, type, arr_type, negate, required) VALUES ('Dutch Groups', 'Dutch Groups', 'pattern', 'radarr', 0, 1);

INSERT OR IGNORE INTO custom_formats (name, description, include_in_rename) VALUES ('DV Boost', 'b337d6812e06c200ec9a2d3cfa9d20a7', 0);
INSERT OR IGNORE INTO condition_patterns (custom_format_name, condition_name, regular_expression_name) VALUES ('DV Boost', 'DV', 'DV_Boost_DV');
INSERT OR IGNORE INTO regular_expressions (name, pattern) VALUES ('DV_Boost_DV', '\b(dv|dovi|dolby[ .]?v(ision)?)\b');
INSERT OR IGNORE INTO custom_format_conditions (custom_format_name, name, type, arr_type, negate, required) VALUES ('DV Boost', 'DV', 'pattern', 'radarr', 0, 0);

INSERT OR IGNORE INTO custom_formats (name, description, include_in_rename) VALUES ('DV (Disk)', 'f700d29429c023a5734505e77daeaea7', 0);
INSERT OR IGNORE INTO condition_patterns (custom_format_name, condition_name, regular_expression_name) VALUES ('DV (Disk)', 'FraMeSToR', 'DV_(Disk)_FraMeSToR');
INSERT OR IGNORE INTO condition_patterns (custom_format_name, condition_name, regular_expression_name) VALUES ('DV (Disk)', 'DV', 'DV_(Disk)_DV');
INSERT OR IGNORE INTO condition_patterns (custom_format_name, condition_name, regular_expression_name) VALUES ('DV (Disk)', 'No FANRES', 'DV_(Disk)_No_FANRES');
INSERT OR IGNORE INTO condition_patterns (custom_format_name, condition_name, regular_expression_name) VALUES ('DV (Disk)', 'Not Hybrid', 'DV_(Disk)_Not_Hybrid');
INSERT OR IGNORE INTO condition_patterns (custom_format_name, condition_name, regular_expression_name) VALUES ('DV (Disk)', 'Not Hybrid Release Group', 'DV_(Disk)_Not_Hybrid_Release_Group');
INSERT OR IGNORE INTO regular_expressions (name, pattern) VALUES ('DV_(Disk)_FraMeSToR', '\b(FraMeSToR)\b');
INSERT OR IGNORE INTO regular_expressions (name, pattern) VALUES ('DV_(Disk)_DV', '\b(dv|dovi|dolby[ .]?v(ision)?)\b');
INSERT OR IGNORE INTO regular_expressions (name, pattern) VALUES ('DV_(Disk)_No_FANRES', '\b(FANRES)\b');
INSERT OR IGNORE INTO regular_expressions (name, pattern) VALUES ('DV_(Disk)_Not_Hybrid', '\bhybrid(\b|\d)');
INSERT OR IGNORE INTO regular_expressions (name, pattern) VALUES ('DV_(Disk)_Not_Hybrid_Release_Group', '-HYBRID');
INSERT OR IGNORE INTO custom_format_conditions (custom_format_name, name, type, arr_type, negate, required) VALUES ('DV (Disk)', 'FraMeSToR', 'pattern', 'radarr', 0, 1);
INSERT OR IGNORE INTO custom_format_conditions (custom_format_name, name, type, arr_type, negate, required) VALUES ('DV (Disk)', 'DV', 'pattern', 'radarr', 0, 1);
INSERT OR IGNORE INTO custom_format_conditions (custom_format_name, name, type, arr_type, negate, required) VALUES ('DV (Disk)', 'No FANRES', 'pattern', 'radarr', 1, 1);
INSERT OR IGNORE INTO custom_format_conditions (custom_format_name, name, type, arr_type, negate, required) VALUES ('DV (Disk)', 'Not Hybrid', 'pattern', 'radarr', 1, 1);
INSERT OR IGNORE INTO custom_format_conditions (custom_format_name, name, type, arr_type, negate, required) VALUES ('DV (Disk)', 'Not Hybrid Release Group', 'pattern', 'radarr', 1, 1);

INSERT OR IGNORE INTO custom_formats (name, description, include_in_rename) VALUES ('DV (w/o HDR fallback)', '923b6abef9b17f937fab56cfcf89e1f1', 0);
INSERT OR IGNORE INTO condition_patterns (custom_format_name, condition_name, regular_expression_name) VALUES ('DV (w/o HDR fallback)', 'Dolby Vision', 'DV_(w/o_HDR_fallback)_Dolby_Vision');
INSERT OR IGNORE INTO condition_patterns (custom_format_name, condition_name, regular_expression_name) VALUES ('DV (w/o HDR fallback)', 'Not RlsGrp', 'DV_(w/o_HDR_fallback)_Not_RlsGrp');
INSERT OR IGNORE INTO condition_patterns (custom_format_name, condition_name, regular_expression_name) VALUES ('DV (w/o HDR fallback)', 'Not HDR', 'DV_(w/o_HDR_fallback)_Not_HDR');
INSERT OR IGNORE INTO condition_patterns (custom_format_name, condition_name, regular_expression_name) VALUES ('DV (w/o HDR fallback)', 'Not Hulu', 'DV_(w/o_HDR_fallback)_Not_Hulu');
INSERT OR IGNORE INTO condition_sources (custom_format_name, condition_name, source) VALUES ('DV (w/o HDR fallback)', 'WEBDL', 'WEBDL');
INSERT OR IGNORE INTO condition_sources (custom_format_name, condition_name, source) VALUES ('DV (w/o HDR fallback)', 'WEBRIP', 'WEBRIP');
INSERT OR IGNORE INTO regular_expressions (name, pattern) VALUES ('DV_(w/o_HDR_fallback)_Dolby_Vision', '\b(dv|dovi|dolby[ .]?V(ision)?)\b');
INSERT OR IGNORE INTO regular_expressions (name, pattern) VALUES ('DV_(w/o_HDR_fallback)_Not_RlsGrp', '\b(Flights)\b');
INSERT OR IGNORE INTO regular_expressions (name, pattern) VALUES ('DV_(w/o_HDR_fallback)_Not_HDR', '\bHDR(\b|\d)');
INSERT OR IGNORE INTO regular_expressions (name, pattern) VALUES ('DV_(w/o_HDR_fallback)_Not_Hulu', '\b(hulu)\b');
INSERT OR IGNORE INTO custom_format_conditions (custom_format_name, name, type, arr_type, negate, required) VALUES ('DV (w/o HDR fallback)', 'Dolby Vision', 'pattern', 'radarr', 0, 1);
INSERT OR IGNORE INTO custom_format_conditions (custom_format_name, name, type, arr_type, negate, required) VALUES ('DV (w/o HDR fallback)', 'WEBDL', 'source', 'radarr', 0, 0);
INSERT OR IGNORE INTO custom_format_conditions (custom_format_name, name, type, arr_type, negate, required) VALUES ('DV (w/o HDR fallback)', 'WEBRIP', 'source', 'radarr', 0, 0);
INSERT OR IGNORE INTO custom_format_conditions (custom_format_name, name, type, arr_type, negate, required) VALUES ('DV (w/o HDR fallback)', 'Not RlsGrp', 'pattern', 'radarr', 1, 1);
INSERT OR IGNORE INTO custom_format_conditions (custom_format_name, name, type, arr_type, negate, required) VALUES ('DV (w/o HDR fallback)', 'Not HDR', 'pattern', 'radarr', 1, 1);
INSERT OR IGNORE INTO custom_format_conditions (custom_format_name, name, type, arr_type, negate, required) VALUES ('DV (w/o HDR fallback)', 'Not Hulu', 'pattern', 'radarr', 1, 1);

INSERT OR IGNORE INTO custom_formats (name, description, include_in_rename) VALUES ('Extras', '0a3f082873eb454bde444150b70253cc', 0);
INSERT OR IGNORE INTO condition_patterns (custom_format_name, condition_name, regular_expression_name) VALUES ('Extras', 'Extras', 'Extras_Extras');
INSERT OR IGNORE INTO regular_expressions (name, pattern) VALUES ('Extras_Extras', '(?<=\b[12]\d{3}\b).*\b(Extras|Bonus|Extended[ ._-]Clip)\b');
INSERT OR IGNORE INTO custom_format_conditions (custom_format_name, name, type, arr_type, negate, required) VALUES ('Extras', 'Extras', 'pattern', 'radarr', 0, 1);

INSERT OR IGNORE INTO custom_formats (name, description, include_in_rename) VALUES ('FanSUB', '02e48d30a176c91baf9e15de05e5dc6a', 0);
INSERT OR IGNORE INTO condition_patterns (custom_format_name, condition_name, regular_expression_name) VALUES ('FanSUB', 'FanSUB', 'FanSUB_FanSUB');
INSERT OR IGNORE INTO regular_expressions (name, pattern) VALUES ('FanSUB_FanSUB', '\b(FanSUB)\b');
INSERT OR IGNORE INTO custom_format_conditions (custom_format_name, name, type, arr_type, negate, required) VALUES ('FanSUB', 'FanSUB', 'pattern', 'radarr', 0, 1);

INSERT OR IGNORE INTO custom_formats (name, description, include_in_rename) VALUES ('FastSUB', '7f9b93f82b7e996391525f2be1d891e0', 0);
INSERT OR IGNORE INTO condition_patterns (custom_format_name, condition_name, regular_expression_name) VALUES ('FastSUB', 'FastSUB', 'FastSUB_FastSUB');
INSERT OR IGNORE INTO regular_expressions (name, pattern) VALUES ('FastSUB_FastSUB', '\b(FastSUB)\b');
INSERT OR IGNORE INTO custom_format_conditions (custom_format_name, name, type, arr_type, negate, required) VALUES ('FastSUB', 'FastSUB', 'pattern', 'radarr', 0, 1);

INSERT OR IGNORE INTO custom_formats (name, description, include_in_rename) VALUES ('FLAC', 'a570d4a0e56a2874b64e5bfa55202a1b', 0);
INSERT OR IGNORE INTO condition_patterns (custom_format_name, condition_name, regular_expression_name) VALUES ('FLAC', 'FLAC', 'FLAC_FLAC');
INSERT OR IGNORE INTO condition_patterns (custom_format_name, condition_name, regular_expression_name) VALUES ('FLAC', 'Not PCM', 'FLAC_Not_PCM');
INSERT OR IGNORE INTO condition_patterns (custom_format_name, condition_name, regular_expression_name) VALUES ('FLAC', 'Not AAC', 'FLAC_Not_AAC');
INSERT OR IGNORE INTO condition_patterns (custom_format_name, condition_name, regular_expression_name) VALUES ('FLAC', 'Not DTS', 'FLAC_Not_DTS');
INSERT OR IGNORE INTO condition_patterns (custom_format_name, condition_name, regular_expression_name) VALUES ('FLAC', 'Not TrueHDATMOS', 'FLAC_Not_TrueHDATMOS');
INSERT OR IGNORE INTO condition_patterns (custom_format_name, condition_name, regular_expression_name) VALUES ('FLAC', 'Not Basic Dolby Digital', 'FLAC_Not_Basic_Dolby_Digital');
INSERT OR IGNORE INTO condition_patterns (custom_format_name, condition_name, regular_expression_name) VALUES ('FLAC', 'Not Dolby Digital Plus ', 'FLAC_Not_Dolby_Digital_Plus_');
INSERT OR IGNORE INTO regular_expressions (name, pattern) VALUES ('FLAC_FLAC', '\bFLAC(\b|\d)');
INSERT OR IGNORE INTO regular_expressions (name, pattern) VALUES ('FLAC_Not_PCM', '\b(l?)PCM(\b|\d)');
INSERT OR IGNORE INTO regular_expressions (name, pattern) VALUES ('FLAC_Not_AAC', '\bAAC(\b|\d)');
INSERT OR IGNORE INTO regular_expressions (name, pattern) VALUES ('FLAC_Not_DTS', '\bDTS(\b|\d)');
INSERT OR IGNORE INTO regular_expressions (name, pattern) VALUES ('FLAC_Not_TrueHDATMOS', 'True[ .-]?HD|\bATMOS(\b|\d)');
INSERT OR IGNORE INTO regular_expressions (name, pattern) VALUES ('FLAC_Not_Basic_Dolby_Digital', '\bDD[^a-z+]|(?<!e-)\b(ac-?3)\b');
INSERT OR IGNORE INTO regular_expressions (name, pattern) VALUES ('FLAC_Not_Dolby_Digital_Plus_', '\bDD[P+]|\b(e[-_. ]?ac-?3)\b');
INSERT OR IGNORE INTO custom_format_conditions (custom_format_name, name, type, arr_type, negate, required) VALUES ('FLAC', 'FLAC', 'pattern', 'radarr', 0, 1);
INSERT OR IGNORE INTO custom_format_conditions (custom_format_name, name, type, arr_type, negate, required) VALUES ('FLAC', 'Not PCM', 'pattern', 'radarr', 1, 1);
INSERT OR IGNORE INTO custom_format_conditions (custom_format_name, name, type, arr_type, negate, required) VALUES ('FLAC', 'Not AAC', 'pattern', 'radarr', 1, 1);
INSERT OR IGNORE INTO custom_format_conditions (custom_format_name, name, type, arr_type, negate, required) VALUES ('FLAC', 'Not DTS', 'pattern', 'radarr', 1, 1);
INSERT OR IGNORE INTO custom_format_conditions (custom_format_name, name, type, arr_type, negate, required) VALUES ('FLAC', 'Not TrueHDATMOS', 'pattern', 'radarr', 1, 1);
INSERT OR IGNORE INTO custom_format_conditions (custom_format_name, name, type, arr_type, negate, required) VALUES ('FLAC', 'Not Basic Dolby Digital', 'pattern', 'radarr', 1, 1);
INSERT OR IGNORE INTO custom_format_conditions (custom_format_name, name, type, arr_type, negate, required) VALUES ('FLAC', 'Not Dolby Digital Plus ', 'pattern', 'radarr', 1, 1);

INSERT OR IGNORE INTO custom_formats (name, description, include_in_rename) VALUES ('FLUX', 'e098247bc6652dd88c76644b275260ed', 0);
INSERT OR IGNORE INTO condition_patterns (custom_format_name, condition_name, regular_expression_name) VALUES ('FLUX', 'FLUX', 'FLUX_FLUX');
INSERT OR IGNORE INTO regular_expressions (name, pattern) VALUES ('FLUX_FLUX', '^(FLUX)$');
INSERT OR IGNORE INTO custom_format_conditions (custom_format_name, name, type, arr_type, negate, required) VALUES ('FLUX', 'FLUX', 'pattern', 'radarr', 0, 1);

INSERT OR IGNORE INTO custom_formats (name, description, include_in_rename) VALUES ('FOD', '917d1f2c845b2b466036b0cc2d7c72a3', 1);
INSERT OR IGNORE INTO condition_patterns (custom_format_name, condition_name, regular_expression_name) VALUES ('FOD', 'FOD', 'FOD_FOD');
INSERT OR IGNORE INTO condition_sources (custom_format_name, condition_name, source) VALUES ('FOD', 'WEBDL', 'WEBDL');
INSERT OR IGNORE INTO condition_sources (custom_format_name, condition_name, source) VALUES ('FOD', 'WEBRIP', 'WEBRIP');
INSERT OR IGNORE INTO regular_expressions (name, pattern) VALUES ('FOD_FOD', '\b(fod)\b');
INSERT OR IGNORE INTO custom_format_conditions (custom_format_name, name, type, arr_type, negate, required) VALUES ('FOD', 'FOD', 'pattern', 'radarr', 0, 1);
INSERT OR IGNORE INTO custom_format_conditions (custom_format_name, name, type, arr_type, negate, required) VALUES ('FOD', 'WEBDL', 'source', 'radarr', 0, 0);
INSERT OR IGNORE INTO custom_format_conditions (custom_format_name, name, type, arr_type, negate, required) VALUES ('FOD', 'WEBRIP', 'source', 'radarr', 0, 0);

INSERT OR IGNORE INTO custom_formats (name, description, include_in_rename) VALUES ('FraMeSToR', 'ff5bc9e8ce91d46c997ca3ac6994d6f8', 0);
INSERT OR IGNORE INTO condition_patterns (custom_format_name, condition_name, regular_expression_name) VALUES ('FraMeSToR', 'FraMeSToR', 'FraMeSToR_FraMeSToR');
INSERT OR IGNORE INTO regular_expressions (name, pattern) VALUES ('FraMeSToR_FraMeSToR', '^(FraMeSToR)$');
INSERT OR IGNORE INTO custom_format_conditions (custom_format_name, name, type, arr_type, negate, required) VALUES ('FraMeSToR', 'FraMeSToR', 'pattern', 'radarr', 0, 1);

INSERT OR IGNORE INTO custom_formats (name, description, include_in_rename) VALUES ('FreeLeech', '0d91270a7255a1e388fa85e959f359d8', 0);
INSERT OR IGNORE INTO condition_indexer_flags (custom_format_name, condition_name, flag) VALUES ('FreeLeech', 'FreeLeech', '1');
INSERT OR IGNORE INTO custom_format_conditions (custom_format_name, name, type, arr_type, negate, required) VALUES ('FreeLeech', 'FreeLeech', 'indexer_flag', 'radarr', 0, 0);

INSERT OR IGNORE INTO custom_formats (name, description, include_in_rename) VALUES ('FR Anime FanSub', 'eb1e434d8e46cb3f728c79f8e4400bfd', 0);
INSERT OR IGNORE INTO condition_patterns (custom_format_name, condition_name, regular_expression_name) VALUES ('FR Anime FanSub', 'Anime-Heart', 'FR_Anime_FanSub_Anime-Heart');
INSERT OR IGNORE INTO condition_patterns (custom_format_name, condition_name, regular_expression_name) VALUES ('FR Anime FanSub', 'Kaerizaki-Fansub', 'FR_Anime_FanSub_Kaerizaki-Fansub');
INSERT OR IGNORE INTO condition_patterns (custom_format_name, condition_name, regular_expression_name) VALUES ('FR Anime FanSub', 'Natsumi-no-Sekai', 'FR_Anime_FanSub_Natsumi-no-Sekai');
INSERT OR IGNORE INTO condition_patterns (custom_format_name, condition_name, regular_expression_name) VALUES ('FR Anime FanSub', 'NekoYu', 'FR_Anime_FanSub_NekoYu');
INSERT OR IGNORE INTO condition_patterns (custom_format_name, condition_name, regular_expression_name) VALUES ('FR Anime FanSub', 'Onii-ChanSub', 'FR_Anime_FanSub_Onii-ChanSub');
INSERT OR IGNORE INTO condition_patterns (custom_format_name, condition_name, regular_expression_name) VALUES ('FR Anime FanSub', 'Owlolf', 'FR_Anime_FanSub_Owlolf');
INSERT OR IGNORE INTO condition_patterns (custom_format_name, condition_name, regular_expression_name) VALUES ('FR Anime FanSub', 'Pikari-Teshima', 'FR_Anime_FanSub_Pikari-Teshima');
INSERT OR IGNORE INTO condition_patterns (custom_format_name, condition_name, regular_expression_name) VALUES ('FR Anime FanSub', 'Seimeisen', 'FR_Anime_FanSub_Seimeisen');
INSERT OR IGNORE INTO condition_patterns (custom_format_name, condition_name, regular_expression_name) VALUES ('FR Anime FanSub', 'Team Arcedo', 'FR_Anime_FanSub_Team_Arcedo');
INSERT OR IGNORE INTO condition_patterns (custom_format_name, condition_name, regular_expression_name) VALUES ('FR Anime FanSub', 'Yarashii', 'FR_Anime_FanSub_Yarashii');
INSERT OR IGNORE INTO condition_patterns (custom_format_name, condition_name, regular_expression_name) VALUES ('FR Anime FanSub', 'Yangire-Raws', 'FR_Anime_FanSub_Yangire-Raws');
INSERT OR IGNORE INTO regular_expressions (name, pattern) VALUES ('FR_Anime_FanSub_Anime-Heart', '\b(Anime[ .-]?Heart)\b');
INSERT OR IGNORE INTO regular_expressions (name, pattern) VALUES ('FR_Anime_FanSub_Kaerizaki-Fansub', '\b(Kaerizaki[ .-]?Fansub)\b');
INSERT OR IGNORE INTO regular_expressions (name, pattern) VALUES ('FR_Anime_FanSub_Natsumi-no-Sekai', '\b(Natsumi[ .-]?no[ .-]?Sekai)\b');
INSERT OR IGNORE INTO regular_expressions (name, pattern) VALUES ('FR_Anime_FanSub_NekoYu', '\b(NekoYu\''?)\b');
INSERT OR IGNORE INTO regular_expressions (name, pattern) VALUES ('FR_Anime_FanSub_Onii-ChanSub', '\b(Onii[ .-]?ChanSub)\b');
INSERT OR IGNORE INTO regular_expressions (name, pattern) VALUES ('FR_Anime_FanSub_Owlolf', '\b(Owlolf)\b');
INSERT OR IGNORE INTO regular_expressions (name, pattern) VALUES ('FR_Anime_FanSub_Pikari-Teshima', '\b(Pikari[ .-]?Teshima)\b');
INSERT OR IGNORE INTO regular_expressions (name, pattern) VALUES ('FR_Anime_FanSub_Seimeisen', '\b(Seimeisen)\b');
INSERT OR IGNORE INTO regular_expressions (name, pattern) VALUES ('FR_Anime_FanSub_Team_Arcedo', '\b((Team[ .-])?Arcedo)\b');
INSERT OR IGNORE INTO regular_expressions (name, pattern) VALUES ('FR_Anime_FanSub_Yarashii', '\b(Yarashii)\b');
INSERT OR IGNORE INTO regular_expressions (name, pattern) VALUES ('FR_Anime_FanSub_Yangire-Raws', '\b(Yangire[ .-]?Raws)\b');
INSERT OR IGNORE INTO custom_format_conditions (custom_format_name, name, type, arr_type, negate, required) VALUES ('FR Anime FanSub', 'Anime-Heart', 'pattern', 'radarr', 0, 0);
INSERT OR IGNORE INTO custom_format_conditions (custom_format_name, name, type, arr_type, negate, required) VALUES ('FR Anime FanSub', 'Kaerizaki-Fansub', 'pattern', 'radarr', 0, 0);
INSERT OR IGNORE INTO custom_format_conditions (custom_format_name, name, type, arr_type, negate, required) VALUES ('FR Anime FanSub', 'Natsumi-no-Sekai', 'pattern', 'radarr', 0, 0);
INSERT OR IGNORE INTO custom_format_conditions (custom_format_name, name, type, arr_type, negate, required) VALUES ('FR Anime FanSub', 'NekoYu', 'pattern', 'radarr', 0, 0);
INSERT OR IGNORE INTO custom_format_conditions (custom_format_name, name, type, arr_type, negate, required) VALUES ('FR Anime FanSub', 'Onii-ChanSub', 'pattern', 'radarr', 0, 0);
INSERT OR IGNORE INTO custom_format_conditions (custom_format_name, name, type, arr_type, negate, required) VALUES ('FR Anime FanSub', 'Owlolf', 'pattern', 'radarr', 0, 0);
INSERT OR IGNORE INTO custom_format_conditions (custom_format_name, name, type, arr_type, negate, required) VALUES ('FR Anime FanSub', 'Pikari-Teshima', 'pattern', 'radarr', 0, 0);
INSERT OR IGNORE INTO custom_format_conditions (custom_format_name, name, type, arr_type, negate, required) VALUES ('FR Anime FanSub', 'Seimeisen', 'pattern', 'radarr', 0, 0);
INSERT OR IGNORE INTO custom_format_conditions (custom_format_name, name, type, arr_type, negate, required) VALUES ('FR Anime FanSub', 'Team Arcedo', 'pattern', 'radarr', 0, 0);
INSERT OR IGNORE INTO custom_format_conditions (custom_format_name, name, type, arr_type, negate, required) VALUES ('FR Anime FanSub', 'Yarashii', 'pattern', 'radarr', 0, 0);
INSERT OR IGNORE INTO custom_format_conditions (custom_format_name, name, type, arr_type, negate, required) VALUES ('FR Anime FanSub', 'Yangire-Raws', 'pattern', 'radarr', 0, 0);

INSERT OR IGNORE INTO custom_formats (name, description, include_in_rename) VALUES ('FR Anime Tier 01', '03520acbc5e46ce326be984534792d28', 0);
INSERT OR IGNORE INTO condition_patterns (custom_format_name, condition_name, regular_expression_name) VALUES ('FR Anime Tier 01', 'Darki', 'FR_Anime_Tier_01_Darki');
INSERT OR IGNORE INTO condition_patterns (custom_format_name, condition_name, regular_expression_name) VALUES ('FR Anime Tier 01', 'Delivroozzi', 'FR_Anime_Tier_01_Delivroozzi');
INSERT OR IGNORE INTO condition_patterns (custom_format_name, condition_name, regular_expression_name) VALUES ('FR Anime Tier 01', 'Fuceo', 'FR_Anime_Tier_01_Fuceo');
INSERT OR IGNORE INTO condition_patterns (custom_format_name, condition_name, regular_expression_name) VALUES ('FR Anime Tier 01', 'Good Job Alexis', 'FR_Anime_Tier_01_Good_Job_Alexis');
INSERT OR IGNORE INTO condition_patterns (custom_format_name, condition_name, regular_expression_name) VALUES ('FR Anime Tier 01', 'Punisher694', 'FR_Anime_Tier_01_Punisher694');
INSERT OR IGNORE INTO condition_patterns (custom_format_name, condition_name, regular_expression_name) VALUES ('FR Anime Tier 01', 'SR-71', 'FR_Anime_Tier_01_SR-71');
INSERT OR IGNORE INTO condition_patterns (custom_format_name, condition_name, regular_expression_name) VALUES ('FR Anime Tier 01', 'T3KASHi', 'FR_Anime_Tier_01_T3KASHi');
INSERT OR IGNORE INTO condition_patterns (custom_format_name, condition_name, regular_expression_name) VALUES ('FR Anime Tier 01', 'TANOSHii', 'FR_Anime_Tier_01_TANOSHii');
INSERT OR IGNORE INTO condition_patterns (custom_format_name, condition_name, regular_expression_name) VALUES ('FR Anime Tier 01', 'Tsundere-Raws', 'FR_Anime_Tier_01_Tsundere-Raws');
INSERT OR IGNORE INTO regular_expressions (name, pattern) VALUES ('FR_Anime_Tier_01_Darki', '\b(Darki)\b');
INSERT OR IGNORE INTO regular_expressions (name, pattern) VALUES ('FR_Anime_Tier_01_Delivroozzi', '\b(Delivroozzi)\b');
INSERT OR IGNORE INTO regular_expressions (name, pattern) VALUES ('FR_Anime_Tier_01_Fuceo', '\b(Fuceo)\b');
INSERT OR IGNORE INTO regular_expressions (name, pattern) VALUES ('FR_Anime_Tier_01_Good_Job_Alexis', '\b(Good[ .-]?(Job|Rip|Sub)!?[ .-]?Alexis)\b');
INSERT OR IGNORE INTO regular_expressions (name, pattern) VALUES ('FR_Anime_Tier_01_Punisher694', '\b(Punisher694)\b');
INSERT OR IGNORE INTO regular_expressions (name, pattern) VALUES ('FR_Anime_Tier_01_SR-71', '\b(SR-71)\b');
INSERT OR IGNORE INTO regular_expressions (name, pattern) VALUES ('FR_Anime_Tier_01_T3KASHi', '\b(T3KASHi)\b');
INSERT OR IGNORE INTO regular_expressions (name, pattern) VALUES ('FR_Anime_Tier_01_TANOSHii', '\b(-TANOSHii)\b');
INSERT OR IGNORE INTO regular_expressions (name, pattern) VALUES ('FR_Anime_Tier_01_Tsundere-Raws', '\b(Tsundere[ .-]?Raws)\b');
INSERT OR IGNORE INTO custom_format_conditions (custom_format_name, name, type, arr_type, negate, required) VALUES ('FR Anime Tier 01', 'Darki', 'pattern', 'radarr', 0, 0);
INSERT OR IGNORE INTO custom_format_conditions (custom_format_name, name, type, arr_type, negate, required) VALUES ('FR Anime Tier 01', 'Delivroozzi', 'pattern', 'radarr', 0, 0);
INSERT OR IGNORE INTO custom_format_conditions (custom_format_name, name, type, arr_type, negate, required) VALUES ('FR Anime Tier 01', 'Fuceo', 'pattern', 'radarr', 0, 0);
INSERT OR IGNORE INTO custom_format_conditions (custom_format_name, name, type, arr_type, negate, required) VALUES ('FR Anime Tier 01', 'Good Job Alexis', 'pattern', 'radarr', 0, 0);
INSERT OR IGNORE INTO custom_format_conditions (custom_format_name, name, type, arr_type, negate, required) VALUES ('FR Anime Tier 01', 'Punisher694', 'pattern', 'radarr', 0, 0);
INSERT OR IGNORE INTO custom_format_conditions (custom_format_name, name, type, arr_type, negate, required) VALUES ('FR Anime Tier 01', 'SR-71', 'pattern', 'radarr', 0, 0);
INSERT OR IGNORE INTO custom_format_conditions (custom_format_name, name, type, arr_type, negate, required) VALUES ('FR Anime Tier 01', 'T3KASHi', 'pattern', 'radarr', 0, 0);
INSERT OR IGNORE INTO custom_format_conditions (custom_format_name, name, type, arr_type, negate, required) VALUES ('FR Anime Tier 01', 'TANOSHii', 'pattern', 'radarr', 0, 0);
INSERT OR IGNORE INTO custom_format_conditions (custom_format_name, name, type, arr_type, negate, required) VALUES ('FR Anime Tier 01', 'Tsundere-Raws', 'pattern', 'radarr', 0, 0);

INSERT OR IGNORE INTO custom_formats (name, description, include_in_rename) VALUES ('FR Anime Tier 02', '20393e1196752dc37b25b80dfd2f8f57', 0);
INSERT OR IGNORE INTO condition_patterns (custom_format_name, condition_name, regular_expression_name) VALUES ('FR Anime Tier 02', 'Aoi-Project', 'FR_Anime_Tier_02_Aoi-Project');
INSERT OR IGNORE INTO condition_patterns (custom_format_name, condition_name, regular_expression_name) VALUES ('FR Anime Tier 02', 'Elecman', 'FR_Anime_Tier_02_Elecman');
INSERT OR IGNORE INTO condition_patterns (custom_format_name, condition_name, regular_expression_name) VALUES ('FR Anime Tier 02', 'FUJiSAN', 'FR_Anime_Tier_02_FUJiSAN');
INSERT OR IGNORE INTO condition_patterns (custom_format_name, condition_name, regular_expression_name) VALUES ('FR Anime Tier 02', 'GundamGuy', 'FR_Anime_Tier_02_GundamGuy');
INSERT OR IGNORE INTO condition_patterns (custom_format_name, condition_name, regular_expression_name) VALUES ('FR Anime Tier 02', 'IssouCorp', 'FR_Anime_Tier_02_IssouCorp');
INSERT OR IGNORE INTO condition_patterns (custom_format_name, condition_name, regular_expression_name) VALUES ('FR Anime Tier 02', 'KAF', 'FR_Anime_Tier_02_KAF');
INSERT OR IGNORE INTO condition_patterns (custom_format_name, condition_name, regular_expression_name) VALUES ('FR Anime Tier 02', 'Nagutos', 'FR_Anime_Tier_02_Nagutos');
INSERT OR IGNORE INTO condition_patterns (custom_format_name, condition_name, regular_expression_name) VALUES ('FR Anime Tier 02', 'OECUF', 'FR_Anime_Tier_02_OECUF');
INSERT OR IGNORE INTO condition_patterns (custom_format_name, condition_name, regular_expression_name) VALUES ('FR Anime Tier 02', 'XSPITFIRE911', 'FR_Anime_Tier_02_XSPITFIRE911');
INSERT OR IGNORE INTO regular_expressions (name, pattern) VALUES ('FR_Anime_Tier_02_Aoi-Project', '\b(Aoi[ .-]?Project)\b');
INSERT OR IGNORE INTO regular_expressions (name, pattern) VALUES ('FR_Anime_Tier_02_Elecman', '\b(Elecman)\b');
INSERT OR IGNORE INTO regular_expressions (name, pattern) VALUES ('FR_Anime_Tier_02_FUJiSAN', '\b(FUJiSAN)\b');
INSERT OR IGNORE INTO regular_expressions (name, pattern) VALUES ('FR_Anime_Tier_02_GundamGuy', '\b(GundamGuy)\b');
INSERT OR IGNORE INTO regular_expressions (name, pattern) VALUES ('FR_Anime_Tier_02_IssouCorp', '\b(IssouCorp)\b');
INSERT OR IGNORE INTO regular_expressions (name, pattern) VALUES ('FR_Anime_Tier_02_KAF', '\b(KAF)\b');
INSERT OR IGNORE INTO regular_expressions (name, pattern) VALUES ('FR_Anime_Tier_02_Nagutos', '\b(Nagutos)\b');
INSERT OR IGNORE INTO regular_expressions (name, pattern) VALUES ('FR_Anime_Tier_02_OECUF', '\b(OECUF)\b');
INSERT OR IGNORE INTO regular_expressions (name, pattern) VALUES ('FR_Anime_Tier_02_XSPITFIRE911', '\b(XSPITFIRE911)\b');
INSERT OR IGNORE INTO custom_format_conditions (custom_format_name, name, type, arr_type, negate, required) VALUES ('FR Anime Tier 02', 'Aoi-Project', 'pattern', 'radarr', 0, 0);
INSERT OR IGNORE INTO custom_format_conditions (custom_format_name, name, type, arr_type, negate, required) VALUES ('FR Anime Tier 02', 'Elecman', 'pattern', 'radarr', 0, 0);
INSERT OR IGNORE INTO custom_format_conditions (custom_format_name, name, type, arr_type, negate, required) VALUES ('FR Anime Tier 02', 'FUJiSAN', 'pattern', 'radarr', 0, 0);
INSERT OR IGNORE INTO custom_format_conditions (custom_format_name, name, type, arr_type, negate, required) VALUES ('FR Anime Tier 02', 'GundamGuy', 'pattern', 'radarr', 0, 0);
INSERT OR IGNORE INTO custom_format_conditions (custom_format_name, name, type, arr_type, negate, required) VALUES ('FR Anime Tier 02', 'IssouCorp', 'pattern', 'radarr', 0, 0);
INSERT OR IGNORE INTO custom_format_conditions (custom_format_name, name, type, arr_type, negate, required) VALUES ('FR Anime Tier 02', 'KAF', 'pattern', 'radarr', 0, 0);
INSERT OR IGNORE INTO custom_format_conditions (custom_format_name, name, type, arr_type, negate, required) VALUES ('FR Anime Tier 02', 'Nagutos', 'pattern', 'radarr', 0, 0);
INSERT OR IGNORE INTO custom_format_conditions (custom_format_name, name, type, arr_type, negate, required) VALUES ('FR Anime Tier 02', 'OECUF', 'pattern', 'radarr', 0, 0);
INSERT OR IGNORE INTO custom_format_conditions (custom_format_name, name, type, arr_type, negate, required) VALUES ('FR Anime Tier 02', 'XSPITFIRE911', 'pattern', 'radarr', 0, 0);

INSERT OR IGNORE INTO custom_formats (name, description, include_in_rename) VALUES ('FR Anime Tier 03', '9d2a63eda874b34e06e7a8cbea7ea639', 0);
INSERT OR IGNORE INTO condition_patterns (custom_format_name, condition_name, regular_expression_name) VALUES ('FR Anime Tier 03', 'BLV', 'FR_Anime_Tier_03_BLV');
INSERT OR IGNORE INTO condition_patterns (custom_format_name, condition_name, regular_expression_name) VALUES ('FR Anime Tier 03', 'D3T3R10R1TY', 'FR_Anime_Tier_03_D3T3R10R1TY');
INSERT OR IGNORE INTO condition_patterns (custom_format_name, condition_name, regular_expression_name) VALUES ('FR Anime Tier 03', 'Galactic', 'FR_Anime_Tier_03_Galactic');
INSERT OR IGNORE INTO condition_patterns (custom_format_name, condition_name, regular_expression_name) VALUES ('FR Anime Tier 03', 'HANAMi', 'FR_Anime_Tier_03_HANAMi');
INSERT OR IGNORE INTO condition_patterns (custom_format_name, condition_name, regular_expression_name) VALUES ('FR Anime Tier 03', 'kazuizui', 'FR_Anime_Tier_03_kazuizui');
INSERT OR IGNORE INTO condition_patterns (custom_format_name, condition_name, regular_expression_name) VALUES ('FR Anime Tier 03', 'KHAYA', 'FR_Anime_Tier_03_KHAYA');
INSERT OR IGNORE INTO condition_patterns (custom_format_name, condition_name, regular_expression_name) VALUES ('FR Anime Tier 03', 'KushEnthusiast', 'FR_Anime_Tier_03_KushEnthusiast');
INSERT OR IGNORE INTO condition_patterns (custom_format_name, condition_name, regular_expression_name) VALUES ('FR Anime Tier 03', 'matheousse', 'FR_Anime_Tier_03_matheousse');
INSERT OR IGNORE INTO condition_patterns (custom_format_name, condition_name, regular_expression_name) VALUES ('FR Anime Tier 03', 'Monkey-DLulu', 'FR_Anime_Tier_03_Monkey-DLulu');
INSERT OR IGNORE INTO condition_patterns (custom_format_name, condition_name, regular_expression_name) VALUES ('FR Anime Tier 03', 'NeoSG', 'FR_Anime_Tier_03_NeoSG');
INSERT OR IGNORE INTO condition_patterns (custom_format_name, condition_name, regular_expression_name) VALUES ('FR Anime Tier 03', 'RONiN', 'FR_Anime_Tier_03_RONiN');
INSERT OR IGNORE INTO condition_patterns (custom_format_name, condition_name, regular_expression_name) VALUES ('FR Anime Tier 03', 'TheFantastics', 'FR_Anime_Tier_03_TheFantastics');
INSERT OR IGNORE INTO condition_patterns (custom_format_name, condition_name, regular_expression_name) VALUES ('FR Anime Tier 03', 'TTN', 'FR_Anime_Tier_03_TTN');
INSERT OR IGNORE INTO regular_expressions (name, pattern) VALUES ('FR_Anime_Tier_03_BLV', '\b(BLV)\b');
INSERT OR IGNORE INTO regular_expressions (name, pattern) VALUES ('FR_Anime_Tier_03_D3T3R10R1TY', '\b(D3T3R10R1TY)\b');
INSERT OR IGNORE INTO regular_expressions (name, pattern) VALUES ('FR_Anime_Tier_03_Galactic', '\b(Galactic)\b');
INSERT OR IGNORE INTO regular_expressions (name, pattern) VALUES ('FR_Anime_Tier_03_HANAMi', '\b(HANAMi)\b');
INSERT OR IGNORE INTO regular_expressions (name, pattern) VALUES ('FR_Anime_Tier_03_kazuizui', '\b(kazui(zui)?)\b');
INSERT OR IGNORE INTO regular_expressions (name, pattern) VALUES ('FR_Anime_Tier_03_KHAYA', '\b(KHAYA)\b');
INSERT OR IGNORE INTO regular_expressions (name, pattern) VALUES ('FR_Anime_Tier_03_KushEnthusiast', '\b(KushEnthusiast)\b');
INSERT OR IGNORE INTO regular_expressions (name, pattern) VALUES ('FR_Anime_Tier_03_matheousse', '\b(matheousse)\b');
INSERT OR IGNORE INTO regular_expressions (name, pattern) VALUES ('FR_Anime_Tier_03_Monkey-DLulu', '\b(Monkey[ .-]?D[ .-]?Lulu)\b');
INSERT OR IGNORE INTO regular_expressions (name, pattern) VALUES ('FR_Anime_Tier_03_NeoSG', '\b(NeoSG)\b');
INSERT OR IGNORE INTO regular_expressions (name, pattern) VALUES ('FR_Anime_Tier_03_RONiN', '\b(RONiN)\b');
INSERT OR IGNORE INTO regular_expressions (name, pattern) VALUES ('FR_Anime_Tier_03_TheFantastics', '\b(TheFantastics)\b');
INSERT OR IGNORE INTO regular_expressions (name, pattern) VALUES ('FR_Anime_Tier_03_TTN', '\b(TTN)\b');
INSERT OR IGNORE INTO custom_format_conditions (custom_format_name, name, type, arr_type, negate, required) VALUES ('FR Anime Tier 03', 'BLV', 'pattern', 'radarr', 0, 0);
INSERT OR IGNORE INTO custom_format_conditions (custom_format_name, name, type, arr_type, negate, required) VALUES ('FR Anime Tier 03', 'D3T3R10R1TY', 'pattern', 'radarr', 0, 0);
INSERT OR IGNORE INTO custom_format_conditions (custom_format_name, name, type, arr_type, negate, required) VALUES ('FR Anime Tier 03', 'Galactic', 'pattern', 'radarr', 0, 0);
INSERT OR IGNORE INTO custom_format_conditions (custom_format_name, name, type, arr_type, negate, required) VALUES ('FR Anime Tier 03', 'HANAMi', 'pattern', 'radarr', 0, 0);
INSERT OR IGNORE INTO custom_format_conditions (custom_format_name, name, type, arr_type, negate, required) VALUES ('FR Anime Tier 03', 'kazuizui', 'pattern', 'radarr', 0, 0);
INSERT OR IGNORE INTO custom_format_conditions (custom_format_name, name, type, arr_type, negate, required) VALUES ('FR Anime Tier 03', 'KHAYA', 'pattern', 'radarr', 0, 0);
INSERT OR IGNORE INTO custom_format_conditions (custom_format_name, name, type, arr_type, negate, required) VALUES ('FR Anime Tier 03', 'KushEnthusiast', 'pattern', 'radarr', 0, 0);
INSERT OR IGNORE INTO custom_format_conditions (custom_format_name, name, type, arr_type, negate, required) VALUES ('FR Anime Tier 03', 'matheousse', 'pattern', 'radarr', 0, 0);
INSERT OR IGNORE INTO custom_format_conditions (custom_format_name, name, type, arr_type, negate, required) VALUES ('FR Anime Tier 03', 'Monkey-DLulu', 'pattern', 'radarr', 0, 0);
INSERT OR IGNORE INTO custom_format_conditions (custom_format_name, name, type, arr_type, negate, required) VALUES ('FR Anime Tier 03', 'NeoSG', 'pattern', 'radarr', 0, 0);
INSERT OR IGNORE INTO custom_format_conditions (custom_format_name, name, type, arr_type, negate, required) VALUES ('FR Anime Tier 03', 'RONiN', 'pattern', 'radarr', 0, 0);
INSERT OR IGNORE INTO custom_format_conditions (custom_format_name, name, type, arr_type, negate, required) VALUES ('FR Anime Tier 03', 'TheFantastics', 'pattern', 'radarr', 0, 0);
INSERT OR IGNORE INTO custom_format_conditions (custom_format_name, name, type, arr_type, negate, required) VALUES ('FR Anime Tier 03', 'TTN', 'pattern', 'radarr', 0, 0);

INSERT OR IGNORE INTO custom_formats (name, description, include_in_rename) VALUES ('FR HD Bluray Tier 01', '5322da05b19d857acc1e75be3edf47b3', 0);
INSERT OR IGNORE INTO condition_patterns (custom_format_name, condition_name, regular_expression_name) VALUES ('FR HD Bluray Tier 01', 'BDHD', 'FR_HD_Bluray_Tier_01_BDHD');
INSERT OR IGNORE INTO condition_patterns (custom_format_name, condition_name, regular_expression_name) VALUES ('FR HD Bluray Tier 01', 'FoX', 'FR_HD_Bluray_Tier_01_FoX');
INSERT OR IGNORE INTO condition_patterns (custom_format_name, condition_name, regular_expression_name) VALUES ('FR HD Bluray Tier 01', 'FRATERNiTY', 'FR_HD_Bluray_Tier_01_FRATERNiTY');
INSERT OR IGNORE INTO condition_patterns (custom_format_name, condition_name, regular_expression_name) VALUES ('FR HD Bluray Tier 01', 'FrIeNdS', 'FR_HD_Bluray_Tier_01_FrIeNdS');
INSERT OR IGNORE INTO condition_patterns (custom_format_name, condition_name, regular_expression_name) VALUES ('FR HD Bluray Tier 01', 'MAX', 'FR_HD_Bluray_Tier_01_MAX');
INSERT OR IGNORE INTO condition_patterns (custom_format_name, condition_name, regular_expression_name) VALUES ('FR HD Bluray Tier 01', 'Psaro', 'FR_HD_Bluray_Tier_01_Psaro');
INSERT OR IGNORE INTO condition_patterns (custom_format_name, condition_name, regular_expression_name) VALUES ('FR HD Bluray Tier 01', 'YODA', 'FR_HD_Bluray_Tier_01_YODA');
INSERT OR IGNORE INTO condition_sources (custom_format_name, condition_name, source) VALUES ('FR HD Bluray Tier 01', 'BLURAY', 'BLURAY');
INSERT OR IGNORE INTO condition_resolutions (custom_format_name, condition_name, resolution) VALUES ('FR HD Bluray Tier 01', 'Not 2160p', '2160');
INSERT OR IGNORE INTO condition_quality_modifiers (custom_format_name, condition_name, quality_modifier) VALUES ('FR HD Bluray Tier 01', 'Not Remux', '5');
INSERT OR IGNORE INTO regular_expressions (name, pattern) VALUES ('FR_HD_Bluray_Tier_01_BDHD', '^(BDHD)$');
INSERT OR IGNORE INTO regular_expressions (name, pattern) VALUES ('FR_HD_Bluray_Tier_01_FoX', '^(FoX)$');
INSERT OR IGNORE INTO regular_expressions (name, pattern) VALUES ('FR_HD_Bluray_Tier_01_FRATERNiTY', '^(FRATERNiTY)$');
INSERT OR IGNORE INTO regular_expressions (name, pattern) VALUES ('FR_HD_Bluray_Tier_01_FrIeNdS', '^(FrIeNdS)$');
INSERT OR IGNORE INTO regular_expressions (name, pattern) VALUES ('FR_HD_Bluray_Tier_01_MAX', '^(MAX)$');
INSERT OR IGNORE INTO regular_expressions (name, pattern) VALUES ('FR_HD_Bluray_Tier_01_Psaro', '^(Psaro)$');
INSERT OR IGNORE INTO regular_expressions (name, pattern) VALUES ('FR_HD_Bluray_Tier_01_YODA', '^(YODA)$');
INSERT OR IGNORE INTO custom_format_conditions (custom_format_name, name, type, arr_type, negate, required) VALUES ('FR HD Bluray Tier 01', 'BLURAY', 'source', 'radarr', 0, 1);
INSERT OR IGNORE INTO custom_format_conditions (custom_format_name, name, type, arr_type, negate, required) VALUES ('FR HD Bluray Tier 01', 'Not Remux', 'quality_modifier', 'radarr', 1, 1);
INSERT OR IGNORE INTO custom_format_conditions (custom_format_name, name, type, arr_type, negate, required) VALUES ('FR HD Bluray Tier 01', 'Not 2160p', 'resolution', 'radarr', 1, 1);
INSERT OR IGNORE INTO custom_format_conditions (custom_format_name, name, type, arr_type, negate, required) VALUES ('FR HD Bluray Tier 01', 'BDHD', 'pattern', 'radarr', 0, 0);
INSERT OR IGNORE INTO custom_format_conditions (custom_format_name, name, type, arr_type, negate, required) VALUES ('FR HD Bluray Tier 01', 'FoX', 'pattern', 'radarr', 0, 0);
INSERT OR IGNORE INTO custom_format_conditions (custom_format_name, name, type, arr_type, negate, required) VALUES ('FR HD Bluray Tier 01', 'FRATERNiTY', 'pattern', 'radarr', 0, 0);
INSERT OR IGNORE INTO custom_format_conditions (custom_format_name, name, type, arr_type, negate, required) VALUES ('FR HD Bluray Tier 01', 'FrIeNdS', 'pattern', 'radarr', 0, 0);
INSERT OR IGNORE INTO custom_format_conditions (custom_format_name, name, type, arr_type, negate, required) VALUES ('FR HD Bluray Tier 01', 'MAX', 'pattern', 'radarr', 0, 0);
INSERT OR IGNORE INTO custom_format_conditions (custom_format_name, name, type, arr_type, negate, required) VALUES ('FR HD Bluray Tier 01', 'Psaro', 'pattern', 'radarr', 0, 0);
INSERT OR IGNORE INTO custom_format_conditions (custom_format_name, name, type, arr_type, negate, required) VALUES ('FR HD Bluray Tier 01', 'YODA', 'pattern', 'radarr', 0, 0);

INSERT OR IGNORE INTO custom_formats (name, description, include_in_rename) VALUES ('FR HD Bluray Tier 02', '57f34251344be2e283fc30e00e458be6', 0);
INSERT OR IGNORE INTO condition_patterns (custom_format_name, condition_name, regular_expression_name) VALUES ('FR HD Bluray Tier 02', 'HDForever', 'FR_HD_Bluray_Tier_02_HDForever');
INSERT OR IGNORE INTO condition_patterns (custom_format_name, condition_name, regular_expression_name) VALUES ('FR HD Bluray Tier 02', 'HeavyWeight', 'FR_HD_Bluray_Tier_02_HeavyWeight');
INSERT OR IGNORE INTO condition_patterns (custom_format_name, condition_name, regular_expression_name) VALUES ('FR HD Bluray Tier 02', 'MARBLECAKE', 'FR_HD_Bluray_Tier_02_MARBLECAKE');
INSERT OR IGNORE INTO condition_patterns (custom_format_name, condition_name, regular_expression_name) VALUES ('FR HD Bluray Tier 02', 'MYSTERiON', 'FR_HD_Bluray_Tier_02_MYSTERiON');
INSERT OR IGNORE INTO condition_patterns (custom_format_name, condition_name, regular_expression_name) VALUES ('FR HD Bluray Tier 02', 'NoNE', 'FR_HD_Bluray_Tier_02_NoNE');
INSERT OR IGNORE INTO condition_patterns (custom_format_name, condition_name, regular_expression_name) VALUES ('FR HD Bluray Tier 02', 'ONLY', 'FR_HD_Bluray_Tier_02_ONLY');
INSERT OR IGNORE INTO condition_patterns (custom_format_name, condition_name, regular_expression_name) VALUES ('FR HD Bluray Tier 02', 'ONLYMOViE', 'FR_HD_Bluray_Tier_02_ONLYMOViE');
INSERT OR IGNORE INTO condition_patterns (custom_format_name, condition_name, regular_expression_name) VALUES ('FR HD Bluray Tier 02', 'TkHD', 'FR_HD_Bluray_Tier_02_TkHD');
INSERT OR IGNORE INTO condition_patterns (custom_format_name, condition_name, regular_expression_name) VALUES ('FR HD Bluray Tier 02', 'UTT', 'FR_HD_Bluray_Tier_02_UTT');
INSERT OR IGNORE INTO condition_sources (custom_format_name, condition_name, source) VALUES ('FR HD Bluray Tier 02', 'BLURAY', 'BLURAY');
INSERT OR IGNORE INTO condition_resolutions (custom_format_name, condition_name, resolution) VALUES ('FR HD Bluray Tier 02', 'Not 2160p', '2160');
INSERT OR IGNORE INTO condition_quality_modifiers (custom_format_name, condition_name, quality_modifier) VALUES ('FR HD Bluray Tier 02', 'Not Remux', '5');
INSERT OR IGNORE INTO regular_expressions (name, pattern) VALUES ('FR_HD_Bluray_Tier_02_HDForever', '^(HDForever)$');
INSERT OR IGNORE INTO regular_expressions (name, pattern) VALUES ('FR_HD_Bluray_Tier_02_HeavyWeight', '^(HeavyWeight)$');
INSERT OR IGNORE INTO regular_expressions (name, pattern) VALUES ('FR_HD_Bluray_Tier_02_MARBLECAKE', '^(MARBLECAKE)$');
INSERT OR IGNORE INTO regular_expressions (name, pattern) VALUES ('FR_HD_Bluray_Tier_02_MYSTERiON', '^(MYSTERiON)$');
INSERT OR IGNORE INTO regular_expressions (name, pattern) VALUES ('FR_HD_Bluray_Tier_02_NoNE', '^(NoNE)$');
INSERT OR IGNORE INTO regular_expressions (name, pattern) VALUES ('FR_HD_Bluray_Tier_02_ONLY', '^(ONLY)$');
INSERT OR IGNORE INTO regular_expressions (name, pattern) VALUES ('FR_HD_Bluray_Tier_02_ONLYMOViE', '^(ONLYMOViE)$');
INSERT OR IGNORE INTO regular_expressions (name, pattern) VALUES ('FR_HD_Bluray_Tier_02_TkHD', '^(TkHD)$');
INSERT OR IGNORE INTO regular_expressions (name, pattern) VALUES ('FR_HD_Bluray_Tier_02_UTT', '^(UTT)$');
INSERT OR IGNORE INTO custom_format_conditions (custom_format_name, name, type, arr_type, negate, required) VALUES ('FR HD Bluray Tier 02', 'BLURAY', 'source', 'radarr', 0, 1);
INSERT OR IGNORE INTO custom_format_conditions (custom_format_name, name, type, arr_type, negate, required) VALUES ('FR HD Bluray Tier 02', 'Not Remux', 'quality_modifier', 'radarr', 1, 1);
INSERT OR IGNORE INTO custom_format_conditions (custom_format_name, name, type, arr_type, negate, required) VALUES ('FR HD Bluray Tier 02', 'Not 2160p', 'resolution', 'radarr', 1, 1);
INSERT OR IGNORE INTO custom_format_conditions (custom_format_name, name, type, arr_type, negate, required) VALUES ('FR HD Bluray Tier 02', 'HDForever', 'pattern', 'radarr', 0, 0);
INSERT OR IGNORE INTO custom_format_conditions (custom_format_name, name, type, arr_type, negate, required) VALUES ('FR HD Bluray Tier 02', 'HeavyWeight', 'pattern', 'radarr', 0, 0);
INSERT OR IGNORE INTO custom_format_conditions (custom_format_name, name, type, arr_type, negate, required) VALUES ('FR HD Bluray Tier 02', 'MARBLECAKE', 'pattern', 'radarr', 0, 0);
INSERT OR IGNORE INTO custom_format_conditions (custom_format_name, name, type, arr_type, negate, required) VALUES ('FR HD Bluray Tier 02', 'MYSTERiON', 'pattern', 'radarr', 0, 0);
INSERT OR IGNORE INTO custom_format_conditions (custom_format_name, name, type, arr_type, negate, required) VALUES ('FR HD Bluray Tier 02', 'NoNE', 'pattern', 'radarr', 0, 0);
INSERT OR IGNORE INTO custom_format_conditions (custom_format_name, name, type, arr_type, negate, required) VALUES ('FR HD Bluray Tier 02', 'ONLY', 'pattern', 'radarr', 0, 0);
INSERT OR IGNORE INTO custom_format_conditions (custom_format_name, name, type, arr_type, negate, required) VALUES ('FR HD Bluray Tier 02', 'ONLYMOViE', 'pattern', 'radarr', 0, 0);
INSERT OR IGNORE INTO custom_format_conditions (custom_format_name, name, type, arr_type, negate, required) VALUES ('FR HD Bluray Tier 02', 'TkHD', 'pattern', 'radarr', 0, 0);
INSERT OR IGNORE INTO custom_format_conditions (custom_format_name, name, type, arr_type, negate, required) VALUES ('FR HD Bluray Tier 02', 'UTT', 'pattern', 'radarr', 0, 0);

INSERT OR IGNORE INTO custom_formats (name, description, include_in_rename) VALUES ('FR LQ', '48f031e76111f17ea94898f4cdc34fdc', 0);
INSERT OR IGNORE INTO condition_patterns (custom_format_name, condition_name, regular_expression_name) VALUES ('FR LQ', 'AdsWatermarks', 'FR_LQ_AdsWatermarks');
INSERT OR IGNORE INTO condition_patterns (custom_format_name, condition_name, regular_expression_name) VALUES ('FR LQ', 'BadFalse releases', 'FR_LQ_BadFalse_releases');
INSERT OR IGNORE INTO condition_patterns (custom_format_name, condition_name, regular_expression_name) VALUES ('FR LQ', 'DeTAGReTAG', 'FR_LQ_DeTAGReTAG');
INSERT OR IGNORE INTO condition_patterns (custom_format_name, condition_name, regular_expression_name) VALUES ('FR LQ', 'Other reasons', 'FR_LQ_Other_reasons');
INSERT OR IGNORE INTO regular_expressions (name, pattern) VALUES ('FR_LQ_AdsWatermarks', '\b(Bandix|CZ\d+|EXTREME|GA(|I)A|HMiDiMADRiDi|Hush|KILLERMIX|LiBERTAD|LTa?TM|MONiCO|NEWCINE|R(PZ|ZP)|ShowFR|VERCLAM|ViKi47|Wawa-?(city|mania|porno)?|ZW)\b');
INSERT OR IGNORE INTO regular_expressions (name, pattern) VALUES ('FR_LQ_BadFalse_releases', '\b(ACOOL|AlioZ|ASPHiXiAS|AViTECH|AZAZE|Balibalo|BLABLASTREAM|DDLFRENCH(ORG)?|FERVEX|FReeZeR|GHOSTSPiRiT|GHZ|GLaDOS|GZR|HEVCBay|JiHeff|KR4K3N|Matmatha|MKVXTEAM|Monchat|NLX5|NOMAD|NORRIS|PiCKLES|PREUMS|qctimb3rlandqc|ReBoT|ROLLED|SCREEN|SHiFT|SKRiN|TicaDow|Tokushi|Tonyk|TOXIC|TUTUTE|UNiKORN|Zombie)\b');
INSERT OR IGNORE INTO regular_expressions (name, pattern) VALUES ('FR_LQ_DeTAGReTAG', '\b((Cpasbien|CPB)|ANONA|AT|bigZT|Boheme|BOL|CINeHD|Cortex91|DOLL4R|Dread[ .-]?Team|Dropse|EZTV([ ._-]re)?|FGT|Firetown|FUN|HDMIDIMADRIDI|JetAnime|L-?O-?L|NewZT|NG|RARBG|STVFRV|SubZero|T9|Time2Watch|TIREXO|Torrent9|WebAnime|YIFY|YTS|ZONE|ZT)\b');
INSERT OR IGNORE INTO regular_expressions (name, pattern) VALUES ('FR_LQ_Other_reasons', '\b(AKLHD|ARKRiL|BossBaby|Champion9|Copycomic|CR4ZYTiME|EASPORTS|EliteT|FUNKKY|FZTeam|GOBO2S|HD2|LION|LMPS|LNA3d|MACK4|MeMyl|METALLIKA|MGD|Moorea81|Moviz|Muxman|Mystic|MZC|MZi?SYS|N3TFL1X|NoelMaison|nutella|OMERTA|Papaya|PIKACHU|PULSE|Q7|RELiC|SANCTUAIRE|SHARKS|SP3CTR|Spow|STR4NGE|TeamSuW|TORRiD|TSN999|TVPSLO|Upmix|VATFER|Wakanim|WaNeZt|WINCHESTER|WITA)\b');
INSERT OR IGNORE INTO custom_format_conditions (custom_format_name, name, type, arr_type, negate, required) VALUES ('FR LQ', 'AdsWatermarks', 'pattern', 'radarr', 0, 0);
INSERT OR IGNORE INTO custom_format_conditions (custom_format_name, name, type, arr_type, negate, required) VALUES ('FR LQ', 'BadFalse releases', 'pattern', 'radarr', 0, 0);
INSERT OR IGNORE INTO custom_format_conditions (custom_format_name, name, type, arr_type, negate, required) VALUES ('FR LQ', 'DeTAGReTAG', 'pattern', 'radarr', 0, 0);
INSERT OR IGNORE INTO custom_format_conditions (custom_format_name, name, type, arr_type, negate, required) VALUES ('FR LQ', 'Other reasons', 'pattern', 'radarr', 0, 0);

INSERT OR IGNORE INTO custom_formats (name, description, include_in_rename) VALUES ('FR Remux Tier 01', '5583260016e0b9f683f53af41fb42e4a', 0);
INSERT OR IGNORE INTO condition_patterns (custom_format_name, condition_name, regular_expression_name) VALUES ('FR Remux Tier 01', 'BlackAngel', 'FR_Remux_Tier_01_BlackAngel');
INSERT OR IGNORE INTO condition_patterns (custom_format_name, condition_name, regular_expression_name) VALUES ('FR Remux Tier 01', 'Choco', 'FR_Remux_Tier_01_Choco');
INSERT OR IGNORE INTO condition_patterns (custom_format_name, condition_name, regular_expression_name) VALUES ('FR Remux Tier 01', 'HDForever', 'FR_Remux_Tier_01_HDForever');
INSERT OR IGNORE INTO condition_patterns (custom_format_name, condition_name, regular_expression_name) VALUES ('FR Remux Tier 01', 'MAX', 'FR_Remux_Tier_01_MAX');
INSERT OR IGNORE INTO condition_patterns (custom_format_name, condition_name, regular_expression_name) VALUES ('FR Remux Tier 01', 'ONLY', 'FR_Remux_Tier_01_ONLY');
INSERT OR IGNORE INTO condition_patterns (custom_format_name, condition_name, regular_expression_name) VALUES ('FR Remux Tier 01', 'Psaro', 'FR_Remux_Tier_01_Psaro');
INSERT OR IGNORE INTO condition_patterns (custom_format_name, condition_name, regular_expression_name) VALUES ('FR Remux Tier 01', 'Sicario', 'FR_Remux_Tier_01_Sicario');
INSERT OR IGNORE INTO condition_patterns (custom_format_name, condition_name, regular_expression_name) VALUES ('FR Remux Tier 01', 'Tezcat74', 'FR_Remux_Tier_01_Tezcat74');
INSERT OR IGNORE INTO condition_patterns (custom_format_name, condition_name, regular_expression_name) VALUES ('FR Remux Tier 01', 'TyrellCorp', 'FR_Remux_Tier_01_TyrellCorp');
INSERT OR IGNORE INTO condition_patterns (custom_format_name, condition_name, regular_expression_name) VALUES ('FR Remux Tier 01', 'Zapax', 'FR_Remux_Tier_01_Zapax');
INSERT OR IGNORE INTO condition_quality_modifiers (custom_format_name, condition_name, quality_modifier) VALUES ('FR Remux Tier 01', 'Remux', '5');
INSERT OR IGNORE INTO regular_expressions (name, pattern) VALUES ('FR_Remux_Tier_01_BlackAngel', '^(BlackAngel)$');
INSERT OR IGNORE INTO regular_expressions (name, pattern) VALUES ('FR_Remux_Tier_01_Choco', '^(Choco)$');
INSERT OR IGNORE INTO regular_expressions (name, pattern) VALUES ('FR_Remux_Tier_01_HDForever', '^(HDForever)$');
INSERT OR IGNORE INTO regular_expressions (name, pattern) VALUES ('FR_Remux_Tier_01_MAX', '^(MAX)$');
INSERT OR IGNORE INTO regular_expressions (name, pattern) VALUES ('FR_Remux_Tier_01_ONLY', '^(ONLY)$');
INSERT OR IGNORE INTO regular_expressions (name, pattern) VALUES ('FR_Remux_Tier_01_Psaro', '^(Psaro)$');
INSERT OR IGNORE INTO regular_expressions (name, pattern) VALUES ('FR_Remux_Tier_01_Sicario', '^(Sicario)$');
INSERT OR IGNORE INTO regular_expressions (name, pattern) VALUES ('FR_Remux_Tier_01_Tezcat74', '^(Tezcat74)$');
INSERT OR IGNORE INTO regular_expressions (name, pattern) VALUES ('FR_Remux_Tier_01_TyrellCorp', '^(TyrellCorp)$');
INSERT OR IGNORE INTO regular_expressions (name, pattern) VALUES ('FR_Remux_Tier_01_Zapax', '^(Zapax)$');
INSERT OR IGNORE INTO custom_format_conditions (custom_format_name, name, type, arr_type, negate, required) VALUES ('FR Remux Tier 01', 'Remux', 'quality_modifier', 'radarr', 0, 1);
INSERT OR IGNORE INTO custom_format_conditions (custom_format_name, name, type, arr_type, negate, required) VALUES ('FR Remux Tier 01', 'BlackAngel', 'pattern', 'radarr', 0, 0);
INSERT OR IGNORE INTO custom_format_conditions (custom_format_name, name, type, arr_type, negate, required) VALUES ('FR Remux Tier 01', 'Choco', 'pattern', 'radarr', 0, 0);
INSERT OR IGNORE INTO custom_format_conditions (custom_format_name, name, type, arr_type, negate, required) VALUES ('FR Remux Tier 01', 'HDForever', 'pattern', 'radarr', 0, 0);
INSERT OR IGNORE INTO custom_format_conditions (custom_format_name, name, type, arr_type, negate, required) VALUES ('FR Remux Tier 01', 'MAX', 'pattern', 'radarr', 0, 0);
INSERT OR IGNORE INTO custom_format_conditions (custom_format_name, name, type, arr_type, negate, required) VALUES ('FR Remux Tier 01', 'ONLY', 'pattern', 'radarr', 0, 0);
INSERT OR IGNORE INTO custom_format_conditions (custom_format_name, name, type, arr_type, negate, required) VALUES ('FR Remux Tier 01', 'Psaro', 'pattern', 'radarr', 0, 0);
INSERT OR IGNORE INTO custom_format_conditions (custom_format_name, name, type, arr_type, negate, required) VALUES ('FR Remux Tier 01', 'Sicario', 'pattern', 'radarr', 0, 0);
INSERT OR IGNORE INTO custom_format_conditions (custom_format_name, name, type, arr_type, negate, required) VALUES ('FR Remux Tier 01', 'Tezcat74', 'pattern', 'radarr', 0, 0);
INSERT OR IGNORE INTO custom_format_conditions (custom_format_name, name, type, arr_type, negate, required) VALUES ('FR Remux Tier 01', 'TyrellCorp', 'pattern', 'radarr', 0, 0);
INSERT OR IGNORE INTO custom_format_conditions (custom_format_name, name, type, arr_type, negate, required) VALUES ('FR Remux Tier 01', 'Zapax', 'pattern', 'radarr', 0, 0);

INSERT OR IGNORE INTO custom_formats (name, description, include_in_rename) VALUES ('FR Remux Tier 02', '9019d81307e68cd4a7eb06a567e833b8', 0);
INSERT OR IGNORE INTO condition_patterns (custom_format_name, condition_name, regular_expression_name) VALUES ('FR Remux Tier 02', 'BDHD', 'FR_Remux_Tier_02_BDHD');
INSERT OR IGNORE INTO condition_patterns (custom_format_name, condition_name, regular_expression_name) VALUES ('FR Remux Tier 02', 'FtLi', 'FR_Remux_Tier_02_FtLi');
INSERT OR IGNORE INTO condition_patterns (custom_format_name, condition_name, regular_expression_name) VALUES ('FR Remux Tier 02', 'Goldenyann', 'FR_Remux_Tier_02_Goldenyann');
INSERT OR IGNORE INTO condition_patterns (custom_format_name, condition_name, regular_expression_name) VALUES ('FR Remux Tier 02', 'HeavyWeight', 'FR_Remux_Tier_02_HeavyWeight');
INSERT OR IGNORE INTO condition_patterns (custom_format_name, condition_name, regular_expression_name) VALUES ('FR Remux Tier 02', 'KTM', 'FR_Remux_Tier_02_KTM');
INSERT OR IGNORE INTO condition_patterns (custom_format_name, condition_name, regular_expression_name) VALUES ('FR Remux Tier 02', 'MARBLECAKE', 'FR_Remux_Tier_02_MARBLECAKE');
INSERT OR IGNORE INTO condition_patterns (custom_format_name, condition_name, regular_expression_name) VALUES ('FR Remux Tier 02', 'MUSTANG', 'FR_Remux_Tier_02_MUSTANG');
INSERT OR IGNORE INTO condition_patterns (custom_format_name, condition_name, regular_expression_name) VALUES ('FR Remux Tier 02', 'Obi', 'FR_Remux_Tier_02_Obi');
INSERT OR IGNORE INTO condition_patterns (custom_format_name, condition_name, regular_expression_name) VALUES ('FR Remux Tier 02', 'PEPiTE', 'FR_Remux_Tier_02_PEPiTE');
INSERT OR IGNORE INTO condition_patterns (custom_format_name, condition_name, regular_expression_name) VALUES ('FR Remux Tier 02', 'QUEBEC63', 'FR_Remux_Tier_02_QUEBEC63');
INSERT OR IGNORE INTO condition_patterns (custom_format_name, condition_name, regular_expression_name) VALUES ('FR Remux Tier 02', 'ROMKENT', 'FR_Remux_Tier_02_ROMKENT');
INSERT OR IGNORE INTO condition_quality_modifiers (custom_format_name, condition_name, quality_modifier) VALUES ('FR Remux Tier 02', 'Remux', '5');
INSERT OR IGNORE INTO regular_expressions (name, pattern) VALUES ('FR_Remux_Tier_02_BDHD', '^(BDHD)$');
INSERT OR IGNORE INTO regular_expressions (name, pattern) VALUES ('FR_Remux_Tier_02_FtLi', '^(FtLi)$');
INSERT OR IGNORE INTO regular_expressions (name, pattern) VALUES ('FR_Remux_Tier_02_Goldenyann', '^(Goldenyann)$');
INSERT OR IGNORE INTO regular_expressions (name, pattern) VALUES ('FR_Remux_Tier_02_HeavyWeight', '^(HeavyWeight)$');
INSERT OR IGNORE INTO regular_expressions (name, pattern) VALUES ('FR_Remux_Tier_02_KTM', '^(KTM)$');
INSERT OR IGNORE INTO regular_expressions (name, pattern) VALUES ('FR_Remux_Tier_02_MARBLECAKE', '^(MARBLECAKE)$');
INSERT OR IGNORE INTO regular_expressions (name, pattern) VALUES ('FR_Remux_Tier_02_MUSTANG', '^(MUSTANG)$');
INSERT OR IGNORE INTO regular_expressions (name, pattern) VALUES ('FR_Remux_Tier_02_Obi', '^(Obi)$');
INSERT OR IGNORE INTO regular_expressions (name, pattern) VALUES ('FR_Remux_Tier_02_PEPiTE', '^(PEPiTE)$');
INSERT OR IGNORE INTO regular_expressions (name, pattern) VALUES ('FR_Remux_Tier_02_QUEBEC63', '^(Q(UEBE)?C63)$');
INSERT OR IGNORE INTO regular_expressions (name, pattern) VALUES ('FR_Remux_Tier_02_ROMKENT', '^(ROMKENT)$');
INSERT OR IGNORE INTO custom_format_conditions (custom_format_name, name, type, arr_type, negate, required) VALUES ('FR Remux Tier 02', 'Remux', 'quality_modifier', 'radarr', 0, 1);
INSERT OR IGNORE INTO custom_format_conditions (custom_format_name, name, type, arr_type, negate, required) VALUES ('FR Remux Tier 02', 'BDHD', 'pattern', 'radarr', 0, 0);
INSERT OR IGNORE INTO custom_format_conditions (custom_format_name, name, type, arr_type, negate, required) VALUES ('FR Remux Tier 02', 'FtLi', 'pattern', 'radarr', 0, 0);
INSERT OR IGNORE INTO custom_format_conditions (custom_format_name, name, type, arr_type, negate, required) VALUES ('FR Remux Tier 02', 'Goldenyann', 'pattern', 'radarr', 0, 0);
INSERT OR IGNORE INTO custom_format_conditions (custom_format_name, name, type, arr_type, negate, required) VALUES ('FR Remux Tier 02', 'HeavyWeight', 'pattern', 'radarr', 0, 0);
INSERT OR IGNORE INTO custom_format_conditions (custom_format_name, name, type, arr_type, negate, required) VALUES ('FR Remux Tier 02', 'KTM', 'pattern', 'radarr', 0, 0);
INSERT OR IGNORE INTO custom_format_conditions (custom_format_name, name, type, arr_type, negate, required) VALUES ('FR Remux Tier 02', 'MARBLECAKE', 'pattern', 'radarr', 0, 0);
INSERT OR IGNORE INTO custom_format_conditions (custom_format_name, name, type, arr_type, negate, required) VALUES ('FR Remux Tier 02', 'MUSTANG', 'pattern', 'radarr', 0, 0);
INSERT OR IGNORE INTO custom_format_conditions (custom_format_name, name, type, arr_type, negate, required) VALUES ('FR Remux Tier 02', 'Obi', 'pattern', 'radarr', 0, 0);
INSERT OR IGNORE INTO custom_format_conditions (custom_format_name, name, type, arr_type, negate, required) VALUES ('FR Remux Tier 02', 'PEPiTE', 'pattern', 'radarr', 0, 0);
INSERT OR IGNORE INTO custom_format_conditions (custom_format_name, name, type, arr_type, negate, required) VALUES ('FR Remux Tier 02', 'QUEBEC63', 'pattern', 'radarr', 0, 0);
INSERT OR IGNORE INTO custom_format_conditions (custom_format_name, name, type, arr_type, negate, required) VALUES ('FR Remux Tier 02', 'ROMKENT', 'pattern', 'radarr', 0, 0);

INSERT OR IGNORE INTO custom_formats (name, description, include_in_rename) VALUES ('FR Scene Groups', '0d94489c0d5828cd3bf9409d309fb32b', 0);
INSERT OR IGNORE INTO condition_patterns (custom_format_name, condition_name, regular_expression_name) VALUES ('FR Scene Groups', 'spec', 'FR_Scene_Groups_spec');
INSERT OR IGNORE INTO condition_patterns (custom_format_name, condition_name, regular_expression_name) VALUES ('FR Scene Groups', 'A', 'FR_Scene_Groups_A');
INSERT OR IGNORE INTO condition_patterns (custom_format_name, condition_name, regular_expression_name) VALUES ('FR Scene Groups', 'B', 'FR_Scene_Groups_B');
INSERT OR IGNORE INTO condition_patterns (custom_format_name, condition_name, regular_expression_name) VALUES ('FR Scene Groups', 'C', 'FR_Scene_Groups_C');
INSERT OR IGNORE INTO condition_patterns (custom_format_name, condition_name, regular_expression_name) VALUES ('FR Scene Groups', 'D', 'FR_Scene_Groups_D');
INSERT OR IGNORE INTO condition_patterns (custom_format_name, condition_name, regular_expression_name) VALUES ('FR Scene Groups', 'E', 'FR_Scene_Groups_E');
INSERT OR IGNORE INTO condition_patterns (custom_format_name, condition_name, regular_expression_name) VALUES ('FR Scene Groups', 'F', 'FR_Scene_Groups_F');
INSERT OR IGNORE INTO condition_patterns (custom_format_name, condition_name, regular_expression_name) VALUES ('FR Scene Groups', 'G', 'FR_Scene_Groups_G');
INSERT OR IGNORE INTO condition_patterns (custom_format_name, condition_name, regular_expression_name) VALUES ('FR Scene Groups', 'H', 'FR_Scene_Groups_H');
INSERT OR IGNORE INTO condition_patterns (custom_format_name, condition_name, regular_expression_name) VALUES ('FR Scene Groups', 'J', 'FR_Scene_Groups_J');
INSERT OR IGNORE INTO condition_patterns (custom_format_name, condition_name, regular_expression_name) VALUES ('FR Scene Groups', 'K', 'FR_Scene_Groups_K');
INSERT OR IGNORE INTO condition_patterns (custom_format_name, condition_name, regular_expression_name) VALUES ('FR Scene Groups', 'L', 'FR_Scene_Groups_L');
INSERT OR IGNORE INTO condition_patterns (custom_format_name, condition_name, regular_expression_name) VALUES ('FR Scene Groups', 'M', 'FR_Scene_Groups_M');
INSERT OR IGNORE INTO condition_patterns (custom_format_name, condition_name, regular_expression_name) VALUES ('FR Scene Groups', 'N', 'FR_Scene_Groups_N');
INSERT OR IGNORE INTO condition_patterns (custom_format_name, condition_name, regular_expression_name) VALUES ('FR Scene Groups', 'O', 'FR_Scene_Groups_O');
INSERT OR IGNORE INTO condition_patterns (custom_format_name, condition_name, regular_expression_name) VALUES ('FR Scene Groups', 'P', 'FR_Scene_Groups_P');
INSERT OR IGNORE INTO condition_patterns (custom_format_name, condition_name, regular_expression_name) VALUES ('FR Scene Groups', 'R', 'FR_Scene_Groups_R');
INSERT OR IGNORE INTO condition_patterns (custom_format_name, condition_name, regular_expression_name) VALUES ('FR Scene Groups', 'S', 'FR_Scene_Groups_S');
INSERT OR IGNORE INTO condition_patterns (custom_format_name, condition_name, regular_expression_name) VALUES ('FR Scene Groups', 'T', 'FR_Scene_Groups_T');
INSERT OR IGNORE INTO condition_patterns (custom_format_name, condition_name, regular_expression_name) VALUES ('FR Scene Groups', 'U', 'FR_Scene_Groups_U');
INSERT OR IGNORE INTO condition_patterns (custom_format_name, condition_name, regular_expression_name) VALUES ('FR Scene Groups', 'V', 'FR_Scene_Groups_V');
INSERT OR IGNORE INTO condition_patterns (custom_format_name, condition_name, regular_expression_name) VALUES ('FR Scene Groups', 'W', 'FR_Scene_Groups_W');
INSERT OR IGNORE INTO condition_patterns (custom_format_name, condition_name, regular_expression_name) VALUES ('FR Scene Groups', 'Z', 'FR_Scene_Groups_Z');
INSERT OR IGNORE INTO regular_expressions (name, pattern) VALUES ('FR_Scene_Groups_spec', '^(4FR)$');
INSERT OR IGNORE INTO regular_expressions (name, pattern) VALUES ('FR_Scene_Groups_A', '^(AiR3D|AiRDOCS|AiRFORCE|AiRLiNE|AiRTV|AKLHD|AMB3R|ANMWR|AVON|AYMO|AZR)$');
INSERT OR IGNORE INTO regular_expressions (name, pattern) VALUES ('FR_Scene_Groups_B', '^(BANKAi|BAWLS|BiPOLAR|BLACKPANTERS|BODIE|BOOLZ|BRiNK|BTT)$');
INSERT OR IGNORE INTO regular_expressions (name, pattern) VALUES ('FR_Scene_Groups_C', '^(CARAPiLS|CiELOS|CiNEMA|CMBHD|CoRa|COUAC|CRYPT0)$');
INSERT OR IGNORE INTO regular_expressions (name, pattern) VALUES ('FR_Scene_Groups_D', '^(D4KiD|DEAL|DiEBEX|DUPLI|DUSS)$');
INSERT OR IGNORE INTO regular_expressions (name, pattern) VALUES ('FR_Scene_Groups_E', '^(ENJOi|EUBDS)$');
INSERT OR IGNORE INTO regular_expressions (name, pattern) VALUES ('FR_Scene_Groups_F', '^(FHD|FiDELiO|FiDO|ForceBleue|FREAMON|FRENCHDEADPOOL2|FRiES|FUTiL|FWDHD)$');
INSERT OR IGNORE INTO regular_expressions (name, pattern) VALUES ('FR_Scene_Groups_G', '^(GHOULS|GiMBAP|GLiMMER|Goatlove)$');
INSERT OR IGNORE INTO regular_expressions (name, pattern) VALUES ('FR_Scene_Groups_H', '^(HERC|HiggsBoson|HiRoSHiMa|HYBRiS|HyDe)$');
INSERT OR IGNORE INTO regular_expressions (name, pattern) VALUES ('FR_Scene_Groups_J', '^(JMT|JoKeR|JUSTICELEAGUE)$');
INSERT OR IGNORE INTO regular_expressions (name, pattern) VALUES ('FR_Scene_Groups_K', '^(KAZETV)$');
INSERT OR IGNORE INTO regular_expressions (name, pattern) VALUES ('FR_Scene_Groups_L', '^(L0SERNiGHT|LaoZi|LeON|LOFiDEL|LOST|LOWIMDB|LUCKY|LYPSG)$');
INSERT OR IGNORE INTO regular_expressions (name, pattern) VALUES ('FR_Scene_Groups_M', '^(MAGiCAL|MANGACiTY|MAXAGAZ|MaxiBeNoul|McNULTY|MELBA|MiND|MORELAND|MUNSTER|MUxHD)$');
INSERT OR IGNORE INTO regular_expressions (name, pattern) VALUES ('FR_Scene_Groups_N', '^(NERDHD|NERO|NrZ|NTK)$');
INSERT OR IGNORE INTO regular_expressions (name, pattern) VALUES ('FR_Scene_Groups_O', '^(OBSTACLE|OohLaLa|OOKAMI)$');
INSERT OR IGNORE INTO regular_expressions (name, pattern) VALUES ('FR_Scene_Groups_P', '^(PANZeR|PATHECROUTE|Penrose|PiNKPANTERS|PKPTRS|PRiDEHD|PROPJOE|PURE|PUREWASTEOFBW)$');
INSERT OR IGNORE INTO regular_expressions (name, pattern) VALUES ('FR_Scene_Groups_R', '^(ROUGH|RUDE|Ryotox)$');
INSERT OR IGNORE INTO regular_expressions (name, pattern) VALUES ('FR_Scene_Groups_S', '^(SAFETY|SASHiMi|SEiGHT|SESKAPiLE|SHEEEiT|SHiNiGAMi(UHD)?|SiGeRiS|SILVIODANTE|SLEEPINGFOREST|SODAPOP|S4LVE|SPINE|SPOiLER|STRINGERBELL|Sunday26th|SUNRiSE)$');
INSERT OR IGNORE INTO regular_expressions (name, pattern) VALUES ('FR_Scene_Groups_T', '^(tFR|THENiGHTMAREiNHD|THiNK|THREESOME|TiMELiNE|TSuNaMi)$');
INSERT OR IGNORE INTO regular_expressions (name, pattern) VALUES ('FR_Scene_Groups_U', '^(UKDHD|UKDTV|ULSHD|Ulysse|(US)?UNSKiLLED|URY)$');
INSERT OR IGNORE INTO regular_expressions (name, pattern) VALUES ('FR_Scene_Groups_V', '^(VENUE|VFC|VoMiT)$');
INSERT OR IGNORE INTO regular_expressions (name, pattern) VALUES ('FR_Scene_Groups_W', '^(Wednesday29th)$');
INSERT OR IGNORE INTO regular_expressions (name, pattern) VALUES ('FR_Scene_Groups_Z', '^(ZEST|ZiRCON)$');
INSERT OR IGNORE INTO custom_format_conditions (custom_format_name, name, type, arr_type, negate, required) VALUES ('FR Scene Groups', 'spec', 'pattern', 'radarr', 0, 0);
INSERT OR IGNORE INTO custom_format_conditions (custom_format_name, name, type, arr_type, negate, required) VALUES ('FR Scene Groups', 'A', 'pattern', 'radarr', 0, 0);
INSERT OR IGNORE INTO custom_format_conditions (custom_format_name, name, type, arr_type, negate, required) VALUES ('FR Scene Groups', 'B', 'pattern', 'radarr', 0, 0);
INSERT OR IGNORE INTO custom_format_conditions (custom_format_name, name, type, arr_type, negate, required) VALUES ('FR Scene Groups', 'C', 'pattern', 'radarr', 0, 0);
INSERT OR IGNORE INTO custom_format_conditions (custom_format_name, name, type, arr_type, negate, required) VALUES ('FR Scene Groups', 'D', 'pattern', 'radarr', 0, 0);
INSERT OR IGNORE INTO custom_format_conditions (custom_format_name, name, type, arr_type, negate, required) VALUES ('FR Scene Groups', 'E', 'pattern', 'radarr', 0, 0);
INSERT OR IGNORE INTO custom_format_conditions (custom_format_name, name, type, arr_type, negate, required) VALUES ('FR Scene Groups', 'F', 'pattern', 'radarr', 0, 0);
INSERT OR IGNORE INTO custom_format_conditions (custom_format_name, name, type, arr_type, negate, required) VALUES ('FR Scene Groups', 'G', 'pattern', 'radarr', 0, 0);
INSERT OR IGNORE INTO custom_format_conditions (custom_format_name, name, type, arr_type, negate, required) VALUES ('FR Scene Groups', 'H', 'pattern', 'radarr', 0, 0);
INSERT OR IGNORE INTO custom_format_conditions (custom_format_name, name, type, arr_type, negate, required) VALUES ('FR Scene Groups', 'J', 'pattern', 'radarr', 0, 0);
INSERT OR IGNORE INTO custom_format_conditions (custom_format_name, name, type, arr_type, negate, required) VALUES ('FR Scene Groups', 'K', 'pattern', 'radarr', 0, 0);
INSERT OR IGNORE INTO custom_format_conditions (custom_format_name, name, type, arr_type, negate, required) VALUES ('FR Scene Groups', 'L', 'pattern', 'radarr', 0, 0);
INSERT OR IGNORE INTO custom_format_conditions (custom_format_name, name, type, arr_type, negate, required) VALUES ('FR Scene Groups', 'M', 'pattern', 'radarr', 0, 0);
INSERT OR IGNORE INTO custom_format_conditions (custom_format_name, name, type, arr_type, negate, required) VALUES ('FR Scene Groups', 'N', 'pattern', 'radarr', 0, 0);
INSERT OR IGNORE INTO custom_format_conditions (custom_format_name, name, type, arr_type, negate, required) VALUES ('FR Scene Groups', 'O', 'pattern', 'radarr', 0, 0);
INSERT OR IGNORE INTO custom_format_conditions (custom_format_name, name, type, arr_type, negate, required) VALUES ('FR Scene Groups', 'P', 'pattern', 'radarr', 0, 0);
INSERT OR IGNORE INTO custom_format_conditions (custom_format_name, name, type, arr_type, negate, required) VALUES ('FR Scene Groups', 'R', 'pattern', 'radarr', 0, 0);
INSERT OR IGNORE INTO custom_format_conditions (custom_format_name, name, type, arr_type, negate, required) VALUES ('FR Scene Groups', 'S', 'pattern', 'radarr', 0, 0);
INSERT OR IGNORE INTO custom_format_conditions (custom_format_name, name, type, arr_type, negate, required) VALUES ('FR Scene Groups', 'T', 'pattern', 'radarr', 0, 0);
INSERT OR IGNORE INTO custom_format_conditions (custom_format_name, name, type, arr_type, negate, required) VALUES ('FR Scene Groups', 'U', 'pattern', 'radarr', 0, 0);
INSERT OR IGNORE INTO custom_format_conditions (custom_format_name, name, type, arr_type, negate, required) VALUES ('FR Scene Groups', 'V', 'pattern', 'radarr', 0, 0);
INSERT OR IGNORE INTO custom_format_conditions (custom_format_name, name, type, arr_type, negate, required) VALUES ('FR Scene Groups', 'W', 'pattern', 'radarr', 0, 0);
INSERT OR IGNORE INTO custom_format_conditions (custom_format_name, name, type, arr_type, negate, required) VALUES ('FR Scene Groups', 'Z', 'pattern', 'radarr', 0, 0);

INSERT OR IGNORE INTO custom_formats (name, description, include_in_rename) VALUES ('FR UHD Bluray Tier 01', '64f8f12bbf7472a6ccf838bfd6b5e3e8', 0);
INSERT OR IGNORE INTO condition_patterns (custom_format_name, condition_name, regular_expression_name) VALUES ('FR UHD Bluray Tier 01', 'FLOP', 'FR_UHD_Bluray_Tier_01_FLOP');
INSERT OR IGNORE INTO condition_patterns (custom_format_name, condition_name, regular_expression_name) VALUES ('FR UHD Bluray Tier 01', 'FRATERNiTY', 'FR_UHD_Bluray_Tier_01_FRATERNiTY');
INSERT OR IGNORE INTO condition_patterns (custom_format_name, condition_name, regular_expression_name) VALUES ('FR UHD Bluray Tier 01', 'FoX', 'FR_UHD_Bluray_Tier_01_FoX');
INSERT OR IGNORE INTO condition_patterns (custom_format_name, condition_name, regular_expression_name) VALUES ('FR UHD Bluray Tier 01', 'Psaro', 'FR_UHD_Bluray_Tier_01_Psaro');
INSERT OR IGNORE INTO condition_patterns (custom_format_name, condition_name, regular_expression_name) VALUES ('FR UHD Bluray Tier 01', 'Not SDR', 'FR_UHD_Bluray_Tier_01_Not_SDR');
INSERT OR IGNORE INTO condition_sources (custom_format_name, condition_name, source) VALUES ('FR UHD Bluray Tier 01', 'Not WEBDL', 'WEBDL');
INSERT OR IGNORE INTO condition_sources (custom_format_name, condition_name, source) VALUES ('FR UHD Bluray Tier 01', 'Not WEBRIP', 'WEBRIP');
INSERT OR IGNORE INTO condition_resolutions (custom_format_name, condition_name, resolution) VALUES ('FR UHD Bluray Tier 01', '2160p', '2160');
INSERT OR IGNORE INTO condition_quality_modifiers (custom_format_name, condition_name, quality_modifier) VALUES ('FR UHD Bluray Tier 01', 'Not REMUX', '5');
INSERT OR IGNORE INTO regular_expressions (name, pattern) VALUES ('FR_UHD_Bluray_Tier_01_FLOP', '^(FLOP)$');
INSERT OR IGNORE INTO regular_expressions (name, pattern) VALUES ('FR_UHD_Bluray_Tier_01_FRATERNiTY', '^(FRATERNiTY)$');
INSERT OR IGNORE INTO regular_expressions (name, pattern) VALUES ('FR_UHD_Bluray_Tier_01_FoX', '^(FoX)$');
INSERT OR IGNORE INTO regular_expressions (name, pattern) VALUES ('FR_UHD_Bluray_Tier_01_Psaro', '^(Psaro)$');
INSERT OR IGNORE INTO regular_expressions (name, pattern) VALUES ('FR_UHD_Bluray_Tier_01_Not_SDR', '\bSDR\b');
INSERT OR IGNORE INTO custom_format_conditions (custom_format_name, name, type, arr_type, negate, required) VALUES ('FR UHD Bluray Tier 01', 'FLOP', 'pattern', 'radarr', 0, 0);
INSERT OR IGNORE INTO custom_format_conditions (custom_format_name, name, type, arr_type, negate, required) VALUES ('FR UHD Bluray Tier 01', 'FRATERNiTY', 'pattern', 'radarr', 0, 0);
INSERT OR IGNORE INTO custom_format_conditions (custom_format_name, name, type, arr_type, negate, required) VALUES ('FR UHD Bluray Tier 01', 'FoX', 'pattern', 'radarr', 0, 0);
INSERT OR IGNORE INTO custom_format_conditions (custom_format_name, name, type, arr_type, negate, required) VALUES ('FR UHD Bluray Tier 01', 'Psaro', 'pattern', 'radarr', 0, 0);
INSERT OR IGNORE INTO custom_format_conditions (custom_format_name, name, type, arr_type, negate, required) VALUES ('FR UHD Bluray Tier 01', '2160p', 'resolution', 'radarr', 0, 1);
INSERT OR IGNORE INTO custom_format_conditions (custom_format_name, name, type, arr_type, negate, required) VALUES ('FR UHD Bluray Tier 01', 'Not REMUX', 'quality_modifier', 'radarr', 1, 1);
INSERT OR IGNORE INTO custom_format_conditions (custom_format_name, name, type, arr_type, negate, required) VALUES ('FR UHD Bluray Tier 01', 'Not SDR', 'pattern', 'radarr', 1, 1);
INSERT OR IGNORE INTO custom_format_conditions (custom_format_name, name, type, arr_type, negate, required) VALUES ('FR UHD Bluray Tier 01', 'Not WEBDL', 'source', 'radarr', 1, 1);
INSERT OR IGNORE INTO custom_format_conditions (custom_format_name, name, type, arr_type, negate, required) VALUES ('FR UHD Bluray Tier 01', 'Not WEBRIP', 'source', 'radarr', 1, 1);

INSERT OR IGNORE INTO custom_formats (name, description, include_in_rename) VALUES ('FR UHD Bluray Tier 02', '0dcf0c8a386d82e3f2d424189af14065', 0);
INSERT OR IGNORE INTO condition_patterns (custom_format_name, condition_name, regular_expression_name) VALUES ('FR UHD Bluray Tier 02', 'DUSTiN', 'FR_UHD_Bluray_Tier_02_DUSTiN');
INSERT OR IGNORE INTO condition_patterns (custom_format_name, condition_name, regular_expression_name) VALUES ('FR UHD Bluray Tier 02', 'FCK', 'FR_UHD_Bluray_Tier_02_FCK');
INSERT OR IGNORE INTO condition_patterns (custom_format_name, condition_name, regular_expression_name) VALUES ('FR UHD Bluray Tier 02', 'FrIeNdS', 'FR_UHD_Bluray_Tier_02_FrIeNdS');
INSERT OR IGNORE INTO condition_patterns (custom_format_name, condition_name, regular_expression_name) VALUES ('FR UHD Bluray Tier 02', 'QUALiTY', 'FR_UHD_Bluray_Tier_02_QUALiTY');
INSERT OR IGNORE INTO condition_patterns (custom_format_name, condition_name, regular_expression_name) VALUES ('FR UHD Bluray Tier 02', 'Not SDR', 'FR_UHD_Bluray_Tier_02_Not_SDR');
INSERT OR IGNORE INTO condition_sources (custom_format_name, condition_name, source) VALUES ('FR UHD Bluray Tier 02', 'Not WEBDL', 'WEBDL');
INSERT OR IGNORE INTO condition_sources (custom_format_name, condition_name, source) VALUES ('FR UHD Bluray Tier 02', 'Not WEBRIP', 'WEBRIP');
INSERT OR IGNORE INTO condition_resolutions (custom_format_name, condition_name, resolution) VALUES ('FR UHD Bluray Tier 02', '2160p', '2160');
INSERT OR IGNORE INTO condition_quality_modifiers (custom_format_name, condition_name, quality_modifier) VALUES ('FR UHD Bluray Tier 02', 'Not REMUX', '5');
INSERT OR IGNORE INTO regular_expressions (name, pattern) VALUES ('FR_UHD_Bluray_Tier_02_DUSTiN', '^(DUSTiN)$');
INSERT OR IGNORE INTO regular_expressions (name, pattern) VALUES ('FR_UHD_Bluray_Tier_02_FCK', '^(FCK)$');
INSERT OR IGNORE INTO regular_expressions (name, pattern) VALUES ('FR_UHD_Bluray_Tier_02_FrIeNdS', '^(FrIeNdS)$');
INSERT OR IGNORE INTO regular_expressions (name, pattern) VALUES ('FR_UHD_Bluray_Tier_02_QUALiTY', '^(QUALiTY)$');
INSERT OR IGNORE INTO regular_expressions (name, pattern) VALUES ('FR_UHD_Bluray_Tier_02_Not_SDR', '\bSDR\b');
INSERT OR IGNORE INTO custom_format_conditions (custom_format_name, name, type, arr_type, negate, required) VALUES ('FR UHD Bluray Tier 02', 'DUSTiN', 'pattern', 'radarr', 0, 0);
INSERT OR IGNORE INTO custom_format_conditions (custom_format_name, name, type, arr_type, negate, required) VALUES ('FR UHD Bluray Tier 02', 'FCK', 'pattern', 'radarr', 0, 0);
INSERT OR IGNORE INTO custom_format_conditions (custom_format_name, name, type, arr_type, negate, required) VALUES ('FR UHD Bluray Tier 02', 'FrIeNdS', 'pattern', 'radarr', 0, 0);
INSERT OR IGNORE INTO custom_format_conditions (custom_format_name, name, type, arr_type, negate, required) VALUES ('FR UHD Bluray Tier 02', 'QUALiTY', 'pattern', 'radarr', 0, 0);
INSERT OR IGNORE INTO custom_format_conditions (custom_format_name, name, type, arr_type, negate, required) VALUES ('FR UHD Bluray Tier 02', '2160p', 'resolution', 'radarr', 0, 1);
INSERT OR IGNORE INTO custom_format_conditions (custom_format_name, name, type, arr_type, negate, required) VALUES ('FR UHD Bluray Tier 02', 'Not REMUX', 'quality_modifier', 'radarr', 1, 1);
INSERT OR IGNORE INTO custom_format_conditions (custom_format_name, name, type, arr_type, negate, required) VALUES ('FR UHD Bluray Tier 02', 'Not SDR', 'pattern', 'radarr', 1, 1);
INSERT OR IGNORE INTO custom_format_conditions (custom_format_name, name, type, arr_type, negate, required) VALUES ('FR UHD Bluray Tier 02', 'Not WEBDL', 'source', 'radarr', 1, 1);
INSERT OR IGNORE INTO custom_format_conditions (custom_format_name, name, type, arr_type, negate, required) VALUES ('FR UHD Bluray Tier 02', 'Not WEBRIP', 'source', 'radarr', 1, 1);

INSERT OR IGNORE INTO custom_formats (name, description, include_in_rename) VALUES ('VF2', '29b5f7b1a5f20f64228786c3ab1bdc7d', 1);
INSERT OR IGNORE INTO condition_patterns (custom_format_name, condition_name, regular_expression_name) VALUES ('VF2', 'VF2', 'VF2_VF2');
INSERT OR IGNORE INTO condition_patterns (custom_format_name, condition_name, regular_expression_name) VALUES ('VF2', 'Both VFF and VFQ', 'VF2_Both_VFF_and_VFQ');
INSERT OR IGNORE INTO regular_expressions (name, pattern) VALUES ('VF2_VF2', '\b(VF2)\b');
INSERT OR IGNORE INTO regular_expressions (name, pattern) VALUES ('VF2_Both_VFF_and_VFQ', '\b(VF(F|Q)[ .]VF(F|Q))\b');
INSERT OR IGNORE INTO custom_format_conditions (custom_format_name, name, type, arr_type, negate, required) VALUES ('VF2', 'VF2', 'pattern', 'radarr', 0, 0);
INSERT OR IGNORE INTO custom_format_conditions (custom_format_name, name, type, arr_type, negate, required) VALUES ('VF2', 'Both VFF and VFQ', 'pattern', 'radarr', 0, 0);

INSERT OR IGNORE INTO custom_formats (name, description, include_in_rename) VALUES ('VFB', 'b3fb499641d7b3c2006be1d9eb014cb3', 1);
INSERT OR IGNORE INTO condition_patterns (custom_format_name, condition_name, regular_expression_name) VALUES ('VFB', 'Belgian French', 'VFB_Belgian_French');
INSERT OR IGNORE INTO regular_expressions (name, pattern) VALUES ('VFB_Belgian_French', '\b(VFB)\b');
INSERT OR IGNORE INTO custom_format_conditions (custom_format_name, name, type, arr_type, negate, required) VALUES ('VFB', 'Belgian French', 'pattern', 'radarr', 0, 1);

INSERT OR IGNORE INTO custom_formats (name, description, include_in_rename) VALUES ('VFF', '404c08fd0bd67f39b4d8e5709319094e', 1);
INSERT OR IGNORE INTO condition_patterns (custom_format_name, condition_name, regular_expression_name) VALUES ('VFF', 'TRUEFRENCH', 'VFF_TRUEFRENCH');
INSERT OR IGNORE INTO condition_patterns (custom_format_name, condition_name, regular_expression_name) VALUES ('VFF', 'Not VF2', 'VFF_Not_VF2');
INSERT OR IGNORE INTO regular_expressions (name, pattern) VALUES ('VFF_TRUEFRENCH', '\b(TRUEFRENCH|VFF)\b');
INSERT OR IGNORE INTO regular_expressions (name, pattern) VALUES ('VFF_Not_VF2', '\b(VF2|(VF(F|Q)[ .]VF(F|Q)))\b');
INSERT OR IGNORE INTO custom_format_conditions (custom_format_name, name, type, arr_type, negate, required) VALUES ('VFF', 'TRUEFRENCH', 'pattern', 'radarr', 0, 1);
INSERT OR IGNORE INTO custom_format_conditions (custom_format_name, name, type, arr_type, negate, required) VALUES ('VFF', 'Not VF2', 'pattern', 'radarr', 1, 1);

INSERT OR IGNORE INTO custom_formats (name, description, include_in_rename) VALUES ('VFI', '52772f1cad6b5d26c2551f79bc538a50', 1);
INSERT OR IGNORE INTO condition_patterns (custom_format_name, condition_name, regular_expression_name) VALUES ('VFI', 'French International', 'VFI_French_International');
INSERT OR IGNORE INTO regular_expressions (name, pattern) VALUES ('VFI_French_International', '\b(VFI)\b');
INSERT OR IGNORE INTO custom_format_conditions (custom_format_name, name, type, arr_type, negate, required) VALUES ('VFI', 'French International', 'pattern', 'radarr', 0, 1);

INSERT OR IGNORE INTO custom_formats (name, description, include_in_rename) VALUES ('VFQ', 'b6ace47331a1d3b77942fc18156f6df6', 1);
INSERT OR IGNORE INTO condition_patterns (custom_format_name, condition_name, regular_expression_name) VALUES ('VFQ', 'Canadian French', 'VFQ_Canadian_French');
INSERT OR IGNORE INTO condition_patterns (custom_format_name, condition_name, regular_expression_name) VALUES ('VFQ', 'Not VF2', 'VFQ_Not_VF2');
INSERT OR IGNORE INTO regular_expressions (name, pattern) VALUES ('VFQ_Canadian_French', '\b(VFQ|\d{3,4}p[ .]CAN|(?<=MULTi[ .])FR(A|ENCH))\b');
INSERT OR IGNORE INTO regular_expressions (name, pattern) VALUES ('VFQ_Not_VF2', '\b(VF2|(VF(F|Q)[ .]VF(F|Q)))\b');
INSERT OR IGNORE INTO custom_format_conditions (custom_format_name, name, type, arr_type, negate, required) VALUES ('VFQ', 'Canadian French', 'pattern', 'radarr', 0, 1);
INSERT OR IGNORE INTO custom_format_conditions (custom_format_name, name, type, arr_type, negate, required) VALUES ('VFQ', 'Not VF2', 'pattern', 'radarr', 1, 1);

INSERT OR IGNORE INTO custom_formats (name, description, include_in_rename) VALUES ('VOF', '4cafa20d5584f6ba1871d1b8941aa3cb', 1);
INSERT OR IGNORE INTO condition_patterns (custom_format_name, condition_name, regular_expression_name) VALUES ('VOF', 'French Original Version', 'VOF_French_Original_Version');
INSERT OR IGNORE INTO regular_expressions (name, pattern) VALUES ('VOF_French_Original_Version', '\b(VOF)\b');
INSERT OR IGNORE INTO custom_format_conditions (custom_format_name, name, type, arr_type, negate, required) VALUES ('VOF', 'French Original Version', 'pattern', 'radarr', 0, 1);

INSERT OR IGNORE INTO custom_formats (name, description, include_in_rename) VALUES ('VOQ', 'f7caa1942be5cc547c266bd3dbc2cda9', 1);
INSERT OR IGNORE INTO condition_patterns (custom_format_name, condition_name, regular_expression_name) VALUES ('VOQ', 'Quebec Original Version', 'VOQ_Quebec_Original_Version');
INSERT OR IGNORE INTO regular_expressions (name, pattern) VALUES ('VOQ_Quebec_Original_Version', '\b(VOQ)\b');
INSERT OR IGNORE INTO custom_format_conditions (custom_format_name, name, type, arr_type, negate, required) VALUES ('VOQ', 'Quebec Original Version', 'pattern', 'radarr', 0, 1);

INSERT OR IGNORE INTO custom_formats (name, description, include_in_rename) VALUES ('VOSTFR', '9172b2f683f6223e3a1846427b417a3d', 1);
INSERT OR IGNORE INTO condition_patterns (custom_format_name, condition_name, regular_expression_name) VALUES ('VOSTFR', 'VOSTFR', 'VOSTFR_VOSTFR');
INSERT OR IGNORE INTO condition_patterns (custom_format_name, condition_name, regular_expression_name) VALUES ('VOSTFR', 'SUBFRENCH', 'VOSTFR_SUBFRENCH');
INSERT OR IGNORE INTO regular_expressions (name, pattern) VALUES ('VOSTFR_VOSTFR', '\b(VOST.*?FR(E|A)?)\b');
INSERT OR IGNORE INTO regular_expressions (name, pattern) VALUES ('VOSTFR_SUBFRENCH', '\b(SUBFR(A|ENCH)?)\b');
INSERT OR IGNORE INTO custom_format_conditions (custom_format_name, name, type, arr_type, negate, required) VALUES ('VOSTFR', 'VOSTFR', 'pattern', 'radarr', 0, 0);
INSERT OR IGNORE INTO custom_format_conditions (custom_format_name, name, type, arr_type, negate, required) VALUES ('VOSTFR', 'SUBFRENCH', 'pattern', 'radarr', 0, 0);

INSERT OR IGNORE INTO custom_formats (name, description, include_in_rename) VALUES ('VQ', '95aa50f71a01c82354a7a2b385f1c4d8', 1);
INSERT OR IGNORE INTO condition_patterns (custom_format_name, condition_name, regular_expression_name) VALUES ('VQ', 'Version Qubcoise', 'VQ_Version_Qubcoise');
INSERT OR IGNORE INTO regular_expressions (name, pattern) VALUES ('VQ_Version_Qubcoise', '\b(VQ)\b');
INSERT OR IGNORE INTO custom_format_conditions (custom_format_name, name, type, arr_type, negate, required) VALUES ('VQ', 'Version Qubcoise', 'pattern', 'radarr', 0, 1);

INSERT OR IGNORE INTO custom_formats (name, description, include_in_rename) VALUES ('FR WEB Tier 01', '9790a618cec1aeac8ce75601a17ea40d', 0);
INSERT OR IGNORE INTO condition_patterns (custom_format_name, condition_name, regular_expression_name) VALUES ('FR WEB Tier 01', 'BONBON', 'FR_WEB_Tier_01_BONBON');
INSERT OR IGNORE INTO condition_patterns (custom_format_name, condition_name, regular_expression_name) VALUES ('FR WEB Tier 01', 'FCK', 'FR_WEB_Tier_01_FCK');
INSERT OR IGNORE INTO condition_patterns (custom_format_name, condition_name, regular_expression_name) VALUES ('FR WEB Tier 01', 'FW', 'FR_WEB_Tier_01_FW');
INSERT OR IGNORE INTO condition_patterns (custom_format_name, condition_name, regular_expression_name) VALUES ('FR WEB Tier 01', 'FoX', 'FR_WEB_Tier_01_FoX');
INSERT OR IGNORE INTO condition_patterns (custom_format_name, condition_name, regular_expression_name) VALUES ('FR WEB Tier 01', 'FRATERNiTY', 'FR_WEB_Tier_01_FRATERNiTY');
INSERT OR IGNORE INTO condition_patterns (custom_format_name, condition_name, regular_expression_name) VALUES ('FR WEB Tier 01', 'FrIeNdS', 'FR_WEB_Tier_01_FrIeNdS');
INSERT OR IGNORE INTO condition_patterns (custom_format_name, condition_name, regular_expression_name) VALUES ('FR WEB Tier 01', 'MOONLY', 'FR_WEB_Tier_01_MOONLY');
INSERT OR IGNORE INTO condition_patterns (custom_format_name, condition_name, regular_expression_name) VALUES ('FR WEB Tier 01', 'MTDK', 'FR_WEB_Tier_01_MTDK');
INSERT OR IGNORE INTO condition_patterns (custom_format_name, condition_name, regular_expression_name) VALUES ('FR WEB Tier 01', 'PATOPESTO', 'FR_WEB_Tier_01_PATOPESTO');
INSERT OR IGNORE INTO condition_patterns (custom_format_name, condition_name, regular_expression_name) VALUES ('FR WEB Tier 01', 'Psaro', 'FR_WEB_Tier_01_Psaro');
INSERT OR IGNORE INTO condition_patterns (custom_format_name, condition_name, regular_expression_name) VALUES ('FR WEB Tier 01', 'RG', 'FR_WEB_Tier_01_RG');
INSERT OR IGNORE INTO condition_patterns (custom_format_name, condition_name, regular_expression_name) VALUES ('FR WEB Tier 01', 'SUPPLY', 'FR_WEB_Tier_01_SUPPLY');
INSERT OR IGNORE INTO condition_patterns (custom_format_name, condition_name, regular_expression_name) VALUES ('FR WEB Tier 01', 'TFA', 'FR_WEB_Tier_01_TFA');
INSERT OR IGNORE INTO condition_patterns (custom_format_name, condition_name, regular_expression_name) VALUES ('FR WEB Tier 01', 'TiNA', 'FR_WEB_Tier_01_TiNA');
INSERT OR IGNORE INTO condition_sources (custom_format_name, condition_name, source) VALUES ('FR WEB Tier 01', 'WEBDL', 'WEBDL');
INSERT OR IGNORE INTO condition_sources (custom_format_name, condition_name, source) VALUES ('FR WEB Tier 01', 'WEBRIP', 'WEBRIP');
INSERT OR IGNORE INTO regular_expressions (name, pattern) VALUES ('FR_WEB_Tier_01_BONBON', '^(BONBON)$');
INSERT OR IGNORE INTO regular_expressions (name, pattern) VALUES ('FR_WEB_Tier_01_FCK', '^(FCK)$');
INSERT OR IGNORE INTO regular_expressions (name, pattern) VALUES ('FR_WEB_Tier_01_FW', '^(FW)$');
INSERT OR IGNORE INTO regular_expressions (name, pattern) VALUES ('FR_WEB_Tier_01_FoX', '^(FoX)$');
INSERT OR IGNORE INTO regular_expressions (name, pattern) VALUES ('FR_WEB_Tier_01_FRATERNiTY', '^(FRATERNiTY)$');
INSERT OR IGNORE INTO regular_expressions (name, pattern) VALUES ('FR_WEB_Tier_01_FrIeNdS', '^(FrIeNdS)$');
INSERT OR IGNORE INTO regular_expressions (name, pattern) VALUES ('FR_WEB_Tier_01_MOONLY', '^(MOONLY)$');
INSERT OR IGNORE INTO regular_expressions (name, pattern) VALUES ('FR_WEB_Tier_01_MTDK', '^(MTDK)$');
INSERT OR IGNORE INTO regular_expressions (name, pattern) VALUES ('FR_WEB_Tier_01_PATOPESTO', '^(PATOPESTO)$');
INSERT OR IGNORE INTO regular_expressions (name, pattern) VALUES ('FR_WEB_Tier_01_Psaro', '^(Psaro)$');
INSERT OR IGNORE INTO regular_expressions (name, pattern) VALUES ('FR_WEB_Tier_01_RG', '^(RG)$');
INSERT OR IGNORE INTO regular_expressions (name, pattern) VALUES ('FR_WEB_Tier_01_SUPPLY', '^(SUPPLY)$');
INSERT OR IGNORE INTO regular_expressions (name, pattern) VALUES ('FR_WEB_Tier_01_TFA', '^(TFA)$');
INSERT OR IGNORE INTO regular_expressions (name, pattern) VALUES ('FR_WEB_Tier_01_TiNA', '^(TiNA)$');
INSERT OR IGNORE INTO custom_format_conditions (custom_format_name, name, type, arr_type, negate, required) VALUES ('FR WEB Tier 01', 'WEBDL', 'source', 'radarr', 0, 0);
INSERT OR IGNORE INTO custom_format_conditions (custom_format_name, name, type, arr_type, negate, required) VALUES ('FR WEB Tier 01', 'WEBRIP', 'source', 'radarr', 0, 0);
INSERT OR IGNORE INTO custom_format_conditions (custom_format_name, name, type, arr_type, negate, required) VALUES ('FR WEB Tier 01', 'BONBON', 'pattern', 'radarr', 0, 0);
INSERT OR IGNORE INTO custom_format_conditions (custom_format_name, name, type, arr_type, negate, required) VALUES ('FR WEB Tier 01', 'FCK', 'pattern', 'radarr', 0, 0);
INSERT OR IGNORE INTO custom_format_conditions (custom_format_name, name, type, arr_type, negate, required) VALUES ('FR WEB Tier 01', 'FW', 'pattern', 'radarr', 0, 0);
INSERT OR IGNORE INTO custom_format_conditions (custom_format_name, name, type, arr_type, negate, required) VALUES ('FR WEB Tier 01', 'FoX', 'pattern', 'radarr', 0, 0);
INSERT OR IGNORE INTO custom_format_conditions (custom_format_name, name, type, arr_type, negate, required) VALUES ('FR WEB Tier 01', 'FRATERNiTY', 'pattern', 'radarr', 0, 0);
INSERT OR IGNORE INTO custom_format_conditions (custom_format_name, name, type, arr_type, negate, required) VALUES ('FR WEB Tier 01', 'FrIeNdS', 'pattern', 'radarr', 0, 0);
INSERT OR IGNORE INTO custom_format_conditions (custom_format_name, name, type, arr_type, negate, required) VALUES ('FR WEB Tier 01', 'MOONLY', 'pattern', 'radarr', 0, 0);
INSERT OR IGNORE INTO custom_format_conditions (custom_format_name, name, type, arr_type, negate, required) VALUES ('FR WEB Tier 01', 'MTDK', 'pattern', 'radarr', 0, 0);
INSERT OR IGNORE INTO custom_format_conditions (custom_format_name, name, type, arr_type, negate, required) VALUES ('FR WEB Tier 01', 'PATOPESTO', 'pattern', 'radarr', 0, 0);
INSERT OR IGNORE INTO custom_format_conditions (custom_format_name, name, type, arr_type, negate, required) VALUES ('FR WEB Tier 01', 'Psaro', 'pattern', 'radarr', 0, 0);
INSERT OR IGNORE INTO custom_format_conditions (custom_format_name, name, type, arr_type, negate, required) VALUES ('FR WEB Tier 01', 'RG', 'pattern', 'radarr', 0, 0);
INSERT OR IGNORE INTO custom_format_conditions (custom_format_name, name, type, arr_type, negate, required) VALUES ('FR WEB Tier 01', 'SUPPLY', 'pattern', 'radarr', 0, 0);
INSERT OR IGNORE INTO custom_format_conditions (custom_format_name, name, type, arr_type, negate, required) VALUES ('FR WEB Tier 01', 'TFA', 'pattern', 'radarr', 0, 0);
INSERT OR IGNORE INTO custom_format_conditions (custom_format_name, name, type, arr_type, negate, required) VALUES ('FR WEB Tier 01', 'TiNA', 'pattern', 'radarr', 0, 0);

INSERT OR IGNORE INTO custom_formats (name, description, include_in_rename) VALUES ('FR WEB Tier 02', '3c83a765f84239716bd5fd2d7af188f9', 0);
INSERT OR IGNORE INTO condition_patterns (custom_format_name, condition_name, regular_expression_name) VALUES ('FR WEB Tier 02', 'ALLDAYiN', 'FR_WEB_Tier_02_ALLDAYiN');
INSERT OR IGNORE INTO condition_patterns (custom_format_name, condition_name, regular_expression_name) VALUES ('FR WEB Tier 02', 'ARK01', 'FR_WEB_Tier_02_ARK01');
INSERT OR IGNORE INTO condition_patterns (custom_format_name, condition_name, regular_expression_name) VALUES ('FR WEB Tier 02', 'HeavyWeight', 'FR_WEB_Tier_02_HeavyWeight');
INSERT OR IGNORE INTO condition_patterns (custom_format_name, condition_name, regular_expression_name) VALUES ('FR WEB Tier 02', 'NEO', 'FR_WEB_Tier_02_NEO');
INSERT OR IGNORE INTO condition_patterns (custom_format_name, condition_name, regular_expression_name) VALUES ('FR WEB Tier 02', 'NoNe', 'FR_WEB_Tier_02_NoNe');
INSERT OR IGNORE INTO condition_patterns (custom_format_name, condition_name, regular_expression_name) VALUES ('FR WEB Tier 02', 'ONLYMOViE', 'FR_WEB_Tier_02_ONLYMOViE');
INSERT OR IGNORE INTO condition_patterns (custom_format_name, condition_name, regular_expression_name) VALUES ('FR WEB Tier 02', 'POTO', 'FR_WEB_Tier_02_POTO');
INSERT OR IGNORE INTO condition_patterns (custom_format_name, condition_name, regular_expression_name) VALUES ('FR WEB Tier 02', 'Slay3R', 'FR_WEB_Tier_02_Slay3R');
INSERT OR IGNORE INTO condition_patterns (custom_format_name, condition_name, regular_expression_name) VALUES ('FR WEB Tier 02', 'TkHD', 'FR_WEB_Tier_02_TkHD');
INSERT OR IGNORE INTO condition_patterns (custom_format_name, condition_name, regular_expression_name) VALUES ('FR WEB Tier 02', 'WaCkS', 'FR_WEB_Tier_02_WaCkS');
INSERT OR IGNORE INTO condition_sources (custom_format_name, condition_name, source) VALUES ('FR WEB Tier 02', 'WEBDL', 'WEBDL');
INSERT OR IGNORE INTO condition_sources (custom_format_name, condition_name, source) VALUES ('FR WEB Tier 02', 'WEBRIP', 'WEBRIP');
INSERT OR IGNORE INTO regular_expressions (name, pattern) VALUES ('FR_WEB_Tier_02_ALLDAYiN', '^(ALLDAYiN)$');
INSERT OR IGNORE INTO regular_expressions (name, pattern) VALUES ('FR_WEB_Tier_02_ARK01', '^(ARK01)$');
INSERT OR IGNORE INTO regular_expressions (name, pattern) VALUES ('FR_WEB_Tier_02_HeavyWeight', '^(HeavyWeight)$');
INSERT OR IGNORE INTO regular_expressions (name, pattern) VALUES ('FR_WEB_Tier_02_NEO', '^(NEO)$');
INSERT OR IGNORE INTO regular_expressions (name, pattern) VALUES ('FR_WEB_Tier_02_NoNe', '^(NoNe)$');
INSERT OR IGNORE INTO regular_expressions (name, pattern) VALUES ('FR_WEB_Tier_02_ONLYMOViE', '^(ONLYMOViE)$');
INSERT OR IGNORE INTO regular_expressions (name, pattern) VALUES ('FR_WEB_Tier_02_POTO', '^(POTO)$');
INSERT OR IGNORE INTO regular_expressions (name, pattern) VALUES ('FR_WEB_Tier_02_Slay3R', '^(Slay3R)$');
INSERT OR IGNORE INTO regular_expressions (name, pattern) VALUES ('FR_WEB_Tier_02_TkHD', '^(TkHD)$');
INSERT OR IGNORE INTO regular_expressions (name, pattern) VALUES ('FR_WEB_Tier_02_WaCkS', '^(WaCkS)$');
INSERT OR IGNORE INTO custom_format_conditions (custom_format_name, name, type, arr_type, negate, required) VALUES ('FR WEB Tier 02', 'WEBDL', 'source', 'radarr', 0, 0);
INSERT OR IGNORE INTO custom_format_conditions (custom_format_name, name, type, arr_type, negate, required) VALUES ('FR WEB Tier 02', 'WEBRIP', 'source', 'radarr', 0, 0);
INSERT OR IGNORE INTO custom_format_conditions (custom_format_name, name, type, arr_type, negate, required) VALUES ('FR WEB Tier 02', 'ALLDAYiN', 'pattern', 'radarr', 0, 0);
INSERT OR IGNORE INTO custom_format_conditions (custom_format_name, name, type, arr_type, negate, required) VALUES ('FR WEB Tier 02', 'ARK01', 'pattern', 'radarr', 0, 0);
INSERT OR IGNORE INTO custom_format_conditions (custom_format_name, name, type, arr_type, negate, required) VALUES ('FR WEB Tier 02', 'HeavyWeight', 'pattern', 'radarr', 0, 0);
INSERT OR IGNORE INTO custom_format_conditions (custom_format_name, name, type, arr_type, negate, required) VALUES ('FR WEB Tier 02', 'NEO', 'pattern', 'radarr', 0, 0);
INSERT OR IGNORE INTO custom_format_conditions (custom_format_name, name, type, arr_type, negate, required) VALUES ('FR WEB Tier 02', 'NoNe', 'pattern', 'radarr', 0, 0);
INSERT OR IGNORE INTO custom_format_conditions (custom_format_name, name, type, arr_type, negate, required) VALUES ('FR WEB Tier 02', 'ONLYMOViE', 'pattern', 'radarr', 0, 0);
INSERT OR IGNORE INTO custom_format_conditions (custom_format_name, name, type, arr_type, negate, required) VALUES ('FR WEB Tier 02', 'POTO', 'pattern', 'radarr', 0, 0);
INSERT OR IGNORE INTO custom_format_conditions (custom_format_name, name, type, arr_type, negate, required) VALUES ('FR WEB Tier 02', 'Slay3R', 'pattern', 'radarr', 0, 0);
INSERT OR IGNORE INTO custom_format_conditions (custom_format_name, name, type, arr_type, negate, required) VALUES ('FR WEB Tier 02', 'TkHD', 'pattern', 'radarr', 0, 0);
INSERT OR IGNORE INTO custom_format_conditions (custom_format_name, name, type, arr_type, negate, required) VALUES ('FR WEB Tier 02', 'WaCkS', 'pattern', 'radarr', 0, 0);

INSERT OR IGNORE INTO custom_formats (name, description, include_in_rename) VALUES ('Generated Dynamic HDR', 'e6886871085226c3da1830830146846c', 0);
INSERT OR IGNORE INTO condition_patterns (custom_format_name, condition_name, regular_expression_name) VALUES ('Generated Dynamic HDR', 'BiTOR', 'Generated_Dynamic_HDR_BiTOR');
INSERT OR IGNORE INTO condition_patterns (custom_format_name, condition_name, regular_expression_name) VALUES ('Generated Dynamic HDR', 'DepraveD', 'Generated_Dynamic_HDR_DepraveD');
INSERT OR IGNORE INTO condition_patterns (custom_format_name, condition_name, regular_expression_name) VALUES ('Generated Dynamic HDR', 'Flights', 'Generated_Dynamic_HDR_Flights');
INSERT OR IGNORE INTO condition_patterns (custom_format_name, condition_name, regular_expression_name) VALUES ('Generated Dynamic HDR', 'SasukeducK', 'Generated_Dynamic_HDR_SasukeducK');
INSERT OR IGNORE INTO condition_patterns (custom_format_name, condition_name, regular_expression_name) VALUES ('Generated Dynamic HDR', 'tarunk9c', 'Generated_Dynamic_HDR_tarunk9c');
INSERT OR IGNORE INTO condition_patterns (custom_format_name, condition_name, regular_expression_name) VALUES ('Generated Dynamic HDR', 'VD0N', 'Generated_Dynamic_HDR_VD0N');
INSERT OR IGNORE INTO condition_patterns (custom_format_name, condition_name, regular_expression_name) VALUES ('Generated Dynamic HDR', 'VECTOR', 'Generated_Dynamic_HDR_VECTOR');
INSERT OR IGNORE INTO condition_patterns (custom_format_name, condition_name, regular_expression_name) VALUES ('Generated Dynamic HDR', 'VisionXpert', 'Generated_Dynamic_HDR_VisionXpert');
INSERT OR IGNORE INTO condition_patterns (custom_format_name, condition_name, regular_expression_name) VALUES ('Generated Dynamic HDR', 'HDR10', 'Generated_Dynamic_HDR_HDR10');
INSERT OR IGNORE INTO condition_patterns (custom_format_name, condition_name, regular_expression_name) VALUES ('Generated Dynamic HDR', 'DV', 'Generated_Dynamic_HDR_DV');
INSERT OR IGNORE INTO regular_expressions (name, pattern) VALUES ('Generated_Dynamic_HDR_BiTOR', '^(BiTOR)$');
INSERT OR IGNORE INTO regular_expressions (name, pattern) VALUES ('Generated_Dynamic_HDR_DepraveD', '^(DepraveD)$');
INSERT OR IGNORE INTO regular_expressions (name, pattern) VALUES ('Generated_Dynamic_HDR_Flights', '^(Flights)$');
INSERT OR IGNORE INTO regular_expressions (name, pattern) VALUES ('Generated_Dynamic_HDR_SasukeducK', '^(SasukeducK)$');
INSERT OR IGNORE INTO regular_expressions (name, pattern) VALUES ('Generated_Dynamic_HDR_tarunk9c', '^(tarunk9c)$');
INSERT OR IGNORE INTO regular_expressions (name, pattern) VALUES ('Generated_Dynamic_HDR_VD0N', '^(VD0N)$');
INSERT OR IGNORE INTO regular_expressions (name, pattern) VALUES ('Generated_Dynamic_HDR_VECTOR', '^(VECTOR)$');
INSERT OR IGNORE INTO regular_expressions (name, pattern) VALUES ('Generated_Dynamic_HDR_VisionXpert', '^(VisionXpert)$');
INSERT OR IGNORE INTO regular_expressions (name, pattern) VALUES ('Generated_Dynamic_HDR_HDR10', '\bHDR10(\+|P(lus)?\b)');
INSERT OR IGNORE INTO regular_expressions (name, pattern) VALUES ('Generated_Dynamic_HDR_DV', '\b(dv|dovi|dolby[ .]?v(ision)?)\b');
INSERT OR IGNORE INTO custom_format_conditions (custom_format_name, name, type, arr_type, negate, required) VALUES ('Generated Dynamic HDR', 'BiTOR', 'pattern', 'radarr', 0, 0);
INSERT OR IGNORE INTO custom_format_conditions (custom_format_name, name, type, arr_type, negate, required) VALUES ('Generated Dynamic HDR', 'DepraveD', 'pattern', 'radarr', 0, 0);
INSERT OR IGNORE INTO custom_format_conditions (custom_format_name, name, type, arr_type, negate, required) VALUES ('Generated Dynamic HDR', 'Flights', 'pattern', 'radarr', 0, 0);
INSERT OR IGNORE INTO custom_format_conditions (custom_format_name, name, type, arr_type, negate, required) VALUES ('Generated Dynamic HDR', 'SasukeducK', 'pattern', 'radarr', 0, 0);
INSERT OR IGNORE INTO custom_format_conditions (custom_format_name, name, type, arr_type, negate, required) VALUES ('Generated Dynamic HDR', 'tarunk9c', 'pattern', 'radarr', 0, 0);
INSERT OR IGNORE INTO custom_format_conditions (custom_format_name, name, type, arr_type, negate, required) VALUES ('Generated Dynamic HDR', 'VD0N', 'pattern', 'radarr', 0, 0);
INSERT OR IGNORE INTO custom_format_conditions (custom_format_name, name, type, arr_type, negate, required) VALUES ('Generated Dynamic HDR', 'VECTOR', 'pattern', 'radarr', 0, 0);
INSERT OR IGNORE INTO custom_format_conditions (custom_format_name, name, type, arr_type, negate, required) VALUES ('Generated Dynamic HDR', 'VisionXpert', 'pattern', 'radarr', 0, 0);
INSERT OR IGNORE INTO custom_format_conditions (custom_format_name, name, type, arr_type, negate, required) VALUES ('Generated Dynamic HDR', 'HDR10', 'pattern', 'radarr', 0, 0);
INSERT OR IGNORE INTO custom_format_conditions (custom_format_name, name, type, arr_type, negate, required) VALUES ('Generated Dynamic HDR', 'DV', 'pattern', 'radarr', 0, 0);

INSERT OR IGNORE INTO custom_formats (name, description, include_in_rename) VALUES ('German 1080p Booster', '3bc8df3a71baaac60a31ef696ea72d36', 0);
INSERT OR IGNORE INTO condition_languages (custom_format_name, condition_name, language_name, except_language) VALUES ('German 1080p Booster', 'German', '4', 0);
INSERT OR IGNORE INTO condition_languages (custom_format_name, condition_name, language_name, except_language) VALUES ('German 1080p Booster', 'Original Language', '-2', 0);
INSERT OR IGNORE INTO condition_resolutions (custom_format_name, condition_name, resolution) VALUES ('German 1080p Booster', '1080p', '1080');
INSERT OR IGNORE INTO custom_format_conditions (custom_format_name, name, type, arr_type, negate, required) VALUES ('German 1080p Booster', 'German', 'language', 'radarr', 0, 1);
INSERT OR IGNORE INTO custom_format_conditions (custom_format_name, name, type, arr_type, negate, required) VALUES ('German 1080p Booster', 'Original Language', 'language', 'radarr', 0, 1);
INSERT OR IGNORE INTO custom_format_conditions (custom_format_name, name, type, arr_type, negate, required) VALUES ('German 1080p Booster', '1080p', 'resolution', 'radarr', 0, 1);

INSERT OR IGNORE INTO custom_formats (name, description, include_in_rename) VALUES ('German 2160p Booster', 'cc7b1e64e2513a6a271090cdfafaeb55', 0);
INSERT OR IGNORE INTO condition_languages (custom_format_name, condition_name, language_name, except_language) VALUES ('German 2160p Booster', 'German', '4', 0);
INSERT OR IGNORE INTO condition_languages (custom_format_name, condition_name, language_name, except_language) VALUES ('German 2160p Booster', 'Original Language', '-2', 0);
INSERT OR IGNORE INTO condition_resolutions (custom_format_name, condition_name, resolution) VALUES ('German 2160p Booster', '2160p', '2160');
INSERT OR IGNORE INTO custom_format_conditions (custom_format_name, name, type, arr_type, negate, required) VALUES ('German 2160p Booster', 'German', 'language', 'radarr', 0, 1);
INSERT OR IGNORE INTO custom_format_conditions (custom_format_name, name, type, arr_type, negate, required) VALUES ('German 2160p Booster', 'Original Language', 'language', 'radarr', 0, 1);
INSERT OR IGNORE INTO custom_format_conditions (custom_format_name, name, type, arr_type, negate, required) VALUES ('German 2160p Booster', '2160p', 'resolution', 'radarr', 0, 1);

INSERT OR IGNORE INTO custom_formats (name, description, include_in_rename) VALUES ('German Bluray Tier 01', '54795711b78ea87e56127928c423689b', 0);
INSERT OR IGNORE INTO condition_patterns (custom_format_name, condition_name, regular_expression_name) VALUES ('German Bluray Tier 01', 'ZeroTwo', 'German_Bluray_Tier_01_ZeroTwo');
INSERT OR IGNORE INTO condition_patterns (custom_format_name, condition_name, regular_expression_name) VALUES ('German Bluray Tier 01', 'ZeroTwo Aliases', 'German_Bluray_Tier_01_ZeroTwo_Aliases');
INSERT OR IGNORE INTO condition_patterns (custom_format_name, condition_name, regular_expression_name) VALUES ('German Bluray Tier 01', 'TSCC', 'German_Bluray_Tier_01_TSCC');
INSERT OR IGNORE INTO condition_patterns (custom_format_name, condition_name, regular_expression_name) VALUES ('German Bluray Tier 01', 'TvR', 'German_Bluray_Tier_01_TvR');
INSERT OR IGNORE INTO condition_patterns (custom_format_name, condition_name, regular_expression_name) VALUES ('German Bluray Tier 01', 'NIMA4K', 'German_Bluray_Tier_01_NIMA4K');
INSERT OR IGNORE INTO condition_patterns (custom_format_name, condition_name, regular_expression_name) VALUES ('German Bluray Tier 01', 'TVS', 'German_Bluray_Tier_01_TVS');
INSERT OR IGNORE INTO condition_patterns (custom_format_name, condition_name, regular_expression_name) VALUES ('German Bluray Tier 01', 'PXL', 'German_Bluray_Tier_01_PXL');
INSERT OR IGNORE INTO condition_patterns (custom_format_name, condition_name, regular_expression_name) VALUES ('German Bluray Tier 01', 'CNY', 'German_Bluray_Tier_01_CNY');
INSERT OR IGNORE INTO condition_patterns (custom_format_name, condition_name, regular_expression_name) VALUES ('German Bluray Tier 01', 'WeebPinn', 'German_Bluray_Tier_01_WeebPinn');
INSERT OR IGNORE INTO condition_patterns (custom_format_name, condition_name, regular_expression_name) VALUES ('German Bluray Tier 01', 'MAMA', 'German_Bluray_Tier_01_MAMA');
INSERT OR IGNORE INTO condition_patterns (custom_format_name, condition_name, regular_expression_name) VALUES ('German Bluray Tier 01', 'WalterBishop', 'German_Bluray_Tier_01_WalterBishop');
INSERT OR IGNORE INTO condition_sources (custom_format_name, condition_name, source) VALUES ('German Bluray Tier 01', 'Bluray', 'BLURAY');
INSERT OR IGNORE INTO condition_quality_modifiers (custom_format_name, condition_name, quality_modifier) VALUES ('German Bluray Tier 01', 'Not Remux', '5');
INSERT OR IGNORE INTO regular_expressions (name, pattern) VALUES ('German_Bluray_Tier_01_ZeroTwo', '^(ZeroTwo)$');
INSERT OR IGNORE INTO regular_expressions (name, pattern) VALUES ('German_Bluray_Tier_01_ZeroTwo_Aliases', '\b(BUTTERCUP|HARTZ02|XiSS|DOGPACK404|PRiNCESSDiANA|DiVA|WAREZCX|BiTCHNUGGET)\b');
INSERT OR IGNORE INTO regular_expressions (name, pattern) VALUES ('German_Bluray_Tier_01_TSCC', '^(TSCC)$');
INSERT OR IGNORE INTO regular_expressions (name, pattern) VALUES ('German_Bluray_Tier_01_TvR', '^(TvR)$');
INSERT OR IGNORE INTO regular_expressions (name, pattern) VALUES ('German_Bluray_Tier_01_NIMA4K', '^(NIMA4K)$');
INSERT OR IGNORE INTO regular_expressions (name, pattern) VALUES ('German_Bluray_Tier_01_TVS', '^(TVS)$');
INSERT OR IGNORE INTO regular_expressions (name, pattern) VALUES ('German_Bluray_Tier_01_PXL', '^(PXL)$');
INSERT OR IGNORE INTO regular_expressions (name, pattern) VALUES ('German_Bluray_Tier_01_CNY', '^(CNY)$');
INSERT OR IGNORE INTO regular_expressions (name, pattern) VALUES ('German_Bluray_Tier_01_WeebPinn', '^(WeebPinn)$');
INSERT OR IGNORE INTO regular_expressions (name, pattern) VALUES ('German_Bluray_Tier_01_MAMA', '^(MAMA)$');
INSERT OR IGNORE INTO regular_expressions (name, pattern) VALUES ('German_Bluray_Tier_01_WalterBishop', '^(WalterBishop)$');
INSERT OR IGNORE INTO custom_format_conditions (custom_format_name, name, type, arr_type, negate, required) VALUES ('German Bluray Tier 01', 'ZeroTwo', 'pattern', 'radarr', 0, 0);
INSERT OR IGNORE INTO custom_format_conditions (custom_format_name, name, type, arr_type, negate, required) VALUES ('German Bluray Tier 01', 'ZeroTwo Aliases', 'pattern', 'radarr', 0, 0);
INSERT OR IGNORE INTO custom_format_conditions (custom_format_name, name, type, arr_type, negate, required) VALUES ('German Bluray Tier 01', 'TSCC', 'pattern', 'radarr', 0, 0);
INSERT OR IGNORE INTO custom_format_conditions (custom_format_name, name, type, arr_type, negate, required) VALUES ('German Bluray Tier 01', 'TvR', 'pattern', 'radarr', 0, 0);
INSERT OR IGNORE INTO custom_format_conditions (custom_format_name, name, type, arr_type, negate, required) VALUES ('German Bluray Tier 01', 'NIMA4K', 'pattern', 'radarr', 0, 0);
INSERT OR IGNORE INTO custom_format_conditions (custom_format_name, name, type, arr_type, negate, required) VALUES ('German Bluray Tier 01', 'TVS', 'pattern', 'radarr', 0, 0);
INSERT OR IGNORE INTO custom_format_conditions (custom_format_name, name, type, arr_type, negate, required) VALUES ('German Bluray Tier 01', 'PXL', 'pattern', 'radarr', 0, 0);
INSERT OR IGNORE INTO custom_format_conditions (custom_format_name, name, type, arr_type, negate, required) VALUES ('German Bluray Tier 01', 'CNY', 'pattern', 'radarr', 0, 0);
INSERT OR IGNORE INTO custom_format_conditions (custom_format_name, name, type, arr_type, negate, required) VALUES ('German Bluray Tier 01', 'WeebPinn', 'pattern', 'radarr', 0, 0);
INSERT OR IGNORE INTO custom_format_conditions (custom_format_name, name, type, arr_type, negate, required) VALUES ('German Bluray Tier 01', 'MAMA', 'pattern', 'radarr', 0, 0);
INSERT OR IGNORE INTO custom_format_conditions (custom_format_name, name, type, arr_type, negate, required) VALUES ('German Bluray Tier 01', 'WalterBishop', 'pattern', 'radarr', 0, 0);
INSERT OR IGNORE INTO custom_format_conditions (custom_format_name, name, type, arr_type, negate, required) VALUES ('German Bluray Tier 01', 'Bluray', 'source', 'radarr', 0, 1);
INSERT OR IGNORE INTO custom_format_conditions (custom_format_name, name, type, arr_type, negate, required) VALUES ('German Bluray Tier 01', 'Not Remux', 'quality_modifier', 'radarr', 1, 1);

INSERT OR IGNORE INTO custom_formats (name, description, include_in_rename) VALUES ('German Bluray Tier 02', '1bfc773c53283d47c68e535811da30b7', 0);
INSERT OR IGNORE INTO condition_patterns (custom_format_name, condition_name, regular_expression_name) VALUES ('German Bluray Tier 02', 'VECTOR', 'German_Bluray_Tier_02_VECTOR');
INSERT OR IGNORE INTO condition_patterns (custom_format_name, condition_name, regular_expression_name) VALUES ('German Bluray Tier 02', 'MULTiPLEX', 'German_Bluray_Tier_02_MULTiPLEX');
INSERT OR IGNORE INTO condition_patterns (custom_format_name, condition_name, regular_expression_name) VALUES ('German Bluray Tier 02', 'SiXTYNiNE', 'German_Bluray_Tier_02_SiXTYNiNE');
INSERT OR IGNORE INTO condition_patterns (custom_format_name, condition_name, regular_expression_name) VALUES ('German Bluray Tier 02', 'Oergel', 'German_Bluray_Tier_02_Oergel');
INSERT OR IGNORE INTO condition_patterns (custom_format_name, condition_name, regular_expression_name) VALUES ('German Bluray Tier 02', 'ABJ', 'German_Bluray_Tier_02_ABJ');
INSERT OR IGNORE INTO condition_patterns (custom_format_name, condition_name, regular_expression_name) VALUES ('German Bluray Tier 02', 'paranoid06', 'German_Bluray_Tier_02_paranoid06');
INSERT OR IGNORE INTO condition_patterns (custom_format_name, condition_name, regular_expression_name) VALUES ('German Bluray Tier 02', 'RocketHD', 'German_Bluray_Tier_02_RocketHD');
INSERT OR IGNORE INTO condition_sources (custom_format_name, condition_name, source) VALUES ('German Bluray Tier 02', 'Bluray', 'BLURAY');
INSERT OR IGNORE INTO condition_quality_modifiers (custom_format_name, condition_name, quality_modifier) VALUES ('German Bluray Tier 02', 'Not Remux', '5');
INSERT OR IGNORE INTO regular_expressions (name, pattern) VALUES ('German_Bluray_Tier_02_VECTOR', '(VECTOR)$');
INSERT OR IGNORE INTO regular_expressions (name, pattern) VALUES ('German_Bluray_Tier_02_MULTiPLEX', '(MULTiPLEX)$');
INSERT OR IGNORE INTO regular_expressions (name, pattern) VALUES ('German_Bluray_Tier_02_SiXTYNiNE', '(SiXTYNiNE)$');
INSERT OR IGNORE INTO regular_expressions (name, pattern) VALUES ('German_Bluray_Tier_02_Oergel', '(Oergel)$');
INSERT OR IGNORE INTO regular_expressions (name, pattern) VALUES ('German_Bluray_Tier_02_ABJ', '(ABJ)$');
INSERT OR IGNORE INTO regular_expressions (name, pattern) VALUES ('German_Bluray_Tier_02_paranoid06', '^(paranoid06)$');
INSERT OR IGNORE INTO regular_expressions (name, pattern) VALUES ('German_Bluray_Tier_02_RocketHD', '^(RocketHD)$');
INSERT OR IGNORE INTO custom_format_conditions (custom_format_name, name, type, arr_type, negate, required) VALUES ('German Bluray Tier 02', 'VECTOR', 'pattern', 'radarr', 0, 0);
INSERT OR IGNORE INTO custom_format_conditions (custom_format_name, name, type, arr_type, negate, required) VALUES ('German Bluray Tier 02', 'MULTiPLEX', 'pattern', 'radarr', 0, 0);
INSERT OR IGNORE INTO custom_format_conditions (custom_format_name, name, type, arr_type, negate, required) VALUES ('German Bluray Tier 02', 'SiXTYNiNE', 'pattern', 'radarr', 0, 0);
INSERT OR IGNORE INTO custom_format_conditions (custom_format_name, name, type, arr_type, negate, required) VALUES ('German Bluray Tier 02', 'Oergel', 'pattern', 'radarr', 0, 0);
INSERT OR IGNORE INTO custom_format_conditions (custom_format_name, name, type, arr_type, negate, required) VALUES ('German Bluray Tier 02', 'ABJ', 'pattern', 'radarr', 0, 0);
INSERT OR IGNORE INTO custom_format_conditions (custom_format_name, name, type, arr_type, negate, required) VALUES ('German Bluray Tier 02', 'paranoid06', 'pattern', 'radarr', 0, 0);
INSERT OR IGNORE INTO custom_format_conditions (custom_format_name, name, type, arr_type, negate, required) VALUES ('German Bluray Tier 02', 'RocketHD', 'pattern', 'radarr', 0, 0);
INSERT OR IGNORE INTO custom_format_conditions (custom_format_name, name, type, arr_type, negate, required) VALUES ('German Bluray Tier 02', 'Bluray', 'source', 'radarr', 0, 1);
INSERT OR IGNORE INTO custom_format_conditions (custom_format_name, name, type, arr_type, negate, required) VALUES ('German Bluray Tier 02', 'Not Remux', 'quality_modifier', 'radarr', 1, 1);

INSERT OR IGNORE INTO custom_formats (name, description, include_in_rename) VALUES ('German Bluray Tier 03', 'aee01d40cd1bf4bcded81ee62f0f3659', 0);
INSERT OR IGNORE INTO condition_patterns (custom_format_name, condition_name, regular_expression_name) VALUES ('German Bluray Tier 03', 'RobertDeNiro', 'German_Bluray_Tier_03_RobertDeNiro');
INSERT OR IGNORE INTO condition_patterns (custom_format_name, condition_name, regular_expression_name) VALUES ('German Bluray Tier 03', 'LeetHD', 'German_Bluray_Tier_03_LeetHD');
INSERT OR IGNORE INTO condition_patterns (custom_format_name, condition_name, regular_expression_name) VALUES ('German Bluray Tier 03', 'RHD', 'German_Bluray_Tier_03_RHD');
INSERT OR IGNORE INTO condition_patterns (custom_format_name, condition_name, regular_expression_name) VALUES ('German Bluray Tier 03', 'HDSource', 'German_Bluray_Tier_03_HDSource');
INSERT OR IGNORE INTO condition_patterns (custom_format_name, condition_name, regular_expression_name) VALUES ('German Bluray Tier 03', 'UNFIrED', 'German_Bluray_Tier_03_UNFIrED');
INSERT OR IGNORE INTO condition_patterns (custom_format_name, condition_name, regular_expression_name) VALUES ('German Bluray Tier 03', 'iNCEPTION', 'German_Bluray_Tier_03_iNCEPTION');
INSERT OR IGNORE INTO condition_patterns (custom_format_name, condition_name, regular_expression_name) VALUES ('German Bluray Tier 03', 'FX', 'German_Bluray_Tier_03_FX');
INSERT OR IGNORE INTO condition_patterns (custom_format_name, condition_name, regular_expression_name) VALUES ('German Bluray Tier 03', 'RDR', 'German_Bluray_Tier_03_RDR');
INSERT OR IGNORE INTO condition_sources (custom_format_name, condition_name, source) VALUES ('German Bluray Tier 03', 'Bluray', 'BLURAY');
INSERT OR IGNORE INTO condition_quality_modifiers (custom_format_name, condition_name, quality_modifier) VALUES ('German Bluray Tier 03', 'Not Remux', '5');
INSERT OR IGNORE INTO regular_expressions (name, pattern) VALUES ('German_Bluray_Tier_03_RobertDeNiro', '^(RobertDeNiro)$');
INSERT OR IGNORE INTO regular_expressions (name, pattern) VALUES ('German_Bluray_Tier_03_LeetHD', '^(LeetHD)$');
INSERT OR IGNORE INTO regular_expressions (name, pattern) VALUES ('German_Bluray_Tier_03_RHD', '^(RHD)$');
INSERT OR IGNORE INTO regular_expressions (name, pattern) VALUES ('German_Bluray_Tier_03_HDSource', '^(HDSource)$');
INSERT OR IGNORE INTO regular_expressions (name, pattern) VALUES ('German_Bluray_Tier_03_UNFIrED', '^(UNFIrED)$');
INSERT OR IGNORE INTO regular_expressions (name, pattern) VALUES ('German_Bluray_Tier_03_iNCEPTION', '^(iNCEPTION)$');
INSERT OR IGNORE INTO regular_expressions (name, pattern) VALUES ('German_Bluray_Tier_03_FX', '^(FX)$');
INSERT OR IGNORE INTO regular_expressions (name, pattern) VALUES ('German_Bluray_Tier_03_RDR', '^(RDR)$');
INSERT OR IGNORE INTO custom_format_conditions (custom_format_name, name, type, arr_type, negate, required) VALUES ('German Bluray Tier 03', 'RobertDeNiro', 'pattern', 'radarr', 0, 0);
INSERT OR IGNORE INTO custom_format_conditions (custom_format_name, name, type, arr_type, negate, required) VALUES ('German Bluray Tier 03', 'LeetHD', 'pattern', 'radarr', 0, 0);
INSERT OR IGNORE INTO custom_format_conditions (custom_format_name, name, type, arr_type, negate, required) VALUES ('German Bluray Tier 03', 'RHD', 'pattern', 'radarr', 0, 0);
INSERT OR IGNORE INTO custom_format_conditions (custom_format_name, name, type, arr_type, negate, required) VALUES ('German Bluray Tier 03', 'HDSource', 'pattern', 'radarr', 0, 0);
INSERT OR IGNORE INTO custom_format_conditions (custom_format_name, name, type, arr_type, negate, required) VALUES ('German Bluray Tier 03', 'UNFIrED', 'pattern', 'radarr', 0, 0);
INSERT OR IGNORE INTO custom_format_conditions (custom_format_name, name, type, arr_type, negate, required) VALUES ('German Bluray Tier 03', 'iNCEPTION', 'pattern', 'radarr', 0, 0);
INSERT OR IGNORE INTO custom_format_conditions (custom_format_name, name, type, arr_type, negate, required) VALUES ('German Bluray Tier 03', 'FX', 'pattern', 'radarr', 0, 0);
INSERT OR IGNORE INTO custom_format_conditions (custom_format_name, name, type, arr_type, negate, required) VALUES ('German Bluray Tier 03', 'RDR', 'pattern', 'radarr', 0, 0);
INSERT OR IGNORE INTO custom_format_conditions (custom_format_name, name, type, arr_type, negate, required) VALUES ('German Bluray Tier 03', 'Bluray', 'source', 'radarr', 0, 1);
INSERT OR IGNORE INTO custom_format_conditions (custom_format_name, name, type, arr_type, negate, required) VALUES ('German Bluray Tier 03', 'Not Remux', 'quality_modifier', 'radarr', 1, 1);

INSERT OR IGNORE INTO custom_formats (name, description, include_in_rename) VALUES ('German LQ (release title)', 'a826ee9e46607bc61795c85a6f2b1279', 0);
INSERT OR IGNORE INTO condition_patterns (custom_format_name, condition_name, regular_expression_name) VALUES ('German LQ (release title)', 'TVS iTunesHD', 'German_LQ_(release_title)_TVS_iTunesHD');
INSERT OR IGNORE INTO condition_patterns (custom_format_name, condition_name, regular_expression_name) VALUES ('German LQ (release title)', 'Jellyfin-Plex', 'German_LQ_(release_title)_Jellyfin-Plex');
INSERT OR IGNORE INTO condition_patterns (custom_format_name, condition_name, regular_expression_name) VALUES ('German LQ (release title)', 'Double German Tag', 'German_LQ_(release_title)_Double_German_Tag');
INSERT OR IGNORE INTO regular_expressions (name, pattern) VALUES ('German_LQ_(release_title)_TVS_iTunesHD', '([._-])iTunes(?:HD|SD)?\1.+?-TVS$');
INSERT OR IGNORE INTO regular_expressions (name, pattern) VALUES ('German_LQ_(release_title)_Jellyfin-Plex', 'Jellyfin-Plex$');
INSERT OR IGNORE INTO regular_expressions (name, pattern) VALUES ('German_LQ_(release_title)_Double_German_Tag', '[._-]German[._-].+?[._-]?German$');
INSERT OR IGNORE INTO custom_format_conditions (custom_format_name, name, type, arr_type, negate, required) VALUES ('German LQ (release title)', 'TVS iTunesHD', 'pattern', 'radarr', 0, 0);
INSERT OR IGNORE INTO custom_format_conditions (custom_format_name, name, type, arr_type, negate, required) VALUES ('German LQ (release title)', 'Jellyfin-Plex', 'pattern', 'radarr', 0, 0);
INSERT OR IGNORE INTO custom_format_conditions (custom_format_name, name, type, arr_type, negate, required) VALUES ('German LQ (release title)', 'Double German Tag', 'pattern', 'radarr', 0, 0);

INSERT OR IGNORE INTO custom_formats (name, description, include_in_rename) VALUES ('German LQ', '263943bc5d99550c68aad0c4278ba1c7', 0);
INSERT OR IGNORE INTO condition_patterns (custom_format_name, condition_name, regular_expression_name) VALUES ('German LQ', 'PsO', 'German_LQ_PsO');
INSERT OR IGNORE INTO condition_patterns (custom_format_name, condition_name, regular_expression_name) VALUES ('German LQ', 'Cancer58', 'German_LQ_Cancer58');
INSERT OR IGNORE INTO condition_patterns (custom_format_name, condition_name, regular_expression_name) VALUES ('German LQ', 'TylorD', 'German_LQ_TylorD');
INSERT OR IGNORE INTO condition_patterns (custom_format_name, condition_name, regular_expression_name) VALUES ('German LQ', '1XBET', 'German_LQ_1XBET');
INSERT OR IGNORE INTO condition_patterns (custom_format_name, condition_name, regular_expression_name) VALUES ('German LQ', '2dead', 'German_LQ_2dead');
INSERT OR IGNORE INTO condition_patterns (custom_format_name, condition_name, regular_expression_name) VALUES ('German LQ', 'HELD', 'German_LQ_HELD');
INSERT OR IGNORE INTO condition_patterns (custom_format_name, condition_name, regular_expression_name) VALUES ('German LQ', 'kala', 'German_LQ_kala');
INSERT OR IGNORE INTO condition_patterns (custom_format_name, condition_name, regular_expression_name) VALUES ('German LQ', 'POE', 'German_LQ_POE');
INSERT OR IGNORE INTO condition_patterns (custom_format_name, condition_name, regular_expression_name) VALUES ('German LQ', 'SHOWE', 'German_LQ_SHOWE');
INSERT OR IGNORE INTO condition_patterns (custom_format_name, condition_name, regular_expression_name) VALUES ('German LQ', 'SHOWEHD', 'German_LQ_SHOWEHD');
INSERT OR IGNORE INTO condition_patterns (custom_format_name, condition_name, regular_expression_name) VALUES ('German LQ', 'ORCA88', 'German_LQ_ORCA88');
INSERT OR IGNORE INTO condition_patterns (custom_format_name, condition_name, regular_expression_name) VALUES ('German LQ', 'LuRCH', 'German_LQ_LuRCH');
INSERT OR IGNORE INTO condition_patterns (custom_format_name, condition_name, regular_expression_name) VALUES ('German LQ', 'N2D2', 'German_LQ_N2D2');
INSERT OR IGNORE INTO condition_patterns (custom_format_name, condition_name, regular_expression_name) VALUES ('German LQ', 'GETB8', 'German_LQ_GETB8');
INSERT OR IGNORE INTO condition_patterns (custom_format_name, condition_name, regular_expression_name) VALUES ('German LQ', 'TFARC', 'German_LQ_TFARC');
INSERT OR IGNORE INTO condition_patterns (custom_format_name, condition_name, regular_expression_name) VALUES ('German LQ', 'Kristallprinz', 'German_LQ_Kristallprinz');
INSERT OR IGNORE INTO condition_patterns (custom_format_name, condition_name, regular_expression_name) VALUES ('German LQ', 'LAW', 'German_LQ_LAW');
INSERT OR IGNORE INTO condition_patterns (custom_format_name, condition_name, regular_expression_name) VALUES ('German LQ', 'CTFOH', 'German_LQ_CTFOH');
INSERT OR IGNORE INTO condition_patterns (custom_format_name, condition_name, regular_expression_name) VALUES ('German LQ', 'Pendeti', 'German_LQ_Pendeti');
INSERT OR IGNORE INTO condition_patterns (custom_format_name, condition_name, regular_expression_name) VALUES ('German LQ', 'OJ', 'German_LQ_OJ');
INSERT OR IGNORE INTO condition_patterns (custom_format_name, condition_name, regular_expression_name) VALUES ('German LQ', 'PS', 'German_LQ_PS');
INSERT OR IGNORE INTO condition_patterns (custom_format_name, condition_name, regular_expression_name) VALUES ('German LQ', 'FSX', 'German_LQ_FSX');
INSERT OR IGNORE INTO condition_patterns (custom_format_name, condition_name, regular_expression_name) VALUES ('German LQ', 'EMVY', 'German_LQ_EMVY');
INSERT OR IGNORE INTO condition_patterns (custom_format_name, condition_name, regular_expression_name) VALUES ('German LQ', 'ZaidaNulled', 'German_LQ_ZaidaNulled');
INSERT OR IGNORE INTO condition_patterns (custom_format_name, condition_name, regular_expression_name) VALUES ('German LQ', 'MEGA', 'German_LQ_MEGA');
INSERT OR IGNORE INTO condition_patterns (custom_format_name, condition_name, regular_expression_name) VALUES ('German LQ', 'MBA', 'German_LQ_MBA');
INSERT OR IGNORE INTO condition_patterns (custom_format_name, condition_name, regular_expression_name) VALUES ('German LQ', 'FORMBA', 'German_LQ_FORMBA');
INSERT OR IGNORE INTO condition_patterns (custom_format_name, condition_name, regular_expression_name) VALUES ('German LQ', 'PaZ', 'German_LQ_PaZ');
INSERT OR IGNORE INTO condition_patterns (custom_format_name, condition_name, regular_expression_name) VALUES ('German LQ', 'Whistler', 'German_LQ_Whistler');
INSERT OR IGNORE INTO condition_patterns (custom_format_name, condition_name, regular_expression_name) VALUES ('German LQ', 'omikron', 'German_LQ_omikron');
INSERT OR IGNORE INTO condition_patterns (custom_format_name, condition_name, regular_expression_name) VALUES ('German LQ', 'WOTT', 'German_LQ_WOTT');
INSERT OR IGNORE INTO condition_patterns (custom_format_name, condition_name, regular_expression_name) VALUES ('German LQ', 'SunDry', 'German_LQ_SunDry');
INSERT OR IGNORE INTO condition_patterns (custom_format_name, condition_name, regular_expression_name) VALUES ('German LQ', 'PL', 'German_LQ_PL');
INSERT OR IGNORE INTO condition_patterns (custom_format_name, condition_name, regular_expression_name) VALUES ('German LQ', 'TVARCHiV', 'German_LQ_TVARCHiV');
INSERT OR IGNORE INTO condition_patterns (custom_format_name, condition_name, regular_expression_name) VALUES ('German LQ', 'P73', 'German_LQ_P73');
INSERT OR IGNORE INTO condition_patterns (custom_format_name, condition_name, regular_expression_name) VALUES ('German LQ', 'LizardSquad', 'German_LQ_LizardSquad');
INSERT OR IGNORE INTO condition_patterns (custom_format_name, condition_name, regular_expression_name) VALUES ('German LQ', 'AVTOMAT', 'German_LQ_AVTOMAT');
INSERT OR IGNORE INTO condition_patterns (custom_format_name, condition_name, regular_expression_name) VALUES ('German LQ', 'iSSEYMiYAKE', 'German_LQ_iSSEYMiYAKE');
INSERT OR IGNORE INTO condition_patterns (custom_format_name, condition_name, regular_expression_name) VALUES ('German LQ', 'TVP', 'German_LQ_TVP');
INSERT OR IGNORE INTO condition_patterns (custom_format_name, condition_name, regular_expression_name) VALUES ('German LQ', 'AIDA', 'German_LQ_AIDA');
INSERT OR IGNORE INTO condition_patterns (custom_format_name, condition_name, regular_expression_name) VALUES ('German LQ', 'UTOPiA', 'German_LQ_UTOPiA');
INSERT OR IGNORE INTO condition_patterns (custom_format_name, condition_name, regular_expression_name) VALUES ('German LQ', 'FRAGGERS', 'German_LQ_FRAGGERS');
INSERT OR IGNORE INTO condition_patterns (custom_format_name, condition_name, regular_expression_name) VALUES ('German LQ', 'REEL', 'German_LQ_REEL');
INSERT OR IGNORE INTO condition_patterns (custom_format_name, condition_name, regular_expression_name) VALUES ('German LQ', 'VideoStar', 'German_LQ_VideoStar');
INSERT OR IGNORE INTO regular_expressions (name, pattern) VALUES ('German_LQ_PsO', '^(PsO)$');
INSERT OR IGNORE INTO regular_expressions (name, pattern) VALUES ('German_LQ_Cancer58', '^(Cancer58)$');
INSERT OR IGNORE INTO regular_expressions (name, pattern) VALUES ('German_LQ_TylorD', '^(Tylor\.D)$');
INSERT OR IGNORE INTO regular_expressions (name, pattern) VALUES ('German_LQ_1XBET', '^(1XBET)$');
INSERT OR IGNORE INTO regular_expressions (name, pattern) VALUES ('German_LQ_2dead', '^(2dead)$');
INSERT OR IGNORE INTO regular_expressions (name, pattern) VALUES ('German_LQ_HELD', '^(HELD)$');
INSERT OR IGNORE INTO regular_expressions (name, pattern) VALUES ('German_LQ_kala', '^(kala)$');
INSERT OR IGNORE INTO regular_expressions (name, pattern) VALUES ('German_LQ_POE', '^(POE)$');
INSERT OR IGNORE INTO regular_expressions (name, pattern) VALUES ('German_LQ_SHOWE', '^(SHOWE)$');
INSERT OR IGNORE INTO regular_expressions (name, pattern) VALUES ('German_LQ_SHOWEHD', '^(SHOWEHD)$');
INSERT OR IGNORE INTO regular_expressions (name, pattern) VALUES ('German_LQ_ORCA88', '^(ORCA88)$');
INSERT OR IGNORE INTO regular_expressions (name, pattern) VALUES ('German_LQ_LuRCH', '^(LuRCH)$');
INSERT OR IGNORE INTO regular_expressions (name, pattern) VALUES ('German_LQ_N2D2', '^(N2D2)$');
INSERT OR IGNORE INTO regular_expressions (name, pattern) VALUES ('German_LQ_GETB8', '^(GETB8)$');
INSERT OR IGNORE INTO regular_expressions (name, pattern) VALUES ('German_LQ_TFARC', '^(TFARC)$');
INSERT OR IGNORE INTO regular_expressions (name, pattern) VALUES ('German_LQ_Kristallprinz', '^(Kristallprinz)$');
INSERT OR IGNORE INTO regular_expressions (name, pattern) VALUES ('German_LQ_LAW', '^(LAW)$');
INSERT OR IGNORE INTO regular_expressions (name, pattern) VALUES ('German_LQ_CTFOH', '^(CTFOH)$');
INSERT OR IGNORE INTO regular_expressions (name, pattern) VALUES ('German_LQ_Pendeti', '^(Pendeti)$');
INSERT OR IGNORE INTO regular_expressions (name, pattern) VALUES ('German_LQ_OJ', '^(OJ)$');
INSERT OR IGNORE INTO regular_expressions (name, pattern) VALUES ('German_LQ_PS', '^(PS)$');
INSERT OR IGNORE INTO regular_expressions (name, pattern) VALUES ('German_LQ_FSX', '^(FSX)$');
INSERT OR IGNORE INTO regular_expressions (name, pattern) VALUES ('German_LQ_EMVY', '^(EMVY)$');
INSERT OR IGNORE INTO regular_expressions (name, pattern) VALUES ('German_LQ_ZaidaNulled', '^(ZaidaNulled)$');
INSERT OR IGNORE INTO regular_expressions (name, pattern) VALUES ('German_LQ_MEGA', '^(MEGA)$');
INSERT OR IGNORE INTO regular_expressions (name, pattern) VALUES ('German_LQ_MBA', '^(MBA)$');
INSERT OR IGNORE INTO regular_expressions (name, pattern) VALUES ('German_LQ_FORMBA', '^(FORMBA)$');
INSERT OR IGNORE INTO regular_expressions (name, pattern) VALUES ('German_LQ_PaZ', '^(PaZ)$');
INSERT OR IGNORE INTO regular_expressions (name, pattern) VALUES ('German_LQ_Whistler', '^(Whistler)$');
INSERT OR IGNORE INTO regular_expressions (name, pattern) VALUES ('German_LQ_omikron', '^(omikron)$');
INSERT OR IGNORE INTO regular_expressions (name, pattern) VALUES ('German_LQ_WOTT', '^(WOTT)$');
INSERT OR IGNORE INTO regular_expressions (name, pattern) VALUES ('German_LQ_SunDry', '^(SunDry)$');
INSERT OR IGNORE INTO regular_expressions (name, pattern) VALUES ('German_LQ_PL', '^(PL)$');
INSERT OR IGNORE INTO regular_expressions (name, pattern) VALUES ('German_LQ_TVARCHiV', '^(TVARCHiV)$');
INSERT OR IGNORE INTO regular_expressions (name, pattern) VALUES ('German_LQ_P73', '^(P73)$');
INSERT OR IGNORE INTO regular_expressions (name, pattern) VALUES ('German_LQ_LizardSquad', '^(LizardSquad)$');
INSERT OR IGNORE INTO regular_expressions (name, pattern) VALUES ('German_LQ_AVTOMAT', '^(AVTOMAT)$');
INSERT OR IGNORE INTO regular_expressions (name, pattern) VALUES ('German_LQ_iSSEYMiYAKE', '^(iSSEYMiYAKE)$');
INSERT OR IGNORE INTO regular_expressions (name, pattern) VALUES ('German_LQ_TVP', '^(TVP)$');
INSERT OR IGNORE INTO regular_expressions (name, pattern) VALUES ('German_LQ_AIDA', '^(AIDA)$');
INSERT OR IGNORE INTO regular_expressions (name, pattern) VALUES ('German_LQ_UTOPiA', '^(UTOPiA)$');
INSERT OR IGNORE INTO regular_expressions (name, pattern) VALUES ('German_LQ_FRAGGERS', '^(FRAGGERS)$');
INSERT OR IGNORE INTO regular_expressions (name, pattern) VALUES ('German_LQ_REEL', '^(REEL)$');
INSERT OR IGNORE INTO regular_expressions (name, pattern) VALUES ('German_LQ_VideoStar', '^(VideoStar)$');
INSERT OR IGNORE INTO custom_format_conditions (custom_format_name, name, type, arr_type, negate, required) VALUES ('German LQ', 'PsO', 'pattern', 'radarr', 0, 0);
INSERT OR IGNORE INTO custom_format_conditions (custom_format_name, name, type, arr_type, negate, required) VALUES ('German LQ', 'Cancer58', 'pattern', 'radarr', 0, 0);
INSERT OR IGNORE INTO custom_format_conditions (custom_format_name, name, type, arr_type, negate, required) VALUES ('German LQ', 'TylorD', 'pattern', 'radarr', 0, 0);
INSERT OR IGNORE INTO custom_format_conditions (custom_format_name, name, type, arr_type, negate, required) VALUES ('German LQ', '1XBET', 'pattern', 'radarr', 0, 0);
INSERT OR IGNORE INTO custom_format_conditions (custom_format_name, name, type, arr_type, negate, required) VALUES ('German LQ', '2dead', 'pattern', 'radarr', 0, 0);
INSERT OR IGNORE INTO custom_format_conditions (custom_format_name, name, type, arr_type, negate, required) VALUES ('German LQ', 'HELD', 'pattern', 'radarr', 0, 0);
INSERT OR IGNORE INTO custom_format_conditions (custom_format_name, name, type, arr_type, negate, required) VALUES ('German LQ', 'kala', 'pattern', 'radarr', 0, 0);
INSERT OR IGNORE INTO custom_format_conditions (custom_format_name, name, type, arr_type, negate, required) VALUES ('German LQ', 'POE', 'pattern', 'radarr', 0, 0);
INSERT OR IGNORE INTO custom_format_conditions (custom_format_name, name, type, arr_type, negate, required) VALUES ('German LQ', 'SHOWE', 'pattern', 'radarr', 0, 0);
INSERT OR IGNORE INTO custom_format_conditions (custom_format_name, name, type, arr_type, negate, required) VALUES ('German LQ', 'SHOWEHD', 'pattern', 'radarr', 0, 0);
INSERT OR IGNORE INTO custom_format_conditions (custom_format_name, name, type, arr_type, negate, required) VALUES ('German LQ', 'ORCA88', 'pattern', 'radarr', 0, 0);
INSERT OR IGNORE INTO custom_format_conditions (custom_format_name, name, type, arr_type, negate, required) VALUES ('German LQ', 'LuRCH', 'pattern', 'radarr', 0, 0);
INSERT OR IGNORE INTO custom_format_conditions (custom_format_name, name, type, arr_type, negate, required) VALUES ('German LQ', 'N2D2', 'pattern', 'radarr', 0, 0);
INSERT OR IGNORE INTO custom_format_conditions (custom_format_name, name, type, arr_type, negate, required) VALUES ('German LQ', 'GETB8', 'pattern', 'radarr', 0, 0);
INSERT OR IGNORE INTO custom_format_conditions (custom_format_name, name, type, arr_type, negate, required) VALUES ('German LQ', 'TFARC', 'pattern', 'radarr', 0, 0);
INSERT OR IGNORE INTO custom_format_conditions (custom_format_name, name, type, arr_type, negate, required) VALUES ('German LQ', 'Kristallprinz', 'pattern', 'radarr', 0, 0);
INSERT OR IGNORE INTO custom_format_conditions (custom_format_name, name, type, arr_type, negate, required) VALUES ('German LQ', 'LAW', 'pattern', 'radarr', 0, 0);
INSERT OR IGNORE INTO custom_format_conditions (custom_format_name, name, type, arr_type, negate, required) VALUES ('German LQ', 'CTFOH', 'pattern', 'radarr', 0, 0);
INSERT OR IGNORE INTO custom_format_conditions (custom_format_name, name, type, arr_type, negate, required) VALUES ('German LQ', 'Pendeti', 'pattern', 'radarr', 0, 0);
INSERT OR IGNORE INTO custom_format_conditions (custom_format_name, name, type, arr_type, negate, required) VALUES ('German LQ', 'OJ', 'pattern', 'radarr', 0, 0);
INSERT OR IGNORE INTO custom_format_conditions (custom_format_name, name, type, arr_type, negate, required) VALUES ('German LQ', 'PS', 'pattern', 'radarr', 0, 0);
INSERT OR IGNORE INTO custom_format_conditions (custom_format_name, name, type, arr_type, negate, required) VALUES ('German LQ', 'FSX', 'pattern', 'radarr', 0, 0);
INSERT OR IGNORE INTO custom_format_conditions (custom_format_name, name, type, arr_type, negate, required) VALUES ('German LQ', 'EMVY', 'pattern', 'radarr', 0, 0);
INSERT OR IGNORE INTO custom_format_conditions (custom_format_name, name, type, arr_type, negate, required) VALUES ('German LQ', 'ZaidaNulled', 'pattern', 'radarr', 0, 0);
INSERT OR IGNORE INTO custom_format_conditions (custom_format_name, name, type, arr_type, negate, required) VALUES ('German LQ', 'MEGA', 'pattern', 'radarr', 0, 0);
INSERT OR IGNORE INTO custom_format_conditions (custom_format_name, name, type, arr_type, negate, required) VALUES ('German LQ', 'MBA', 'pattern', 'radarr', 0, 0);
INSERT OR IGNORE INTO custom_format_conditions (custom_format_name, name, type, arr_type, negate, required) VALUES ('German LQ', 'FORMBA', 'pattern', 'radarr', 0, 0);
INSERT OR IGNORE INTO custom_format_conditions (custom_format_name, name, type, arr_type, negate, required) VALUES ('German LQ', 'PaZ', 'pattern', 'radarr', 0, 0);
INSERT OR IGNORE INTO custom_format_conditions (custom_format_name, name, type, arr_type, negate, required) VALUES ('German LQ', 'Whistler', 'pattern', 'radarr', 0, 0);
INSERT OR IGNORE INTO custom_format_conditions (custom_format_name, name, type, arr_type, negate, required) VALUES ('German LQ', 'omikron', 'pattern', 'radarr', 0, 0);
INSERT OR IGNORE INTO custom_format_conditions (custom_format_name, name, type, arr_type, negate, required) VALUES ('German LQ', 'WOTT', 'pattern', 'radarr', 0, 0);
INSERT OR IGNORE INTO custom_format_conditions (custom_format_name, name, type, arr_type, negate, required) VALUES ('German LQ', 'SunDry', 'pattern', 'radarr', 0, 0);
INSERT OR IGNORE INTO custom_format_conditions (custom_format_name, name, type, arr_type, negate, required) VALUES ('German LQ', 'PL', 'pattern', 'radarr', 0, 0);
INSERT OR IGNORE INTO custom_format_conditions (custom_format_name, name, type, arr_type, negate, required) VALUES ('German LQ', 'TVARCHiV', 'pattern', 'radarr', 0, 0);
INSERT OR IGNORE INTO custom_format_conditions (custom_format_name, name, type, arr_type, negate, required) VALUES ('German LQ', 'P73', 'pattern', 'radarr', 0, 0);
INSERT OR IGNORE INTO custom_format_conditions (custom_format_name, name, type, arr_type, negate, required) VALUES ('German LQ', 'LizardSquad', 'pattern', 'radarr', 0, 0);
INSERT OR IGNORE INTO custom_format_conditions (custom_format_name, name, type, arr_type, negate, required) VALUES ('German LQ', 'AVTOMAT', 'pattern', 'radarr', 0, 0);
INSERT OR IGNORE INTO custom_format_conditions (custom_format_name, name, type, arr_type, negate, required) VALUES ('German LQ', 'iSSEYMiYAKE', 'pattern', 'radarr', 0, 0);
INSERT OR IGNORE INTO custom_format_conditions (custom_format_name, name, type, arr_type, negate, required) VALUES ('German LQ', 'TVP', 'pattern', 'radarr', 0, 0);
INSERT OR IGNORE INTO custom_format_conditions (custom_format_name, name, type, arr_type, negate, required) VALUES ('German LQ', 'AIDA', 'pattern', 'radarr', 0, 0);
INSERT OR IGNORE INTO custom_format_conditions (custom_format_name, name, type, arr_type, negate, required) VALUES ('German LQ', 'UTOPiA', 'pattern', 'radarr', 0, 0);
INSERT OR IGNORE INTO custom_format_conditions (custom_format_name, name, type, arr_type, negate, required) VALUES ('German LQ', 'FRAGGERS', 'pattern', 'radarr', 0, 0);
INSERT OR IGNORE INTO custom_format_conditions (custom_format_name, name, type, arr_type, negate, required) VALUES ('German LQ', 'REEL', 'pattern', 'radarr', 0, 0);
INSERT OR IGNORE INTO custom_format_conditions (custom_format_name, name, type, arr_type, negate, required) VALUES ('German LQ', 'VideoStar', 'pattern', 'radarr', 0, 0);

INSERT OR IGNORE INTO custom_formats (name, description, include_in_rename) VALUES ('German Microsized', '03c430f326f10a27a9739b8bc83c30e4', 0);
INSERT OR IGNORE INTO condition_patterns (custom_format_name, condition_name, regular_expression_name) VALUES ('German Microsized', 'FuN', 'German_Microsized_FuN');
INSERT OR IGNORE INTO condition_patterns (custom_format_name, condition_name, regular_expression_name) VALUES ('German Microsized', 'w00t', 'German_Microsized_w00t');
INSERT OR IGNORE INTO condition_patterns (custom_format_name, condition_name, regular_expression_name) VALUES ('German Microsized', 'GTF', 'German_Microsized_GTF');
INSERT OR IGNORE INTO condition_patterns (custom_format_name, condition_name, regular_expression_name) VALUES ('German Microsized', 'JellyfinPlex', 'German_Microsized_JellyfinPlex');
INSERT OR IGNORE INTO condition_patterns (custom_format_name, condition_name, regular_expression_name) VALUES ('German Microsized', 'BB', 'German_Microsized_BB');
INSERT OR IGNORE INTO condition_patterns (custom_format_name, condition_name, regular_expression_name) VALUES ('German Microsized', '266ers', 'German_Microsized_266ers');
INSERT OR IGNORE INTO regular_expressions (name, pattern) VALUES ('German_Microsized_FuN', '^(FuN)$');
INSERT OR IGNORE INTO regular_expressions (name, pattern) VALUES ('German_Microsized_w00t', '^(w00t)$');
INSERT OR IGNORE INTO regular_expressions (name, pattern) VALUES ('German_Microsized_GTF', '^(GTF)$');
INSERT OR IGNORE INTO regular_expressions (name, pattern) VALUES ('German_Microsized_JellyfinPlex', '^(JellyfinPlex)$');
INSERT OR IGNORE INTO regular_expressions (name, pattern) VALUES ('German_Microsized_BB', '^(BB)$');
INSERT OR IGNORE INTO regular_expressions (name, pattern) VALUES ('German_Microsized_266ers', '^(266ers)$');
INSERT OR IGNORE INTO custom_format_conditions (custom_format_name, name, type, arr_type, negate, required) VALUES ('German Microsized', 'FuN', 'pattern', 'radarr', 0, 0);
INSERT OR IGNORE INTO custom_format_conditions (custom_format_name, name, type, arr_type, negate, required) VALUES ('German Microsized', 'w00t', 'pattern', 'radarr', 0, 0);
INSERT OR IGNORE INTO custom_format_conditions (custom_format_name, name, type, arr_type, negate, required) VALUES ('German Microsized', 'GTF', 'pattern', 'radarr', 0, 0);
INSERT OR IGNORE INTO custom_format_conditions (custom_format_name, name, type, arr_type, negate, required) VALUES ('German Microsized', 'JellyfinPlex', 'pattern', 'radarr', 0, 0);
INSERT OR IGNORE INTO custom_format_conditions (custom_format_name, name, type, arr_type, negate, required) VALUES ('German Microsized', 'BB', 'pattern', 'radarr', 0, 0);
INSERT OR IGNORE INTO custom_format_conditions (custom_format_name, name, type, arr_type, negate, required) VALUES ('German Microsized', '266ers', 'pattern', 'radarr', 0, 0);

INSERT OR IGNORE INTO custom_formats (name, description, include_in_rename) VALUES ('German Remux Tier 01', '8608a2ed20c636b8a62de108e9147713', 0);
INSERT OR IGNORE INTO condition_patterns (custom_format_name, condition_name, regular_expression_name) VALUES ('German Remux Tier 01', 'TvR', 'German_Remux_Tier_01_TvR');
INSERT OR IGNORE INTO condition_patterns (custom_format_name, condition_name, regular_expression_name) VALUES ('German Remux Tier 01', 'pmHD', 'German_Remux_Tier_01_pmHD');
INSERT OR IGNORE INTO condition_patterns (custom_format_name, condition_name, regular_expression_name) VALUES ('German Remux Tier 01', 'NIMA4K', 'German_Remux_Tier_01_NIMA4K');
INSERT OR IGNORE INTO condition_patterns (custom_format_name, condition_name, regular_expression_name) VALUES ('German Remux Tier 01', 'QfG', 'German_Remux_Tier_01_QfG');
INSERT OR IGNORE INTO condition_patterns (custom_format_name, condition_name, regular_expression_name) VALUES ('German Remux Tier 01', 'WeebPinn', 'German_Remux_Tier_01_WeebPinn');
INSERT OR IGNORE INTO condition_patterns (custom_format_name, condition_name, regular_expression_name) VALUES ('German Remux Tier 01', 'MAMA', 'German_Remux_Tier_01_MAMA');
INSERT OR IGNORE INTO condition_quality_modifiers (custom_format_name, condition_name, quality_modifier) VALUES ('German Remux Tier 01', 'Remux', '5');
INSERT OR IGNORE INTO regular_expressions (name, pattern) VALUES ('German_Remux_Tier_01_TvR', '(TvR)$');
INSERT OR IGNORE INTO regular_expressions (name, pattern) VALUES ('German_Remux_Tier_01_pmHD', '(pmHD)$');
INSERT OR IGNORE INTO regular_expressions (name, pattern) VALUES ('German_Remux_Tier_01_NIMA4K', '(NIMA4K)$');
INSERT OR IGNORE INTO regular_expressions (name, pattern) VALUES ('German_Remux_Tier_01_QfG', '(QfG)$');
INSERT OR IGNORE INTO regular_expressions (name, pattern) VALUES ('German_Remux_Tier_01_WeebPinn', '^(WeebPinn)$');
INSERT OR IGNORE INTO regular_expressions (name, pattern) VALUES ('German_Remux_Tier_01_MAMA', '^(MAMA)$');
INSERT OR IGNORE INTO custom_format_conditions (custom_format_name, name, type, arr_type, negate, required) VALUES ('German Remux Tier 01', 'TvR', 'pattern', 'radarr', 0, 0);
INSERT OR IGNORE INTO custom_format_conditions (custom_format_name, name, type, arr_type, negate, required) VALUES ('German Remux Tier 01', 'pmHD', 'pattern', 'radarr', 0, 0);
INSERT OR IGNORE INTO custom_format_conditions (custom_format_name, name, type, arr_type, negate, required) VALUES ('German Remux Tier 01', 'NIMA4K', 'pattern', 'radarr', 0, 0);
INSERT OR IGNORE INTO custom_format_conditions (custom_format_name, name, type, arr_type, negate, required) VALUES ('German Remux Tier 01', 'QfG', 'pattern', 'radarr', 0, 0);
INSERT OR IGNORE INTO custom_format_conditions (custom_format_name, name, type, arr_type, negate, required) VALUES ('German Remux Tier 01', 'WeebPinn', 'pattern', 'radarr', 0, 0);
INSERT OR IGNORE INTO custom_format_conditions (custom_format_name, name, type, arr_type, negate, required) VALUES ('German Remux Tier 01', 'MAMA', 'pattern', 'radarr', 0, 0);
INSERT OR IGNORE INTO custom_format_conditions (custom_format_name, name, type, arr_type, negate, required) VALUES ('German Remux Tier 01', 'Remux', 'quality_modifier', 'radarr', 0, 1);

INSERT OR IGNORE INTO custom_formats (name, description, include_in_rename) VALUES ('German Remux Tier 02', 'f9cf598d55ce532d63596b060a6db9ee', 0);
INSERT OR IGNORE INTO condition_patterns (custom_format_name, condition_name, regular_expression_name) VALUES ('German Remux Tier 02', 'MULTiPLEX', 'German_Remux_Tier_02_MULTiPLEX');
INSERT OR IGNORE INTO condition_patterns (custom_format_name, condition_name, regular_expression_name) VALUES ('German Remux Tier 02', 'RHD', 'German_Remux_Tier_02_RHD');
INSERT OR IGNORE INTO condition_patterns (custom_format_name, condition_name, regular_expression_name) VALUES ('German Remux Tier 02', 'HDSource', 'German_Remux_Tier_02_HDSource');
INSERT OR IGNORE INTO condition_patterns (custom_format_name, condition_name, regular_expression_name) VALUES ('German Remux Tier 02', 'iNCEPTION', 'German_Remux_Tier_02_iNCEPTION');
INSERT OR IGNORE INTO condition_patterns (custom_format_name, condition_name, regular_expression_name) VALUES ('German Remux Tier 02', 'FX', 'German_Remux_Tier_02_FX');
INSERT OR IGNORE INTO condition_patterns (custom_format_name, condition_name, regular_expression_name) VALUES ('German Remux Tier 02', 'RocketHD', 'German_Remux_Tier_02_RocketHD');
INSERT OR IGNORE INTO condition_quality_modifiers (custom_format_name, condition_name, quality_modifier) VALUES ('German Remux Tier 02', 'Remux', '5');
INSERT OR IGNORE INTO regular_expressions (name, pattern) VALUES ('German_Remux_Tier_02_MULTiPLEX', '(MULTiPLEX)$');
INSERT OR IGNORE INTO regular_expressions (name, pattern) VALUES ('German_Remux_Tier_02_RHD', '^(RHD)$');
INSERT OR IGNORE INTO regular_expressions (name, pattern) VALUES ('German_Remux_Tier_02_HDSource', '^(HDSource)$');
INSERT OR IGNORE INTO regular_expressions (name, pattern) VALUES ('German_Remux_Tier_02_iNCEPTION', '^(iNCEPTION)$');
INSERT OR IGNORE INTO regular_expressions (name, pattern) VALUES ('German_Remux_Tier_02_FX', '^(FX)$');
INSERT OR IGNORE INTO regular_expressions (name, pattern) VALUES ('German_Remux_Tier_02_RocketHD', '^(RocketHD)$');
INSERT OR IGNORE INTO custom_format_conditions (custom_format_name, name, type, arr_type, negate, required) VALUES ('German Remux Tier 02', 'MULTiPLEX', 'pattern', 'radarr', 0, 0);
INSERT OR IGNORE INTO custom_format_conditions (custom_format_name, name, type, arr_type, negate, required) VALUES ('German Remux Tier 02', 'RHD', 'pattern', 'radarr', 0, 0);
INSERT OR IGNORE INTO custom_format_conditions (custom_format_name, name, type, arr_type, negate, required) VALUES ('German Remux Tier 02', 'HDSource', 'pattern', 'radarr', 0, 0);
INSERT OR IGNORE INTO custom_format_conditions (custom_format_name, name, type, arr_type, negate, required) VALUES ('German Remux Tier 02', 'iNCEPTION', 'pattern', 'radarr', 0, 0);
INSERT OR IGNORE INTO custom_format_conditions (custom_format_name, name, type, arr_type, negate, required) VALUES ('German Remux Tier 02', 'FX', 'pattern', 'radarr', 0, 0);
INSERT OR IGNORE INTO custom_format_conditions (custom_format_name, name, type, arr_type, negate, required) VALUES ('German Remux Tier 02', 'RocketHD', 'pattern', 'radarr', 0, 0);
INSERT OR IGNORE INTO custom_format_conditions (custom_format_name, name, type, arr_type, negate, required) VALUES ('German Remux Tier 02', 'Remux', 'quality_modifier', 'radarr', 0, 1);

INSERT OR IGNORE INTO custom_formats (name, description, include_in_rename) VALUES ('German Scene', '2d136d4e33082fe573d06b1f237c40dd', 0);
INSERT OR IGNORE INTO condition_patterns (custom_format_name, condition_name, regular_expression_name) VALUES ('German Scene', 'DETAiLS', 'German_Scene_DETAiLS');
INSERT OR IGNORE INTO condition_patterns (custom_format_name, condition_name, regular_expression_name) VALUES ('German Scene', 'WAYNE', 'German_Scene_WAYNE');
INSERT OR IGNORE INTO condition_patterns (custom_format_name, condition_name, regular_expression_name) VALUES ('German Scene', 'WOMBAT', 'German_Scene_WOMBAT');
INSERT OR IGNORE INTO condition_patterns (custom_format_name, condition_name, regular_expression_name) VALUES ('German Scene', 'SAUERKRAUT', 'German_Scene_SAUERKRAUT');
INSERT OR IGNORE INTO condition_patterns (custom_format_name, condition_name, regular_expression_name) VALUES ('German Scene', 'WvF', 'German_Scene_WvF');
INSERT OR IGNORE INTO condition_patterns (custom_format_name, condition_name, regular_expression_name) VALUES ('German Scene', '4KCONNECTiON', 'German_Scene_4KCONNECTiON');
INSERT OR IGNORE INTO condition_patterns (custom_format_name, condition_name, regular_expression_name) VALUES ('German Scene', 'STARS', 'German_Scene_STARS');
INSERT OR IGNORE INTO condition_patterns (custom_format_name, condition_name, regular_expression_name) VALUES ('German Scene', 'AWARDS', 'German_Scene_AWARDS');
INSERT OR IGNORE INTO condition_patterns (custom_format_name, condition_name, regular_expression_name) VALUES ('German Scene', 'DMPD', 'German_Scene_DMPD');
INSERT OR IGNORE INTO condition_patterns (custom_format_name, condition_name, regular_expression_name) VALUES ('German Scene', 'EXCiTED', 'German_Scene_EXCiTED');
INSERT OR IGNORE INTO condition_patterns (custom_format_name, condition_name, regular_expression_name) VALUES ('German Scene', 'iNTENTiON', 'German_Scene_iNTENTiON');
INSERT OR IGNORE INTO condition_patterns (custom_format_name, condition_name, regular_expression_name) VALUES ('German Scene', 'JaJunge', 'German_Scene_JaJunge');
INSERT OR IGNORE INTO condition_patterns (custom_format_name, condition_name, regular_expression_name) VALUES ('German Scene', 'MGE', 'German_Scene_MGE');
INSERT OR IGNORE INTO condition_patterns (custom_format_name, condition_name, regular_expression_name) VALUES ('German Scene', 'MisFiTS', 'German_Scene_MisFiTS');
INSERT OR IGNORE INTO condition_patterns (custom_format_name, condition_name, regular_expression_name) VALUES ('German Scene', 'RUBBiSH', 'German_Scene_RUBBiSH');
INSERT OR IGNORE INTO condition_patterns (custom_format_name, condition_name, regular_expression_name) VALUES ('German Scene', 'RWP', 'German_Scene_RWP');
INSERT OR IGNORE INTO condition_patterns (custom_format_name, condition_name, regular_expression_name) VALUES ('German Scene', 'TMSF', 'German_Scene_TMSF');
INSERT OR IGNORE INTO condition_patterns (custom_format_name, condition_name, regular_expression_name) VALUES ('German Scene', 'TV4A', 'German_Scene_TV4A');
INSERT OR IGNORE INTO condition_patterns (custom_format_name, condition_name, regular_expression_name) VALUES ('German Scene', 'HAXE', 'German_Scene_HAXE');
INSERT OR IGNORE INTO condition_patterns (custom_format_name, condition_name, regular_expression_name) VALUES ('German Scene', 'muhHD', 'German_Scene_muhHD');
INSERT OR IGNORE INTO condition_patterns (custom_format_name, condition_name, regular_expression_name) VALUES ('German Scene', 'RiLE', 'German_Scene_RiLE');
INSERT OR IGNORE INTO condition_patterns (custom_format_name, condition_name, regular_expression_name) VALUES ('German Scene', 'W4K', 'German_Scene_W4K');
INSERT OR IGNORE INTO condition_patterns (custom_format_name, condition_name, regular_expression_name) VALUES ('German Scene', 'ENDSTATiON', 'German_Scene_ENDSTATiON');
INSERT OR IGNORE INTO condition_patterns (custom_format_name, condition_name, regular_expression_name) VALUES ('German Scene', 'HDARCHiV', 'German_Scene_HDARCHiV');
INSERT OR IGNORE INTO condition_patterns (custom_format_name, condition_name, regular_expression_name) VALUES ('German Scene', 'PL3X', 'German_Scene_PL3X');
INSERT OR IGNORE INTO condition_patterns (custom_format_name, condition_name, regular_expression_name) VALUES ('German Scene', 'WATCHABLE', 'German_Scene_WATCHABLE');
INSERT OR IGNORE INTO condition_patterns (custom_format_name, condition_name, regular_expression_name) VALUES ('German Scene', 'OHD', 'German_Scene_OHD');
INSERT OR IGNORE INTO condition_patterns (custom_format_name, condition_name, regular_expression_name) VALUES ('German Scene', 'ENCOUNTERS', 'German_Scene_ENCOUNTERS');
INSERT OR IGNORE INTO condition_patterns (custom_format_name, condition_name, regular_expression_name) VALUES ('German Scene', 'RSG', 'German_Scene_RSG');
INSERT OR IGNORE INTO condition_patterns (custom_format_name, condition_name, regular_expression_name) VALUES ('German Scene', 'OCA', 'German_Scene_OCA');
INSERT OR IGNORE INTO condition_patterns (custom_format_name, condition_name, regular_expression_name) VALUES ('German Scene', 'UNDERTAKERS', 'German_Scene_UNDERTAKERS');
INSERT OR IGNORE INTO condition_patterns (custom_format_name, condition_name, regular_expression_name) VALUES ('German Scene', 'CDP', 'German_Scene_CDP');
INSERT OR IGNORE INTO condition_patterns (custom_format_name, condition_name, regular_expression_name) VALUES ('German Scene', 'SAViOURHD', 'German_Scene_SAViOURHD');
INSERT OR IGNORE INTO condition_patterns (custom_format_name, condition_name, regular_expression_name) VALUES ('German Scene', 'RiLE', 'German_Scene_RiLE');
INSERT OR IGNORE INTO condition_patterns (custom_format_name, condition_name, regular_expression_name) VALUES ('German Scene', 'CONTRiBUTiON', 'German_Scene_CONTRiBUTiON');
INSERT OR IGNORE INTO condition_patterns (custom_format_name, condition_name, regular_expression_name) VALUES ('German Scene', 'GOREHOUNDS', 'German_Scene_GOREHOUNDS');
INSERT OR IGNORE INTO condition_patterns (custom_format_name, condition_name, regular_expression_name) VALUES ('German Scene', 'SPiCY', 'German_Scene_SPiCY');
INSERT OR IGNORE INTO condition_patterns (custom_format_name, condition_name, regular_expression_name) VALUES ('German Scene', 'bi0hazard', 'German_Scene_bi0hazard');
INSERT OR IGNORE INTO regular_expressions (name, pattern) VALUES ('German_Scene_DETAiLS', '^(DETAiLS)$');
INSERT OR IGNORE INTO regular_expressions (name, pattern) VALUES ('German_Scene_WAYNE', '^(WAYNE)$');
INSERT OR IGNORE INTO regular_expressions (name, pattern) VALUES ('German_Scene_WOMBAT', '^(WOMBAT)$');
INSERT OR IGNORE INTO regular_expressions (name, pattern) VALUES ('German_Scene_SAUERKRAUT', '^(SAUERKRAUT)$');
INSERT OR IGNORE INTO regular_expressions (name, pattern) VALUES ('German_Scene_WvF', '^(WvF)$');
INSERT OR IGNORE INTO regular_expressions (name, pattern) VALUES ('German_Scene_4KCONNECTiON', '^(4KCONNECTiON)$');
INSERT OR IGNORE INTO regular_expressions (name, pattern) VALUES ('German_Scene_STARS', '^(STARS)$');
INSERT OR IGNORE INTO regular_expressions (name, pattern) VALUES ('German_Scene_AWARDS', '^(AWARDS)$');
INSERT OR IGNORE INTO regular_expressions (name, pattern) VALUES ('German_Scene_DMPD', '^(DMPD)$');
INSERT OR IGNORE INTO regular_expressions (name, pattern) VALUES ('German_Scene_EXCiTED', '^(EXCiTED)$');
INSERT OR IGNORE INTO regular_expressions (name, pattern) VALUES ('German_Scene_iNTENTiON', '^(iNTENTiON)$');
INSERT OR IGNORE INTO regular_expressions (name, pattern) VALUES ('German_Scene_JaJunge', '^(JaJunge)$');
INSERT OR IGNORE INTO regular_expressions (name, pattern) VALUES ('German_Scene_MGE', '^(MGE)$');
INSERT OR IGNORE INTO regular_expressions (name, pattern) VALUES ('German_Scene_MisFiTS', '^(MisFiTS)$');
INSERT OR IGNORE INTO regular_expressions (name, pattern) VALUES ('German_Scene_RUBBiSH', '^(RUBBiSH)$');
INSERT OR IGNORE INTO regular_expressions (name, pattern) VALUES ('German_Scene_RWP', '^(RWP)$');
INSERT OR IGNORE INTO regular_expressions (name, pattern) VALUES ('German_Scene_TMSF', '^(TMSF)$');
INSERT OR IGNORE INTO regular_expressions (name, pattern) VALUES ('German_Scene_TV4A', '^(TV4A)$');
INSERT OR IGNORE INTO regular_expressions (name, pattern) VALUES ('German_Scene_HAXE', '^(HAXE)$');
INSERT OR IGNORE INTO regular_expressions (name, pattern) VALUES ('German_Scene_muhHD', '^(muhHD)$');
INSERT OR IGNORE INTO regular_expressions (name, pattern) VALUES ('German_Scene_RiLE', '^(RiLE)$');
INSERT OR IGNORE INTO regular_expressions (name, pattern) VALUES ('German_Scene_W4K', '^(W4K)$');
INSERT OR IGNORE INTO regular_expressions (name, pattern) VALUES ('German_Scene_ENDSTATiON', '^(ENDSTATiON)$');
INSERT OR IGNORE INTO regular_expressions (name, pattern) VALUES ('German_Scene_HDARCHiV', '^(HDARCHiV)$');
INSERT OR IGNORE INTO regular_expressions (name, pattern) VALUES ('German_Scene_PL3X', '^(PL3X)$');
INSERT OR IGNORE INTO regular_expressions (name, pattern) VALUES ('German_Scene_WATCHABLE', '^(WATCHABLE)$');
INSERT OR IGNORE INTO regular_expressions (name, pattern) VALUES ('German_Scene_OHD', '^(OHD)$');
INSERT OR IGNORE INTO regular_expressions (name, pattern) VALUES ('German_Scene_ENCOUNTERS', '^(ENCOUNTERS)$');
INSERT OR IGNORE INTO regular_expressions (name, pattern) VALUES ('German_Scene_RSG', '^(RSG)$');
INSERT OR IGNORE INTO regular_expressions (name, pattern) VALUES ('German_Scene_OCA', '^(OCA)$');
INSERT OR IGNORE INTO regular_expressions (name, pattern) VALUES ('German_Scene_UNDERTAKERS', '^(UNDERTAKERS)$');
INSERT OR IGNORE INTO regular_expressions (name, pattern) VALUES ('German_Scene_CDP', '^(CDP)$');
INSERT OR IGNORE INTO regular_expressions (name, pattern) VALUES ('German_Scene_SAViOURHD', '^(SAViOURHD)$');
INSERT OR IGNORE INTO regular_expressions (name, pattern) VALUES ('German_Scene_CONTRiBUTiON', '^(CONTRiBUTiON)$');
INSERT OR IGNORE INTO regular_expressions (name, pattern) VALUES ('German_Scene_GOREHOUNDS', '^(GOREHOUNDS)$');
INSERT OR IGNORE INTO regular_expressions (name, pattern) VALUES ('German_Scene_SPiCY', '^(SPiCY)$');
INSERT OR IGNORE INTO regular_expressions (name, pattern) VALUES ('German_Scene_bi0hazard', '^(bi0hazard)$');
INSERT OR IGNORE INTO custom_format_conditions (custom_format_name, name, type, arr_type, negate, required) VALUES ('German Scene', 'DETAiLS', 'pattern', 'radarr', 0, 0);
INSERT OR IGNORE INTO custom_format_conditions (custom_format_name, name, type, arr_type, negate, required) VALUES ('German Scene', 'WAYNE', 'pattern', 'radarr', 0, 0);
INSERT OR IGNORE INTO custom_format_conditions (custom_format_name, name, type, arr_type, negate, required) VALUES ('German Scene', 'WOMBAT', 'pattern', 'radarr', 0, 0);
INSERT OR IGNORE INTO custom_format_conditions (custom_format_name, name, type, arr_type, negate, required) VALUES ('German Scene', 'SAUERKRAUT', 'pattern', 'radarr', 0, 0);
INSERT OR IGNORE INTO custom_format_conditions (custom_format_name, name, type, arr_type, negate, required) VALUES ('German Scene', 'WvF', 'pattern', 'radarr', 0, 0);
INSERT OR IGNORE INTO custom_format_conditions (custom_format_name, name, type, arr_type, negate, required) VALUES ('German Scene', '4KCONNECTiON', 'pattern', 'radarr', 0, 0);
INSERT OR IGNORE INTO custom_format_conditions (custom_format_name, name, type, arr_type, negate, required) VALUES ('German Scene', 'STARS', 'pattern', 'radarr', 0, 0);
INSERT OR IGNORE INTO custom_format_conditions (custom_format_name, name, type, arr_type, negate, required) VALUES ('German Scene', 'AWARDS', 'pattern', 'radarr', 0, 0);
INSERT OR IGNORE INTO custom_format_conditions (custom_format_name, name, type, arr_type, negate, required) VALUES ('German Scene', 'DMPD', 'pattern', 'radarr', 0, 0);
INSERT OR IGNORE INTO custom_format_conditions (custom_format_name, name, type, arr_type, negate, required) VALUES ('German Scene', 'EXCiTED', 'pattern', 'radarr', 0, 0);
INSERT OR IGNORE INTO custom_format_conditions (custom_format_name, name, type, arr_type, negate, required) VALUES ('German Scene', 'iNTENTiON', 'pattern', 'radarr', 0, 0);
INSERT OR IGNORE INTO custom_format_conditions (custom_format_name, name, type, arr_type, negate, required) VALUES ('German Scene', 'JaJunge', 'pattern', 'radarr', 0, 0);
INSERT OR IGNORE INTO custom_format_conditions (custom_format_name, name, type, arr_type, negate, required) VALUES ('German Scene', 'MGE', 'pattern', 'radarr', 0, 0);
INSERT OR IGNORE INTO custom_format_conditions (custom_format_name, name, type, arr_type, negate, required) VALUES ('German Scene', 'MisFiTS', 'pattern', 'radarr', 0, 0);
INSERT OR IGNORE INTO custom_format_conditions (custom_format_name, name, type, arr_type, negate, required) VALUES ('German Scene', 'RUBBiSH', 'pattern', 'radarr', 0, 0);
INSERT OR IGNORE INTO custom_format_conditions (custom_format_name, name, type, arr_type, negate, required) VALUES ('German Scene', 'RWP', 'pattern', 'radarr', 0, 0);
INSERT OR IGNORE INTO custom_format_conditions (custom_format_name, name, type, arr_type, negate, required) VALUES ('German Scene', 'TMSF', 'pattern', 'radarr', 0, 0);
INSERT OR IGNORE INTO custom_format_conditions (custom_format_name, name, type, arr_type, negate, required) VALUES ('German Scene', 'TV4A', 'pattern', 'radarr', 0, 0);
INSERT OR IGNORE INTO custom_format_conditions (custom_format_name, name, type, arr_type, negate, required) VALUES ('German Scene', 'HAXE', 'pattern', 'radarr', 0, 0);
INSERT OR IGNORE INTO custom_format_conditions (custom_format_name, name, type, arr_type, negate, required) VALUES ('German Scene', 'muhHD', 'pattern', 'radarr', 0, 0);
INSERT OR IGNORE INTO custom_format_conditions (custom_format_name, name, type, arr_type, negate, required) VALUES ('German Scene', 'RiLE', 'pattern', 'radarr', 0, 0);
INSERT OR IGNORE INTO custom_format_conditions (custom_format_name, name, type, arr_type, negate, required) VALUES ('German Scene', 'W4K', 'pattern', 'radarr', 0, 0);
INSERT OR IGNORE INTO custom_format_conditions (custom_format_name, name, type, arr_type, negate, required) VALUES ('German Scene', 'ENDSTATiON', 'pattern', 'radarr', 0, 0);
INSERT OR IGNORE INTO custom_format_conditions (custom_format_name, name, type, arr_type, negate, required) VALUES ('German Scene', 'HDARCHiV', 'pattern', 'radarr', 0, 0);
INSERT OR IGNORE INTO custom_format_conditions (custom_format_name, name, type, arr_type, negate, required) VALUES ('German Scene', 'PL3X', 'pattern', 'radarr', 0, 0);
INSERT OR IGNORE INTO custom_format_conditions (custom_format_name, name, type, arr_type, negate, required) VALUES ('German Scene', 'WATCHABLE', 'pattern', 'radarr', 0, 0);
INSERT OR IGNORE INTO custom_format_conditions (custom_format_name, name, type, arr_type, negate, required) VALUES ('German Scene', 'OHD', 'pattern', 'radarr', 0, 0);
INSERT OR IGNORE INTO custom_format_conditions (custom_format_name, name, type, arr_type, negate, required) VALUES ('German Scene', 'ENCOUNTERS', 'pattern', 'radarr', 0, 0);
INSERT OR IGNORE INTO custom_format_conditions (custom_format_name, name, type, arr_type, negate, required) VALUES ('German Scene', 'RSG', 'pattern', 'radarr', 0, 0);
INSERT OR IGNORE INTO custom_format_conditions (custom_format_name, name, type, arr_type, negate, required) VALUES ('German Scene', 'OCA', 'pattern', 'radarr', 0, 0);
INSERT OR IGNORE INTO custom_format_conditions (custom_format_name, name, type, arr_type, negate, required) VALUES ('German Scene', 'UNDERTAKERS', 'pattern', 'radarr', 0, 0);
INSERT OR IGNORE INTO custom_format_conditions (custom_format_name, name, type, arr_type, negate, required) VALUES ('German Scene', 'CDP', 'pattern', 'radarr', 0, 0);
INSERT OR IGNORE INTO custom_format_conditions (custom_format_name, name, type, arr_type, negate, required) VALUES ('German Scene', 'SAViOURHD', 'pattern', 'radarr', 0, 0);
INSERT OR IGNORE INTO custom_format_conditions (custom_format_name, name, type, arr_type, negate, required) VALUES ('German Scene', 'RiLE', 'pattern', 'radarr', 0, 0);
INSERT OR IGNORE INTO custom_format_conditions (custom_format_name, name, type, arr_type, negate, required) VALUES ('German Scene', 'CONTRiBUTiON', 'pattern', 'radarr', 0, 0);
INSERT OR IGNORE INTO custom_format_conditions (custom_format_name, name, type, arr_type, negate, required) VALUES ('German Scene', 'GOREHOUNDS', 'pattern', 'radarr', 0, 0);
INSERT OR IGNORE INTO custom_format_conditions (custom_format_name, name, type, arr_type, negate, required) VALUES ('German Scene', 'SPiCY', 'pattern', 'radarr', 0, 0);
INSERT OR IGNORE INTO custom_format_conditions (custom_format_name, name, type, arr_type, negate, required) VALUES ('German Scene', 'bi0hazard', 'pattern', 'radarr', 0, 0);

INSERT OR IGNORE INTO custom_formats (name, description, include_in_rename) VALUES ('German Web Tier 01', 'a2ab25194f463f057a5559c03c84a3df', 0);
INSERT OR IGNORE INTO condition_patterns (custom_format_name, condition_name, regular_expression_name) VALUES ('German Web Tier 01', 'ZeroTwo', 'German_Web_Tier_01_ZeroTwo');
INSERT OR IGNORE INTO condition_patterns (custom_format_name, condition_name, regular_expression_name) VALUES ('German Web Tier 01', 'ZeroTwo Aliases', 'German_Web_Tier_01_ZeroTwo_Aliases');
INSERT OR IGNORE INTO condition_patterns (custom_format_name, condition_name, regular_expression_name) VALUES ('German Web Tier 01', 'TSCC', 'German_Web_Tier_01_TSCC');
INSERT OR IGNORE INTO condition_patterns (custom_format_name, condition_name, regular_expression_name) VALUES ('German Web Tier 01', 'TvR', 'German_Web_Tier_01_TvR');
INSERT OR IGNORE INTO condition_patterns (custom_format_name, condition_name, regular_expression_name) VALUES ('German Web Tier 01', 'NIMA4K', 'German_Web_Tier_01_NIMA4K');
INSERT OR IGNORE INTO condition_patterns (custom_format_name, condition_name, regular_expression_name) VALUES ('German Web Tier 01', 'TVS', 'German_Web_Tier_01_TVS');
INSERT OR IGNORE INTO condition_patterns (custom_format_name, condition_name, regular_expression_name) VALUES ('German Web Tier 01', 'D02KU', 'German_Web_Tier_01_D02KU');
INSERT OR IGNORE INTO condition_patterns (custom_format_name, condition_name, regular_expression_name) VALUES ('German Web Tier 01', 'PXL', 'German_Web_Tier_01_PXL');
INSERT OR IGNORE INTO condition_patterns (custom_format_name, condition_name, regular_expression_name) VALUES ('German Web Tier 01', 'QfG', 'German_Web_Tier_01_QfG');
INSERT OR IGNORE INTO condition_patterns (custom_format_name, condition_name, regular_expression_name) VALUES ('German Web Tier 01', 'CNY', 'German_Web_Tier_01_CNY');
INSERT OR IGNORE INTO condition_patterns (custom_format_name, condition_name, regular_expression_name) VALUES ('German Web Tier 01', 'WeebPinn', 'German_Web_Tier_01_WeebPinn');
INSERT OR IGNORE INTO condition_patterns (custom_format_name, condition_name, regular_expression_name) VALUES ('German Web Tier 01', 'MEDiATHEK', 'German_Web_Tier_01_MEDiATHEK');
INSERT OR IGNORE INTO condition_patterns (custom_format_name, condition_name, regular_expression_name) VALUES ('German Web Tier 01', 'RiiR', 'German_Web_Tier_01_RiiR');
INSERT OR IGNORE INTO condition_patterns (custom_format_name, condition_name, regular_expression_name) VALUES ('German Web Tier 01', 'RiiR Aliases', 'German_Web_Tier_01_RiiR_Aliases');
INSERT OR IGNORE INTO condition_patterns (custom_format_name, condition_name, regular_expression_name) VALUES ('German Web Tier 01', 'WalterBishop', 'German_Web_Tier_01_WalterBishop');
INSERT OR IGNORE INTO condition_patterns (custom_format_name, condition_name, regular_expression_name) VALUES ('German Web Tier 01', 'pmHD', 'German_Web_Tier_01_pmHD');
INSERT OR IGNORE INTO condition_sources (custom_format_name, condition_name, source) VALUES ('German Web Tier 01', 'WebDL', 'WEBDL');
INSERT OR IGNORE INTO condition_sources (custom_format_name, condition_name, source) VALUES ('German Web Tier 01', 'WebRip', 'WEBRIP');
INSERT OR IGNORE INTO regular_expressions (name, pattern) VALUES ('German_Web_Tier_01_ZeroTwo', '^(ZeroTwo)$');
INSERT OR IGNORE INTO regular_expressions (name, pattern) VALUES ('German_Web_Tier_01_ZeroTwo_Aliases', '\b(BUTTERCUP|HARTZ02|XiSS|DOGPACK404|PRiNCESSDiANA|DiVA|WAREZCX|BiTCHNUGGET)\b');
INSERT OR IGNORE INTO regular_expressions (name, pattern) VALUES ('German_Web_Tier_01_TSCC', '^(TSCC)$');
INSERT OR IGNORE INTO regular_expressions (name, pattern) VALUES ('German_Web_Tier_01_TvR', '^(TvR)$');
INSERT OR IGNORE INTO regular_expressions (name, pattern) VALUES ('German_Web_Tier_01_NIMA4K', '^(NIMA4K)$');
INSERT OR IGNORE INTO regular_expressions (name, pattern) VALUES ('German_Web_Tier_01_TVS', '^(TVS)$');
INSERT OR IGNORE INTO regular_expressions (name, pattern) VALUES ('German_Web_Tier_01_D02KU', '^(D02KU)$');
INSERT OR IGNORE INTO regular_expressions (name, pattern) VALUES ('German_Web_Tier_01_PXL', '^(PXL)$');
INSERT OR IGNORE INTO regular_expressions (name, pattern) VALUES ('German_Web_Tier_01_QfG', '^(QfG)$');
INSERT OR IGNORE INTO regular_expressions (name, pattern) VALUES ('German_Web_Tier_01_CNY', '^(CNY)$');
INSERT OR IGNORE INTO regular_expressions (name, pattern) VALUES ('German_Web_Tier_01_WeebPinn', '^(WeebPinn)$');
INSERT OR IGNORE INTO regular_expressions (name, pattern) VALUES ('German_Web_Tier_01_MEDiATHEK', '^(MEDiATHEK)$');
INSERT OR IGNORE INTO regular_expressions (name, pattern) VALUES ('German_Web_Tier_01_RiiR', '^(RiiR)$');
INSERT OR IGNORE INTO regular_expressions (name, pattern) VALUES ('German_Web_Tier_01_RiiR_Aliases', '\b(TOJ)\b');
INSERT OR IGNORE INTO regular_expressions (name, pattern) VALUES ('German_Web_Tier_01_WalterBishop', '^(WalterBishop)$');
INSERT OR IGNORE INTO regular_expressions (name, pattern) VALUES ('German_Web_Tier_01_pmHD', '^(pmHD)$');
INSERT OR IGNORE INTO custom_format_conditions (custom_format_name, name, type, arr_type, negate, required) VALUES ('German Web Tier 01', 'ZeroTwo', 'pattern', 'radarr', 0, 0);
INSERT OR IGNORE INTO custom_format_conditions (custom_format_name, name, type, arr_type, negate, required) VALUES ('German Web Tier 01', 'ZeroTwo Aliases', 'pattern', 'radarr', 0, 0);
INSERT OR IGNORE INTO custom_format_conditions (custom_format_name, name, type, arr_type, negate, required) VALUES ('German Web Tier 01', 'TSCC', 'pattern', 'radarr', 0, 0);
INSERT OR IGNORE INTO custom_format_conditions (custom_format_name, name, type, arr_type, negate, required) VALUES ('German Web Tier 01', 'TvR', 'pattern', 'radarr', 0, 0);
INSERT OR IGNORE INTO custom_format_conditions (custom_format_name, name, type, arr_type, negate, required) VALUES ('German Web Tier 01', 'NIMA4K', 'pattern', 'radarr', 0, 0);
INSERT OR IGNORE INTO custom_format_conditions (custom_format_name, name, type, arr_type, negate, required) VALUES ('German Web Tier 01', 'TVS', 'pattern', 'radarr', 0, 0);
INSERT OR IGNORE INTO custom_format_conditions (custom_format_name, name, type, arr_type, negate, required) VALUES ('German Web Tier 01', 'D02KU', 'pattern', 'radarr', 0, 0);
INSERT OR IGNORE INTO custom_format_conditions (custom_format_name, name, type, arr_type, negate, required) VALUES ('German Web Tier 01', 'PXL', 'pattern', 'radarr', 0, 0);
INSERT OR IGNORE INTO custom_format_conditions (custom_format_name, name, type, arr_type, negate, required) VALUES ('German Web Tier 01', 'QfG', 'pattern', 'radarr', 0, 0);
INSERT OR IGNORE INTO custom_format_conditions (custom_format_name, name, type, arr_type, negate, required) VALUES ('German Web Tier 01', 'CNY', 'pattern', 'radarr', 0, 0);
INSERT OR IGNORE INTO custom_format_conditions (custom_format_name, name, type, arr_type, negate, required) VALUES ('German Web Tier 01', 'WeebPinn', 'pattern', 'radarr', 0, 0);
INSERT OR IGNORE INTO custom_format_conditions (custom_format_name, name, type, arr_type, negate, required) VALUES ('German Web Tier 01', 'MEDiATHEK', 'pattern', 'radarr', 0, 0);
INSERT OR IGNORE INTO custom_format_conditions (custom_format_name, name, type, arr_type, negate, required) VALUES ('German Web Tier 01', 'RiiR', 'pattern', 'radarr', 0, 0);
INSERT OR IGNORE INTO custom_format_conditions (custom_format_name, name, type, arr_type, negate, required) VALUES ('German Web Tier 01', 'RiiR Aliases', 'pattern', 'radarr', 0, 0);
INSERT OR IGNORE INTO custom_format_conditions (custom_format_name, name, type, arr_type, negate, required) VALUES ('German Web Tier 01', 'WalterBishop', 'pattern', 'radarr', 0, 0);
INSERT OR IGNORE INTO custom_format_conditions (custom_format_name, name, type, arr_type, negate, required) VALUES ('German Web Tier 01', 'pmHD', 'pattern', 'radarr', 0, 0);
INSERT OR IGNORE INTO custom_format_conditions (custom_format_name, name, type, arr_type, negate, required) VALUES ('German Web Tier 01', 'WebDL', 'source', 'radarr', 0, 0);
INSERT OR IGNORE INTO custom_format_conditions (custom_format_name, name, type, arr_type, negate, required) VALUES ('German Web Tier 01', 'WebRip', 'source', 'radarr', 0, 0);

INSERT OR IGNORE INTO custom_formats (name, description, include_in_rename) VALUES ('German Web Tier 02', '08d120d5a003ec4954b5b255c0691d79', 0);
INSERT OR IGNORE INTO condition_patterns (custom_format_name, condition_name, regular_expression_name) VALUES ('German Web Tier 02', 'VECTOR', 'German_Web_Tier_02_VECTOR');
INSERT OR IGNORE INTO condition_patterns (custom_format_name, condition_name, regular_expression_name) VALUES ('German Web Tier 02', 'MULTiPLEX', 'German_Web_Tier_02_MULTiPLEX');
INSERT OR IGNORE INTO condition_patterns (custom_format_name, condition_name, regular_expression_name) VALUES ('German Web Tier 02', 'SiXTYNiNE', 'German_Web_Tier_02_SiXTYNiNE');
INSERT OR IGNORE INTO condition_patterns (custom_format_name, condition_name, regular_expression_name) VALUES ('German Web Tier 02', 'Oergel', 'German_Web_Tier_02_Oergel');
INSERT OR IGNORE INTO condition_patterns (custom_format_name, condition_name, regular_expression_name) VALUES ('German Web Tier 02', '4SF', 'German_Web_Tier_02_4SF');
INSERT OR IGNORE INTO condition_patterns (custom_format_name, condition_name, regular_expression_name) VALUES ('German Web Tier 02', 'ABJ', 'German_Web_Tier_02_ABJ');
INSERT OR IGNORE INTO condition_patterns (custom_format_name, condition_name, regular_expression_name) VALUES ('German Web Tier 02', 'paranoid06', 'German_Web_Tier_02_paranoid06');
INSERT OR IGNORE INTO condition_sources (custom_format_name, condition_name, source) VALUES ('German Web Tier 02', 'WebDL', 'WEBDL');
INSERT OR IGNORE INTO condition_sources (custom_format_name, condition_name, source) VALUES ('German Web Tier 02', 'WebRip', 'WEBRIP');
INSERT OR IGNORE INTO regular_expressions (name, pattern) VALUES ('German_Web_Tier_02_VECTOR', '(VECTOR)$');
INSERT OR IGNORE INTO regular_expressions (name, pattern) VALUES ('German_Web_Tier_02_MULTiPLEX', '(MULTiPLEX)$');
INSERT OR IGNORE INTO regular_expressions (name, pattern) VALUES ('German_Web_Tier_02_SiXTYNiNE', '(SiXTYNiNE)$');
INSERT OR IGNORE INTO regular_expressions (name, pattern) VALUES ('German_Web_Tier_02_Oergel', '(Oergel)$');
INSERT OR IGNORE INTO regular_expressions (name, pattern) VALUES ('German_Web_Tier_02_4SF', '(4SF)$');
INSERT OR IGNORE INTO regular_expressions (name, pattern) VALUES ('German_Web_Tier_02_ABJ', '(ABJ)$');
INSERT OR IGNORE INTO regular_expressions (name, pattern) VALUES ('German_Web_Tier_02_paranoid06', '^(paranoid06)$');
INSERT OR IGNORE INTO custom_format_conditions (custom_format_name, name, type, arr_type, negate, required) VALUES ('German Web Tier 02', 'VECTOR', 'pattern', 'radarr', 0, 0);
INSERT OR IGNORE INTO custom_format_conditions (custom_format_name, name, type, arr_type, negate, required) VALUES ('German Web Tier 02', 'MULTiPLEX', 'pattern', 'radarr', 0, 0);
INSERT OR IGNORE INTO custom_format_conditions (custom_format_name, name, type, arr_type, negate, required) VALUES ('German Web Tier 02', 'SiXTYNiNE', 'pattern', 'radarr', 0, 0);
INSERT OR IGNORE INTO custom_format_conditions (custom_format_name, name, type, arr_type, negate, required) VALUES ('German Web Tier 02', 'Oergel', 'pattern', 'radarr', 0, 0);
INSERT OR IGNORE INTO custom_format_conditions (custom_format_name, name, type, arr_type, negate, required) VALUES ('German Web Tier 02', '4SF', 'pattern', 'radarr', 0, 0);
INSERT OR IGNORE INTO custom_format_conditions (custom_format_name, name, type, arr_type, negate, required) VALUES ('German Web Tier 02', 'ABJ', 'pattern', 'radarr', 0, 0);
INSERT OR IGNORE INTO custom_format_conditions (custom_format_name, name, type, arr_type, negate, required) VALUES ('German Web Tier 02', 'paranoid06', 'pattern', 'radarr', 0, 0);
INSERT OR IGNORE INTO custom_format_conditions (custom_format_name, name, type, arr_type, negate, required) VALUES ('German Web Tier 02', 'WebDL', 'source', 'radarr', 0, 0);
INSERT OR IGNORE INTO custom_format_conditions (custom_format_name, name, type, arr_type, negate, required) VALUES ('German Web Tier 02', 'WebRip', 'source', 'radarr', 0, 0);

INSERT OR IGNORE INTO custom_formats (name, description, include_in_rename) VALUES ('German Web Tier 03', '439f9d71becaed589058ec949e037ff3', 0);
INSERT OR IGNORE INTO condition_patterns (custom_format_name, condition_name, regular_expression_name) VALUES ('German Web Tier 03', 'RobertDeNiro', 'German_Web_Tier_03_RobertDeNiro');
INSERT OR IGNORE INTO condition_patterns (custom_format_name, condition_name, regular_expression_name) VALUES ('German Web Tier 03', 'BALENCiAGA', 'German_Web_Tier_03_BALENCiAGA');
INSERT OR IGNORE INTO condition_patterns (custom_format_name, condition_name, regular_expression_name) VALUES ('German Web Tier 03', 'HDSource', 'German_Web_Tier_03_HDSource');
INSERT OR IGNORE INTO condition_patterns (custom_format_name, condition_name, regular_expression_name) VALUES ('German Web Tier 03', 'FX', 'German_Web_Tier_03_FX');
INSERT OR IGNORE INTO condition_patterns (custom_format_name, condition_name, regular_expression_name) VALUES ('German Web Tier 03', 'RDR', 'German_Web_Tier_03_RDR');
INSERT OR IGNORE INTO condition_sources (custom_format_name, condition_name, source) VALUES ('German Web Tier 03', 'WebDL', 'WEBDL');
INSERT OR IGNORE INTO condition_sources (custom_format_name, condition_name, source) VALUES ('German Web Tier 03', 'WebRip', 'WEBRIP');
INSERT OR IGNORE INTO regular_expressions (name, pattern) VALUES ('German_Web_Tier_03_RobertDeNiro', '(RobertDeNiro)$');
INSERT OR IGNORE INTO regular_expressions (name, pattern) VALUES ('German_Web_Tier_03_BALENCiAGA', '(BALENCiAGA)$');
INSERT OR IGNORE INTO regular_expressions (name, pattern) VALUES ('German_Web_Tier_03_HDSource', '^(HDSource)$');
INSERT OR IGNORE INTO regular_expressions (name, pattern) VALUES ('German_Web_Tier_03_FX', '^(FX)$');
INSERT OR IGNORE INTO regular_expressions (name, pattern) VALUES ('German_Web_Tier_03_RDR', '^(RDR)$');
INSERT OR IGNORE INTO custom_format_conditions (custom_format_name, name, type, arr_type, negate, required) VALUES ('German Web Tier 03', 'RobertDeNiro', 'pattern', 'radarr', 0, 0);
INSERT OR IGNORE INTO custom_format_conditions (custom_format_name, name, type, arr_type, negate, required) VALUES ('German Web Tier 03', 'BALENCiAGA', 'pattern', 'radarr', 0, 0);
INSERT OR IGNORE INTO custom_format_conditions (custom_format_name, name, type, arr_type, negate, required) VALUES ('German Web Tier 03', 'HDSource', 'pattern', 'radarr', 0, 0);
INSERT OR IGNORE INTO custom_format_conditions (custom_format_name, name, type, arr_type, negate, required) VALUES ('German Web Tier 03', 'FX', 'pattern', 'radarr', 0, 0);
INSERT OR IGNORE INTO custom_format_conditions (custom_format_name, name, type, arr_type, negate, required) VALUES ('German Web Tier 03', 'RDR', 'pattern', 'radarr', 0, 0);
INSERT OR IGNORE INTO custom_format_conditions (custom_format_name, name, type, arr_type, negate, required) VALUES ('German Web Tier 03', 'WebDL', 'source', 'radarr', 0, 0);
INSERT OR IGNORE INTO custom_format_conditions (custom_format_name, name, type, arr_type, negate, required) VALUES ('German Web Tier 03', 'WebRip', 'source', 'radarr', 0, 0);

INSERT OR IGNORE INTO custom_formats (name, description, include_in_rename) VALUES ('hallowed', '7a0d1ad358fee9f5b074af3ef3f9d9ef', 0);
INSERT OR IGNORE INTO condition_patterns (custom_format_name, condition_name, regular_expression_name) VALUES ('hallowed', 'hallowed', 'hallowed_hallowed');
INSERT OR IGNORE INTO regular_expressions (name, pattern) VALUES ('hallowed_hallowed', '^(hallowed)$');
INSERT OR IGNORE INTO custom_format_conditions (custom_format_name, name, type, arr_type, negate, required) VALUES ('hallowed', 'hallowed', 'pattern', 'radarr', 0, 1);

INSERT OR IGNORE INTO custom_formats (name, description, include_in_rename) VALUES ('HBO', '509e5f41146e278f9eab1ddaceb34515', 1);
INSERT OR IGNORE INTO condition_patterns (custom_format_name, condition_name, regular_expression_name) VALUES ('HBO', 'HBO', 'HBO_HBO');
INSERT OR IGNORE INTO condition_patterns (custom_format_name, condition_name, regular_expression_name) VALUES ('HBO', 'HBO Rename', 'HBO_HBO_Rename');
INSERT OR IGNORE INTO condition_sources (custom_format_name, condition_name, source) VALUES ('HBO', 'WEBDL', 'WEBDL');
INSERT OR IGNORE INTO condition_sources (custom_format_name, condition_name, source) VALUES ('HBO', 'WEBRIP', 'WEBRIP');
INSERT OR IGNORE INTO regular_expressions (name, pattern) VALUES ('HBO_HBO', '\b(hbo)(?![ ._-]max)\b(?=[ ._-]web[ ._-]?(dl|rip)\b)');
INSERT OR IGNORE INTO regular_expressions (name, pattern) VALUES ('HBO_HBO_Rename', '\[(HBO)\b|\b(HBO)\]');
INSERT OR IGNORE INTO custom_format_conditions (custom_format_name, name, type, arr_type, negate, required) VALUES ('HBO', 'HBO', 'pattern', 'radarr', 0, 0);
INSERT OR IGNORE INTO custom_format_conditions (custom_format_name, name, type, arr_type, negate, required) VALUES ('HBO', 'HBO Rename', 'pattern', 'radarr', 0, 0);
INSERT OR IGNORE INTO custom_format_conditions (custom_format_name, name, type, arr_type, negate, required) VALUES ('HBO', 'WEBDL', 'source', 'radarr', 0, 0);
INSERT OR IGNORE INTO custom_format_conditions (custom_format_name, name, type, arr_type, negate, required) VALUES ('HBO', 'WEBRIP', 'source', 'radarr', 0, 0);

INSERT OR IGNORE INTO custom_formats (name, description, include_in_rename) VALUES ('HD Bluray Tier 01', 'ed27ebfef2f323e964fb1f61391bcb35', 0);
INSERT OR IGNORE INTO condition_patterns (custom_format_name, condition_name, regular_expression_name) VALUES ('HD Bluray Tier 01', 'BBQ', 'HD_Bluray_Tier_01_BBQ');
INSERT OR IGNORE INTO condition_patterns (custom_format_name, condition_name, regular_expression_name) VALUES ('HD Bluray Tier 01', 'BMF', 'HD_Bluray_Tier_01_BMF');
INSERT OR IGNORE INTO condition_patterns (custom_format_name, condition_name, regular_expression_name) VALUES ('HD Bluray Tier 01', 'c0kE', 'HD_Bluray_Tier_01_c0kE');
INSERT OR IGNORE INTO condition_patterns (custom_format_name, condition_name, regular_expression_name) VALUES ('HD Bluray Tier 01', 'Chotab', 'HD_Bluray_Tier_01_Chotab');
INSERT OR IGNORE INTO condition_patterns (custom_format_name, condition_name, regular_expression_name) VALUES ('HD Bluray Tier 01', 'CRiSC', 'HD_Bluray_Tier_01_CRiSC');
INSERT OR IGNORE INTO condition_patterns (custom_format_name, condition_name, regular_expression_name) VALUES ('HD Bluray Tier 01', 'CtrlHD', 'HD_Bluray_Tier_01_CtrlHD');
INSERT OR IGNORE INTO condition_patterns (custom_format_name, condition_name, regular_expression_name) VALUES ('HD Bluray Tier 01', 'D-Z0N3', 'HD_Bluray_Tier_01_D-Z0N3');
INSERT OR IGNORE INTO condition_patterns (custom_format_name, condition_name, regular_expression_name) VALUES ('HD Bluray Tier 01', 'Dariush', 'HD_Bluray_Tier_01_Dariush');
INSERT OR IGNORE INTO condition_patterns (custom_format_name, condition_name, regular_expression_name) VALUES ('HD Bluray Tier 01', 'decibeL', 'HD_Bluray_Tier_01_decibeL');
INSERT OR IGNORE INTO condition_patterns (custom_format_name, condition_name, regular_expression_name) VALUES ('HD Bluray Tier 01', 'DON', 'HD_Bluray_Tier_01_DON');
INSERT OR IGNORE INTO condition_patterns (custom_format_name, condition_name, regular_expression_name) VALUES ('HD Bluray Tier 01', 'EbP', 'HD_Bluray_Tier_01_EbP');
INSERT OR IGNORE INTO condition_patterns (custom_format_name, condition_name, regular_expression_name) VALUES ('HD Bluray Tier 01', 'EDPH', 'HD_Bluray_Tier_01_EDPH');
INSERT OR IGNORE INTO condition_patterns (custom_format_name, condition_name, regular_expression_name) VALUES ('HD Bluray Tier 01', 'Geek', 'HD_Bluray_Tier_01_Geek');
INSERT OR IGNORE INTO condition_patterns (custom_format_name, condition_name, regular_expression_name) VALUES ('HD Bluray Tier 01', 'LolHD', 'HD_Bluray_Tier_01_LolHD');
INSERT OR IGNORE INTO condition_patterns (custom_format_name, condition_name, regular_expression_name) VALUES ('HD Bluray Tier 01', 'NCmt', 'HD_Bluray_Tier_01_NCmt');
INSERT OR IGNORE INTO condition_patterns (custom_format_name, condition_name, regular_expression_name) VALUES ('HD Bluray Tier 01', 'PTer', 'HD_Bluray_Tier_01_PTer');
INSERT OR IGNORE INTO condition_patterns (custom_format_name, condition_name, regular_expression_name) VALUES ('HD Bluray Tier 01', 'TayTO', 'HD_Bluray_Tier_01_TayTO');
INSERT OR IGNORE INTO condition_patterns (custom_format_name, condition_name, regular_expression_name) VALUES ('HD Bluray Tier 01', 'TDD', 'HD_Bluray_Tier_01_TDD');
INSERT OR IGNORE INTO condition_patterns (custom_format_name, condition_name, regular_expression_name) VALUES ('HD Bluray Tier 01', 'TnP', 'HD_Bluray_Tier_01_TnP');
INSERT OR IGNORE INTO condition_patterns (custom_format_name, condition_name, regular_expression_name) VALUES ('HD Bluray Tier 01', 'VietHD', 'HD_Bluray_Tier_01_VietHD');
INSERT OR IGNORE INTO condition_patterns (custom_format_name, condition_name, regular_expression_name) VALUES ('HD Bluray Tier 01', 'ZQ', 'HD_Bluray_Tier_01_ZQ');
INSERT OR IGNORE INTO condition_patterns (custom_format_name, condition_name, regular_expression_name) VALUES ('HD Bluray Tier 01', 'ZoroSenpai', 'HD_Bluray_Tier_01_ZoroSenpai');
INSERT OR IGNORE INTO condition_sources (custom_format_name, condition_name, source) VALUES ('HD Bluray Tier 01', 'BLURAY', 'BLURAY');
INSERT OR IGNORE INTO condition_resolutions (custom_format_name, condition_name, resolution) VALUES ('HD Bluray Tier 01', 'Not 2160p', '2160');
INSERT OR IGNORE INTO condition_quality_modifiers (custom_format_name, condition_name, quality_modifier) VALUES ('HD Bluray Tier 01', 'Not REMUX', '5');
INSERT OR IGNORE INTO regular_expressions (name, pattern) VALUES ('HD_Bluray_Tier_01_BBQ', '^(BBQ)$');
INSERT OR IGNORE INTO regular_expressions (name, pattern) VALUES ('HD_Bluray_Tier_01_BMF', '^(BMF)$');
INSERT OR IGNORE INTO regular_expressions (name, pattern) VALUES ('HD_Bluray_Tier_01_c0kE', '^(c0kE)$');
INSERT OR IGNORE INTO regular_expressions (name, pattern) VALUES ('HD_Bluray_Tier_01_Chotab', '^(Chotab)$');
INSERT OR IGNORE INTO regular_expressions (name, pattern) VALUES ('HD_Bluray_Tier_01_CRiSC', '^(CRiSC)$');
INSERT OR IGNORE INTO regular_expressions (name, pattern) VALUES ('HD_Bluray_Tier_01_CtrlHD', '^(CtrlHD)$');
INSERT OR IGNORE INTO regular_expressions (name, pattern) VALUES ('HD_Bluray_Tier_01_D-Z0N3', '^(D-Z0N3)$');
INSERT OR IGNORE INTO regular_expressions (name, pattern) VALUES ('HD_Bluray_Tier_01_Dariush', '^(Dariush)$');
INSERT OR IGNORE INTO regular_expressions (name, pattern) VALUES ('HD_Bluray_Tier_01_decibeL', '^(decibeL)$');
INSERT OR IGNORE INTO regular_expressions (name, pattern) VALUES ('HD_Bluray_Tier_01_DON', '^(DON)$');
INSERT OR IGNORE INTO regular_expressions (name, pattern) VALUES ('HD_Bluray_Tier_01_EbP', '^(EbP)$');
INSERT OR IGNORE INTO regular_expressions (name, pattern) VALUES ('HD_Bluray_Tier_01_EDPH', '^(EDPH)$');
INSERT OR IGNORE INTO regular_expressions (name, pattern) VALUES ('HD_Bluray_Tier_01_Geek', '^(Geek)$');
INSERT OR IGNORE INTO regular_expressions (name, pattern) VALUES ('HD_Bluray_Tier_01_LolHD', '^(LolHD)$');
INSERT OR IGNORE INTO regular_expressions (name, pattern) VALUES ('HD_Bluray_Tier_01_NCmt', '^(NCmt)$');
INSERT OR IGNORE INTO regular_expressions (name, pattern) VALUES ('HD_Bluray_Tier_01_PTer', '^(PTer)$');
INSERT OR IGNORE INTO regular_expressions (name, pattern) VALUES ('HD_Bluray_Tier_01_TayTO', '^(TayTO)$');
INSERT OR IGNORE INTO regular_expressions (name, pattern) VALUES ('HD_Bluray_Tier_01_TDD', '^(TDD)$');
INSERT OR IGNORE INTO regular_expressions (name, pattern) VALUES ('HD_Bluray_Tier_01_TnP', '^(TnP)$');
INSERT OR IGNORE INTO regular_expressions (name, pattern) VALUES ('HD_Bluray_Tier_01_VietHD', '^(VietHD)$');
INSERT OR IGNORE INTO regular_expressions (name, pattern) VALUES ('HD_Bluray_Tier_01_ZQ', '^(ZQ)$');
INSERT OR IGNORE INTO regular_expressions (name, pattern) VALUES ('HD_Bluray_Tier_01_ZoroSenpai', '^(ZoroSenpai)$');
INSERT OR IGNORE INTO custom_format_conditions (custom_format_name, name, type, arr_type, negate, required) VALUES ('HD Bluray Tier 01', 'BLURAY', 'source', 'radarr', 0, 1);
INSERT OR IGNORE INTO custom_format_conditions (custom_format_name, name, type, arr_type, negate, required) VALUES ('HD Bluray Tier 01', 'Not REMUX', 'quality_modifier', 'radarr', 1, 1);
INSERT OR IGNORE INTO custom_format_conditions (custom_format_name, name, type, arr_type, negate, required) VALUES ('HD Bluray Tier 01', 'Not 2160p', 'resolution', 'radarr', 1, 1);
INSERT OR IGNORE INTO custom_format_conditions (custom_format_name, name, type, arr_type, negate, required) VALUES ('HD Bluray Tier 01', 'BBQ', 'pattern', 'radarr', 0, 0);
INSERT OR IGNORE INTO custom_format_conditions (custom_format_name, name, type, arr_type, negate, required) VALUES ('HD Bluray Tier 01', 'BMF', 'pattern', 'radarr', 0, 0);
INSERT OR IGNORE INTO custom_format_conditions (custom_format_name, name, type, arr_type, negate, required) VALUES ('HD Bluray Tier 01', 'c0kE', 'pattern', 'radarr', 0, 0);
INSERT OR IGNORE INTO custom_format_conditions (custom_format_name, name, type, arr_type, negate, required) VALUES ('HD Bluray Tier 01', 'Chotab', 'pattern', 'radarr', 0, 0);
INSERT OR IGNORE INTO custom_format_conditions (custom_format_name, name, type, arr_type, negate, required) VALUES ('HD Bluray Tier 01', 'CRiSC', 'pattern', 'radarr', 0, 0);
INSERT OR IGNORE INTO custom_format_conditions (custom_format_name, name, type, arr_type, negate, required) VALUES ('HD Bluray Tier 01', 'CtrlHD', 'pattern', 'radarr', 0, 0);
INSERT OR IGNORE INTO custom_format_conditions (custom_format_name, name, type, arr_type, negate, required) VALUES ('HD Bluray Tier 01', 'D-Z0N3', 'pattern', 'radarr', 0, 0);
INSERT OR IGNORE INTO custom_format_conditions (custom_format_name, name, type, arr_type, negate, required) VALUES ('HD Bluray Tier 01', 'Dariush', 'pattern', 'radarr', 0, 0);
INSERT OR IGNORE INTO custom_format_conditions (custom_format_name, name, type, arr_type, negate, required) VALUES ('HD Bluray Tier 01', 'decibeL', 'pattern', 'radarr', 0, 0);
INSERT OR IGNORE INTO custom_format_conditions (custom_format_name, name, type, arr_type, negate, required) VALUES ('HD Bluray Tier 01', 'DON', 'pattern', 'radarr', 0, 0);
INSERT OR IGNORE INTO custom_format_conditions (custom_format_name, name, type, arr_type, negate, required) VALUES ('HD Bluray Tier 01', 'EbP', 'pattern', 'radarr', 0, 0);
INSERT OR IGNORE INTO custom_format_conditions (custom_format_name, name, type, arr_type, negate, required) VALUES ('HD Bluray Tier 01', 'EDPH', 'pattern', 'radarr', 0, 0);
INSERT OR IGNORE INTO custom_format_conditions (custom_format_name, name, type, arr_type, negate, required) VALUES ('HD Bluray Tier 01', 'Geek', 'pattern', 'radarr', 0, 0);
INSERT OR IGNORE INTO custom_format_conditions (custom_format_name, name, type, arr_type, negate, required) VALUES ('HD Bluray Tier 01', 'LolHD', 'pattern', 'radarr', 0, 0);
INSERT OR IGNORE INTO custom_format_conditions (custom_format_name, name, type, arr_type, negate, required) VALUES ('HD Bluray Tier 01', 'NCmt', 'pattern', 'radarr', 0, 0);
INSERT OR IGNORE INTO custom_format_conditions (custom_format_name, name, type, arr_type, negate, required) VALUES ('HD Bluray Tier 01', 'PTer', 'pattern', 'radarr', 0, 0);
INSERT OR IGNORE INTO custom_format_conditions (custom_format_name, name, type, arr_type, negate, required) VALUES ('HD Bluray Tier 01', 'TayTO', 'pattern', 'radarr', 0, 0);
INSERT OR IGNORE INTO custom_format_conditions (custom_format_name, name, type, arr_type, negate, required) VALUES ('HD Bluray Tier 01', 'TDD', 'pattern', 'radarr', 0, 0);
INSERT OR IGNORE INTO custom_format_conditions (custom_format_name, name, type, arr_type, negate, required) VALUES ('HD Bluray Tier 01', 'TnP', 'pattern', 'radarr', 0, 0);
INSERT OR IGNORE INTO custom_format_conditions (custom_format_name, name, type, arr_type, negate, required) VALUES ('HD Bluray Tier 01', 'VietHD', 'pattern', 'radarr', 0, 0);
INSERT OR IGNORE INTO custom_format_conditions (custom_format_name, name, type, arr_type, negate, required) VALUES ('HD Bluray Tier 01', 'ZQ', 'pattern', 'radarr', 0, 0);
INSERT OR IGNORE INTO custom_format_conditions (custom_format_name, name, type, arr_type, negate, required) VALUES ('HD Bluray Tier 01', 'ZoroSenpai', 'pattern', 'radarr', 0, 0);

INSERT OR IGNORE INTO custom_formats (name, description, include_in_rename) VALUES ('HD Bluray Tier 02', 'c20c8647f2746a1f4c4262b0fbbeeeae', 0);
INSERT OR IGNORE INTO condition_patterns (custom_format_name, condition_name, regular_expression_name) VALUES ('HD Bluray Tier 02', 'ATELiER', 'HD_Bluray_Tier_02_ATELiER');
INSERT OR IGNORE INTO condition_patterns (custom_format_name, condition_name, regular_expression_name) VALUES ('HD Bluray Tier 02', 'EA', 'HD_Bluray_Tier_02_EA');
INSERT OR IGNORE INTO condition_patterns (custom_format_name, condition_name, regular_expression_name) VALUES ('HD Bluray Tier 02', 'HiDt', 'HD_Bluray_Tier_02_HiDt');
INSERT OR IGNORE INTO condition_patterns (custom_format_name, condition_name, regular_expression_name) VALUES ('HD Bluray Tier 02', 'HiSD', 'HD_Bluray_Tier_02_HiSD');
INSERT OR IGNORE INTO condition_patterns (custom_format_name, condition_name, regular_expression_name) VALUES ('HD Bluray Tier 02', 'iFT', 'HD_Bluray_Tier_02_iFT');
INSERT OR IGNORE INTO condition_patterns (custom_format_name, condition_name, regular_expression_name) VALUES ('HD Bluray Tier 02', 'NTb', 'HD_Bluray_Tier_02_NTb');
INSERT OR IGNORE INTO condition_patterns (custom_format_name, condition_name, regular_expression_name) VALUES ('HD Bluray Tier 02', 'QOQ', 'HD_Bluray_Tier_02_QOQ');
INSERT OR IGNORE INTO condition_patterns (custom_format_name, condition_name, regular_expression_name) VALUES ('HD Bluray Tier 02', 'SA89', 'HD_Bluray_Tier_02_SA89');
INSERT OR IGNORE INTO condition_patterns (custom_format_name, condition_name, regular_expression_name) VALUES ('HD Bluray Tier 02', 'sbR', 'HD_Bluray_Tier_02_sbR');
INSERT OR IGNORE INTO condition_sources (custom_format_name, condition_name, source) VALUES ('HD Bluray Tier 02', 'BLURAY', 'BLURAY');
INSERT OR IGNORE INTO condition_resolutions (custom_format_name, condition_name, resolution) VALUES ('HD Bluray Tier 02', 'Not 2160p', '2160');
INSERT OR IGNORE INTO condition_quality_modifiers (custom_format_name, condition_name, quality_modifier) VALUES ('HD Bluray Tier 02', 'Not REMUX', '5');
INSERT OR IGNORE INTO regular_expressions (name, pattern) VALUES ('HD_Bluray_Tier_02_ATELiER', '^(ATELiER)$');
INSERT OR IGNORE INTO regular_expressions (name, pattern) VALUES ('HD_Bluray_Tier_02_EA', '^(EA)$');
INSERT OR IGNORE INTO regular_expressions (name, pattern) VALUES ('HD_Bluray_Tier_02_HiDt', '^(HiDt)$');
INSERT OR IGNORE INTO regular_expressions (name, pattern) VALUES ('HD_Bluray_Tier_02_HiSD', '^(HiSD)$');
INSERT OR IGNORE INTO regular_expressions (name, pattern) VALUES ('HD_Bluray_Tier_02_iFT', '^(iFT)$');
INSERT OR IGNORE INTO regular_expressions (name, pattern) VALUES ('HD_Bluray_Tier_02_NTb', '^(NTb)$');
INSERT OR IGNORE INTO regular_expressions (name, pattern) VALUES ('HD_Bluray_Tier_02_QOQ', '^(QOQ)$');
INSERT OR IGNORE INTO regular_expressions (name, pattern) VALUES ('HD_Bluray_Tier_02_SA89', '^(SA89)$');
INSERT OR IGNORE INTO regular_expressions (name, pattern) VALUES ('HD_Bluray_Tier_02_sbR', '^(sbR)$');
INSERT OR IGNORE INTO custom_format_conditions (custom_format_name, name, type, arr_type, negate, required) VALUES ('HD Bluray Tier 02', 'BLURAY', 'source', 'radarr', 0, 1);
INSERT OR IGNORE INTO custom_format_conditions (custom_format_name, name, type, arr_type, negate, required) VALUES ('HD Bluray Tier 02', 'Not REMUX', 'quality_modifier', 'radarr', 1, 1);
INSERT OR IGNORE INTO custom_format_conditions (custom_format_name, name, type, arr_type, negate, required) VALUES ('HD Bluray Tier 02', 'Not 2160p', 'resolution', 'radarr', 1, 1);
INSERT OR IGNORE INTO custom_format_conditions (custom_format_name, name, type, arr_type, negate, required) VALUES ('HD Bluray Tier 02', 'ATELiER', 'pattern', 'radarr', 0, 0);
INSERT OR IGNORE INTO custom_format_conditions (custom_format_name, name, type, arr_type, negate, required) VALUES ('HD Bluray Tier 02', 'EA', 'pattern', 'radarr', 0, 0);
INSERT OR IGNORE INTO custom_format_conditions (custom_format_name, name, type, arr_type, negate, required) VALUES ('HD Bluray Tier 02', 'HiDt', 'pattern', 'radarr', 0, 0);
INSERT OR IGNORE INTO custom_format_conditions (custom_format_name, name, type, arr_type, negate, required) VALUES ('HD Bluray Tier 02', 'HiSD', 'pattern', 'radarr', 0, 0);
INSERT OR IGNORE INTO custom_format_conditions (custom_format_name, name, type, arr_type, negate, required) VALUES ('HD Bluray Tier 02', 'iFT', 'pattern', 'radarr', 0, 0);
INSERT OR IGNORE INTO custom_format_conditions (custom_format_name, name, type, arr_type, negate, required) VALUES ('HD Bluray Tier 02', 'NTb', 'pattern', 'radarr', 0, 0);
INSERT OR IGNORE INTO custom_format_conditions (custom_format_name, name, type, arr_type, negate, required) VALUES ('HD Bluray Tier 02', 'QOQ', 'pattern', 'radarr', 0, 0);
INSERT OR IGNORE INTO custom_format_conditions (custom_format_name, name, type, arr_type, negate, required) VALUES ('HD Bluray Tier 02', 'SA89', 'pattern', 'radarr', 0, 0);
INSERT OR IGNORE INTO custom_format_conditions (custom_format_name, name, type, arr_type, negate, required) VALUES ('HD Bluray Tier 02', 'sbR', 'pattern', 'radarr', 0, 0);

INSERT OR IGNORE INTO custom_formats (name, description, include_in_rename) VALUES ('HD Bluray Tier 03', '5608c71bcebba0a5e666223bae8c9227', 0);
INSERT OR IGNORE INTO condition_patterns (custom_format_name, condition_name, regular_expression_name) VALUES ('HD Bluray Tier 03', 'BHDStudio', 'HD_Bluray_Tier_03_BHDStudio');
INSERT OR IGNORE INTO condition_patterns (custom_format_name, condition_name, regular_expression_name) VALUES ('HD Bluray Tier 03', 'hallowed', 'HD_Bluray_Tier_03_hallowed');
INSERT OR IGNORE INTO condition_patterns (custom_format_name, condition_name, regular_expression_name) VALUES ('HD Bluray Tier 03', 'HiFi', 'HD_Bluray_Tier_03_HiFi');
INSERT OR IGNORE INTO condition_patterns (custom_format_name, condition_name, regular_expression_name) VALUES ('HD Bluray Tier 03', 'HONE', 'HD_Bluray_Tier_03_HONE');
INSERT OR IGNORE INTO condition_patterns (custom_format_name, condition_name, regular_expression_name) VALUES ('HD Bluray Tier 03', 'LoRD', 'HD_Bluray_Tier_03_LoRD');
INSERT OR IGNORE INTO condition_patterns (custom_format_name, condition_name, regular_expression_name) VALUES ('HD Bluray Tier 03', 'playHD', 'HD_Bluray_Tier_03_playHD');
INSERT OR IGNORE INTO condition_patterns (custom_format_name, condition_name, regular_expression_name) VALUES ('HD Bluray Tier 03', 'SPHD', 'HD_Bluray_Tier_03_SPHD');
INSERT OR IGNORE INTO condition_patterns (custom_format_name, condition_name, regular_expression_name) VALUES ('HD Bluray Tier 03', 'W4NK3R', 'HD_Bluray_Tier_03_W4NK3R');
INSERT OR IGNORE INTO condition_sources (custom_format_name, condition_name, source) VALUES ('HD Bluray Tier 03', 'BLURAY', 'BLURAY');
INSERT OR IGNORE INTO condition_resolutions (custom_format_name, condition_name, resolution) VALUES ('HD Bluray Tier 03', 'Not 2160p', '2160');
INSERT OR IGNORE INTO condition_quality_modifiers (custom_format_name, condition_name, quality_modifier) VALUES ('HD Bluray Tier 03', 'Not REMUX', '5');
INSERT OR IGNORE INTO regular_expressions (name, pattern) VALUES ('HD_Bluray_Tier_03_BHDStudio', '^(BHDStudio)$');
INSERT OR IGNORE INTO regular_expressions (name, pattern) VALUES ('HD_Bluray_Tier_03_hallowed', '^(hallowed)$');
INSERT OR IGNORE INTO regular_expressions (name, pattern) VALUES ('HD_Bluray_Tier_03_HiFi', '^(HiFi)$');
INSERT OR IGNORE INTO regular_expressions (name, pattern) VALUES ('HD_Bluray_Tier_03_HONE', '^(HONE)$');
INSERT OR IGNORE INTO regular_expressions (name, pattern) VALUES ('HD_Bluray_Tier_03_LoRD', '^(LoRD)$');
INSERT OR IGNORE INTO regular_expressions (name, pattern) VALUES ('HD_Bluray_Tier_03_playHD', '^(playHD)$');
INSERT OR IGNORE INTO regular_expressions (name, pattern) VALUES ('HD_Bluray_Tier_03_SPHD', '^(SPHD)$');
INSERT OR IGNORE INTO regular_expressions (name, pattern) VALUES ('HD_Bluray_Tier_03_W4NK3R', '^(W4NK3R)$');
INSERT OR IGNORE INTO custom_format_conditions (custom_format_name, name, type, arr_type, negate, required) VALUES ('HD Bluray Tier 03', 'BLURAY', 'source', 'radarr', 0, 1);
INSERT OR IGNORE INTO custom_format_conditions (custom_format_name, name, type, arr_type, negate, required) VALUES ('HD Bluray Tier 03', 'Not REMUX', 'quality_modifier', 'radarr', 1, 1);
INSERT OR IGNORE INTO custom_format_conditions (custom_format_name, name, type, arr_type, negate, required) VALUES ('HD Bluray Tier 03', 'Not 2160p', 'resolution', 'radarr', 1, 1);
INSERT OR IGNORE INTO custom_format_conditions (custom_format_name, name, type, arr_type, negate, required) VALUES ('HD Bluray Tier 03', 'BHDStudio', 'pattern', 'radarr', 0, 0);
INSERT OR IGNORE INTO custom_format_conditions (custom_format_name, name, type, arr_type, negate, required) VALUES ('HD Bluray Tier 03', 'hallowed', 'pattern', 'radarr', 0, 0);
INSERT OR IGNORE INTO custom_format_conditions (custom_format_name, name, type, arr_type, negate, required) VALUES ('HD Bluray Tier 03', 'HiFi', 'pattern', 'radarr', 0, 0);
INSERT OR IGNORE INTO custom_format_conditions (custom_format_name, name, type, arr_type, negate, required) VALUES ('HD Bluray Tier 03', 'HONE', 'pattern', 'radarr', 0, 0);
INSERT OR IGNORE INTO custom_format_conditions (custom_format_name, name, type, arr_type, negate, required) VALUES ('HD Bluray Tier 03', 'LoRD', 'pattern', 'radarr', 0, 0);
INSERT OR IGNORE INTO custom_format_conditions (custom_format_name, name, type, arr_type, negate, required) VALUES ('HD Bluray Tier 03', 'playHD', 'pattern', 'radarr', 0, 0);
INSERT OR IGNORE INTO custom_format_conditions (custom_format_name, name, type, arr_type, negate, required) VALUES ('HD Bluray Tier 03', 'SPHD', 'pattern', 'radarr', 0, 0);
INSERT OR IGNORE INTO custom_format_conditions (custom_format_name, name, type, arr_type, negate, required) VALUES ('HD Bluray Tier 03', 'W4NK3R', 'pattern', 'radarr', 0, 0);

INSERT OR IGNORE INTO custom_formats (name, description, include_in_rename) VALUES ('HDR', '493b6d1dbec3c3364c59d7607f7e3405', 0);
INSERT OR IGNORE INTO condition_patterns (custom_format_name, condition_name, regular_expression_name) VALUES ('HDR', 'DV With HDR10 fallback', 'HDR_DV_With_HDR10_fallback');
INSERT OR IGNORE INTO condition_patterns (custom_format_name, condition_name, regular_expression_name) VALUES ('HDR', 'HDR', 'HDR_HDR');
INSERT OR IGNORE INTO condition_patterns (custom_format_name, condition_name, regular_expression_name) VALUES ('HDR', 'HDR10', 'HDR_HDR10');
INSERT OR IGNORE INTO condition_patterns (custom_format_name, condition_name, regular_expression_name) VALUES ('HDR', 'HDR10', 'HDR_HDR10');
INSERT OR IGNORE INTO condition_patterns (custom_format_name, condition_name, regular_expression_name) VALUES ('HDR', 'HLG', 'HDR_HLG');
INSERT OR IGNORE INTO condition_patterns (custom_format_name, condition_name, regular_expression_name) VALUES ('HDR', 'PQ', 'HDR_PQ');
INSERT OR IGNORE INTO condition_patterns (custom_format_name, condition_name, regular_expression_name) VALUES ('HDR', 'RlsGrp Missing HDR', 'HDR_RlsGrp_Missing_HDR');
INSERT OR IGNORE INTO regular_expressions (name, pattern) VALUES ('HDR_DV_With_HDR10_fallback', '^(?=.*\b(dv|dovi|dolby[ .]?v(ision)?)\b)(?!(?=.*\b(WEB[ ._-]?(DL|Rip)?)\b)(?!.*\b(hulu)\b))');
INSERT OR IGNORE INTO regular_expressions (name, pattern) VALUES ('HDR_HDR', '\b(HDR)\b');
INSERT OR IGNORE INTO regular_expressions (name, pattern) VALUES ('HDR_HDR10', '\b(HDR10(?![+]|P(lus)?))');
INSERT OR IGNORE INTO regular_expressions (name, pattern) VALUES ('HDR_HDR10', '\b(HDR10(?=[+]|P(lus)?))');
INSERT OR IGNORE INTO regular_expressions (name, pattern) VALUES ('HDR_HLG', '\b(HLG)\b');
INSERT OR IGNORE INTO regular_expressions (name, pattern) VALUES ('HDR_PQ', '\b(PQ)\b');
INSERT OR IGNORE INTO regular_expressions (name, pattern) VALUES ('HDR_RlsGrp_Missing_HDR', '^(?=.*\b(FraMeSToR|HQMUX|SiCFoI)\b)(?=.*\b(2160p)\b)(?!.*\b(HDR10([+]|P(lus)?)))(?!.*\b(SDR)\b).*');
INSERT OR IGNORE INTO custom_format_conditions (custom_format_name, name, type, arr_type, negate, required) VALUES ('HDR', 'DV With HDR10 fallback', 'pattern', 'radarr', 0, 0);
INSERT OR IGNORE INTO custom_format_conditions (custom_format_name, name, type, arr_type, negate, required) VALUES ('HDR', 'HDR', 'pattern', 'radarr', 0, 0);
INSERT OR IGNORE INTO custom_format_conditions (custom_format_name, name, type, arr_type, negate, required) VALUES ('HDR', 'HDR10', 'pattern', 'radarr', 0, 0);
INSERT OR IGNORE INTO custom_format_conditions (custom_format_name, name, type, arr_type, negate, required) VALUES ('HDR', 'HDR10', 'pattern', 'radarr', 0, 0);
INSERT OR IGNORE INTO custom_format_conditions (custom_format_name, name, type, arr_type, negate, required) VALUES ('HDR', 'HLG', 'pattern', 'radarr', 0, 0);
INSERT OR IGNORE INTO custom_format_conditions (custom_format_name, name, type, arr_type, negate, required) VALUES ('HDR', 'PQ', 'pattern', 'radarr', 0, 0);
INSERT OR IGNORE INTO custom_format_conditions (custom_format_name, name, type, arr_type, negate, required) VALUES ('HDR', 'RlsGrp Missing HDR', 'pattern', 'radarr', 0, 0);

INSERT OR IGNORE INTO custom_formats (name, description, include_in_rename) VALUES ('HDR10+ Boost', 'caa37d0df9c348912df1fb1d88f9273a', 0);
INSERT OR IGNORE INTO condition_patterns (custom_format_name, condition_name, regular_expression_name) VALUES ('HDR10+ Boost', 'HDR10', 'HDR10+_Boost_HDR10');
INSERT OR IGNORE INTO regular_expressions (name, pattern) VALUES ('HDR10+_Boost_HDR10', '\b(HDR10(?=[+]|P(lus)?))');
INSERT OR IGNORE INTO custom_format_conditions (custom_format_name, name, type, arr_type, negate, required) VALUES ('HDR10+ Boost', 'HDR10', 'pattern', 'radarr', 0, 0);

INSERT OR IGNORE INTO custom_formats (name, description, include_in_rename) VALUES ('HFR', '73613461ac2cea99d52c4cd6e177ab82', 1);
INSERT OR IGNORE INTO condition_patterns (custom_format_name, condition_name, regular_expression_name) VALUES ('HFR', 'HFR', 'HFR_HFR');
INSERT OR IGNORE INTO regular_expressions (name, pattern) VALUES ('HFR_HFR', '\b(HFR)\b');
INSERT OR IGNORE INTO custom_format_conditions (custom_format_name, name, type, arr_type, negate, required) VALUES ('HFR', 'HFR', 'pattern', 'radarr', 0, 1);

INSERT OR IGNORE INTO custom_formats (name, description, include_in_rename) VALUES ('HMAX', '5763d1b0ce84aff3b21038eea8e9b8ad', 1);
INSERT OR IGNORE INTO condition_patterns (custom_format_name, condition_name, regular_expression_name) VALUES ('HMAX', 'HBO Max', 'HMAX_HBO_Max');
INSERT OR IGNORE INTO condition_patterns (custom_format_name, condition_name, regular_expression_name) VALUES ('HMAX', 'HMAX Rename', 'HMAX_HMAX_Rename');
INSERT OR IGNORE INTO condition_sources (custom_format_name, condition_name, source) VALUES ('HMAX', 'WEBDL', 'WEBDL');
INSERT OR IGNORE INTO condition_sources (custom_format_name, condition_name, source) VALUES ('HMAX', 'WEBRIP', 'WEBRIP');
INSERT OR IGNORE INTO regular_expressions (name, pattern) VALUES ('HMAX_HBO_Max', '\b(hmax|hbom|hbo[ ._-]?max)\b(?=[ ._-]web[ ._-]?(dl|rip)\b)');
INSERT OR IGNORE INTO regular_expressions (name, pattern) VALUES ('HMAX_HMAX_Rename', '\[(HMAX)\b|\b(HMAX)\]');
INSERT OR IGNORE INTO custom_format_conditions (custom_format_name, name, type, arr_type, negate, required) VALUES ('HMAX', 'HBO Max', 'pattern', 'radarr', 0, 0);
INSERT OR IGNORE INTO custom_format_conditions (custom_format_name, name, type, arr_type, negate, required) VALUES ('HMAX', 'HMAX Rename', 'pattern', 'radarr', 0, 0);
INSERT OR IGNORE INTO custom_format_conditions (custom_format_name, name, type, arr_type, negate, required) VALUES ('HMAX', 'WEBDL', 'source', 'radarr', 0, 0);
INSERT OR IGNORE INTO custom_format_conditions (custom_format_name, name, type, arr_type, negate, required) VALUES ('HMAX', 'WEBRIP', 'source', 'radarr', 0, 0);

INSERT OR IGNORE INTO custom_formats (name, description, include_in_rename) VALUES ('HTSR', '834b2c0ba0a8596029b4479a29e1a032', 1);
INSERT OR IGNORE INTO condition_patterns (custom_format_name, condition_name, regular_expression_name) VALUES ('HTSR', 'Hotstar', 'HTSR_Hotstar');
INSERT OR IGNORE INTO condition_sources (custom_format_name, condition_name, source) VALUES ('HTSR', 'WEBDL', 'WEBDL');
INSERT OR IGNORE INTO condition_sources (custom_format_name, condition_name, source) VALUES ('HTSR', 'WEBRIP', 'WEBRIP');
INSERT OR IGNORE INTO regular_expressions (name, pattern) VALUES ('HTSR_Hotstar', '\b(HTSR|DSNPHS|HS)\b');
INSERT OR IGNORE INTO custom_format_conditions (custom_format_name, name, type, arr_type, negate, required) VALUES ('HTSR', 'Hotstar', 'pattern', 'radarr', 0, 1);
INSERT OR IGNORE INTO custom_format_conditions (custom_format_name, name, type, arr_type, negate, required) VALUES ('HTSR', 'WEBDL', 'source', 'radarr', 0, 0);
INSERT OR IGNORE INTO custom_format_conditions (custom_format_name, name, type, arr_type, negate, required) VALUES ('HTSR', 'WEBRIP', 'source', 'radarr', 0, 0);

INSERT OR IGNORE INTO custom_formats (name, description, include_in_rename) VALUES ('Hulu', '526d445d4c16214309f0fd2b3be18a89', 1);
INSERT OR IGNORE INTO condition_patterns (custom_format_name, condition_name, regular_expression_name) VALUES ('Hulu', 'Hulu', 'Hulu_Hulu');
INSERT OR IGNORE INTO condition_sources (custom_format_name, condition_name, source) VALUES ('Hulu', 'WEBDL', 'WEBDL');
INSERT OR IGNORE INTO condition_sources (custom_format_name, condition_name, source) VALUES ('Hulu', 'WEBRIP', 'WEBRIP');
INSERT OR IGNORE INTO regular_expressions (name, pattern) VALUES ('Hulu_Hulu', '\b(hulu)\b');
INSERT OR IGNORE INTO custom_format_conditions (custom_format_name, name, type, arr_type, negate, required) VALUES ('Hulu', 'Hulu', 'pattern', 'radarr', 0, 1);
INSERT OR IGNORE INTO custom_format_conditions (custom_format_name, name, type, arr_type, negate, required) VALUES ('Hulu', 'WEBDL', 'source', 'radarr', 0, 0);
INSERT OR IGNORE INTO custom_format_conditions (custom_format_name, name, type, arr_type, negate, required) VALUES ('Hulu', 'WEBRIP', 'source', 'radarr', 0, 0);

INSERT OR IGNORE INTO custom_formats (name, description, include_in_rename) VALUES ('Hybrid', '0f12c086e289cf966fa5948eac571f44', 1);
INSERT OR IGNORE INTO condition_patterns (custom_format_name, condition_name, regular_expression_name) VALUES ('Hybrid', 'Hybrid', 'Hybrid_Hybrid');
INSERT OR IGNORE INTO condition_patterns (custom_format_name, condition_name, regular_expression_name) VALUES ('Hybrid', 'Not Hybrid Release Group', 'Hybrid_Not_Hybrid_Release_Group');
INSERT OR IGNORE INTO condition_sources (custom_format_name, condition_name, source) VALUES ('Hybrid', 'Bluray', 'BLURAY');
INSERT OR IGNORE INTO regular_expressions (name, pattern) VALUES ('Hybrid_Hybrid', '\bhybrid(\b|\d)');
INSERT OR IGNORE INTO regular_expressions (name, pattern) VALUES ('Hybrid_Not_Hybrid_Release_Group', '\b(HYBRID)\b');
INSERT OR IGNORE INTO custom_format_conditions (custom_format_name, name, type, arr_type, negate, required) VALUES ('Hybrid', 'Hybrid', 'pattern', 'radarr', 0, 0);
INSERT OR IGNORE INTO custom_format_conditions (custom_format_name, name, type, arr_type, negate, required) VALUES ('Hybrid', 'Not Hybrid Release Group', 'pattern', 'radarr', 1, 1);
INSERT OR IGNORE INTO custom_format_conditions (custom_format_name, name, type, arr_type, negate, required) VALUES ('Hybrid', 'Bluray', 'source', 'radarr', 0, 0);

INSERT OR IGNORE INTO custom_formats (name, description, include_in_rename) VALUES ('IMAX Enhanced', '9f6cbff8cfe4ebbc1bde14c7b7bec0de', 0);
INSERT OR IGNORE INTO condition_patterns (custom_format_name, condition_name, regular_expression_name) VALUES ('IMAX Enhanced', 'IMAX Enhanced', 'IMAX_Enhanced_IMAX_Enhanced');
INSERT OR IGNORE INTO regular_expressions (name, pattern) VALUES ('IMAX_Enhanced_IMAX_Enhanced', '^(?=.*\b((DSNP|BC|B?CORE)\b|Disney\+)(?=.*\bWEB[ ._-]?(DL|Rip)\b))(?=.*\b((?<!NON[ ._-])IMAX)\b)|^(?=.*\b(IMAX[ ._-]Enhanced)\b)');
INSERT OR IGNORE INTO custom_format_conditions (custom_format_name, name, type, arr_type, negate, required) VALUES ('IMAX Enhanced', 'IMAX Enhanced', 'pattern', 'radarr', 0, 1);

INSERT OR IGNORE INTO custom_formats (name, description, include_in_rename) VALUES ('IMAX', 'eecf3a857724171f968a66cb5719e152', 0);
INSERT OR IGNORE INTO condition_patterns (custom_format_name, condition_name, regular_expression_name) VALUES ('IMAX', 'IMAX', 'IMAX_IMAX');
INSERT OR IGNORE INTO condition_patterns (custom_format_name, condition_name, regular_expression_name) VALUES ('IMAX', 'NOT IMAX Enhanced', 'IMAX_NOT_IMAX_Enhanced');
INSERT OR IGNORE INTO regular_expressions (name, pattern) VALUES ('IMAX_IMAX', '\b((?<!NON[ ._-])IMAX)\b');
INSERT OR IGNORE INTO regular_expressions (name, pattern) VALUES ('IMAX_NOT_IMAX_Enhanced', '^(?=.*\b((DSNP|BC|B?CORE)\b|Disney\+)(?=.*\bWEB[ ._-]?(DL|Rip)\b))(?=.*\b((?<!NON[ ._-])IMAX)\b)|^(?=.*\b(IMAX[ ._-]Enhanced)\b)');
INSERT OR IGNORE INTO custom_format_conditions (custom_format_name, name, type, arr_type, negate, required) VALUES ('IMAX', 'IMAX', 'pattern', 'radarr', 0, 1);
INSERT OR IGNORE INTO custom_format_conditions (custom_format_name, name, type, arr_type, negate, required) VALUES ('IMAX', 'NOT IMAX Enhanced', 'pattern', 'radarr', 1, 1);

INSERT OR IGNORE INTO custom_formats (name, description, include_in_rename) VALUES ('INTERNAL', '182fa1c42a2468f8488e6dcf75a81b81', 0);
INSERT OR IGNORE INTO condition_patterns (custom_format_name, condition_name, regular_expression_name) VALUES ('INTERNAL', 'INTERNAL', 'INTERNAL_INTERNAL');
INSERT OR IGNORE INTO regular_expressions (name, pattern) VALUES ('INTERNAL_INTERNAL', '\b(INTERNAL)\b');
INSERT OR IGNORE INTO custom_format_conditions (custom_format_name, name, type, arr_type, negate, required) VALUES ('INTERNAL', 'INTERNAL', 'pattern', 'radarr', 0, 0);

INSERT OR IGNORE INTO custom_formats (name, description, include_in_rename) VALUES ('IP', '6185878161f1e2eef9cd0641a0d09eae', 1);
INSERT OR IGNORE INTO condition_patterns (custom_format_name, condition_name, regular_expression_name) VALUES ('IP', 'BBC iPlayer', 'IP_BBC_iPlayer');
INSERT OR IGNORE INTO condition_sources (custom_format_name, condition_name, source) VALUES ('IP', 'WEBDL', 'WEBDL');
INSERT OR IGNORE INTO condition_sources (custom_format_name, condition_name, source) VALUES ('IP', 'WEBRIP', 'WEBRIP');
INSERT OR IGNORE INTO regular_expressions (name, pattern) VALUES ('IP_BBC_iPlayer', '\b(ip|iplayer)\b');
INSERT OR IGNORE INTO custom_format_conditions (custom_format_name, name, type, arr_type, negate, required) VALUES ('IP', 'BBC iPlayer', 'pattern', 'radarr', 0, 1);
INSERT OR IGNORE INTO custom_format_conditions (custom_format_name, name, type, arr_type, negate, required) VALUES ('IP', 'WEBDL', 'source', 'radarr', 0, 0);
INSERT OR IGNORE INTO custom_format_conditions (custom_format_name, name, type, arr_type, negate, required) VALUES ('IP', 'WEBRIP', 'source', 'radarr', 0, 0);

INSERT OR IGNORE INTO custom_formats (name, description, include_in_rename) VALUES ('iT', 'e0ec9672be6cac914ffad34a6b077209', 1);
INSERT OR IGNORE INTO condition_patterns (custom_format_name, condition_name, regular_expression_name) VALUES ('iT', 'iTunes', 'iT_iTunes');
INSERT OR IGNORE INTO condition_patterns (custom_format_name, condition_name, regular_expression_name) VALUES ('iT', 'iT Rename', 'iT_iT_Rename');
INSERT OR IGNORE INTO condition_sources (custom_format_name, condition_name, source) VALUES ('iT', 'WEBDL', 'WEBDL');
INSERT OR IGNORE INTO condition_sources (custom_format_name, condition_name, source) VALUES ('iT', 'WEBRIP', 'WEBRIP');
INSERT OR IGNORE INTO regular_expressions (name, pattern) VALUES ('iT_iTunes', '\b(it|itunes)\b(?=[ ._-]web[ ._-]?(dl|rip)\b)');
INSERT OR IGNORE INTO regular_expressions (name, pattern) VALUES ('iT_iT_Rename', '\[(iT)\b|\b(iT)\]');
INSERT OR IGNORE INTO custom_format_conditions (custom_format_name, name, type, arr_type, negate, required) VALUES ('iT', 'iTunes', 'pattern', 'radarr', 0, 0);
INSERT OR IGNORE INTO custom_format_conditions (custom_format_name, name, type, arr_type, negate, required) VALUES ('iT', 'iT Rename', 'pattern', 'radarr', 0, 0);
INSERT OR IGNORE INTO custom_format_conditions (custom_format_name, name, type, arr_type, negate, required) VALUES ('iT', 'WEBDL', 'source', 'radarr', 0, 0);
INSERT OR IGNORE INTO custom_format_conditions (custom_format_name, name, type, arr_type, negate, required) VALUES ('iT', 'WEBRIP', 'source', 'radarr', 0, 0);

INSERT OR IGNORE INTO custom_formats (name, description, include_in_rename) VALUES ('ITVX', 'c3492a26af412e385404eade438ec51c', 1);
INSERT OR IGNORE INTO condition_patterns (custom_format_name, condition_name, regular_expression_name) VALUES ('ITVX', 'ITVX', 'ITVX_ITVX');
INSERT OR IGNORE INTO condition_patterns (custom_format_name, condition_name, regular_expression_name) VALUES ('ITVX', 'ITVX Rename', 'ITVX_ITVX_Rename');
INSERT OR IGNORE INTO condition_sources (custom_format_name, condition_name, source) VALUES ('ITVX', 'WEBDL', 'WEBDL');
INSERT OR IGNORE INTO condition_sources (custom_format_name, condition_name, source) VALUES ('ITVX', 'WEBRIP', 'WEBRIP');
INSERT OR IGNORE INTO regular_expressions (name, pattern) VALUES ('ITVX_ITVX', '\b(ITVX?)\b[ ._-]web[ ._-]?(dl|rip)?\b');
INSERT OR IGNORE INTO regular_expressions (name, pattern) VALUES ('ITVX_ITVX_Rename', '\[(ITVX)\b|\b(ITVX)\]');
INSERT OR IGNORE INTO custom_format_conditions (custom_format_name, name, type, arr_type, negate, required) VALUES ('ITVX', 'ITVX', 'pattern', 'radarr', 0, 0);
INSERT OR IGNORE INTO custom_format_conditions (custom_format_name, name, type, arr_type, negate, required) VALUES ('ITVX', 'ITVX Rename', 'pattern', 'radarr', 0, 0);
INSERT OR IGNORE INTO custom_format_conditions (custom_format_name, name, type, arr_type, negate, required) VALUES ('ITVX', 'WEBDL', 'source', 'radarr', 0, 0);
INSERT OR IGNORE INTO custom_format_conditions (custom_format_name, name, type, arr_type, negate, required) VALUES ('ITVX', 'WEBRIP', 'source', 'radarr', 0, 0);

INSERT OR IGNORE INTO custom_formats (name, description, include_in_rename) VALUES ('German DL (undefined)', '6aad77771dabe9d3e9d7be86f310b867', 0);
INSERT OR IGNORE INTO condition_patterns (custom_format_name, condition_name, regular_expression_name) VALUES ('German DL (undefined)', 'DL', 'German_DL_(undefined)_DL');
INSERT OR IGNORE INTO condition_patterns (custom_format_name, condition_name, regular_expression_name) VALUES ('German DL (undefined)', 'ML', 'German_DL_(undefined)_ML');
INSERT OR IGNORE INTO condition_languages (custom_format_name, condition_name, language_name, except_language) VALUES ('German DL (undefined)', 'NOT Original Language', '-2', 0);
INSERT OR IGNORE INTO condition_languages (custom_format_name, condition_name, language_name, except_language) VALUES ('German DL (undefined)', 'German', '4', 0);
INSERT OR IGNORE INTO regular_expressions (name, pattern) VALUES ('German_DL_(undefined)_DL', '(?<!WEB[-_. ]?)\b(DL)\b');
INSERT OR IGNORE INTO regular_expressions (name, pattern) VALUES ('German_DL_(undefined)_ML', '\b(ML)\b');
INSERT OR IGNORE INTO custom_format_conditions (custom_format_name, name, type, arr_type, negate, required) VALUES ('German DL (undefined)', 'NOT Original Language', 'language', 'radarr', 1, 1);
INSERT OR IGNORE INTO custom_format_conditions (custom_format_name, name, type, arr_type, negate, required) VALUES ('German DL (undefined)', 'German', 'language', 'radarr', 0, 1);
INSERT OR IGNORE INTO custom_format_conditions (custom_format_name, name, type, arr_type, negate, required) VALUES ('German DL (undefined)', 'DL', 'pattern', 'radarr', 0, 0);
INSERT OR IGNORE INTO custom_format_conditions (custom_format_name, name, type, arr_type, negate, required) VALUES ('German DL (undefined)', 'ML', 'pattern', 'radarr', 0, 0);

INSERT OR IGNORE INTO custom_formats (name, description, include_in_rename) VALUES ('German DL', 'f845be10da4f442654c13e1f2c3d6cd5', 1);
INSERT OR IGNORE INTO condition_languages (custom_format_name, condition_name, language_name, except_language) VALUES ('German DL', 'German', '4', 0);
INSERT OR IGNORE INTO condition_languages (custom_format_name, condition_name, language_name, except_language) VALUES ('German DL', 'Original Language', '-2', 0);
INSERT OR IGNORE INTO custom_format_conditions (custom_format_name, name, type, arr_type, negate, required) VALUES ('German DL', 'German', 'language', 'radarr', 0, 1);
INSERT OR IGNORE INTO custom_format_conditions (custom_format_name, name, type, arr_type, negate, required) VALUES ('German DL', 'Original Language', 'language', 'radarr', 0, 1);

INSERT OR IGNORE INTO custom_formats (name, description, include_in_rename) VALUES ('German', '86bc3115eb4e9873ac96904a4a68e19e', 1);
INSERT OR IGNORE INTO condition_patterns (custom_format_name, condition_name, regular_expression_name) VALUES ('German', 'DL', 'German_DL');
INSERT OR IGNORE INTO condition_patterns (custom_format_name, condition_name, regular_expression_name) VALUES ('German', 'ML', 'German_ML');
INSERT OR IGNORE INTO condition_patterns (custom_format_name, condition_name, regular_expression_name) VALUES ('German', 'Not Subbed', 'German_Not_Subbed');
INSERT OR IGNORE INTO condition_languages (custom_format_name, condition_name, language_name, except_language) VALUES ('German', 'German', '4', 0);
INSERT OR IGNORE INTO condition_languages (custom_format_name, condition_name, language_name, except_language) VALUES ('German', 'NOT Original', '-2', 0);
INSERT OR IGNORE INTO regular_expressions (name, pattern) VALUES ('German_DL', '(?<!WEB[-_. ]?)\b(DL)\b');
INSERT OR IGNORE INTO regular_expressions (name, pattern) VALUES ('German_ML', '\b(ML)\b');
INSERT OR IGNORE INTO regular_expressions (name, pattern) VALUES ('German_Not_Subbed', '(?=.*(German|Ger))(?=.*(Sub|Multi(ple)?Sub))');
INSERT OR IGNORE INTO custom_format_conditions (custom_format_name, name, type, arr_type, negate, required) VALUES ('German', 'German', 'language', 'radarr', 0, 1);
INSERT OR IGNORE INTO custom_format_conditions (custom_format_name, name, type, arr_type, negate, required) VALUES ('German', 'NOT Original', 'language', 'radarr', 1, 1);
INSERT OR IGNORE INTO custom_format_conditions (custom_format_name, name, type, arr_type, negate, required) VALUES ('German', 'DL', 'pattern', 'radarr', 1, 1);
INSERT OR IGNORE INTO custom_format_conditions (custom_format_name, name, type, arr_type, negate, required) VALUES ('German', 'ML', 'pattern', 'radarr', 1, 1);
INSERT OR IGNORE INTO custom_format_conditions (custom_format_name, name, type, arr_type, negate, required) VALUES ('German', 'Not Subbed', 'pattern', 'radarr', 1, 1);

INSERT OR IGNORE INTO custom_formats (name, description, include_in_rename) VALUES ('Language: Not English', '0dc8aec3bd1c47cd6c40c46ecd27e846', 0);
INSERT OR IGNORE INTO condition_languages (custom_format_name, condition_name, language_name, except_language) VALUES ('Language: Not English', 'Not English Language', '1', 0);
INSERT OR IGNORE INTO custom_format_conditions (custom_format_name, name, type, arr_type, negate, required) VALUES ('Language: Not English', 'Not English Language', 'language', 'radarr', 1, 0);

INSERT OR IGNORE INTO custom_formats (name, description, include_in_rename) VALUES ('Language: Not French', '533f782474f0819643c2ec0c1eeeb0ac', 0);
INSERT OR IGNORE INTO condition_languages (custom_format_name, condition_name, language_name, except_language) VALUES ('Language: Not French', 'Not French Language', '2', 0);
INSERT OR IGNORE INTO custom_format_conditions (custom_format_name, name, type, arr_type, negate, required) VALUES ('Language: Not French', 'Not French Language', 'language', 'radarr', 1, 0);

INSERT OR IGNORE INTO custom_formats (name, description, include_in_rename) VALUES ('Not German or English', '4eadb75fb23d09dfc0a8e3f687e72287', 0);
INSERT OR IGNORE INTO condition_patterns (custom_format_name, condition_name, regular_expression_name) VALUES ('Not German or English', 'Not German in Title', 'Not_German_or_English_Not_German_in_Title');
INSERT OR IGNORE INTO condition_languages (custom_format_name, condition_name, language_name, except_language) VALUES ('Not German or English', 'Not English Language', '1', 0);
INSERT OR IGNORE INTO condition_languages (custom_format_name, condition_name, language_name, except_language) VALUES ('Not German or English', 'Not German Language', '4', 0);
INSERT OR IGNORE INTO regular_expressions (name, pattern) VALUES ('Not_German_or_English_Not_German_in_Title', '(?i)\bgerman\b');
INSERT OR IGNORE INTO custom_format_conditions (custom_format_name, name, type, arr_type, negate, required) VALUES ('Not German or English', 'Not English Language', 'language', 'radarr', 1, 1);
INSERT OR IGNORE INTO custom_format_conditions (custom_format_name, name, type, arr_type, negate, required) VALUES ('Not German or English', 'Not German Language', 'language', 'radarr', 1, 1);
INSERT OR IGNORE INTO custom_format_conditions (custom_format_name, name, type, arr_type, negate, required) VALUES ('Not German or English', 'Not German in Title', 'pattern', 'radarr', 1, 1);

INSERT OR IGNORE INTO custom_formats (name, description, include_in_rename) VALUES ('Language: Not Original', 'd6e9318c875905d6cfb5bee961afcea9', 0);
INSERT OR IGNORE INTO condition_languages (custom_format_name, condition_name, language_name, except_language) VALUES ('Language: Not Original', 'Not Original Language', '-2', 0);
INSERT OR IGNORE INTO custom_format_conditions (custom_format_name, name, type, arr_type, negate, required) VALUES ('Language: Not Original', 'Not Original Language', 'language', 'radarr', 1, 0);

INSERT OR IGNORE INTO custom_formats (name, description, include_in_rename) VALUES ('Language: Original + French', '0542a48746585dc4444bbbb8a6bdf6ea', 0);
INSERT OR IGNORE INTO condition_patterns (custom_format_name, condition_name, regular_expression_name) VALUES ('Language: Original + French', 'MULTi', 'Language:_Original_+_French_MULTi');
INSERT OR IGNORE INTO condition_languages (custom_format_name, condition_name, language_name, except_language) VALUES ('Language: Original + French', 'Original Language', '-2', 0);
INSERT OR IGNORE INTO condition_languages (custom_format_name, condition_name, language_name, except_language) VALUES ('Language: Original + French', 'French Language', '2', 0);
INSERT OR IGNORE INTO regular_expressions (name, pattern) VALUES ('Language:_Original_+_French_MULTi', '\b(MULTi)(\b|\d)');
INSERT OR IGNORE INTO custom_format_conditions (custom_format_name, name, type, arr_type, negate, required) VALUES ('Language: Original + French', 'Original Language', 'language', 'radarr', 0, 1);
INSERT OR IGNORE INTO custom_format_conditions (custom_format_name, name, type, arr_type, negate, required) VALUES ('Language: Original + French', 'French Language', 'language', 'radarr', 0, 1);
INSERT OR IGNORE INTO custom_format_conditions (custom_format_name, name, type, arr_type, negate, required) VALUES ('Language: Original + French', 'MULTi', 'pattern', 'radarr', 0, 1);

INSERT OR IGNORE INTO custom_formats (name, description, include_in_rename) VALUES ('Line/Mic Dubbed', 'c465ccc73923871b3eb1802042331306', 0);
INSERT OR IGNORE INTO condition_patterns (custom_format_name, condition_name, regular_expression_name) VALUES ('Line/Mic Dubbed', 'Line Dubbed', 'Line/Mic_Dubbed_Line_Dubbed');
INSERT OR IGNORE INTO condition_patterns (custom_format_name, condition_name, regular_expression_name) VALUES ('Line/Mic Dubbed', 'Mic Dubbed', 'Line/Mic_Dubbed_Mic_Dubbed');
INSERT OR IGNORE INTO regular_expressions (name, pattern) VALUES ('Line/Mic_Dubbed_Line_Dubbed', '\b(LD|AC3LD|Line[ .-]?Dubbed)\b');
INSERT OR IGNORE INTO regular_expressions (name, pattern) VALUES ('Line/Mic_Dubbed_Mic_Dubbed', '\b(MD|AC3MD|Mic[ .-]?Dubbed)\b');
INSERT OR IGNORE INTO custom_format_conditions (custom_format_name, name, type, arr_type, negate, required) VALUES ('Line/Mic Dubbed', 'Line Dubbed', 'pattern', 'radarr', 0, 0);
INSERT OR IGNORE INTO custom_format_conditions (custom_format_name, name, type, arr_type, negate, required) VALUES ('Line/Mic Dubbed', 'Mic Dubbed', 'pattern', 'radarr', 0, 0);

INSERT OR IGNORE INTO custom_formats (name, description, include_in_rename) VALUES ('LQ (Release Title)', 'e204b80c87be9497a8a6eaff48f72905', 0);
INSERT OR IGNORE INTO condition_patterns (custom_format_name, condition_name, regular_expression_name) VALUES ('LQ (Release Title)', '1XBET', 'LQ_(Release_Title)_1XBET');
INSERT OR IGNORE INTO condition_patterns (custom_format_name, condition_name, regular_expression_name) VALUES ('LQ (Release Title)', 'BEN THE MEN', 'LQ_(Release_Title)_BEN_THE_MEN');
INSERT OR IGNORE INTO condition_patterns (custom_format_name, condition_name, regular_expression_name) VALUES ('LQ (Release Title)', 'D3US', 'LQ_(Release_Title)_D3US');
INSERT OR IGNORE INTO condition_patterns (custom_format_name, condition_name, regular_expression_name) VALUES ('LQ (Release Title)', 'EVO no WEBDL', 'LQ_(Release_Title)_EVO_no_WEBDL');
INSERT OR IGNORE INTO condition_patterns (custom_format_name, condition_name, regular_expression_name) VALUES ('LQ (Release Title)', 'Feranki1980', 'LQ_(Release_Title)_Feranki1980');
INSERT OR IGNORE INTO condition_patterns (custom_format_name, condition_name, regular_expression_name) VALUES ('LQ (Release Title)', 'GalaxyRG', 'LQ_(Release_Title)_GalaxyRG');
INSERT OR IGNORE INTO condition_patterns (custom_format_name, condition_name, regular_expression_name) VALUES ('LQ (Release Title)', 'jennaortega', 'LQ_(Release_Title)_jennaortega');
INSERT OR IGNORE INTO condition_patterns (custom_format_name, condition_name, regular_expression_name) VALUES ('LQ (Release Title)', 'PiRaTeS no WEBDL', 'LQ_(Release_Title)_PiRaTeS_no_WEBDL');
INSERT OR IGNORE INTO condition_patterns (custom_format_name, condition_name, regular_expression_name) VALUES ('LQ (Release Title)', 'READ NOTE', 'LQ_(Release_Title)_READ_NOTE');
INSERT OR IGNORE INTO condition_patterns (custom_format_name, condition_name, regular_expression_name) VALUES ('LQ (Release Title)', 'SWTYBLZ', 'LQ_(Release_Title)_SWTYBLZ');
INSERT OR IGNORE INTO condition_patterns (custom_format_name, condition_name, regular_expression_name) VALUES ('LQ (Release Title)', 'TeeWee', 'LQ_(Release_Title)_TeeWee');
INSERT OR IGNORE INTO condition_patterns (custom_format_name, condition_name, regular_expression_name) VALUES ('LQ (Release Title)', 'TEKNO3D', 'LQ_(Release_Title)_TEKNO3D');
INSERT OR IGNORE INTO condition_patterns (custom_format_name, condition_name, regular_expression_name) VALUES ('LQ (Release Title)', 'Will1869', 'LQ_(Release_Title)_Will1869');
INSERT OR IGNORE INTO regular_expressions (name, pattern) VALUES ('LQ_(Release_Title)_1XBET', '\b(1XBET)\b');
INSERT OR IGNORE INTO regular_expressions (name, pattern) VALUES ('LQ_(Release_Title)_BEN_THE_MEN', '\b(BEN[ ._-]THE[ ._-]MEN)\b');
INSERT OR IGNORE INTO regular_expressions (name, pattern) VALUES ('LQ_(Release_Title)_D3US', '(-D3US|D3US-)');
INSERT OR IGNORE INTO regular_expressions (name, pattern) VALUES ('LQ_(Release_Title)_EVO_no_WEBDL', '(?<=\b[12]\d{3}\b.*?)(?<!\b(web[ ._-]?(dl|rip)?).*?)\b(EVO)\b');
INSERT OR IGNORE INTO regular_expressions (name, pattern) VALUES ('LQ_(Release_Title)_Feranki1980', '\b(Feranki1980)\b');
INSERT OR IGNORE INTO regular_expressions (name, pattern) VALUES ('LQ_(Release_Title)_GalaxyRG', '\b(GalaxyRG)\b');
INSERT OR IGNORE INTO regular_expressions (name, pattern) VALUES ('LQ_(Release_Title)_jennaortega', '(?<!-)\b(jennaortega(UHD)?)\b');
INSERT OR IGNORE INTO regular_expressions (name, pattern) VALUES ('LQ_(Release_Title)_PiRaTeS_no_WEBDL', '(?<=\b[12]\d{3}\b.*?)(?<!\b(web[ ._-]?(dl|rip)?).*?)\b(PiRaTeS)\b');
INSERT OR IGNORE INTO regular_expressions (name, pattern) VALUES ('LQ_(Release_Title)_READ_NOTE', '\b(READ(\s|\.)+NOTE)\b');
INSERT OR IGNORE INTO regular_expressions (name, pattern) VALUES ('LQ_(Release_Title)_SWTYBLZ', '\b(SWTYBLZ)\b');
INSERT OR IGNORE INTO regular_expressions (name, pattern) VALUES ('LQ_(Release_Title)_TeeWee', '\b(TeeWee)\b');
INSERT OR IGNORE INTO regular_expressions (name, pattern) VALUES ('LQ_(Release_Title)_TEKNO3D', '\b(TEKNO3D)\b');
INSERT OR IGNORE INTO regular_expressions (name, pattern) VALUES ('LQ_(Release_Title)_Will1869', '\b(Will1869)\b');
INSERT OR IGNORE INTO custom_format_conditions (custom_format_name, name, type, arr_type, negate, required) VALUES ('LQ (Release Title)', '1XBET', 'pattern', 'radarr', 0, 0);
INSERT OR IGNORE INTO custom_format_conditions (custom_format_name, name, type, arr_type, negate, required) VALUES ('LQ (Release Title)', 'BEN THE MEN', 'pattern', 'radarr', 0, 0);
INSERT OR IGNORE INTO custom_format_conditions (custom_format_name, name, type, arr_type, negate, required) VALUES ('LQ (Release Title)', 'D3US', 'pattern', 'radarr', 0, 0);
INSERT OR IGNORE INTO custom_format_conditions (custom_format_name, name, type, arr_type, negate, required) VALUES ('LQ (Release Title)', 'EVO no WEBDL', 'pattern', 'radarr', 0, 0);
INSERT OR IGNORE INTO custom_format_conditions (custom_format_name, name, type, arr_type, negate, required) VALUES ('LQ (Release Title)', 'Feranki1980', 'pattern', 'radarr', 0, 0);
INSERT OR IGNORE INTO custom_format_conditions (custom_format_name, name, type, arr_type, negate, required) VALUES ('LQ (Release Title)', 'GalaxyRG', 'pattern', 'radarr', 0, 0);
INSERT OR IGNORE INTO custom_format_conditions (custom_format_name, name, type, arr_type, negate, required) VALUES ('LQ (Release Title)', 'jennaortega', 'pattern', 'radarr', 0, 0);
INSERT OR IGNORE INTO custom_format_conditions (custom_format_name, name, type, arr_type, negate, required) VALUES ('LQ (Release Title)', 'PiRaTeS no WEBDL', 'pattern', 'radarr', 0, 0);
INSERT OR IGNORE INTO custom_format_conditions (custom_format_name, name, type, arr_type, negate, required) VALUES ('LQ (Release Title)', 'READ NOTE', 'pattern', 'radarr', 0, 0);
INSERT OR IGNORE INTO custom_format_conditions (custom_format_name, name, type, arr_type, negate, required) VALUES ('LQ (Release Title)', 'SWTYBLZ', 'pattern', 'radarr', 0, 0);
INSERT OR IGNORE INTO custom_format_conditions (custom_format_name, name, type, arr_type, negate, required) VALUES ('LQ (Release Title)', 'TeeWee', 'pattern', 'radarr', 0, 0);
INSERT OR IGNORE INTO custom_format_conditions (custom_format_name, name, type, arr_type, negate, required) VALUES ('LQ (Release Title)', 'TEKNO3D', 'pattern', 'radarr', 0, 0);
INSERT OR IGNORE INTO custom_format_conditions (custom_format_name, name, type, arr_type, negate, required) VALUES ('LQ (Release Title)', 'Will1869', 'pattern', 'radarr', 0, 0);

INSERT OR IGNORE INTO custom_formats (name, description, include_in_rename) VALUES ('LQ', '90a6f9a284dff5103f6346090e6280c8', 0);
INSERT OR IGNORE INTO condition_patterns (custom_format_name, condition_name, regular_expression_name) VALUES ('LQ', '24xHD', 'LQ_24xHD');
INSERT OR IGNORE INTO condition_patterns (custom_format_name, condition_name, regular_expression_name) VALUES ('LQ', '41RGB', 'LQ_41RGB');
INSERT OR IGNORE INTO condition_patterns (custom_format_name, condition_name, regular_expression_name) VALUES ('LQ', '4K4U', 'LQ_4K4U');
INSERT OR IGNORE INTO condition_patterns (custom_format_name, condition_name, regular_expression_name) VALUES ('LQ', 'AOC', 'LQ_AOC');
INSERT OR IGNORE INTO condition_patterns (custom_format_name, condition_name, regular_expression_name) VALUES ('LQ', 'AROMA', 'LQ_AROMA');
INSERT OR IGNORE INTO condition_patterns (custom_format_name, condition_name, regular_expression_name) VALUES ('LQ', 'aXXo', 'LQ_aXXo');
INSERT OR IGNORE INTO condition_patterns (custom_format_name, condition_name, regular_expression_name) VALUES ('LQ', 'AZAZE', 'LQ_AZAZE');
INSERT OR IGNORE INTO condition_patterns (custom_format_name, condition_name, regular_expression_name) VALUES ('LQ', 'BARC0DE', 'LQ_BARC0DE');
INSERT OR IGNORE INTO condition_patterns (custom_format_name, condition_name, regular_expression_name) VALUES ('LQ', 'BAUCKLEY', 'LQ_BAUCKLEY');
INSERT OR IGNORE INTO condition_patterns (custom_format_name, condition_name, regular_expression_name) VALUES ('LQ', 'BdC', 'LQ_BdC');
INSERT OR IGNORE INTO condition_patterns (custom_format_name, condition_name, regular_expression_name) VALUES ('LQ', 'beAst', 'LQ_beAst');
INSERT OR IGNORE INTO condition_patterns (custom_format_name, condition_name, regular_expression_name) VALUES ('LQ', 'BTM', 'LQ_BTM');
INSERT OR IGNORE INTO condition_patterns (custom_format_name, condition_name, regular_expression_name) VALUES ('LQ', 'C1NEM4', 'LQ_C1NEM4');
INSERT OR IGNORE INTO condition_patterns (custom_format_name, condition_name, regular_expression_name) VALUES ('LQ', 'C4K', 'LQ_C4K');
INSERT OR IGNORE INTO condition_patterns (custom_format_name, condition_name, regular_expression_name) VALUES ('LQ', 'CDDHD', 'LQ_CDDHD');
INSERT OR IGNORE INTO condition_patterns (custom_format_name, condition_name, regular_expression_name) VALUES ('LQ', 'CHAOS', 'LQ_CHAOS');
INSERT OR IGNORE INTO condition_patterns (custom_format_name, condition_name, regular_expression_name) VALUES ('LQ', 'CHD', 'LQ_CHD');
INSERT OR IGNORE INTO condition_patterns (custom_format_name, condition_name, regular_expression_name) VALUES ('LQ', 'CiNE', 'LQ_CiNE');
INSERT OR IGNORE INTO condition_patterns (custom_format_name, condition_name, regular_expression_name) VALUES ('LQ', 'COLLECTiVE', 'LQ_COLLECTiVE');
INSERT OR IGNORE INTO condition_patterns (custom_format_name, condition_name, regular_expression_name) VALUES ('LQ', 'CREATiVE24', 'LQ_CREATiVE24');
INSERT OR IGNORE INTO condition_patterns (custom_format_name, condition_name, regular_expression_name) VALUES ('LQ', 'CrEwSaDe', 'LQ_CrEwSaDe');
INSERT OR IGNORE INTO condition_patterns (custom_format_name, condition_name, regular_expression_name) VALUES ('LQ', 'CTFOH', 'LQ_CTFOH');
INSERT OR IGNORE INTO condition_patterns (custom_format_name, condition_name, regular_expression_name) VALUES ('LQ', 'd3g', 'LQ_d3g');
INSERT OR IGNORE INTO condition_patterns (custom_format_name, condition_name, regular_expression_name) VALUES ('LQ', 'DDR', 'LQ_DDR');
INSERT OR IGNORE INTO condition_patterns (custom_format_name, condition_name, regular_expression_name) VALUES ('LQ', 'DNL', 'LQ_DNL');
INSERT OR IGNORE INTO condition_patterns (custom_format_name, condition_name, regular_expression_name) VALUES ('LQ', 'DRX', 'LQ_DRX');
INSERT OR IGNORE INTO condition_patterns (custom_format_name, condition_name, regular_expression_name) VALUES ('LQ', 'E', 'LQ_E');
INSERT OR IGNORE INTO condition_patterns (custom_format_name, condition_name, regular_expression_name) VALUES ('LQ', 'EPiC', 'LQ_EPiC');
INSERT OR IGNORE INTO condition_patterns (custom_format_name, condition_name, regular_expression_name) VALUES ('LQ', 'EuReKA', 'LQ_EuReKA');
INSERT OR IGNORE INTO condition_patterns (custom_format_name, condition_name, regular_expression_name) VALUES ('LQ', 'FaNGDiNG0', 'LQ_FaNGDiNG0');
INSERT OR IGNORE INTO condition_patterns (custom_format_name, condition_name, regular_expression_name) VALUES ('LQ', 'Feranki1980', 'LQ_Feranki1980');
INSERT OR IGNORE INTO condition_patterns (custom_format_name, condition_name, regular_expression_name) VALUES ('LQ', 'FGT', 'LQ_FGT');
INSERT OR IGNORE INTO condition_patterns (custom_format_name, condition_name, regular_expression_name) VALUES ('LQ', 'FMD', 'LQ_FMD');
INSERT OR IGNORE INTO condition_patterns (custom_format_name, condition_name, regular_expression_name) VALUES ('LQ', 'FRDS', 'LQ_FRDS');
INSERT OR IGNORE INTO condition_patterns (custom_format_name, condition_name, regular_expression_name) VALUES ('LQ', 'FZHD', 'LQ_FZHD');
INSERT OR IGNORE INTO condition_patterns (custom_format_name, condition_name, regular_expression_name) VALUES ('LQ', 'GalaxyRG', 'LQ_GalaxyRG');
INSERT OR IGNORE INTO condition_patterns (custom_format_name, condition_name, regular_expression_name) VALUES ('LQ', 'GHD', 'LQ_GHD');
INSERT OR IGNORE INTO condition_patterns (custom_format_name, condition_name, regular_expression_name) VALUES ('LQ', 'GPTHD', 'LQ_GPTHD');
INSERT OR IGNORE INTO condition_patterns (custom_format_name, condition_name, regular_expression_name) VALUES ('LQ', 'HDHUB4U', 'LQ_HDHUB4U');
INSERT OR IGNORE INTO condition_patterns (custom_format_name, condition_name, regular_expression_name) VALUES ('LQ', 'HDS', 'LQ_HDS');
INSERT OR IGNORE INTO condition_patterns (custom_format_name, condition_name, regular_expression_name) VALUES ('LQ', 'HDT', 'LQ_HDT');
INSERT OR IGNORE INTO condition_patterns (custom_format_name, condition_name, regular_expression_name) VALUES ('LQ', 'HDTime', 'LQ_HDTime');
INSERT OR IGNORE INTO condition_patterns (custom_format_name, condition_name, regular_expression_name) VALUES ('LQ', 'HDWinG', 'LQ_HDWinG');
INSERT OR IGNORE INTO condition_patterns (custom_format_name, condition_name, regular_expression_name) VALUES ('LQ', 'iNTENSO', 'LQ_iNTENSO');
INSERT OR IGNORE INTO condition_patterns (custom_format_name, condition_name, regular_expression_name) VALUES ('LQ', 'iPlanet', 'LQ_iPlanet');
INSERT OR IGNORE INTO condition_patterns (custom_format_name, condition_name, regular_expression_name) VALUES ('LQ', 'iVy', 'LQ_iVy');
INSERT OR IGNORE INTO condition_patterns (custom_format_name, condition_name, regular_expression_name) VALUES ('LQ', 'jennaortega', 'LQ_jennaortega');
INSERT OR IGNORE INTO condition_patterns (custom_format_name, condition_name, regular_expression_name) VALUES ('LQ', 'JFF', 'LQ_JFF');
INSERT OR IGNORE INTO condition_patterns (custom_format_name, condition_name, regular_expression_name) VALUES ('LQ', 'KC', 'LQ_KC');
INSERT OR IGNORE INTO condition_patterns (custom_format_name, condition_name, regular_expression_name) VALUES ('LQ', 'KiNGDOM', 'LQ_KiNGDOM');
INSERT OR IGNORE INTO condition_patterns (custom_format_name, condition_name, regular_expression_name) VALUES ('LQ', 'KIRA', 'LQ_KIRA');
INSERT OR IGNORE INTO condition_patterns (custom_format_name, condition_name, regular_expression_name) VALUES ('LQ', 'L0SERNIGHT', 'LQ_L0SERNIGHT');
INSERT OR IGNORE INTO condition_patterns (custom_format_name, condition_name, regular_expression_name) VALUES ('LQ', 'LAMA', 'LQ_LAMA');
INSERT OR IGNORE INTO condition_patterns (custom_format_name, condition_name, regular_expression_name) VALUES ('LQ', 'Leffe', 'LQ_Leffe');
INSERT OR IGNORE INTO condition_patterns (custom_format_name, condition_name, regular_expression_name) VALUES ('LQ', 'Liber8', 'LQ_Liber8');
INSERT OR IGNORE INTO condition_patterns (custom_format_name, condition_name, regular_expression_name) VALUES ('LQ', 'LiGaS', 'LQ_LiGaS');
INSERT OR IGNORE INTO condition_patterns (custom_format_name, condition_name, regular_expression_name) VALUES ('LQ', 'LUCY', 'LQ_LUCY');
INSERT OR IGNORE INTO condition_patterns (custom_format_name, condition_name, regular_expression_name) VALUES ('LQ', 'MarkII', 'LQ_MarkII');
INSERT OR IGNORE INTO condition_patterns (custom_format_name, condition_name, regular_expression_name) VALUES ('LQ', 'MeGusta', 'LQ_MeGusta');
INSERT OR IGNORE INTO condition_patterns (custom_format_name, condition_name, regular_expression_name) VALUES ('LQ', 'Mesc', 'LQ_Mesc');
INSERT OR IGNORE INTO condition_patterns (custom_format_name, condition_name, regular_expression_name) VALUES ('LQ', 'mHD', 'LQ_mHD');
INSERT OR IGNORE INTO condition_patterns (custom_format_name, condition_name, regular_expression_name) VALUES ('LQ', 'mSD', 'LQ_mSD');
INSERT OR IGNORE INTO condition_patterns (custom_format_name, condition_name, regular_expression_name) VALUES ('LQ', 'MTeam', 'LQ_MTeam');
INSERT OR IGNORE INTO condition_patterns (custom_format_name, condition_name, regular_expression_name) VALUES ('LQ', 'MySiLU', 'LQ_MySiLU');
INSERT OR IGNORE INTO condition_patterns (custom_format_name, condition_name, regular_expression_name) VALUES ('LQ', 'NhaNc3', 'LQ_NhaNc3');
INSERT OR IGNORE INTO condition_patterns (custom_format_name, condition_name, regular_expression_name) VALUES ('LQ', 'nHD', 'LQ_nHD');
INSERT OR IGNORE INTO condition_patterns (custom_format_name, condition_name, regular_expression_name) VALUES ('LQ', 'nikt0', 'LQ_nikt0');
INSERT OR IGNORE INTO condition_patterns (custom_format_name, condition_name, regular_expression_name) VALUES ('LQ', 'NoGroup', 'LQ_NoGroup');
INSERT OR IGNORE INTO condition_patterns (custom_format_name, condition_name, regular_expression_name) VALUES ('LQ', 'nSD', 'LQ_nSD');
INSERT OR IGNORE INTO condition_patterns (custom_format_name, condition_name, regular_expression_name) VALUES ('LQ', 'OFT', 'LQ_OFT');
INSERT OR IGNORE INTO condition_patterns (custom_format_name, condition_name, regular_expression_name) VALUES ('LQ', 'Pahe', 'LQ_Pahe');
INSERT OR IGNORE INTO condition_patterns (custom_format_name, condition_name, regular_expression_name) VALUES ('LQ', 'PATOMiEL', 'LQ_PATOMiEL');
INSERT OR IGNORE INTO condition_patterns (custom_format_name, condition_name, regular_expression_name) VALUES ('LQ', 'PRODJi', 'LQ_PRODJi');
INSERT OR IGNORE INTO condition_patterns (custom_format_name, condition_name, regular_expression_name) VALUES ('LQ', 'PSA', 'LQ_PSA');
INSERT OR IGNORE INTO condition_patterns (custom_format_name, condition_name, regular_expression_name) VALUES ('LQ', 'PTNK', 'LQ_PTNK');
INSERT OR IGNORE INTO condition_patterns (custom_format_name, condition_name, regular_expression_name) VALUES ('LQ', 'RARBG', 'LQ_RARBG');
INSERT OR IGNORE INTO condition_patterns (custom_format_name, condition_name, regular_expression_name) VALUES ('LQ', 'RDN', 'LQ_RDN');
INSERT OR IGNORE INTO condition_patterns (custom_format_name, condition_name, regular_expression_name) VALUES ('LQ', 'RiffTrax', 'LQ_RiffTrax');
INSERT OR IGNORE INTO condition_patterns (custom_format_name, condition_name, regular_expression_name) VALUES ('LQ', 'RU4HD', 'LQ_RU4HD');
INSERT OR IGNORE INTO condition_patterns (custom_format_name, condition_name, regular_expression_name) VALUES ('LQ', 'SANTi', 'LQ_SANTi');
INSERT OR IGNORE INTO condition_patterns (custom_format_name, condition_name, regular_expression_name) VALUES ('LQ', 'Scene', 'LQ_Scene');
INSERT OR IGNORE INTO condition_patterns (custom_format_name, condition_name, regular_expression_name) VALUES ('LQ', 'SHD', 'LQ_SHD');
INSERT OR IGNORE INTO condition_patterns (custom_format_name, condition_name, regular_expression_name) VALUES ('LQ', 'ShieldBearer', 'LQ_ShieldBearer');
INSERT OR IGNORE INTO condition_patterns (custom_format_name, condition_name, regular_expression_name) VALUES ('LQ', 'STUTTERSHIT', 'LQ_STUTTERSHIT');
INSERT OR IGNORE INTO condition_patterns (custom_format_name, condition_name, regular_expression_name) VALUES ('LQ', 'SUNSCREEN', 'LQ_SUNSCREEN');
INSERT OR IGNORE INTO condition_patterns (custom_format_name, condition_name, regular_expression_name) VALUES ('LQ', 'TBS', 'LQ_TBS');
INSERT OR IGNORE INTO condition_patterns (custom_format_name, condition_name, regular_expression_name) VALUES ('LQ', 'TEKNO3D', 'LQ_TEKNO3D');
INSERT OR IGNORE INTO condition_patterns (custom_format_name, condition_name, regular_expression_name) VALUES ('LQ', 'Tigole', 'LQ_Tigole');
INSERT OR IGNORE INTO condition_patterns (custom_format_name, condition_name, regular_expression_name) VALUES ('LQ', 'TIKO', 'LQ_TIKO');
INSERT OR IGNORE INTO condition_patterns (custom_format_name, condition_name, regular_expression_name) VALUES ('LQ', 'VISIONPLUSHDR', 'LQ_VISIONPLUSHDR');
INSERT OR IGNORE INTO condition_patterns (custom_format_name, condition_name, regular_expression_name) VALUES ('LQ', 'WAF', 'LQ_WAF');
INSERT OR IGNORE INTO condition_patterns (custom_format_name, condition_name, regular_expression_name) VALUES ('LQ', 'WiKi', 'LQ_WiKi');
INSERT OR IGNORE INTO condition_patterns (custom_format_name, condition_name, regular_expression_name) VALUES ('LQ', 'x0r', 'LQ_x0r');
INSERT OR IGNORE INTO condition_patterns (custom_format_name, condition_name, regular_expression_name) VALUES ('LQ', 'YIFY', 'LQ_YIFY');
INSERT OR IGNORE INTO condition_patterns (custom_format_name, condition_name, regular_expression_name) VALUES ('LQ', 'YTS', 'LQ_YTS');
INSERT OR IGNORE INTO condition_patterns (custom_format_name, condition_name, regular_expression_name) VALUES ('LQ', 'Zeus', 'LQ_Zeus');
INSERT OR IGNORE INTO regular_expressions (name, pattern) VALUES ('LQ_24xHD', '\b(24xHD)\b');
INSERT OR IGNORE INTO regular_expressions (name, pattern) VALUES ('LQ_41RGB', '^(41RGB)$');
INSERT OR IGNORE INTO regular_expressions (name, pattern) VALUES ('LQ_4K4U', '^(4K4U)$');
INSERT OR IGNORE INTO regular_expressions (name, pattern) VALUES ('LQ_AOC', '^(AOC)$');
INSERT OR IGNORE INTO regular_expressions (name, pattern) VALUES ('LQ_AROMA', '^(AROMA)$');
INSERT OR IGNORE INTO regular_expressions (name, pattern) VALUES ('LQ_aXXo', '^(aXXo)$');
INSERT OR IGNORE INTO regular_expressions (name, pattern) VALUES ('LQ_AZAZE', '^(AZAZE)$');
INSERT OR IGNORE INTO regular_expressions (name, pattern) VALUES ('LQ_BARC0DE', '^(BARC0DE)$');
INSERT OR IGNORE INTO regular_expressions (name, pattern) VALUES ('LQ_BAUCKLEY', '^(BAUCKLEY)$');
INSERT OR IGNORE INTO regular_expressions (name, pattern) VALUES ('LQ_BdC', '^(BdC)$');
INSERT OR IGNORE INTO regular_expressions (name, pattern) VALUES ('LQ_beAst', '^(beAst)$');
INSERT OR IGNORE INTO regular_expressions (name, pattern) VALUES ('LQ_BTM', '^(BTM)$');
INSERT OR IGNORE INTO regular_expressions (name, pattern) VALUES ('LQ_C1NEM4', '^(C1NEM4)$');
INSERT OR IGNORE INTO regular_expressions (name, pattern) VALUES ('LQ_C4K', '^(C4K)$');
INSERT OR IGNORE INTO regular_expressions (name, pattern) VALUES ('LQ_CDDHD', '^(CDDHD)$');
INSERT OR IGNORE INTO regular_expressions (name, pattern) VALUES ('LQ_CHAOS', '^(CHAOS)$');
INSERT OR IGNORE INTO regular_expressions (name, pattern) VALUES ('LQ_CHD', '^(CHD)$');
INSERT OR IGNORE INTO regular_expressions (name, pattern) VALUES ('LQ_CiNE', '^(CiNE)$');
INSERT OR IGNORE INTO regular_expressions (name, pattern) VALUES ('LQ_COLLECTiVE', '^(COLLECTiVE)$');
INSERT OR IGNORE INTO regular_expressions (name, pattern) VALUES ('LQ_CREATiVE24', '^(CREATiVE24)$');
INSERT OR IGNORE INTO regular_expressions (name, pattern) VALUES ('LQ_CrEwSaDe', '^(CrEwSaDe)$');
INSERT OR IGNORE INTO regular_expressions (name, pattern) VALUES ('LQ_CTFOH', '^(CTFOH)$');
INSERT OR IGNORE INTO regular_expressions (name, pattern) VALUES ('LQ_d3g', '^(d3g)$');
INSERT OR IGNORE INTO regular_expressions (name, pattern) VALUES ('LQ_DDR', '^(DDR)$');
INSERT OR IGNORE INTO regular_expressions (name, pattern) VALUES ('LQ_DNL', '^(DNL)$');
INSERT OR IGNORE INTO regular_expressions (name, pattern) VALUES ('LQ_DRX', '^(DRX)$');
INSERT OR IGNORE INTO regular_expressions (name, pattern) VALUES ('LQ_E', '^(E)$');
INSERT OR IGNORE INTO regular_expressions (name, pattern) VALUES ('LQ_EPiC', '^(EPiC)$');
INSERT OR IGNORE INTO regular_expressions (name, pattern) VALUES ('LQ_EuReKA', '^(EuReKA)$');
INSERT OR IGNORE INTO regular_expressions (name, pattern) VALUES ('LQ_FaNGDiNG0', '^(FaNGDiNG0)$');
INSERT OR IGNORE INTO regular_expressions (name, pattern) VALUES ('LQ_Feranki1980', '^(Feranki1980)$');
INSERT OR IGNORE INTO regular_expressions (name, pattern) VALUES ('LQ_FGT', '^(FGT)$');
INSERT OR IGNORE INTO regular_expressions (name, pattern) VALUES ('LQ_FMD', '^(FMD)$');
INSERT OR IGNORE INTO regular_expressions (name, pattern) VALUES ('LQ_FRDS', '^(FRDS)$');
INSERT OR IGNORE INTO regular_expressions (name, pattern) VALUES ('LQ_FZHD', '^(FZHD)$');
INSERT OR IGNORE INTO regular_expressions (name, pattern) VALUES ('LQ_GalaxyRG', '^(GalaxyRG)$');
INSERT OR IGNORE INTO regular_expressions (name, pattern) VALUES ('LQ_GHD', '^(GHD)$');
INSERT OR IGNORE INTO regular_expressions (name, pattern) VALUES ('LQ_GPTHD', '^(GPTHD)$');
INSERT OR IGNORE INTO regular_expressions (name, pattern) VALUES ('LQ_HDHUB4U', '^(HDHUB4U)$');
INSERT OR IGNORE INTO regular_expressions (name, pattern) VALUES ('LQ_HDS', '^(HDS)$');
INSERT OR IGNORE INTO regular_expressions (name, pattern) VALUES ('LQ_HDT', '^(HDT)$');
INSERT OR IGNORE INTO regular_expressions (name, pattern) VALUES ('LQ_HDTime', '^(HDTime)$');
INSERT OR IGNORE INTO regular_expressions (name, pattern) VALUES ('LQ_HDWinG', '^(HDWinG)$');
INSERT OR IGNORE INTO regular_expressions (name, pattern) VALUES ('LQ_iNTENSO', '^(iNTENSO)$');
INSERT OR IGNORE INTO regular_expressions (name, pattern) VALUES ('LQ_iPlanet', '^(iPlanet)$');
INSERT OR IGNORE INTO regular_expressions (name, pattern) VALUES ('LQ_iVy', '^(iVy)$');
INSERT OR IGNORE INTO regular_expressions (name, pattern) VALUES ('LQ_jennaortega', '^(jennaortega(UHD)?)$');
INSERT OR IGNORE INTO regular_expressions (name, pattern) VALUES ('LQ_JFF', '^(JFF)$');
INSERT OR IGNORE INTO regular_expressions (name, pattern) VALUES ('LQ_KC', '^(KC)$');
INSERT OR IGNORE INTO regular_expressions (name, pattern) VALUES ('LQ_KiNGDOM', '^(KiNGDOM)$');
INSERT OR IGNORE INTO regular_expressions (name, pattern) VALUES ('LQ_KIRA', '^(KIRA)$');
INSERT OR IGNORE INTO regular_expressions (name, pattern) VALUES ('LQ_L0SERNIGHT', '^(L0SERNIGHT)$');
INSERT OR IGNORE INTO regular_expressions (name, pattern) VALUES ('LQ_LAMA', '^(LAMA)$');
INSERT OR IGNORE INTO regular_expressions (name, pattern) VALUES ('LQ_Leffe', '^(Leffe)$');
INSERT OR IGNORE INTO regular_expressions (name, pattern) VALUES ('LQ_Liber8', '^(Liber8)$');
INSERT OR IGNORE INTO regular_expressions (name, pattern) VALUES ('LQ_LiGaS', '^(LiGaS)$');
INSERT OR IGNORE INTO regular_expressions (name, pattern) VALUES ('LQ_LUCY', '^(LUCY)$');
INSERT OR IGNORE INTO regular_expressions (name, pattern) VALUES ('LQ_MarkII', '^(MarkII)$');
INSERT OR IGNORE INTO regular_expressions (name, pattern) VALUES ('LQ_MeGusta', '^(MeGusta)$');
INSERT OR IGNORE INTO regular_expressions (name, pattern) VALUES ('LQ_Mesc', '^(Mesc)$');
INSERT OR IGNORE INTO regular_expressions (name, pattern) VALUES ('LQ_mHD', '^(mHD)$');
INSERT OR IGNORE INTO regular_expressions (name, pattern) VALUES ('LQ_mSD', '^(mSD)$');
INSERT OR IGNORE INTO regular_expressions (name, pattern) VALUES ('LQ_MTeam', '^(MTeam|MT)$');
INSERT OR IGNORE INTO regular_expressions (name, pattern) VALUES ('LQ_MySiLU', '^(MySiLU)$');
INSERT OR IGNORE INTO regular_expressions (name, pattern) VALUES ('LQ_NhaNc3', '^(NhaNc3)$');
INSERT OR IGNORE INTO regular_expressions (name, pattern) VALUES ('LQ_nHD', '^(nHD)$');
INSERT OR IGNORE INTO regular_expressions (name, pattern) VALUES ('LQ_nikt0', '^(nikt0)$');
INSERT OR IGNORE INTO regular_expressions (name, pattern) VALUES ('LQ_NoGroup', 'NoGr(ou)?p');
INSERT OR IGNORE INTO regular_expressions (name, pattern) VALUES ('LQ_nSD', '^(nSD)$');
INSERT OR IGNORE INTO regular_expressions (name, pattern) VALUES ('LQ_OFT', '^(OFT)$');
INSERT OR IGNORE INTO regular_expressions (name, pattern) VALUES ('LQ_Pahe', 'Pahe(\.(ph|in))?\b');
INSERT OR IGNORE INTO regular_expressions (name, pattern) VALUES ('LQ_PATOMiEL', '^(PATOMiEL)$');
INSERT OR IGNORE INTO regular_expressions (name, pattern) VALUES ('LQ_PRODJi', '^(PRODJi)$');
INSERT OR IGNORE INTO regular_expressions (name, pattern) VALUES ('LQ_PSA', '^(PSA)$');
INSERT OR IGNORE INTO regular_expressions (name, pattern) VALUES ('LQ_PTNK', '^(PTNK)$');
INSERT OR IGNORE INTO regular_expressions (name, pattern) VALUES ('LQ_RARBG', '^(RARBG)$');
INSERT OR IGNORE INTO regular_expressions (name, pattern) VALUES ('LQ_RDN', '^(RDN)$');
INSERT OR IGNORE INTO regular_expressions (name, pattern) VALUES ('LQ_RiffTrax', '^(Rifftrax)$');
INSERT OR IGNORE INTO regular_expressions (name, pattern) VALUES ('LQ_RU4HD', '^(RU4HD)$');
INSERT OR IGNORE INTO regular_expressions (name, pattern) VALUES ('LQ_SANTi', '^(SANTi)$');
INSERT OR IGNORE INTO regular_expressions (name, pattern) VALUES ('LQ_Scene', '^(Scene)$');
INSERT OR IGNORE INTO regular_expressions (name, pattern) VALUES ('LQ_SHD', '^(SHD)$');
INSERT OR IGNORE INTO regular_expressions (name, pattern) VALUES ('LQ_ShieldBearer', '^(ShieldBearer)$');
INSERT OR IGNORE INTO regular_expressions (name, pattern) VALUES ('LQ_STUTTERSHIT', '^(STUTTERSHIT)$');
INSERT OR IGNORE INTO regular_expressions (name, pattern) VALUES ('LQ_SUNSCREEN', '^(SUNSCREEN)$');
INSERT OR IGNORE INTO regular_expressions (name, pattern) VALUES ('LQ_TBS', '^(TBS)$');
INSERT OR IGNORE INTO regular_expressions (name, pattern) VALUES ('LQ_TEKNO3D', '^(TEKNO3D)$');
INSERT OR IGNORE INTO regular_expressions (name, pattern) VALUES ('LQ_Tigole', '^(Tigole)$');
INSERT OR IGNORE INTO regular_expressions (name, pattern) VALUES ('LQ_TIKO', '^(TIKO)$');
INSERT OR IGNORE INTO regular_expressions (name, pattern) VALUES ('LQ_VISIONPLUSHDR', '^(VISIONPLUSHDR(-X|1000)?)$');
INSERT OR IGNORE INTO regular_expressions (name, pattern) VALUES ('LQ_WAF', '^(WAF)$');
INSERT OR IGNORE INTO regular_expressions (name, pattern) VALUES ('LQ_WiKi', '^(WiKi)$');
INSERT OR IGNORE INTO regular_expressions (name, pattern) VALUES ('LQ_x0r', '^(x0r)$');
INSERT OR IGNORE INTO regular_expressions (name, pattern) VALUES ('LQ_YIFY', '^(YIFY)$');
INSERT OR IGNORE INTO regular_expressions (name, pattern) VALUES ('LQ_YTS', '^(YTS(.(MX|LT|AG))?)$');
INSERT OR IGNORE INTO regular_expressions (name, pattern) VALUES ('LQ_Zeus', '^(Zeus)$');
INSERT OR IGNORE INTO custom_format_conditions (custom_format_name, name, type, arr_type, negate, required) VALUES ('LQ', '24xHD', 'pattern', 'radarr', 0, 0);
INSERT OR IGNORE INTO custom_format_conditions (custom_format_name, name, type, arr_type, negate, required) VALUES ('LQ', '41RGB', 'pattern', 'radarr', 0, 0);
INSERT OR IGNORE INTO custom_format_conditions (custom_format_name, name, type, arr_type, negate, required) VALUES ('LQ', '4K4U', 'pattern', 'radarr', 0, 0);
INSERT OR IGNORE INTO custom_format_conditions (custom_format_name, name, type, arr_type, negate, required) VALUES ('LQ', 'AOC', 'pattern', 'radarr', 0, 0);
INSERT OR IGNORE INTO custom_format_conditions (custom_format_name, name, type, arr_type, negate, required) VALUES ('LQ', 'AROMA', 'pattern', 'radarr', 0, 0);
INSERT OR IGNORE INTO custom_format_conditions (custom_format_name, name, type, arr_type, negate, required) VALUES ('LQ', 'aXXo', 'pattern', 'radarr', 0, 0);
INSERT OR IGNORE INTO custom_format_conditions (custom_format_name, name, type, arr_type, negate, required) VALUES ('LQ', 'AZAZE', 'pattern', 'radarr', 0, 0);
INSERT OR IGNORE INTO custom_format_conditions (custom_format_name, name, type, arr_type, negate, required) VALUES ('LQ', 'BARC0DE', 'pattern', 'radarr', 0, 0);
INSERT OR IGNORE INTO custom_format_conditions (custom_format_name, name, type, arr_type, negate, required) VALUES ('LQ', 'BAUCKLEY', 'pattern', 'radarr', 0, 0);
INSERT OR IGNORE INTO custom_format_conditions (custom_format_name, name, type, arr_type, negate, required) VALUES ('LQ', 'BdC', 'pattern', 'radarr', 0, 0);
INSERT OR IGNORE INTO custom_format_conditions (custom_format_name, name, type, arr_type, negate, required) VALUES ('LQ', 'beAst', 'pattern', 'radarr', 0, 0);
INSERT OR IGNORE INTO custom_format_conditions (custom_format_name, name, type, arr_type, negate, required) VALUES ('LQ', 'BTM', 'pattern', 'radarr', 0, 0);
INSERT OR IGNORE INTO custom_format_conditions (custom_format_name, name, type, arr_type, negate, required) VALUES ('LQ', 'C1NEM4', 'pattern', 'radarr', 0, 0);
INSERT OR IGNORE INTO custom_format_conditions (custom_format_name, name, type, arr_type, negate, required) VALUES ('LQ', 'C4K', 'pattern', 'radarr', 0, 0);
INSERT OR IGNORE INTO custom_format_conditions (custom_format_name, name, type, arr_type, negate, required) VALUES ('LQ', 'CDDHD', 'pattern', 'radarr', 0, 0);
INSERT OR IGNORE INTO custom_format_conditions (custom_format_name, name, type, arr_type, negate, required) VALUES ('LQ', 'CHAOS', 'pattern', 'radarr', 0, 0);
INSERT OR IGNORE INTO custom_format_conditions (custom_format_name, name, type, arr_type, negate, required) VALUES ('LQ', 'CHD', 'pattern', 'radarr', 0, 0);
INSERT OR IGNORE INTO custom_format_conditions (custom_format_name, name, type, arr_type, negate, required) VALUES ('LQ', 'CiNE', 'pattern', 'radarr', 0, 0);
INSERT OR IGNORE INTO custom_format_conditions (custom_format_name, name, type, arr_type, negate, required) VALUES ('LQ', 'COLLECTiVE', 'pattern', 'radarr', 0, 0);
INSERT OR IGNORE INTO custom_format_conditions (custom_format_name, name, type, arr_type, negate, required) VALUES ('LQ', 'CREATiVE24', 'pattern', 'radarr', 0, 0);
INSERT OR IGNORE INTO custom_format_conditions (custom_format_name, name, type, arr_type, negate, required) VALUES ('LQ', 'CrEwSaDe', 'pattern', 'radarr', 0, 0);
INSERT OR IGNORE INTO custom_format_conditions (custom_format_name, name, type, arr_type, negate, required) VALUES ('LQ', 'CTFOH', 'pattern', 'radarr', 0, 0);
INSERT OR IGNORE INTO custom_format_conditions (custom_format_name, name, type, arr_type, negate, required) VALUES ('LQ', 'd3g', 'pattern', 'radarr', 0, 0);
INSERT OR IGNORE INTO custom_format_conditions (custom_format_name, name, type, arr_type, negate, required) VALUES ('LQ', 'DDR', 'pattern', 'radarr', 0, 0);
INSERT OR IGNORE INTO custom_format_conditions (custom_format_name, name, type, arr_type, negate, required) VALUES ('LQ', 'DNL', 'pattern', 'radarr', 0, 0);
INSERT OR IGNORE INTO custom_format_conditions (custom_format_name, name, type, arr_type, negate, required) VALUES ('LQ', 'DRX', 'pattern', 'radarr', 0, 0);
INSERT OR IGNORE INTO custom_format_conditions (custom_format_name, name, type, arr_type, negate, required) VALUES ('LQ', 'E', 'pattern', 'radarr', 0, 0);
INSERT OR IGNORE INTO custom_format_conditions (custom_format_name, name, type, arr_type, negate, required) VALUES ('LQ', 'EPiC', 'pattern', 'radarr', 0, 0);
INSERT OR IGNORE INTO custom_format_conditions (custom_format_name, name, type, arr_type, negate, required) VALUES ('LQ', 'EuReKA', 'pattern', 'radarr', 0, 0);
INSERT OR IGNORE INTO custom_format_conditions (custom_format_name, name, type, arr_type, negate, required) VALUES ('LQ', 'FaNGDiNG0', 'pattern', 'radarr', 0, 0);
INSERT OR IGNORE INTO custom_format_conditions (custom_format_name, name, type, arr_type, negate, required) VALUES ('LQ', 'Feranki1980', 'pattern', 'radarr', 0, 0);
INSERT OR IGNORE INTO custom_format_conditions (custom_format_name, name, type, arr_type, negate, required) VALUES ('LQ', 'FGT', 'pattern', 'radarr', 0, 0);
INSERT OR IGNORE INTO custom_format_conditions (custom_format_name, name, type, arr_type, negate, required) VALUES ('LQ', 'FMD', 'pattern', 'radarr', 0, 0);
INSERT OR IGNORE INTO custom_format_conditions (custom_format_name, name, type, arr_type, negate, required) VALUES ('LQ', 'FRDS', 'pattern', 'radarr', 0, 0);
INSERT OR IGNORE INTO custom_format_conditions (custom_format_name, name, type, arr_type, negate, required) VALUES ('LQ', 'FZHD', 'pattern', 'radarr', 0, 0);
INSERT OR IGNORE INTO custom_format_conditions (custom_format_name, name, type, arr_type, negate, required) VALUES ('LQ', 'GalaxyRG', 'pattern', 'radarr', 0, 0);
INSERT OR IGNORE INTO custom_format_conditions (custom_format_name, name, type, arr_type, negate, required) VALUES ('LQ', 'GHD', 'pattern', 'radarr', 0, 0);
INSERT OR IGNORE INTO custom_format_conditions (custom_format_name, name, type, arr_type, negate, required) VALUES ('LQ', 'GPTHD', 'pattern', 'radarr', 0, 0);
INSERT OR IGNORE INTO custom_format_conditions (custom_format_name, name, type, arr_type, negate, required) VALUES ('LQ', 'HDHUB4U', 'pattern', 'radarr', 0, 0);
INSERT OR IGNORE INTO custom_format_conditions (custom_format_name, name, type, arr_type, negate, required) VALUES ('LQ', 'HDS', 'pattern', 'radarr', 0, 0);
INSERT OR IGNORE INTO custom_format_conditions (custom_format_name, name, type, arr_type, negate, required) VALUES ('LQ', 'HDT', 'pattern', 'radarr', 0, 0);
INSERT OR IGNORE INTO custom_format_conditions (custom_format_name, name, type, arr_type, negate, required) VALUES ('LQ', 'HDTime', 'pattern', 'radarr', 0, 0);
INSERT OR IGNORE INTO custom_format_conditions (custom_format_name, name, type, arr_type, negate, required) VALUES ('LQ', 'HDWinG', 'pattern', 'radarr', 0, 0);
INSERT OR IGNORE INTO custom_format_conditions (custom_format_name, name, type, arr_type, negate, required) VALUES ('LQ', 'iNTENSO', 'pattern', 'radarr', 0, 0);
INSERT OR IGNORE INTO custom_format_conditions (custom_format_name, name, type, arr_type, negate, required) VALUES ('LQ', 'iPlanet', 'pattern', 'radarr', 0, 0);
INSERT OR IGNORE INTO custom_format_conditions (custom_format_name, name, type, arr_type, negate, required) VALUES ('LQ', 'iVy', 'pattern', 'radarr', 0, 0);
INSERT OR IGNORE INTO custom_format_conditions (custom_format_name, name, type, arr_type, negate, required) VALUES ('LQ', 'jennaortega', 'pattern', 'radarr', 0, 0);
INSERT OR IGNORE INTO custom_format_conditions (custom_format_name, name, type, arr_type, negate, required) VALUES ('LQ', 'JFF', 'pattern', 'radarr', 0, 0);
INSERT OR IGNORE INTO custom_format_conditions (custom_format_name, name, type, arr_type, negate, required) VALUES ('LQ', 'KC', 'pattern', 'radarr', 0, 0);
INSERT OR IGNORE INTO custom_format_conditions (custom_format_name, name, type, arr_type, negate, required) VALUES ('LQ', 'KiNGDOM', 'pattern', 'radarr', 0, 0);
INSERT OR IGNORE INTO custom_format_conditions (custom_format_name, name, type, arr_type, negate, required) VALUES ('LQ', 'KIRA', 'pattern', 'radarr', 0, 0);
INSERT OR IGNORE INTO custom_format_conditions (custom_format_name, name, type, arr_type, negate, required) VALUES ('LQ', 'L0SERNIGHT', 'pattern', 'radarr', 0, 0);
INSERT OR IGNORE INTO custom_format_conditions (custom_format_name, name, type, arr_type, negate, required) VALUES ('LQ', 'LAMA', 'pattern', 'radarr', 0, 0);
INSERT OR IGNORE INTO custom_format_conditions (custom_format_name, name, type, arr_type, negate, required) VALUES ('LQ', 'Leffe', 'pattern', 'radarr', 0, 0);
INSERT OR IGNORE INTO custom_format_conditions (custom_format_name, name, type, arr_type, negate, required) VALUES ('LQ', 'Liber8', 'pattern', 'radarr', 0, 0);
INSERT OR IGNORE INTO custom_format_conditions (custom_format_name, name, type, arr_type, negate, required) VALUES ('LQ', 'LiGaS', 'pattern', 'radarr', 0, 0);
INSERT OR IGNORE INTO custom_format_conditions (custom_format_name, name, type, arr_type, negate, required) VALUES ('LQ', 'LUCY', 'pattern', 'radarr', 0, 0);
INSERT OR IGNORE INTO custom_format_conditions (custom_format_name, name, type, arr_type, negate, required) VALUES ('LQ', 'MarkII', 'pattern', 'radarr', 0, 0);
INSERT OR IGNORE INTO custom_format_conditions (custom_format_name, name, type, arr_type, negate, required) VALUES ('LQ', 'MeGusta', 'pattern', 'radarr', 0, 0);
INSERT OR IGNORE INTO custom_format_conditions (custom_format_name, name, type, arr_type, negate, required) VALUES ('LQ', 'Mesc', 'pattern', 'radarr', 0, 0);
INSERT OR IGNORE INTO custom_format_conditions (custom_format_name, name, type, arr_type, negate, required) VALUES ('LQ', 'mHD', 'pattern', 'radarr', 0, 0);
INSERT OR IGNORE INTO custom_format_conditions (custom_format_name, name, type, arr_type, negate, required) VALUES ('LQ', 'mSD', 'pattern', 'radarr', 0, 0);
INSERT OR IGNORE INTO custom_format_conditions (custom_format_name, name, type, arr_type, negate, required) VALUES ('LQ', 'MTeam', 'pattern', 'radarr', 0, 0);
INSERT OR IGNORE INTO custom_format_conditions (custom_format_name, name, type, arr_type, negate, required) VALUES ('LQ', 'MySiLU', 'pattern', 'radarr', 0, 0);
INSERT OR IGNORE INTO custom_format_conditions (custom_format_name, name, type, arr_type, negate, required) VALUES ('LQ', 'NhaNc3', 'pattern', 'radarr', 0, 0);
INSERT OR IGNORE INTO custom_format_conditions (custom_format_name, name, type, arr_type, negate, required) VALUES ('LQ', 'nHD', 'pattern', 'radarr', 0, 0);
INSERT OR IGNORE INTO custom_format_conditions (custom_format_name, name, type, arr_type, negate, required) VALUES ('LQ', 'nikt0', 'pattern', 'radarr', 0, 0);
INSERT OR IGNORE INTO custom_format_conditions (custom_format_name, name, type, arr_type, negate, required) VALUES ('LQ', 'NoGroup', 'pattern', 'radarr', 0, 0);
INSERT OR IGNORE INTO custom_format_conditions (custom_format_name, name, type, arr_type, negate, required) VALUES ('LQ', 'nSD', 'pattern', 'radarr', 0, 0);
INSERT OR IGNORE INTO custom_format_conditions (custom_format_name, name, type, arr_type, negate, required) VALUES ('LQ', 'OFT', 'pattern', 'radarr', 0, 0);
INSERT OR IGNORE INTO custom_format_conditions (custom_format_name, name, type, arr_type, negate, required) VALUES ('LQ', 'Pahe', 'pattern', 'radarr', 0, 0);
INSERT OR IGNORE INTO custom_format_conditions (custom_format_name, name, type, arr_type, negate, required) VALUES ('LQ', 'PATOMiEL', 'pattern', 'radarr', 0, 0);
INSERT OR IGNORE INTO custom_format_conditions (custom_format_name, name, type, arr_type, negate, required) VALUES ('LQ', 'PRODJi', 'pattern', 'radarr', 0, 0);
INSERT OR IGNORE INTO custom_format_conditions (custom_format_name, name, type, arr_type, negate, required) VALUES ('LQ', 'PSA', 'pattern', 'radarr', 0, 0);
INSERT OR IGNORE INTO custom_format_conditions (custom_format_name, name, type, arr_type, negate, required) VALUES ('LQ', 'PTNK', 'pattern', 'radarr', 0, 0);
INSERT OR IGNORE INTO custom_format_conditions (custom_format_name, name, type, arr_type, negate, required) VALUES ('LQ', 'RARBG', 'pattern', 'radarr', 0, 0);
INSERT OR IGNORE INTO custom_format_conditions (custom_format_name, name, type, arr_type, negate, required) VALUES ('LQ', 'RDN', 'pattern', 'radarr', 0, 0);
INSERT OR IGNORE INTO custom_format_conditions (custom_format_name, name, type, arr_type, negate, required) VALUES ('LQ', 'RiffTrax', 'pattern', 'radarr', 0, 0);
INSERT OR IGNORE INTO custom_format_conditions (custom_format_name, name, type, arr_type, negate, required) VALUES ('LQ', 'RU4HD', 'pattern', 'radarr', 0, 0);
INSERT OR IGNORE INTO custom_format_conditions (custom_format_name, name, type, arr_type, negate, required) VALUES ('LQ', 'SANTi', 'pattern', 'radarr', 0, 0);
INSERT OR IGNORE INTO custom_format_conditions (custom_format_name, name, type, arr_type, negate, required) VALUES ('LQ', 'Scene', 'pattern', 'radarr', 0, 0);
INSERT OR IGNORE INTO custom_format_conditions (custom_format_name, name, type, arr_type, negate, required) VALUES ('LQ', 'SHD', 'pattern', 'radarr', 0, 0);
INSERT OR IGNORE INTO custom_format_conditions (custom_format_name, name, type, arr_type, negate, required) VALUES ('LQ', 'ShieldBearer', 'pattern', 'radarr', 0, 0);
INSERT OR IGNORE INTO custom_format_conditions (custom_format_name, name, type, arr_type, negate, required) VALUES ('LQ', 'STUTTERSHIT', 'pattern', 'radarr', 0, 0);
INSERT OR IGNORE INTO custom_format_conditions (custom_format_name, name, type, arr_type, negate, required) VALUES ('LQ', 'SUNSCREEN', 'pattern', 'radarr', 0, 0);
INSERT OR IGNORE INTO custom_format_conditions (custom_format_name, name, type, arr_type, negate, required) VALUES ('LQ', 'TBS', 'pattern', 'radarr', 0, 0);
INSERT OR IGNORE INTO custom_format_conditions (custom_format_name, name, type, arr_type, negate, required) VALUES ('LQ', 'TEKNO3D', 'pattern', 'radarr', 0, 0);
INSERT OR IGNORE INTO custom_format_conditions (custom_format_name, name, type, arr_type, negate, required) VALUES ('LQ', 'Tigole', 'pattern', 'radarr', 0, 0);
INSERT OR IGNORE INTO custom_format_conditions (custom_format_name, name, type, arr_type, negate, required) VALUES ('LQ', 'TIKO', 'pattern', 'radarr', 0, 0);
INSERT OR IGNORE INTO custom_format_conditions (custom_format_name, name, type, arr_type, negate, required) VALUES ('LQ', 'VISIONPLUSHDR', 'pattern', 'radarr', 0, 0);
INSERT OR IGNORE INTO custom_format_conditions (custom_format_name, name, type, arr_type, negate, required) VALUES ('LQ', 'WAF', 'pattern', 'radarr', 0, 0);
INSERT OR IGNORE INTO custom_format_conditions (custom_format_name, name, type, arr_type, negate, required) VALUES ('LQ', 'WiKi', 'pattern', 'radarr', 0, 0);
INSERT OR IGNORE INTO custom_format_conditions (custom_format_name, name, type, arr_type, negate, required) VALUES ('LQ', 'x0r', 'pattern', 'radarr', 0, 0);
INSERT OR IGNORE INTO custom_format_conditions (custom_format_name, name, type, arr_type, negate, required) VALUES ('LQ', 'YIFY', 'pattern', 'radarr', 0, 0);
INSERT OR IGNORE INTO custom_format_conditions (custom_format_name, name, type, arr_type, negate, required) VALUES ('LQ', 'YTS', 'pattern', 'radarr', 0, 0);
INSERT OR IGNORE INTO custom_format_conditions (custom_format_name, name, type, arr_type, negate, required) VALUES ('LQ', 'Zeus', 'pattern', 'radarr', 0, 0);

INSERT OR IGNORE INTO custom_formats (name, description, include_in_rename) VALUES ('MA', '2a6039655313bf5dab1e43523b62c374', 1);
INSERT OR IGNORE INTO condition_patterns (custom_format_name, condition_name, regular_expression_name) VALUES ('MA', 'Movies Anywhere', 'MA_Movies_Anywhere');
INSERT OR IGNORE INTO regular_expressions (name, pattern) VALUES ('MA_Movies_Anywhere', '(?<!dts[ .-]?hd[ .-]?)\bma\b(?=.*\bweb[ ._-]?(dl|rip)\b)');
INSERT OR IGNORE INTO custom_format_conditions (custom_format_name, name, type, arr_type, negate, required) VALUES ('MA', 'Movies Anywhere', 'pattern', 'radarr', 0, 1);

INSERT OR IGNORE INTO custom_formats (name, description, include_in_rename) VALUES ('MainFrame', '8016f2f66e751dea613e6b5b94bf633c', 0);
INSERT OR IGNORE INTO condition_patterns (custom_format_name, condition_name, regular_expression_name) VALUES ('MainFrame', 'MainFrame', 'MainFrame_MainFrame');
INSERT OR IGNORE INTO condition_resolutions (custom_format_name, condition_name, resolution) VALUES ('MainFrame', '2160p', '2160');
INSERT OR IGNORE INTO regular_expressions (name, pattern) VALUES ('MainFrame_MainFrame', '^(MainFrame)$');
INSERT OR IGNORE INTO custom_format_conditions (custom_format_name, name, type, arr_type, negate, required) VALUES ('MainFrame', 'MainFrame', 'pattern', 'radarr', 0, 1);
INSERT OR IGNORE INTO custom_format_conditions (custom_format_name, name, type, arr_type, negate, required) VALUES ('MainFrame', '2160p', 'resolution', 'radarr', 0, 1);

INSERT OR IGNORE INTO custom_formats (name, description, include_in_rename) VALUES ('Masters of Cinema', '9d27d9d2181838f76dee150882bdc58c', 1);
INSERT OR IGNORE INTO condition_patterns (custom_format_name, condition_name, regular_expression_name) VALUES ('Masters of Cinema', 'Masters of Cinema', 'Masters_of_Cinema_Masters_of_Cinema');
INSERT OR IGNORE INTO condition_patterns (custom_format_name, condition_name, regular_expression_name) VALUES ('Masters of Cinema', 'MoC', 'Masters_of_Cinema_MoC');
INSERT OR IGNORE INTO regular_expressions (name, pattern) VALUES ('Masters_of_Cinema_Masters_of_Cinema', '\b(Masters[ .-]?Of[ .-]?Cinema)(\b|\d)');
INSERT OR IGNORE INTO regular_expressions (name, pattern) VALUES ('Masters_of_Cinema_MoC', '\b(MoC)\b');
INSERT OR IGNORE INTO custom_format_conditions (custom_format_name, name, type, arr_type, negate, required) VALUES ('Masters of Cinema', 'Masters of Cinema', 'pattern', 'radarr', 0, 0);
INSERT OR IGNORE INTO custom_format_conditions (custom_format_name, name, type, arr_type, negate, required) VALUES ('Masters of Cinema', 'MoC', 'pattern', 'radarr', 0, 0);

INSERT OR IGNORE INTO custom_formats (name, description, include_in_rename) VALUES ('MAX', '6a061313d22e51e0f25b7cd4dc065233', 1);
INSERT OR IGNORE INTO condition_patterns (custom_format_name, condition_name, regular_expression_name) VALUES ('MAX', 'Max', 'MAX_Max');
INSERT OR IGNORE INTO condition_patterns (custom_format_name, condition_name, regular_expression_name) VALUES ('MAX', 'MAX Rename', 'MAX_MAX_Rename');
INSERT OR IGNORE INTO condition_sources (custom_format_name, condition_name, source) VALUES ('MAX', 'WEBDL', 'WEBDL');
INSERT OR IGNORE INTO condition_sources (custom_format_name, condition_name, source) VALUES ('MAX', 'WEBRIP', 'WEBRIP');
INSERT OR IGNORE INTO regular_expressions (name, pattern) VALUES ('MAX_Max', '\b((?<!hbo[ ._-])max)\b(?=[ ._-]web[ ._-]?(dl|rip)\b)');
INSERT OR IGNORE INTO regular_expressions (name, pattern) VALUES ('MAX_MAX_Rename', '\[(MAX)\b|\b(MAX)\]');
INSERT OR IGNORE INTO custom_format_conditions (custom_format_name, name, type, arr_type, negate, required) VALUES ('MAX', 'Max', 'pattern', 'radarr', 0, 0);
INSERT OR IGNORE INTO custom_format_conditions (custom_format_name, name, type, arr_type, negate, required) VALUES ('MAX', 'MAX Rename', 'pattern', 'radarr', 0, 0);
INSERT OR IGNORE INTO custom_format_conditions (custom_format_name, name, type, arr_type, negate, required) VALUES ('MAX', 'WEBDL', 'source', 'radarr', 0, 0);
INSERT OR IGNORE INTO custom_format_conditions (custom_format_name, name, type, arr_type, negate, required) VALUES ('MAX', 'WEBRIP', 'source', 'radarr', 0, 0);

INSERT OR IGNORE INTO custom_formats (name, description, include_in_rename) VALUES ('MP3', '6ba9033150e7896bdc9ec4b44f2b230f', 0);
INSERT OR IGNORE INTO condition_patterns (custom_format_name, condition_name, regular_expression_name) VALUES ('MP3', 'MP3', 'MP3_MP3');
INSERT OR IGNORE INTO regular_expressions (name, pattern) VALUES ('MP3_MP3', 'mp3');
INSERT OR IGNORE INTO custom_format_conditions (custom_format_name, name, type, arr_type, negate, required) VALUES ('MP3', 'MP3', 'pattern', 'radarr', 0, 1);

INSERT OR IGNORE INTO custom_formats (name, description, include_in_rename) VALUES ('MPEG2', 'ff86c4326018682f817830ced463332b', 0);
INSERT OR IGNORE INTO condition_patterns (custom_format_name, condition_name, regular_expression_name) VALUES ('MPEG2', 'MPEG2', 'MPEG2_MPEG2');
INSERT OR IGNORE INTO regular_expressions (name, pattern) VALUES ('MPEG2_MPEG2', 'MPEG[-.]?2');
INSERT OR IGNORE INTO custom_format_conditions (custom_format_name, name, type, arr_type, negate, required) VALUES ('MPEG2', 'MPEG2', 'pattern', 'radarr', 0, 1);

INSERT OR IGNORE INTO custom_formats (name, description, include_in_rename) VALUES ('MULTi', '4b900e171accbfb172729b63323ea8ca', 1);
INSERT OR IGNORE INTO condition_patterns (custom_format_name, condition_name, regular_expression_name) VALUES ('MULTi', 'Multi', 'MULTi_Multi');
INSERT OR IGNORE INTO regular_expressions (name, pattern) VALUES ('MULTi_Multi', '\b(Multi)(?![ ._-]?sub(s)?)(\b|\d)');
INSERT OR IGNORE INTO custom_format_conditions (custom_format_name, name, type, arr_type, negate, required) VALUES ('MULTi', 'Multi', 'pattern', 'radarr', 0, 1);

INSERT OR IGNORE INTO custom_formats (name, description, include_in_rename) VALUES ('MY5', 'eacd2cb6c6d4a93e459df2cec6d7b97a', 1);
INSERT OR IGNORE INTO condition_patterns (custom_format_name, condition_name, regular_expression_name) VALUES ('MY5', 'My5', 'MY5_My5');
INSERT OR IGNORE INTO condition_sources (custom_format_name, condition_name, source) VALUES ('MY5', 'WEBDL', 'WEBDL');
INSERT OR IGNORE INTO condition_sources (custom_format_name, condition_name, source) VALUES ('MY5', 'WEBRIP', 'WEBRIP');
INSERT OR IGNORE INTO regular_expressions (name, pattern) VALUES ('MY5_My5', '\b(MY5)\b');
INSERT OR IGNORE INTO custom_format_conditions (custom_format_name, name, type, arr_type, negate, required) VALUES ('MY5', 'My5', 'pattern', 'radarr', 0, 1);
INSERT OR IGNORE INTO custom_format_conditions (custom_format_name, name, type, arr_type, negate, required) VALUES ('MY5', 'WEBDL', 'source', 'radarr', 0, 0);
INSERT OR IGNORE INTO custom_format_conditions (custom_format_name, name, type, arr_type, negate, required) VALUES ('MY5', 'WEBRIP', 'source', 'radarr', 0, 0);

INSERT OR IGNORE INTO custom_formats (name, description, include_in_rename) VALUES ('NF', '170b1d363bd8516fbf3a3eb05d4faff6', 1);
INSERT OR IGNORE INTO condition_patterns (custom_format_name, condition_name, regular_expression_name) VALUES ('NF', 'Netflix', 'NF_Netflix');
INSERT OR IGNORE INTO condition_sources (custom_format_name, condition_name, source) VALUES ('NF', 'WEBDL', 'WEBDL');
INSERT OR IGNORE INTO condition_sources (custom_format_name, condition_name, source) VALUES ('NF', 'WEBRIP', 'WEBRIP');
INSERT OR IGNORE INTO regular_expressions (name, pattern) VALUES ('NF_Netflix', '\b(nf|netflix(u?hd)?)\b');
INSERT OR IGNORE INTO custom_format_conditions (custom_format_name, name, type, arr_type, negate, required) VALUES ('NF', 'Netflix', 'pattern', 'radarr', 0, 1);
INSERT OR IGNORE INTO custom_format_conditions (custom_format_name, name, type, arr_type, negate, required) VALUES ('NF', 'WEBDL', 'source', 'radarr', 0, 0);
INSERT OR IGNORE INTO custom_format_conditions (custom_format_name, name, type, arr_type, negate, required) VALUES ('NF', 'WEBRIP', 'source', 'radarr', 0, 0);

INSERT OR IGNORE INTO custom_formats (name, description, include_in_rename) VALUES ('No-RlsGroup', 'ae9b7c9ebde1f3bd336a8cbd1ec4c5e5', 0);
INSERT OR IGNORE INTO condition_patterns (custom_format_name, condition_name, regular_expression_name) VALUES ('No-RlsGroup', 'No Parsed Group', 'No-RlsGroup_No_Parsed_Group');
INSERT OR IGNORE INTO regular_expressions (name, pattern) VALUES ('No-RlsGroup_No_Parsed_Group', '.');
INSERT OR IGNORE INTO custom_format_conditions (custom_format_name, name, type, arr_type, negate, required) VALUES ('No-RlsGroup', 'No Parsed Group', 'pattern', 'radarr', 1, 0);

INSERT OR IGNORE INTO custom_formats (name, description, include_in_rename) VALUES ('NOW', '3dce1fce9ac06d1349dfbd9186289385', 1);
INSERT OR IGNORE INTO condition_patterns (custom_format_name, condition_name, regular_expression_name) VALUES ('NOW', 'NOW', 'NOW_NOW');
INSERT OR IGNORE INTO condition_patterns (custom_format_name, condition_name, regular_expression_name) VALUES ('NOW', 'NOW Rename', 'NOW_NOW_Rename');
INSERT OR IGNORE INTO condition_sources (custom_format_name, condition_name, source) VALUES ('NOW', 'WEBDL', 'WEBDL');
INSERT OR IGNORE INTO condition_sources (custom_format_name, condition_name, source) VALUES ('NOW', 'WEBRIP', 'WEBRIP');
INSERT OR IGNORE INTO regular_expressions (name, pattern) VALUES ('NOW_NOW', '\b(now)\b[ ._-]web[ ._-]?(dl|rip)?\b');
INSERT OR IGNORE INTO regular_expressions (name, pattern) VALUES ('NOW_NOW_Rename', '\[(NOW)\b|\b(NOW)\]');
INSERT OR IGNORE INTO custom_format_conditions (custom_format_name, name, type, arr_type, negate, required) VALUES ('NOW', 'NOW', 'pattern', 'radarr', 0, 0);
INSERT OR IGNORE INTO custom_format_conditions (custom_format_name, name, type, arr_type, negate, required) VALUES ('NOW', 'NOW Rename', 'pattern', 'radarr', 0, 0);
INSERT OR IGNORE INTO custom_format_conditions (custom_format_name, name, type, arr_type, negate, required) VALUES ('NOW', 'WEBDL', 'source', 'radarr', 0, 0);
INSERT OR IGNORE INTO custom_format_conditions (custom_format_name, name, type, arr_type, negate, required) VALUES ('NOW', 'WEBRIP', 'source', 'radarr', 0, 0);

INSERT OR IGNORE INTO custom_formats (name, description, include_in_rename) VALUES ('Obfuscated', '7357cf5161efbf8c4d5d0c30b4815ee2', 0);
INSERT OR IGNORE INTO condition_patterns (custom_format_name, condition_name, regular_expression_name) VALUES ('Obfuscated', '4P', 'Obfuscated_4P');
INSERT OR IGNORE INTO condition_patterns (custom_format_name, condition_name, regular_expression_name) VALUES ('Obfuscated', '4Planet', 'Obfuscated_4Planet');
INSERT OR IGNORE INTO condition_patterns (custom_format_name, condition_name, regular_expression_name) VALUES ('Obfuscated', 'AsRequested', 'Obfuscated_AsRequested');
INSERT OR IGNORE INTO condition_patterns (custom_format_name, condition_name, regular_expression_name) VALUES ('Obfuscated', 'BUYMORE', 'Obfuscated_BUYMORE');
INSERT OR IGNORE INTO condition_patterns (custom_format_name, condition_name, regular_expression_name) VALUES ('Obfuscated', 'Chamele0n', 'Obfuscated_Chamele0n');
INSERT OR IGNORE INTO condition_patterns (custom_format_name, condition_name, regular_expression_name) VALUES ('Obfuscated', 'GEROV', 'Obfuscated_GEROV');
INSERT OR IGNORE INTO condition_patterns (custom_format_name, condition_name, regular_expression_name) VALUES ('Obfuscated', 'iNC0GNiTO', 'Obfuscated_iNC0GNiTO');
INSERT OR IGNORE INTO condition_patterns (custom_format_name, condition_name, regular_expression_name) VALUES ('Obfuscated', 'NZBGeek', 'Obfuscated_NZBGeek');
INSERT OR IGNORE INTO condition_patterns (custom_format_name, condition_name, regular_expression_name) VALUES ('Obfuscated', 'Obfuscated', 'Obfuscated_Obfuscated');
INSERT OR IGNORE INTO condition_patterns (custom_format_name, condition_name, regular_expression_name) VALUES ('Obfuscated', 'postbot', 'Obfuscated_postbot');
INSERT OR IGNORE INTO condition_patterns (custom_format_name, condition_name, regular_expression_name) VALUES ('Obfuscated', 'Rakuv', 'Obfuscated_Rakuv');
INSERT OR IGNORE INTO condition_patterns (custom_format_name, condition_name, regular_expression_name) VALUES ('Obfuscated', 'Scrambled', 'Obfuscated_Scrambled');
INSERT OR IGNORE INTO condition_patterns (custom_format_name, condition_name, regular_expression_name) VALUES ('Obfuscated', 'WhiteRev', 'Obfuscated_WhiteRev');
INSERT OR IGNORE INTO condition_patterns (custom_format_name, condition_name, regular_expression_name) VALUES ('Obfuscated', 'xpost', 'Obfuscated_xpost');
INSERT OR IGNORE INTO condition_patterns (custom_format_name, condition_name, regular_expression_name) VALUES ('Obfuscated', 'WRTEAM', 'Obfuscated_WRTEAM');
INSERT OR IGNORE INTO condition_patterns (custom_format_name, condition_name, regular_expression_name) VALUES ('Obfuscated', 'CAPTCHA', 'Obfuscated_CAPTCHA');
INSERT OR IGNORE INTO condition_patterns (custom_format_name, condition_name, regular_expression_name) VALUES ('Obfuscated', '_nzb', 'Obfuscated__nzb');
INSERT OR IGNORE INTO regular_expressions (name, pattern) VALUES ('Obfuscated_4P', '-4P\b');
INSERT OR IGNORE INTO regular_expressions (name, pattern) VALUES ('Obfuscated_4Planet', '-4Planet\b');
INSERT OR IGNORE INTO regular_expressions (name, pattern) VALUES ('Obfuscated_AsRequested', '-AsRequested\b');
INSERT OR IGNORE INTO regular_expressions (name, pattern) VALUES ('Obfuscated_BUYMORE', '-BUYMORE\b');
INSERT OR IGNORE INTO regular_expressions (name, pattern) VALUES ('Obfuscated_Chamele0n', '-Chamele0n\b');
INSERT OR IGNORE INTO regular_expressions (name, pattern) VALUES ('Obfuscated_GEROV', '-GEROV\b');
INSERT OR IGNORE INTO regular_expressions (name, pattern) VALUES ('Obfuscated_iNC0GNiTO', '-iNC0GNiTO\b');
INSERT OR IGNORE INTO regular_expressions (name, pattern) VALUES ('Obfuscated_NZBGeek', '-NZBGeek\b');
INSERT OR IGNORE INTO regular_expressions (name, pattern) VALUES ('Obfuscated_Obfuscated', '-Obfuscated\b');
INSERT OR IGNORE INTO regular_expressions (name, pattern) VALUES ('Obfuscated_postbot', '-postbot\b');
INSERT OR IGNORE INTO regular_expressions (name, pattern) VALUES ('Obfuscated_Rakuv', '-Rakuv\b');
INSERT OR IGNORE INTO regular_expressions (name, pattern) VALUES ('Obfuscated_Scrambled', '(?<=\b[12]\d{3}\b).*(Scrambled)\b');
INSERT OR IGNORE INTO regular_expressions (name, pattern) VALUES ('Obfuscated_WhiteRev', '-WhiteRev\b');
INSERT OR IGNORE INTO regular_expressions (name, pattern) VALUES ('Obfuscated_xpost', '-xpost\b');
INSERT OR IGNORE INTO regular_expressions (name, pattern) VALUES ('Obfuscated_WRTEAM', '-WRTEAM\b');
INSERT OR IGNORE INTO regular_expressions (name, pattern) VALUES ('Obfuscated_CAPTCHA', '-CAPTCHA\b');
INSERT OR IGNORE INTO regular_expressions (name, pattern) VALUES ('Obfuscated__nzb', '_nzb\b');
INSERT OR IGNORE INTO custom_format_conditions (custom_format_name, name, type, arr_type, negate, required) VALUES ('Obfuscated', '4P', 'pattern', 'radarr', 0, 0);
INSERT OR IGNORE INTO custom_format_conditions (custom_format_name, name, type, arr_type, negate, required) VALUES ('Obfuscated', '4Planet', 'pattern', 'radarr', 0, 0);
INSERT OR IGNORE INTO custom_format_conditions (custom_format_name, name, type, arr_type, negate, required) VALUES ('Obfuscated', 'AsRequested', 'pattern', 'radarr', 0, 0);
INSERT OR IGNORE INTO custom_format_conditions (custom_format_name, name, type, arr_type, negate, required) VALUES ('Obfuscated', 'BUYMORE', 'pattern', 'radarr', 0, 0);
INSERT OR IGNORE INTO custom_format_conditions (custom_format_name, name, type, arr_type, negate, required) VALUES ('Obfuscated', 'Chamele0n', 'pattern', 'radarr', 0, 0);
INSERT OR IGNORE INTO custom_format_conditions (custom_format_name, name, type, arr_type, negate, required) VALUES ('Obfuscated', 'GEROV', 'pattern', 'radarr', 0, 0);
INSERT OR IGNORE INTO custom_format_conditions (custom_format_name, name, type, arr_type, negate, required) VALUES ('Obfuscated', 'iNC0GNiTO', 'pattern', 'radarr', 0, 0);
INSERT OR IGNORE INTO custom_format_conditions (custom_format_name, name, type, arr_type, negate, required) VALUES ('Obfuscated', 'NZBGeek', 'pattern', 'radarr', 0, 0);
INSERT OR IGNORE INTO custom_format_conditions (custom_format_name, name, type, arr_type, negate, required) VALUES ('Obfuscated', 'Obfuscated', 'pattern', 'radarr', 0, 0);
INSERT OR IGNORE INTO custom_format_conditions (custom_format_name, name, type, arr_type, negate, required) VALUES ('Obfuscated', 'postbot', 'pattern', 'radarr', 0, 0);
INSERT OR IGNORE INTO custom_format_conditions (custom_format_name, name, type, arr_type, negate, required) VALUES ('Obfuscated', 'Rakuv', 'pattern', 'radarr', 0, 0);
INSERT OR IGNORE INTO custom_format_conditions (custom_format_name, name, type, arr_type, negate, required) VALUES ('Obfuscated', 'Scrambled', 'pattern', 'radarr', 0, 0);
INSERT OR IGNORE INTO custom_format_conditions (custom_format_name, name, type, arr_type, negate, required) VALUES ('Obfuscated', 'WhiteRev', 'pattern', 'radarr', 0, 0);
INSERT OR IGNORE INTO custom_format_conditions (custom_format_name, name, type, arr_type, negate, required) VALUES ('Obfuscated', 'xpost', 'pattern', 'radarr', 0, 0);
INSERT OR IGNORE INTO custom_format_conditions (custom_format_name, name, type, arr_type, negate, required) VALUES ('Obfuscated', 'WRTEAM', 'pattern', 'radarr', 0, 0);
INSERT OR IGNORE INTO custom_format_conditions (custom_format_name, name, type, arr_type, negate, required) VALUES ('Obfuscated', 'CAPTCHA', 'pattern', 'radarr', 0, 0);
INSERT OR IGNORE INTO custom_format_conditions (custom_format_name, name, type, arr_type, negate, required) VALUES ('Obfuscated', '_nzb', 'pattern', 'radarr', 0, 0);

INSERT OR IGNORE INTO custom_formats (name, description, include_in_rename) VALUES ('Open Matte', '09d9dd29a0fc958f9796e65c2a8864b4', 0);
INSERT OR IGNORE INTO condition_patterns (custom_format_name, condition_name, regular_expression_name) VALUES ('Open Matte', 'Open Matte', 'Open_Matte_Open_Matte');
INSERT OR IGNORE INTO regular_expressions (name, pattern) VALUES ('Open_Matte_Open_Matte', '\b(Open[ ._-]?Matte)\b');
INSERT OR IGNORE INTO custom_format_conditions (custom_format_name, name, type, arr_type, negate, required) VALUES ('Open Matte', 'Open Matte', 'pattern', 'radarr', 0, 0);

INSERT OR IGNORE INTO custom_formats (name, description, include_in_rename) VALUES ('Opus', 'a061e2e700f81932daf888599f8a8273', 0);
INSERT OR IGNORE INTO condition_patterns (custom_format_name, condition_name, regular_expression_name) VALUES ('Opus', 'Opus', 'Opus_Opus');
INSERT OR IGNORE INTO condition_patterns (custom_format_name, condition_name, regular_expression_name) VALUES ('Opus', 'Not OPUS Release Group', 'Opus_Not_OPUS_Release_Group');
INSERT OR IGNORE INTO regular_expressions (name, pattern) VALUES ('Opus_Opus', '\bOPUS(\b|\d)(?!.*[ ._-](\d{3,4}p))');
INSERT OR IGNORE INTO regular_expressions (name, pattern) VALUES ('Opus_Not_OPUS_Release_Group', 'OPUS');
INSERT OR IGNORE INTO custom_format_conditions (custom_format_name, name, type, arr_type, negate, required) VALUES ('Opus', 'Opus', 'pattern', 'radarr', 0, 1);
INSERT OR IGNORE INTO custom_format_conditions (custom_format_name, name, type, arr_type, negate, required) VALUES ('Opus', 'Not OPUS Release Group', 'pattern', 'radarr', 1, 1);

INSERT OR IGNORE INTO custom_formats (name, description, include_in_rename) VALUES ('OViD', 'fbca986396c5e695ef7b2def3c755d01', 1);
INSERT OR IGNORE INTO condition_patterns (custom_format_name, condition_name, regular_expression_name) VALUES ('OViD', 'OViD', 'OViD_OViD');
INSERT OR IGNORE INTO condition_sources (custom_format_name, condition_name, source) VALUES ('OViD', 'WEBDL', 'WEBDL');
INSERT OR IGNORE INTO condition_sources (custom_format_name, condition_name, source) VALUES ('OViD', 'WEBRIP', 'WEBRIP');
INSERT OR IGNORE INTO regular_expressions (name, pattern) VALUES ('OViD_OViD', '\b(ovid)\b');
INSERT OR IGNORE INTO custom_format_conditions (custom_format_name, name, type, arr_type, negate, required) VALUES ('OViD', 'OViD', 'pattern', 'radarr', 0, 1);
INSERT OR IGNORE INTO custom_format_conditions (custom_format_name, name, type, arr_type, negate, required) VALUES ('OViD', 'WEBDL', 'source', 'radarr', 0, 0);
INSERT OR IGNORE INTO custom_format_conditions (custom_format_name, name, type, arr_type, negate, required) VALUES ('OViD', 'WEBRIP', 'source', 'radarr', 0, 0);

INSERT OR IGNORE INTO custom_formats (name, description, include_in_rename) VALUES ('Pathe', 'bf7e73dd1d85b12cc527dc619761c840', 1);
INSERT OR IGNORE INTO condition_patterns (custom_format_name, condition_name, regular_expression_name) VALUES ('Pathe', 'Path', 'Pathe_Path');
INSERT OR IGNORE INTO condition_sources (custom_format_name, condition_name, source) VALUES ('Pathe', 'WEBDL', 'WEBDL');
INSERT OR IGNORE INTO condition_sources (custom_format_name, condition_name, source) VALUES ('Pathe', 'WEBRIP', 'WEBRIP');
INSERT OR IGNORE INTO regular_expressions (name, pattern) VALUES ('Pathe_Path', '\b(Pathe)\b');
INSERT OR IGNORE INTO custom_format_conditions (custom_format_name, name, type, arr_type, negate, required) VALUES ('Pathe', 'Path', 'pattern', 'radarr', 0, 1);
INSERT OR IGNORE INTO custom_format_conditions (custom_format_name, name, type, arr_type, negate, required) VALUES ('Pathe', 'WEBDL', 'source', 'radarr', 0, 0);
INSERT OR IGNORE INTO custom_format_conditions (custom_format_name, name, type, arr_type, negate, required) VALUES ('Pathe', 'WEBRIP', 'source', 'radarr', 0, 0);

INSERT OR IGNORE INTO custom_formats (name, description, include_in_rename) VALUES ('PCM', 'e7c2fcae07cbada050a0af3357491d7b', 0);
INSERT OR IGNORE INTO condition_patterns (custom_format_name, condition_name, regular_expression_name) VALUES ('PCM', 'PCM', 'PCM_PCM');
INSERT OR IGNORE INTO condition_patterns (custom_format_name, condition_name, regular_expression_name) VALUES ('PCM', 'Not AAC', 'PCM_Not_AAC');
INSERT OR IGNORE INTO condition_patterns (custom_format_name, condition_name, regular_expression_name) VALUES ('PCM', 'Not FLAC', 'PCM_Not_FLAC');
INSERT OR IGNORE INTO condition_patterns (custom_format_name, condition_name, regular_expression_name) VALUES ('PCM', 'Not DTS', 'PCM_Not_DTS');
INSERT OR IGNORE INTO condition_patterns (custom_format_name, condition_name, regular_expression_name) VALUES ('PCM', 'Not TrueHDATMOS', 'PCM_Not_TrueHDATMOS');
INSERT OR IGNORE INTO condition_patterns (custom_format_name, condition_name, regular_expression_name) VALUES ('PCM', 'Not Basic Dolby Digital', 'PCM_Not_Basic_Dolby_Digital');
INSERT OR IGNORE INTO condition_patterns (custom_format_name, condition_name, regular_expression_name) VALUES ('PCM', 'Not Dolby Digital Plus ', 'PCM_Not_Dolby_Digital_Plus_');
INSERT OR IGNORE INTO regular_expressions (name, pattern) VALUES ('PCM_PCM', '\b(l?)PCM(\b|\d)');
INSERT OR IGNORE INTO regular_expressions (name, pattern) VALUES ('PCM_Not_AAC', '\bAAC(\b|\d)');
INSERT OR IGNORE INTO regular_expressions (name, pattern) VALUES ('PCM_Not_FLAC', '\bFLAC(\b|\d)');
INSERT OR IGNORE INTO regular_expressions (name, pattern) VALUES ('PCM_Not_DTS', '\bDTS(\b|\d)');
INSERT OR IGNORE INTO regular_expressions (name, pattern) VALUES ('PCM_Not_TrueHDATMOS', 'True[ .-]?HD|\bATMOS(\b|\d)');
INSERT OR IGNORE INTO regular_expressions (name, pattern) VALUES ('PCM_Not_Basic_Dolby_Digital', '\bDD[^a-z+]|(?<!e-)\b(ac-?3)\b');
INSERT OR IGNORE INTO regular_expressions (name, pattern) VALUES ('PCM_Not_Dolby_Digital_Plus_', '\bDD[P+]|\b(e[-_. ]?ac-?3)\b');
INSERT OR IGNORE INTO custom_format_conditions (custom_format_name, name, type, arr_type, negate, required) VALUES ('PCM', 'PCM', 'pattern', 'radarr', 0, 1);
INSERT OR IGNORE INTO custom_format_conditions (custom_format_name, name, type, arr_type, negate, required) VALUES ('PCM', 'Not AAC', 'pattern', 'radarr', 1, 1);
INSERT OR IGNORE INTO custom_format_conditions (custom_format_name, name, type, arr_type, negate, required) VALUES ('PCM', 'Not FLAC', 'pattern', 'radarr', 1, 1);
INSERT OR IGNORE INTO custom_format_conditions (custom_format_name, name, type, arr_type, negate, required) VALUES ('PCM', 'Not DTS', 'pattern', 'radarr', 1, 1);
INSERT OR IGNORE INTO custom_format_conditions (custom_format_name, name, type, arr_type, negate, required) VALUES ('PCM', 'Not TrueHDATMOS', 'pattern', 'radarr', 1, 1);
INSERT OR IGNORE INTO custom_format_conditions (custom_format_name, name, type, arr_type, negate, required) VALUES ('PCM', 'Not Basic Dolby Digital', 'pattern', 'radarr', 1, 1);
INSERT OR IGNORE INTO custom_format_conditions (custom_format_name, name, type, arr_type, negate, required) VALUES ('PCM', 'Not Dolby Digital Plus ', 'pattern', 'radarr', 1, 1);

INSERT OR IGNORE INTO custom_formats (name, description, include_in_rename) VALUES ('PCOK', 'c9fd353f8f5f1baf56dc601c4cb29920', 1);
INSERT OR IGNORE INTO condition_patterns (custom_format_name, condition_name, regular_expression_name) VALUES ('PCOK', 'Peacock TV', 'PCOK_Peacock_TV');
INSERT OR IGNORE INTO condition_sources (custom_format_name, condition_name, source) VALUES ('PCOK', 'WEBDL', 'WEBDL');
INSERT OR IGNORE INTO condition_sources (custom_format_name, condition_name, source) VALUES ('PCOK', 'WEBRIP', 'WEBRIP');
INSERT OR IGNORE INTO regular_expressions (name, pattern) VALUES ('PCOK_Peacock_TV', '\b(pcok|peacock)\b');
INSERT OR IGNORE INTO custom_format_conditions (custom_format_name, name, type, arr_type, negate, required) VALUES ('PCOK', 'Peacock TV', 'pattern', 'radarr', 0, 1);
INSERT OR IGNORE INTO custom_format_conditions (custom_format_name, name, type, arr_type, negate, required) VALUES ('PCOK', 'WEBDL', 'source', 'radarr', 0, 0);
INSERT OR IGNORE INTO custom_format_conditions (custom_format_name, name, type, arr_type, negate, required) VALUES ('PCOK', 'WEBRIP', 'source', 'radarr', 0, 0);

INSERT OR IGNORE INTO custom_formats (name, description, include_in_rename) VALUES ('PLAY', '350e9170619683a55cb9191d0b1ababa', 1);
INSERT OR IGNORE INTO condition_patterns (custom_format_name, condition_name, regular_expression_name) VALUES ('PLAY', 'PLAY', 'PLAY_PLAY');
INSERT OR IGNORE INTO condition_patterns (custom_format_name, condition_name, regular_expression_name) VALUES ('PLAY', 'PLAY Rename', 'PLAY_PLAY_Rename');
INSERT OR IGNORE INTO condition_sources (custom_format_name, condition_name, source) VALUES ('PLAY', 'WEBDL', 'WEBDL');
INSERT OR IGNORE INTO condition_sources (custom_format_name, condition_name, source) VALUES ('PLAY', 'WEBRIP', 'WEBRIP');
INSERT OR IGNORE INTO regular_expressions (name, pattern) VALUES ('PLAY_PLAY', '\b(Play)\b(?=[ ._-]web[ ._-]?(dl|rip)\b)');
INSERT OR IGNORE INTO regular_expressions (name, pattern) VALUES ('PLAY_PLAY_Rename', '\[(Play)\b|\b(Play)\]');
INSERT OR IGNORE INTO custom_format_conditions (custom_format_name, name, type, arr_type, negate, required) VALUES ('PLAY', 'PLAY', 'pattern', 'radarr', 0, 0);
INSERT OR IGNORE INTO custom_format_conditions (custom_format_name, name, type, arr_type, negate, required) VALUES ('PLAY', 'PLAY Rename', 'pattern', 'radarr', 0, 0);
INSERT OR IGNORE INTO custom_format_conditions (custom_format_name, name, type, arr_type, negate, required) VALUES ('PLAY', 'WEBDL', 'source', 'radarr', 0, 0);
INSERT OR IGNORE INTO custom_format_conditions (custom_format_name, name, type, arr_type, negate, required) VALUES ('PLAY', 'WEBRIP', 'source', 'radarr', 0, 0);

INSERT OR IGNORE INTO custom_formats (name, description, include_in_rename) VALUES ('PMTP', 'e36a0ba1bc902b26ee40818a1d59b8bd', 1);
INSERT OR IGNORE INTO condition_patterns (custom_format_name, condition_name, regular_expression_name) VALUES ('PMTP', 'Paramount', 'PMTP_Paramount');
INSERT OR IGNORE INTO condition_sources (custom_format_name, condition_name, source) VALUES ('PMTP', 'WEBDL', 'WEBDL');
INSERT OR IGNORE INTO condition_sources (custom_format_name, condition_name, source) VALUES ('PMTP', 'WEBRIP', 'WEBRIP');
INSERT OR IGNORE INTO regular_expressions (name, pattern) VALUES ('PMTP_Paramount', '\b(pmtp|Paramount Plus)\b');
INSERT OR IGNORE INTO custom_format_conditions (custom_format_name, name, type, arr_type, negate, required) VALUES ('PMTP', 'Paramount', 'pattern', 'radarr', 0, 1);
INSERT OR IGNORE INTO custom_format_conditions (custom_format_name, name, type, arr_type, negate, required) VALUES ('PMTP', 'WEBDL', 'source', 'radarr', 0, 0);
INSERT OR IGNORE INTO custom_format_conditions (custom_format_name, name, type, arr_type, negate, required) VALUES ('PMTP', 'WEBRIP', 'source', 'radarr', 0, 0);

INSERT OR IGNORE INTO custom_formats (name, description, include_in_rename) VALUES ('Remaster', '570bc9ebecd92723d2d21500f4be314c', 0);
INSERT OR IGNORE INTO condition_patterns (custom_format_name, condition_name, regular_expression_name) VALUES ('Remaster', 'Remaster', 'Remaster_Remaster');
INSERT OR IGNORE INTO condition_patterns (custom_format_name, condition_name, regular_expression_name) VALUES ('Remaster', 'Not 4K Remaster', 'Remaster_Not_4K_Remaster');
INSERT OR IGNORE INTO regular_expressions (name, pattern) VALUES ('Remaster_Remaster', 'Remaster');
INSERT OR IGNORE INTO regular_expressions (name, pattern) VALUES ('Remaster_Not_4K_Remaster', '4K');
INSERT OR IGNORE INTO custom_format_conditions (custom_format_name, name, type, arr_type, negate, required) VALUES ('Remaster', 'Remaster', 'pattern', 'radarr', 0, 1);
INSERT OR IGNORE INTO custom_format_conditions (custom_format_name, name, type, arr_type, negate, required) VALUES ('Remaster', 'Not 4K Remaster', 'pattern', 'radarr', 1, 1);

INSERT OR IGNORE INTO custom_formats (name, description, include_in_rename) VALUES ('Remux Tier 01', '3a3ff47579026e76d6504ebea39390de', 0);
INSERT OR IGNORE INTO condition_patterns (custom_format_name, condition_name, regular_expression_name) VALUES ('Remux Tier 01', '3L', 'Remux_Tier_01_3L');
INSERT OR IGNORE INTO condition_patterns (custom_format_name, condition_name, regular_expression_name) VALUES ('Remux Tier 01', 'BiZKiT', 'Remux_Tier_01_BiZKiT');
INSERT OR IGNORE INTO condition_patterns (custom_format_name, condition_name, regular_expression_name) VALUES ('Remux Tier 01', 'BLURANiUM', 'Remux_Tier_01_BLURANiUM');
INSERT OR IGNORE INTO condition_patterns (custom_format_name, condition_name, regular_expression_name) VALUES ('Remux Tier 01', 'BMF', 'Remux_Tier_01_BMF');
INSERT OR IGNORE INTO condition_patterns (custom_format_name, condition_name, regular_expression_name) VALUES ('Remux Tier 01', 'CiNEPHiLES', 'Remux_Tier_01_CiNEPHiLES');
INSERT OR IGNORE INTO condition_patterns (custom_format_name, condition_name, regular_expression_name) VALUES ('Remux Tier 01', 'FraMeSToR', 'Remux_Tier_01_FraMeSToR');
INSERT OR IGNORE INTO condition_patterns (custom_format_name, condition_name, regular_expression_name) VALUES ('Remux Tier 01', 'PiRAMiDHEAD', 'Remux_Tier_01_PiRAMiDHEAD');
INSERT OR IGNORE INTO condition_patterns (custom_format_name, condition_name, regular_expression_name) VALUES ('Remux Tier 01', 'PmP', 'Remux_Tier_01_PmP');
INSERT OR IGNORE INTO condition_patterns (custom_format_name, condition_name, regular_expression_name) VALUES ('Remux Tier 01', 'WiLDCAT', 'Remux_Tier_01_WiLDCAT');
INSERT OR IGNORE INTO condition_patterns (custom_format_name, condition_name, regular_expression_name) VALUES ('Remux Tier 01', 'ZQ', 'Remux_Tier_01_ZQ');
INSERT OR IGNORE INTO condition_quality_modifiers (custom_format_name, condition_name, quality_modifier) VALUES ('Remux Tier 01', 'Remux', '5');
INSERT OR IGNORE INTO regular_expressions (name, pattern) VALUES ('Remux_Tier_01_3L', '^(3L)$');
INSERT OR IGNORE INTO regular_expressions (name, pattern) VALUES ('Remux_Tier_01_BiZKiT', '^(BiZKiT)$');
INSERT OR IGNORE INTO regular_expressions (name, pattern) VALUES ('Remux_Tier_01_BLURANiUM', '^(BLURANiUM)$');
INSERT OR IGNORE INTO regular_expressions (name, pattern) VALUES ('Remux_Tier_01_BMF', '^(BMF)$');
INSERT OR IGNORE INTO regular_expressions (name, pattern) VALUES ('Remux_Tier_01_CiNEPHiLES', '^(CiNEPHiLES)$');
INSERT OR IGNORE INTO regular_expressions (name, pattern) VALUES ('Remux_Tier_01_FraMeSToR', '^(FraMeSToR)$');
INSERT OR IGNORE INTO regular_expressions (name, pattern) VALUES ('Remux_Tier_01_PiRAMiDHEAD', '^(PiRAMiDHEAD)$');
INSERT OR IGNORE INTO regular_expressions (name, pattern) VALUES ('Remux_Tier_01_PmP', '^(PmP)$');
INSERT OR IGNORE INTO regular_expressions (name, pattern) VALUES ('Remux_Tier_01_WiLDCAT', '^(WiLDCAT)$');
INSERT OR IGNORE INTO regular_expressions (name, pattern) VALUES ('Remux_Tier_01_ZQ', '^(ZQ)$');
INSERT OR IGNORE INTO custom_format_conditions (custom_format_name, name, type, arr_type, negate, required) VALUES ('Remux Tier 01', 'Remux', 'quality_modifier', 'radarr', 0, 1);
INSERT OR IGNORE INTO custom_format_conditions (custom_format_name, name, type, arr_type, negate, required) VALUES ('Remux Tier 01', '3L', 'pattern', 'radarr', 0, 0);
INSERT OR IGNORE INTO custom_format_conditions (custom_format_name, name, type, arr_type, negate, required) VALUES ('Remux Tier 01', 'BiZKiT', 'pattern', 'radarr', 0, 0);
INSERT OR IGNORE INTO custom_format_conditions (custom_format_name, name, type, arr_type, negate, required) VALUES ('Remux Tier 01', 'BLURANiUM', 'pattern', 'radarr', 0, 0);
INSERT OR IGNORE INTO custom_format_conditions (custom_format_name, name, type, arr_type, negate, required) VALUES ('Remux Tier 01', 'BMF', 'pattern', 'radarr', 0, 0);
INSERT OR IGNORE INTO custom_format_conditions (custom_format_name, name, type, arr_type, negate, required) VALUES ('Remux Tier 01', 'CiNEPHiLES', 'pattern', 'radarr', 0, 0);
INSERT OR IGNORE INTO custom_format_conditions (custom_format_name, name, type, arr_type, negate, required) VALUES ('Remux Tier 01', 'FraMeSToR', 'pattern', 'radarr', 0, 0);
INSERT OR IGNORE INTO custom_format_conditions (custom_format_name, name, type, arr_type, negate, required) VALUES ('Remux Tier 01', 'PiRAMiDHEAD', 'pattern', 'radarr', 0, 0);
INSERT OR IGNORE INTO custom_format_conditions (custom_format_name, name, type, arr_type, negate, required) VALUES ('Remux Tier 01', 'PmP', 'pattern', 'radarr', 0, 0);
INSERT OR IGNORE INTO custom_format_conditions (custom_format_name, name, type, arr_type, negate, required) VALUES ('Remux Tier 01', 'WiLDCAT', 'pattern', 'radarr', 0, 0);
INSERT OR IGNORE INTO custom_format_conditions (custom_format_name, name, type, arr_type, negate, required) VALUES ('Remux Tier 01', 'ZQ', 'pattern', 'radarr', 0, 0);

INSERT OR IGNORE INTO custom_formats (name, description, include_in_rename) VALUES ('Remux Tier 02', '9f98181fe5a3fbeb0cc29340da2a468a', 0);
INSERT OR IGNORE INTO condition_patterns (custom_format_name, condition_name, regular_expression_name) VALUES ('Remux Tier 02', 'ATELiER', 'Remux_Tier_02_ATELiER');
INSERT OR IGNORE INTO condition_patterns (custom_format_name, condition_name, regular_expression_name) VALUES ('Remux Tier 02', 'NCmt', 'Remux_Tier_02_NCmt');
INSERT OR IGNORE INTO condition_patterns (custom_format_name, condition_name, regular_expression_name) VALUES ('Remux Tier 02', 'playBD', 'Remux_Tier_02_playBD');
INSERT OR IGNORE INTO condition_patterns (custom_format_name, condition_name, regular_expression_name) VALUES ('Remux Tier 02', 'SiCFoI', 'Remux_Tier_02_SiCFoI');
INSERT OR IGNORE INTO condition_patterns (custom_format_name, condition_name, regular_expression_name) VALUES ('Remux Tier 02', 'SURFINBIRD', 'Remux_Tier_02_SURFINBIRD');
INSERT OR IGNORE INTO condition_patterns (custom_format_name, condition_name, regular_expression_name) VALUES ('Remux Tier 02', 'TEPES', 'Remux_Tier_02_TEPES');
INSERT OR IGNORE INTO condition_quality_modifiers (custom_format_name, condition_name, quality_modifier) VALUES ('Remux Tier 02', 'Remux', '5');
INSERT OR IGNORE INTO regular_expressions (name, pattern) VALUES ('Remux_Tier_02_ATELiER', '^(ATELiER)$');
INSERT OR IGNORE INTO regular_expressions (name, pattern) VALUES ('Remux_Tier_02_NCmt', '^(NCmt)$');
INSERT OR IGNORE INTO regular_expressions (name, pattern) VALUES ('Remux_Tier_02_playBD', '^(playBD)$');
INSERT OR IGNORE INTO regular_expressions (name, pattern) VALUES ('Remux_Tier_02_SiCFoI', '^(SiCFoI)$');
INSERT OR IGNORE INTO regular_expressions (name, pattern) VALUES ('Remux_Tier_02_SURFINBIRD', '^(SURFINBIRD)$');
INSERT OR IGNORE INTO regular_expressions (name, pattern) VALUES ('Remux_Tier_02_TEPES', '^(TEPES)$');
INSERT OR IGNORE INTO custom_format_conditions (custom_format_name, name, type, arr_type, negate, required) VALUES ('Remux Tier 02', 'Remux', 'quality_modifier', 'radarr', 0, 1);
INSERT OR IGNORE INTO custom_format_conditions (custom_format_name, name, type, arr_type, negate, required) VALUES ('Remux Tier 02', 'ATELiER', 'pattern', 'radarr', 0, 0);
INSERT OR IGNORE INTO custom_format_conditions (custom_format_name, name, type, arr_type, negate, required) VALUES ('Remux Tier 02', 'NCmt', 'pattern', 'radarr', 0, 0);
INSERT OR IGNORE INTO custom_format_conditions (custom_format_name, name, type, arr_type, negate, required) VALUES ('Remux Tier 02', 'playBD', 'pattern', 'radarr', 0, 0);
INSERT OR IGNORE INTO custom_format_conditions (custom_format_name, name, type, arr_type, negate, required) VALUES ('Remux Tier 02', 'SiCFoI', 'pattern', 'radarr', 0, 0);
INSERT OR IGNORE INTO custom_format_conditions (custom_format_name, name, type, arr_type, negate, required) VALUES ('Remux Tier 02', 'SURFINBIRD', 'pattern', 'radarr', 0, 0);
INSERT OR IGNORE INTO custom_format_conditions (custom_format_name, name, type, arr_type, negate, required) VALUES ('Remux Tier 02', 'TEPES', 'pattern', 'radarr', 0, 0);

INSERT OR IGNORE INTO custom_formats (name, description, include_in_rename) VALUES ('Remux Tier 03', '8baaf0b3142bf4d94c42a724f034e27a', 0);
INSERT OR IGNORE INTO condition_patterns (custom_format_name, condition_name, regular_expression_name) VALUES ('Remux Tier 03', '12GaugeShotgun', 'Remux_Tier_03_12GaugeShotgun');
INSERT OR IGNORE INTO condition_patterns (custom_format_name, condition_name, regular_expression_name) VALUES ('Remux Tier 03', 'decibeL', 'Remux_Tier_03_decibeL');
INSERT OR IGNORE INTO condition_patterns (custom_format_name, condition_name, regular_expression_name) VALUES ('Remux Tier 03', 'EPSiLON', 'Remux_Tier_03_EPSiLON');
INSERT OR IGNORE INTO condition_patterns (custom_format_name, condition_name, regular_expression_name) VALUES ('Remux Tier 03', 'HiFi', 'Remux_Tier_03_HiFi');
INSERT OR IGNORE INTO condition_patterns (custom_format_name, condition_name, regular_expression_name) VALUES ('Remux Tier 03', 'iFT', 'Remux_Tier_03_iFT');
INSERT OR IGNORE INTO condition_patterns (custom_format_name, condition_name, regular_expression_name) VALUES ('Remux Tier 03', 'KRaLiMaRKo', 'Remux_Tier_03_KRaLiMaRKo');
INSERT OR IGNORE INTO condition_patterns (custom_format_name, condition_name, regular_expression_name) VALUES ('Remux Tier 03', 'NTb', 'Remux_Tier_03_NTb');
INSERT OR IGNORE INTO condition_patterns (custom_format_name, condition_name, regular_expression_name) VALUES ('Remux Tier 03', 'PTP', 'Remux_Tier_03_PTP');
INSERT OR IGNORE INTO condition_patterns (custom_format_name, condition_name, regular_expression_name) VALUES ('Remux Tier 03', 'SumVision', 'Remux_Tier_03_SumVision');
INSERT OR IGNORE INTO condition_patterns (custom_format_name, condition_name, regular_expression_name) VALUES ('Remux Tier 03', 'TOA', 'Remux_Tier_03_TOA');
INSERT OR IGNORE INTO condition_patterns (custom_format_name, condition_name, regular_expression_name) VALUES ('Remux Tier 03', 'TRiToN', 'Remux_Tier_03_TRiToN');
INSERT OR IGNORE INTO condition_quality_modifiers (custom_format_name, condition_name, quality_modifier) VALUES ('Remux Tier 03', 'Remux', '5');
INSERT OR IGNORE INTO regular_expressions (name, pattern) VALUES ('Remux_Tier_03_12GaugeShotgun', '^(12GaugeShotgun)$');
INSERT OR IGNORE INTO regular_expressions (name, pattern) VALUES ('Remux_Tier_03_decibeL', '^(decibeL)$');
INSERT OR IGNORE INTO regular_expressions (name, pattern) VALUES ('Remux_Tier_03_EPSiLON', '^(EPSiLON)$');
INSERT OR IGNORE INTO regular_expressions (name, pattern) VALUES ('Remux_Tier_03_HiFi', '^(HiFi)$');
INSERT OR IGNORE INTO regular_expressions (name, pattern) VALUES ('Remux_Tier_03_iFT', '^(iFT)$');
INSERT OR IGNORE INTO regular_expressions (name, pattern) VALUES ('Remux_Tier_03_KRaLiMaRKo', '^(KRaLiMaRKo)$');
INSERT OR IGNORE INTO regular_expressions (name, pattern) VALUES ('Remux_Tier_03_NTb', '^(NTb)$');
INSERT OR IGNORE INTO regular_expressions (name, pattern) VALUES ('Remux_Tier_03_PTP', '^(PTP)$');
INSERT OR IGNORE INTO regular_expressions (name, pattern) VALUES ('Remux_Tier_03_SumVision', '^(SumVision)$');
INSERT OR IGNORE INTO regular_expressions (name, pattern) VALUES ('Remux_Tier_03_TOA', '^(TOA)$');
INSERT OR IGNORE INTO regular_expressions (name, pattern) VALUES ('Remux_Tier_03_TRiToN', '^(TRiToN)$');
INSERT OR IGNORE INTO custom_format_conditions (custom_format_name, name, type, arr_type, negate, required) VALUES ('Remux Tier 03', 'Remux', 'quality_modifier', 'radarr', 0, 1);
INSERT OR IGNORE INTO custom_format_conditions (custom_format_name, name, type, arr_type, negate, required) VALUES ('Remux Tier 03', '12GaugeShotgun', 'pattern', 'radarr', 0, 0);
INSERT OR IGNORE INTO custom_format_conditions (custom_format_name, name, type, arr_type, negate, required) VALUES ('Remux Tier 03', 'decibeL', 'pattern', 'radarr', 0, 0);
INSERT OR IGNORE INTO custom_format_conditions (custom_format_name, name, type, arr_type, negate, required) VALUES ('Remux Tier 03', 'EPSiLON', 'pattern', 'radarr', 0, 0);
INSERT OR IGNORE INTO custom_format_conditions (custom_format_name, name, type, arr_type, negate, required) VALUES ('Remux Tier 03', 'HiFi', 'pattern', 'radarr', 0, 0);
INSERT OR IGNORE INTO custom_format_conditions (custom_format_name, name, type, arr_type, negate, required) VALUES ('Remux Tier 03', 'iFT', 'pattern', 'radarr', 0, 0);
INSERT OR IGNORE INTO custom_format_conditions (custom_format_name, name, type, arr_type, negate, required) VALUES ('Remux Tier 03', 'KRaLiMaRKo', 'pattern', 'radarr', 0, 0);
INSERT OR IGNORE INTO custom_format_conditions (custom_format_name, name, type, arr_type, negate, required) VALUES ('Remux Tier 03', 'NTb', 'pattern', 'radarr', 0, 0);
INSERT OR IGNORE INTO custom_format_conditions (custom_format_name, name, type, arr_type, negate, required) VALUES ('Remux Tier 03', 'PTP', 'pattern', 'radarr', 0, 0);
INSERT OR IGNORE INTO custom_format_conditions (custom_format_name, name, type, arr_type, negate, required) VALUES ('Remux Tier 03', 'SumVision', 'pattern', 'radarr', 0, 0);
INSERT OR IGNORE INTO custom_format_conditions (custom_format_name, name, type, arr_type, negate, required) VALUES ('Remux Tier 03', 'TOA', 'pattern', 'radarr', 0, 0);
INSERT OR IGNORE INTO custom_format_conditions (custom_format_name, name, type, arr_type, negate, required) VALUES ('Remux Tier 03', 'TRiToN', 'pattern', 'radarr', 0, 0);

INSERT OR IGNORE INTO custom_formats (name, description, include_in_rename) VALUES ('Repack/Proper', 'e7718d7a3ce595f289bfee26adc178f5', 0);
INSERT OR IGNORE INTO condition_patterns (custom_format_name, condition_name, regular_expression_name) VALUES ('Repack/Proper', 'RepackProperRerip', 'Repack/Proper_RepackProperRerip');
INSERT OR IGNORE INTO condition_patterns (custom_format_name, condition_name, regular_expression_name) VALUES ('Repack/Proper', 'Not Higher Version RepackProper', 'Repack/Proper_Not_Higher_Version_RepackProper');
INSERT OR IGNORE INTO regular_expressions (name, pattern) VALUES ('Repack/Proper_RepackProperRerip', '\b(Repack|Proper|Rerip)\b');
INSERT OR IGNORE INTO regular_expressions (name, pattern) VALUES ('Repack/Proper_Not_Higher_Version_RepackProper', '\b((repack|proper)[23])\b|\bREAL\.(REAL\.)?(PROPER|REPACK)\b');
INSERT OR IGNORE INTO custom_format_conditions (custom_format_name, name, type, arr_type, negate, required) VALUES ('Repack/Proper', 'RepackProperRerip', 'pattern', 'radarr', 0, 1);
INSERT OR IGNORE INTO custom_format_conditions (custom_format_name, name, type, arr_type, negate, required) VALUES ('Repack/Proper', 'Not Higher Version RepackProper', 'pattern', 'radarr', 1, 1);

INSERT OR IGNORE INTO custom_formats (name, description, include_in_rename) VALUES ('Repack2', 'ae43b294509409a6a13919dedd4764c4', 1);
INSERT OR IGNORE INTO condition_patterns (custom_format_name, condition_name, regular_expression_name) VALUES ('Repack2', 'RepackProper 2 or REALPROPERREPACK', 'Repack2_RepackProper_2_or_REALPROPERREPACK');
INSERT OR IGNORE INTO condition_patterns (custom_format_name, condition_name, regular_expression_name) VALUES ('Repack2', 'Not RepackProper 3', 'Repack2_Not_RepackProper_3');
INSERT OR IGNORE INTO regular_expressions (name, pattern) VALUES ('Repack2_RepackProper_2_or_REALPROPERREPACK', '\b((repack|proper)2)\b|\b(REAL\.(PROPER|REPACK))\b');
INSERT OR IGNORE INTO regular_expressions (name, pattern) VALUES ('Repack2_Not_RepackProper_3', '\b((repack|proper)3)\b|\bREAL\.(REAL\.)(PROPER|REPACK)\b');
INSERT OR IGNORE INTO custom_format_conditions (custom_format_name, name, type, arr_type, negate, required) VALUES ('Repack2', 'RepackProper 2 or REALPROPERREPACK', 'pattern', 'radarr', 0, 1);
INSERT OR IGNORE INTO custom_format_conditions (custom_format_name, name, type, arr_type, negate, required) VALUES ('Repack2', 'Not RepackProper 3', 'pattern', 'radarr', 1, 1);

INSERT OR IGNORE INTO custom_formats (name, description, include_in_rename) VALUES ('Repack3', '5caaaa1c08c1742aa4342d8c4cc463f2', 1);
INSERT OR IGNORE INTO condition_patterns (custom_format_name, condition_name, regular_expression_name) VALUES ('Repack3', 'RepackProper 3 or REALREALPROPERREPACK', 'Repack3_RepackProper_3_or_REALREALPROPERREPACK');
INSERT OR IGNORE INTO regular_expressions (name, pattern) VALUES ('Repack3_RepackProper_3_or_REALREALPROPERREPACK', '\b((repack|proper)3)\b|\b(REAL\.REAL\.(PROPER|REPACK))\b');
INSERT OR IGNORE INTO custom_format_conditions (custom_format_name, name, type, arr_type, negate, required) VALUES ('Repack3', 'RepackProper 3 or REALREALPROPERREPACK', 'pattern', 'radarr', 0, 1);

INSERT OR IGNORE INTO custom_formats (name, description, include_in_rename) VALUES ('Retags', '5c44f52a8714fdd79bb4d98e2673be1f', 0);
INSERT OR IGNORE INTO condition_patterns (custom_format_name, condition_name, regular_expression_name) VALUES ('Retags', 'rartv', 'Retags_rartv');
INSERT OR IGNORE INTO condition_patterns (custom_format_name, condition_name, regular_expression_name) VALUES ('Retags', 'rarbg', 'Retags_rarbg');
INSERT OR IGNORE INTO condition_patterns (custom_format_name, condition_name, regular_expression_name) VALUES ('Retags', 'eztv', 'Retags_eztv');
INSERT OR IGNORE INTO condition_patterns (custom_format_name, condition_name, regular_expression_name) VALUES ('Retags', 'TGx', 'Retags_TGx');
INSERT OR IGNORE INTO condition_patterns (custom_format_name, condition_name, regular_expression_name) VALUES ('Retags', 'VAV', 'Retags_VAV');
INSERT OR IGNORE INTO condition_patterns (custom_format_name, condition_name, regular_expression_name) VALUES ('Retags', 'heb', 'Retags_heb');
INSERT OR IGNORE INTO condition_patterns (custom_format_name, condition_name, regular_expression_name) VALUES ('Retags', 'ORARBG', 'Retags_ORARBG');
INSERT OR IGNORE INTO regular_expressions (name, pattern) VALUES ('Retags_rartv', '\[rartv\]');
INSERT OR IGNORE INTO regular_expressions (name, pattern) VALUES ('Retags_rarbg', '\[rarbg\]');
INSERT OR IGNORE INTO regular_expressions (name, pattern) VALUES ('Retags_eztv', '\[eztvx?[ ._-]?(io|re|to)?\]');
INSERT OR IGNORE INTO regular_expressions (name, pattern) VALUES ('Retags_TGx', '\[TGx\]');
INSERT OR IGNORE INTO regular_expressions (name, pattern) VALUES ('Retags_VAV', '[.]VAV\b');
INSERT OR IGNORE INTO regular_expressions (name, pattern) VALUES ('Retags_heb', '[.]heb\b');
INSERT OR IGNORE INTO regular_expressions (name, pattern) VALUES ('Retags_ORARBG', '\b(ORARBG)\b');
INSERT OR IGNORE INTO custom_format_conditions (custom_format_name, name, type, arr_type, negate, required) VALUES ('Retags', 'rartv', 'pattern', 'radarr', 0, 0);
INSERT OR IGNORE INTO custom_format_conditions (custom_format_name, name, type, arr_type, negate, required) VALUES ('Retags', 'rarbg', 'pattern', 'radarr', 0, 0);
INSERT OR IGNORE INTO custom_format_conditions (custom_format_name, name, type, arr_type, negate, required) VALUES ('Retags', 'eztv', 'pattern', 'radarr', 0, 0);
INSERT OR IGNORE INTO custom_format_conditions (custom_format_name, name, type, arr_type, negate, required) VALUES ('Retags', 'TGx', 'pattern', 'radarr', 0, 0);
INSERT OR IGNORE INTO custom_format_conditions (custom_format_name, name, type, arr_type, negate, required) VALUES ('Retags', 'VAV', 'pattern', 'radarr', 0, 0);
INSERT OR IGNORE INTO custom_format_conditions (custom_format_name, name, type, arr_type, negate, required) VALUES ('Retags', 'heb', 'pattern', 'radarr', 0, 0);
INSERT OR IGNORE INTO custom_format_conditions (custom_format_name, name, type, arr_type, negate, required) VALUES ('Retags', 'ORARBG', 'pattern', 'radarr', 0, 0);

INSERT OR IGNORE INTO custom_formats (name, description, include_in_rename) VALUES ('ROKU', '44c2b54d7c81c1a442a8b2cabeaef54f', 1);
INSERT OR IGNORE INTO condition_patterns (custom_format_name, condition_name, regular_expression_name) VALUES ('ROKU', 'ROKU', 'ROKU_ROKU');
INSERT OR IGNORE INTO condition_sources (custom_format_name, condition_name, source) VALUES ('ROKU', 'WEBDL', 'WEBDL');
INSERT OR IGNORE INTO condition_sources (custom_format_name, condition_name, source) VALUES ('ROKU', 'WEBRIP', 'WEBRIP');
INSERT OR IGNORE INTO regular_expressions (name, pattern) VALUES ('ROKU_ROKU', '\b(ROKU)\b');
INSERT OR IGNORE INTO custom_format_conditions (custom_format_name, name, type, arr_type, negate, required) VALUES ('ROKU', 'ROKU', 'pattern', 'radarr', 0, 1);
INSERT OR IGNORE INTO custom_format_conditions (custom_format_name, name, type, arr_type, negate, required) VALUES ('ROKU', 'WEBDL', 'source', 'radarr', 0, 0);
INSERT OR IGNORE INTO custom_format_conditions (custom_format_name, name, type, arr_type, negate, required) VALUES ('ROKU', 'WEBRIP', 'source', 'radarr', 0, 0);

INSERT OR IGNORE INTO custom_formats (name, description, include_in_rename) VALUES ('Scene', 'f537cf427b64c38c8e36298f657e4828', 0);
INSERT OR IGNORE INTO condition_patterns (custom_format_name, condition_name, regular_expression_name) VALUES ('Scene', 'Scene Groups  Naming', 'Scene_Scene_Groups__Naming');
INSERT OR IGNORE INTO condition_patterns (custom_format_name, condition_name, regular_expression_name) VALUES ('Scene', 'Not INFLATEDEFLATE', 'Scene_Not_INFLATEDEFLATE');
INSERT OR IGNORE INTO condition_patterns (custom_format_name, condition_name, regular_expression_name) VALUES ('Scene', 'Not GERMAN', 'Scene_Not_GERMAN');
INSERT OR IGNORE INTO regular_expressions (name, pattern) VALUES ('Scene_Scene_Groups__Naming', '^(?=.*(\b\d{3,4}p\b).*([_. ]WEB[_. ])(?!DL)\b)|\b(-CAKES|-GGEZ|-GGWP|-GLHF|-GOSSIP|-NAISU|-KOGI|-PECULATE|-SLOT|-EDITH|-ETHEL|-ELEANOR|-B2B|-SPAMnEGGS|-FTP|-DiRT|-SYNCOPY|-BAE|-SuccessfulCrab|-NHTFS|-SURCODE|-B0MBARDIERS|-D3US|-BROTHERHOOD|-W4K|-STRiKES)');
INSERT OR IGNORE INTO regular_expressions (name, pattern) VALUES ('Scene_Not_INFLATEDEFLATE', '\b(INFLATE|DEFLATE)\b');
INSERT OR IGNORE INTO regular_expressions (name, pattern) VALUES ('Scene_Not_GERMAN', '\b(GERMAN)\b');
INSERT OR IGNORE INTO custom_format_conditions (custom_format_name, name, type, arr_type, negate, required) VALUES ('Scene', 'Scene Groups  Naming', 'pattern', 'radarr', 0, 1);
INSERT OR IGNORE INTO custom_format_conditions (custom_format_name, name, type, arr_type, negate, required) VALUES ('Scene', 'Not INFLATEDEFLATE', 'pattern', 'radarr', 1, 1);
INSERT OR IGNORE INTO custom_format_conditions (custom_format_name, name, type, arr_type, negate, required) VALUES ('Scene', 'Not GERMAN', 'pattern', 'radarr', 1, 1);

INSERT OR IGNORE INTO custom_formats (name, description, include_in_rename) VALUES ('SDR (no WEBDL)', '25c12f78430a3a23413652cbd1d48d77', 0);
INSERT OR IGNORE INTO condition_patterns (custom_format_name, condition_name, regular_expression_name) VALUES ('SDR (no WEBDL)', 'HDR Formats', 'SDR_(no_WEBDL)_HDR_Formats');
INSERT OR IGNORE INTO condition_patterns (custom_format_name, condition_name, regular_expression_name) VALUES ('SDR (no WEBDL)', 'SDR', 'SDR_(no_WEBDL)_SDR');
INSERT OR IGNORE INTO condition_sources (custom_format_name, condition_name, source) VALUES ('SDR (no WEBDL)', 'Not WEBDL', 'WEBDL');
INSERT OR IGNORE INTO condition_sources (custom_format_name, condition_name, source) VALUES ('SDR (no WEBDL)', 'Not WEBRIP', 'WEBRIP');
INSERT OR IGNORE INTO condition_resolutions (custom_format_name, condition_name, resolution) VALUES ('SDR (no WEBDL)', '2160p', '2160');
INSERT OR IGNORE INTO regular_expressions (name, pattern) VALUES ('SDR_(no_WEBDL)_HDR_Formats', '\bHDR(\b|\d)|\b(dv|dovi|dolby[ .]?v(ision)?)\b|\b(FraMeSToR|HQMUX|SICFoI)\b|\b(PQ)\b|\bHLG(\b|\d)');
INSERT OR IGNORE INTO regular_expressions (name, pattern) VALUES ('SDR_(no_WEBDL)_SDR', '\bSDR\b');
INSERT OR IGNORE INTO custom_format_conditions (custom_format_name, name, type, arr_type, negate, required) VALUES ('SDR (no WEBDL)', '2160p', 'resolution', 'radarr', 0, 1);
INSERT OR IGNORE INTO custom_format_conditions (custom_format_name, name, type, arr_type, negate, required) VALUES ('SDR (no WEBDL)', 'HDR Formats', 'pattern', 'radarr', 1, 0);
INSERT OR IGNORE INTO custom_format_conditions (custom_format_name, name, type, arr_type, negate, required) VALUES ('SDR (no WEBDL)', 'SDR', 'pattern', 'radarr', 0, 0);
INSERT OR IGNORE INTO custom_format_conditions (custom_format_name, name, type, arr_type, negate, required) VALUES ('SDR (no WEBDL)', 'Not WEBDL', 'source', 'radarr', 1, 1);
INSERT OR IGNORE INTO custom_format_conditions (custom_format_name, name, type, arr_type, negate, required) VALUES ('SDR (no WEBDL)', 'Not WEBRIP', 'source', 'radarr', 1, 1);

INSERT OR IGNORE INTO custom_formats (name, description, include_in_rename) VALUES ('SDR', '9c38ebb7384dada637be8899efa68e6f', 0);
INSERT OR IGNORE INTO condition_patterns (custom_format_name, condition_name, regular_expression_name) VALUES ('SDR', 'HDR Formats', 'SDR_HDR_Formats');
INSERT OR IGNORE INTO condition_patterns (custom_format_name, condition_name, regular_expression_name) VALUES ('SDR', 'SDR', 'SDR_SDR');
INSERT OR IGNORE INTO condition_resolutions (custom_format_name, condition_name, resolution) VALUES ('SDR', '2160p', '2160');
INSERT OR IGNORE INTO regular_expressions (name, pattern) VALUES ('SDR_HDR_Formats', '\bHDR(\b|\d)|\b(dv|dovi|dolby[ .]?v(ision)?)\b|\b(FraMeSToR|HQMUX|SICFoI)\b|\b(PQ)\b|\bHLG(\b|\d)');
INSERT OR IGNORE INTO regular_expressions (name, pattern) VALUES ('SDR_SDR', '\bSDR\b');
INSERT OR IGNORE INTO custom_format_conditions (custom_format_name, name, type, arr_type, negate, required) VALUES ('SDR', '2160p', 'resolution', 'radarr', 0, 1);
INSERT OR IGNORE INTO custom_format_conditions (custom_format_name, name, type, arr_type, negate, required) VALUES ('SDR', 'HDR Formats', 'pattern', 'radarr', 1, 0);
INSERT OR IGNORE INTO custom_format_conditions (custom_format_name, name, type, arr_type, negate, required) VALUES ('SDR', 'SDR', 'pattern', 'radarr', 0, 0);

INSERT OR IGNORE INTO custom_formats (name, description, include_in_rename) VALUES ('SiC', '8cd3ac70db7ac318cf9a0e01333940a4', 0);
INSERT OR IGNORE INTO condition_patterns (custom_format_name, condition_name, regular_expression_name) VALUES ('SiC', 'SiC', 'SiC_SiC');
INSERT OR IGNORE INTO condition_patterns (custom_format_name, condition_name, regular_expression_name) VALUES ('SiC', 'HDR', 'SiC_HDR');
INSERT OR IGNORE INTO condition_patterns (custom_format_name, condition_name, regular_expression_name) VALUES ('SiC', 'DV', 'SiC_DV');
INSERT OR IGNORE INTO condition_sources (custom_format_name, condition_name, source) VALUES ('SiC', 'WEBDL', 'WEBDL');
INSERT OR IGNORE INTO condition_resolutions (custom_format_name, condition_name, resolution) VALUES ('SiC', '2160p', '2160');
INSERT OR IGNORE INTO regular_expressions (name, pattern) VALUES ('SiC_SiC', '\bSiC\b');
INSERT OR IGNORE INTO regular_expressions (name, pattern) VALUES ('SiC_HDR', '\bHDR(\b|\d)');
INSERT OR IGNORE INTO regular_expressions (name, pattern) VALUES ('SiC_DV', '\b(dv|dovi|dolby[ .]?v(ision)?)\b');
INSERT OR IGNORE INTO custom_format_conditions (custom_format_name, name, type, arr_type, negate, required) VALUES ('SiC', 'SiC', 'pattern', 'radarr', 0, 1);
INSERT OR IGNORE INTO custom_format_conditions (custom_format_name, name, type, arr_type, negate, required) VALUES ('SiC', '2160p', 'resolution', 'radarr', 0, 1);
INSERT OR IGNORE INTO custom_format_conditions (custom_format_name, name, type, arr_type, negate, required) VALUES ('SiC', 'WEBDL', 'source', 'radarr', 0, 1);
INSERT OR IGNORE INTO custom_format_conditions (custom_format_name, name, type, arr_type, negate, required) VALUES ('SiC', 'HDR', 'pattern', 'radarr', 0, 1);
INSERT OR IGNORE INTO custom_format_conditions (custom_format_name, name, type, arr_type, negate, required) VALUES ('SiC', 'DV', 'pattern', 'radarr', 0, 1);

INSERT OR IGNORE INTO custom_formats (name, description, include_in_rename) VALUES ('Sing-Along Versions', '712d74cd88bceb883ee32f773656b1f5', 0);
INSERT OR IGNORE INTO condition_patterns (custom_format_name, condition_name, regular_expression_name) VALUES ('Sing-Along Versions', 'Sing-Along', 'Sing-Along_Versions_Sing-Along');
INSERT OR IGNORE INTO regular_expressions (name, pattern) VALUES ('Sing-Along_Versions_Sing-Along', '(?<=\b[12]\d{3}\b).*\b(Sing[-_. ]Along)\b');
INSERT OR IGNORE INTO custom_format_conditions (custom_format_name, name, type, arr_type, negate, required) VALUES ('Sing-Along Versions', 'Sing-Along', 'pattern', 'radarr', 0, 1);

INSERT OR IGNORE INTO custom_formats (name, description, include_in_rename) VALUES ('Special Edition', '957d0f44b592285f26449575e8b1167e', 0);
INSERT OR IGNORE INTO condition_patterns (custom_format_name, condition_name, regular_expression_name) VALUES ('Special Edition', 'Special Edition', 'Special_Edition_Special_Edition');
INSERT OR IGNORE INTO condition_patterns (custom_format_name, condition_name, regular_expression_name) VALUES ('Special Edition', 'Not IMAX Edition', 'Special_Edition_Not_IMAX_Edition');
INSERT OR IGNORE INTO condition_patterns (custom_format_name, condition_name, regular_expression_name) VALUES ('Special Edition', 'Not Open Matte', 'Special_Edition_Not_Open_Matte');
INSERT OR IGNORE INTO condition_patterns (custom_format_name, condition_name, regular_expression_name) VALUES ('Special Edition', 'Not Theatrical', 'Special_Edition_Not_Theatrical');
INSERT OR IGNORE INTO condition_patterns (custom_format_name, condition_name, regular_expression_name) VALUES ('Special Edition', 'Not Extended Clip', 'Special_Edition_Not_Extended_Clip');
INSERT OR IGNORE INTO regular_expressions (name, pattern) VALUES ('Special_Edition_Special_Edition', '(?<!^|{)\b(extended|uncut|directors|special|unrated|uncensored|cut|version|edition)(\b|\d)');
INSERT OR IGNORE INTO regular_expressions (name, pattern) VALUES ('Special_Edition_Not_IMAX_Edition', '\b(IMAX[ ._-]Edition)\b');
INSERT OR IGNORE INTO regular_expressions (name, pattern) VALUES ('Special_Edition_Not_Open_Matte', '\b(Open[ ._-]?Matte)\b');
INSERT OR IGNORE INTO regular_expressions (name, pattern) VALUES ('Special_Edition_Not_Theatrical', 'Theatrical');
INSERT OR IGNORE INTO regular_expressions (name, pattern) VALUES ('Special_Edition_Not_Extended_Clip', '\b(Extended[ ._-]Clip)\b');
INSERT OR IGNORE INTO custom_format_conditions (custom_format_name, name, type, arr_type, negate, required) VALUES ('Special Edition', 'Special Edition', 'pattern', 'radarr', 0, 1);
INSERT OR IGNORE INTO custom_format_conditions (custom_format_name, name, type, arr_type, negate, required) VALUES ('Special Edition', 'Not IMAX Edition', 'pattern', 'radarr', 1, 1);
INSERT OR IGNORE INTO custom_format_conditions (custom_format_name, name, type, arr_type, negate, required) VALUES ('Special Edition', 'Not Open Matte', 'pattern', 'radarr', 1, 1);
INSERT OR IGNORE INTO custom_format_conditions (custom_format_name, name, type, arr_type, negate, required) VALUES ('Special Edition', 'Not Theatrical', 'pattern', 'radarr', 1, 1);
INSERT OR IGNORE INTO custom_format_conditions (custom_format_name, name, type, arr_type, negate, required) VALUES ('Special Edition', 'Not Extended Clip', 'pattern', 'radarr', 1, 1);

INSERT OR IGNORE INTO custom_formats (name, description, include_in_rename) VALUES ('STAN', 'c2863d2a50c9acad1fb50e53ece60817', 1);
INSERT OR IGNORE INTO condition_patterns (custom_format_name, condition_name, regular_expression_name) VALUES ('STAN', 'Stan', 'STAN_Stan');
INSERT OR IGNORE INTO condition_patterns (custom_format_name, condition_name, regular_expression_name) VALUES ('STAN', 'Stan Rename', 'STAN_Stan_Rename');
INSERT OR IGNORE INTO condition_sources (custom_format_name, condition_name, source) VALUES ('STAN', 'WEBDL', 'WEBDL');
INSERT OR IGNORE INTO condition_sources (custom_format_name, condition_name, source) VALUES ('STAN', 'WEBRIP', 'WEBRIP');
INSERT OR IGNORE INTO regular_expressions (name, pattern) VALUES ('STAN_Stan', '\b(stan)\b[ ._-]web[ ._-]?(dl|rip)?\b');
INSERT OR IGNORE INTO regular_expressions (name, pattern) VALUES ('STAN_Stan_Rename', '\[(STAN)\b|\b(STAN)\]');
INSERT OR IGNORE INTO custom_format_conditions (custom_format_name, name, type, arr_type, negate, required) VALUES ('STAN', 'Stan', 'pattern', 'radarr', 0, 0);
INSERT OR IGNORE INTO custom_format_conditions (custom_format_name, name, type, arr_type, negate, required) VALUES ('STAN', 'Stan Rename', 'pattern', 'radarr', 0, 0);
INSERT OR IGNORE INTO custom_format_conditions (custom_format_name, name, type, arr_type, negate, required) VALUES ('STAN', 'WEBDL', 'source', 'radarr', 0, 0);
INSERT OR IGNORE INTO custom_format_conditions (custom_format_name, name, type, arr_type, negate, required) VALUES ('STAN', 'WEBRIP', 'source', 'radarr', 0, 0);

INSERT OR IGNORE INTO custom_formats (name, description, include_in_rename) VALUES ('STRP', 'ab56ccdc473a1f2897c76187ea365be2', 1);
INSERT OR IGNORE INTO condition_patterns (custom_format_name, condition_name, regular_expression_name) VALUES ('STRP', 'Star', 'STRP_Star');
INSERT OR IGNORE INTO condition_sources (custom_format_name, condition_name, source) VALUES ('STRP', 'WEBDL', 'WEBDL');
INSERT OR IGNORE INTO condition_sources (custom_format_name, condition_name, source) VALUES ('STRP', 'WEBRIP', 'WEBRIP');
INSERT OR IGNORE INTO regular_expressions (name, pattern) VALUES ('STRP_Star', '\b(STRP)\b');
INSERT OR IGNORE INTO custom_format_conditions (custom_format_name, name, type, arr_type, negate, required) VALUES ('STRP', 'Star', 'pattern', 'radarr', 0, 1);
INSERT OR IGNORE INTO custom_format_conditions (custom_format_name, name, type, arr_type, negate, required) VALUES ('STRP', 'WEBDL', 'source', 'radarr', 0, 0);
INSERT OR IGNORE INTO custom_format_conditions (custom_format_name, name, type, arr_type, negate, required) VALUES ('STRP', 'WEBRIP', 'source', 'radarr', 0, 0);

INSERT OR IGNORE INTO custom_formats (name, description, include_in_rename) VALUES ('Theatrical Cut', 'e9001909a4c88013a359d0b9920d7bea', 0);
INSERT OR IGNORE INTO condition_patterns (custom_format_name, condition_name, regular_expression_name) VALUES ('Theatrical Cut', 'Theatrical', 'Theatrical_Cut_Theatrical');
INSERT OR IGNORE INTO regular_expressions (name, pattern) VALUES ('Theatrical_Cut_Theatrical', 'Theatrical');
INSERT OR IGNORE INTO custom_format_conditions (custom_format_name, name, type, arr_type, negate, required) VALUES ('Theatrical Cut', 'Theatrical', 'pattern', 'radarr', 0, 1);

INSERT OR IGNORE INTO custom_formats (name, description, include_in_rename) VALUES ('TheFarm', 'd66d26d37c32b0137cd26f42abaa7c2e', 0);
INSERT OR IGNORE INTO condition_patterns (custom_format_name, condition_name, regular_expression_name) VALUES ('TheFarm', 'TheFarm', 'TheFarm_TheFarm');
INSERT OR IGNORE INTO regular_expressions (name, pattern) VALUES ('TheFarm_TheFarm', '^(TheFarm)$');
INSERT OR IGNORE INTO custom_format_conditions (custom_format_name, name, type, arr_type, negate, required) VALUES ('TheFarm', 'TheFarm', 'pattern', 'radarr', 0, 1);

INSERT OR IGNORE INTO custom_formats (name, description, include_in_rename) VALUES ('TrueHD ATMOS', '496f355514737f7d83bf7aa4d24f8169', 0);
INSERT OR IGNORE INTO condition_patterns (custom_format_name, condition_name, regular_expression_name) VALUES ('TrueHD ATMOS', 'TrueHD', 'TrueHD_ATMOS_TrueHD');
INSERT OR IGNORE INTO condition_patterns (custom_format_name, condition_name, regular_expression_name) VALUES ('TrueHD ATMOS', 'ATMOS', 'TrueHD_ATMOS_ATMOS');
INSERT OR IGNORE INTO condition_patterns (custom_format_name, condition_name, regular_expression_name) VALUES ('TrueHD ATMOS', 'Not Basic Dolby Digital', 'TrueHD_ATMOS_Not_Basic_Dolby_Digital');
INSERT OR IGNORE INTO condition_patterns (custom_format_name, condition_name, regular_expression_name) VALUES ('TrueHD ATMOS', 'Not Dolby Digital Plus ', 'TrueHD_ATMOS_Not_Dolby_Digital_Plus_');
INSERT OR IGNORE INTO condition_patterns (custom_format_name, condition_name, regular_expression_name) VALUES ('TrueHD ATMOS', 'Not DTS', 'TrueHD_ATMOS_Not_DTS');
INSERT OR IGNORE INTO condition_patterns (custom_format_name, condition_name, regular_expression_name) VALUES ('TrueHD ATMOS', 'Not DTS X', 'TrueHD_ATMOS_Not_DTS_X');
INSERT OR IGNORE INTO condition_patterns (custom_format_name, condition_name, regular_expression_name) VALUES ('TrueHD ATMOS', 'Not FLAC', 'TrueHD_ATMOS_Not_FLAC');
INSERT OR IGNORE INTO regular_expressions (name, pattern) VALUES ('TrueHD_ATMOS_TrueHD', 'True[ .-]?HD|W4NK3R|HQMUX');
INSERT OR IGNORE INTO regular_expressions (name, pattern) VALUES ('TrueHD_ATMOS_ATMOS', '\b(ATMOS|CtrlHD|W4NK3R|DON)(\b|\d)');
INSERT OR IGNORE INTO regular_expressions (name, pattern) VALUES ('TrueHD_ATMOS_Not_Basic_Dolby_Digital', '\bDD[^a-z+]|(?<!e-)\b(ac-?3)\b');
INSERT OR IGNORE INTO regular_expressions (name, pattern) VALUES ('TrueHD_ATMOS_Not_Dolby_Digital_Plus_', '\bDD[P+]|\b(e[-_. ]?ac-?3)\b');
INSERT OR IGNORE INTO regular_expressions (name, pattern) VALUES ('TrueHD_ATMOS_Not_DTS', '\bDTS(\b|\d)');
INSERT OR IGNORE INTO regular_expressions (name, pattern) VALUES ('TrueHD_ATMOS_Not_DTS_X', '\b(dts[-_.: ]?x7?)\b(?![-_. ]?(26[456]))');
INSERT OR IGNORE INTO regular_expressions (name, pattern) VALUES ('TrueHD_ATMOS_Not_FLAC', '\bFLAC(\b|\d)');
INSERT OR IGNORE INTO custom_format_conditions (custom_format_name, name, type, arr_type, negate, required) VALUES ('TrueHD ATMOS', 'TrueHD', 'pattern', 'radarr', 0, 1);
INSERT OR IGNORE INTO custom_format_conditions (custom_format_name, name, type, arr_type, negate, required) VALUES ('TrueHD ATMOS', 'ATMOS', 'pattern', 'radarr', 0, 1);
INSERT OR IGNORE INTO custom_format_conditions (custom_format_name, name, type, arr_type, negate, required) VALUES ('TrueHD ATMOS', 'Not Basic Dolby Digital', 'pattern', 'radarr', 1, 1);
INSERT OR IGNORE INTO custom_format_conditions (custom_format_name, name, type, arr_type, negate, required) VALUES ('TrueHD ATMOS', 'Not Dolby Digital Plus ', 'pattern', 'radarr', 1, 1);
INSERT OR IGNORE INTO custom_format_conditions (custom_format_name, name, type, arr_type, negate, required) VALUES ('TrueHD ATMOS', 'Not DTS', 'pattern', 'radarr', 1, 1);
INSERT OR IGNORE INTO custom_format_conditions (custom_format_name, name, type, arr_type, negate, required) VALUES ('TrueHD ATMOS', 'Not DTS X', 'pattern', 'radarr', 1, 1);
INSERT OR IGNORE INTO custom_format_conditions (custom_format_name, name, type, arr_type, negate, required) VALUES ('TrueHD ATMOS', 'Not FLAC', 'pattern', 'radarr', 1, 1);

INSERT OR IGNORE INTO custom_formats (name, description, include_in_rename) VALUES ('TrueHD', '3cafb66171b47f226146a0770576870f', 0);
INSERT OR IGNORE INTO condition_patterns (custom_format_name, condition_name, regular_expression_name) VALUES ('TrueHD', 'TrueHD', 'TrueHD_TrueHD');
INSERT OR IGNORE INTO condition_patterns (custom_format_name, condition_name, regular_expression_name) VALUES ('TrueHD', 'ATMOS', 'TrueHD_ATMOS');
INSERT OR IGNORE INTO condition_patterns (custom_format_name, condition_name, regular_expression_name) VALUES ('TrueHD', 'Not Dolby Digital Plus', 'TrueHD_Not_Dolby_Digital_Plus');
INSERT OR IGNORE INTO condition_patterns (custom_format_name, condition_name, regular_expression_name) VALUES ('TrueHD', 'Not DTS', 'TrueHD_Not_DTS');
INSERT OR IGNORE INTO condition_patterns (custom_format_name, condition_name, regular_expression_name) VALUES ('TrueHD', 'Not FLAC', 'TrueHD_Not_FLAC');
INSERT OR IGNORE INTO condition_patterns (custom_format_name, condition_name, regular_expression_name) VALUES ('TrueHD', 'Not Basic Dolby Digital', 'TrueHD_Not_Basic_Dolby_Digital');
INSERT OR IGNORE INTO condition_patterns (custom_format_name, condition_name, regular_expression_name) VALUES ('TrueHD', 'Not RlsGrp TrueHD only', 'TrueHD_Not_RlsGrp_TrueHD_only');
INSERT OR IGNORE INTO regular_expressions (name, pattern) VALUES ('TrueHD_TrueHD', 'True[ .-]?HD');
INSERT OR IGNORE INTO regular_expressions (name, pattern) VALUES ('TrueHD_ATMOS', '\bATMOS(\b|\d)');
INSERT OR IGNORE INTO regular_expressions (name, pattern) VALUES ('TrueHD_Not_Dolby_Digital_Plus', '\bDD[P+]|\b(e[-_. ]?ac-?3)\b');
INSERT OR IGNORE INTO regular_expressions (name, pattern) VALUES ('TrueHD_Not_DTS', '\bDTS(\b|\d)');
INSERT OR IGNORE INTO regular_expressions (name, pattern) VALUES ('TrueHD_Not_FLAC', '\bFLAC(\b|\d)');
INSERT OR IGNORE INTO regular_expressions (name, pattern) VALUES ('TrueHD_Not_Basic_Dolby_Digital', '\bDD[^a-z+]|(?<!e-)\b(ac-?3)\b');
INSERT OR IGNORE INTO regular_expressions (name, pattern) VALUES ('TrueHD_Not_RlsGrp_TrueHD_only', '\b(CtrlHD|W4NK3R|DON)\b');
INSERT OR IGNORE INTO custom_format_conditions (custom_format_name, name, type, arr_type, negate, required) VALUES ('TrueHD', 'TrueHD', 'pattern', 'radarr', 0, 1);
INSERT OR IGNORE INTO custom_format_conditions (custom_format_name, name, type, arr_type, negate, required) VALUES ('TrueHD', 'ATMOS', 'pattern', 'radarr', 1, 1);
INSERT OR IGNORE INTO custom_format_conditions (custom_format_name, name, type, arr_type, negate, required) VALUES ('TrueHD', 'Not Dolby Digital Plus', 'pattern', 'radarr', 1, 1);
INSERT OR IGNORE INTO custom_format_conditions (custom_format_name, name, type, arr_type, negate, required) VALUES ('TrueHD', 'Not DTS', 'pattern', 'radarr', 1, 1);
INSERT OR IGNORE INTO custom_format_conditions (custom_format_name, name, type, arr_type, negate, required) VALUES ('TrueHD', 'Not FLAC', 'pattern', 'radarr', 1, 1);
INSERT OR IGNORE INTO custom_format_conditions (custom_format_name, name, type, arr_type, negate, required) VALUES ('TrueHD', 'Not Basic Dolby Digital', 'pattern', 'radarr', 1, 1);
INSERT OR IGNORE INTO custom_format_conditions (custom_format_name, name, type, arr_type, negate, required) VALUES ('TrueHD', 'Not RlsGrp TrueHD only', 'pattern', 'radarr', 1, 1);

INSERT OR IGNORE INTO custom_formats (name, description, include_in_rename) VALUES ('TVer', 'f1b0bae9bc222dab32c1b38b5a7a1088', 1);
INSERT OR IGNORE INTO condition_patterns (custom_format_name, condition_name, regular_expression_name) VALUES ('TVer', 'TVer', 'TVer_TVer');
INSERT OR IGNORE INTO condition_sources (custom_format_name, condition_name, source) VALUES ('TVer', 'WEBDL', 'WEBDL');
INSERT OR IGNORE INTO condition_sources (custom_format_name, condition_name, source) VALUES ('TVer', 'WEBRIP', 'WEBRIP');
INSERT OR IGNORE INTO regular_expressions (name, pattern) VALUES ('TVer_TVer', '\b(tver)\b');
INSERT OR IGNORE INTO custom_format_conditions (custom_format_name, name, type, arr_type, negate, required) VALUES ('TVer', 'TVer', 'pattern', 'radarr', 0, 1);
INSERT OR IGNORE INTO custom_format_conditions (custom_format_name, name, type, arr_type, negate, required) VALUES ('TVer', 'WEBDL', 'source', 'radarr', 0, 0);
INSERT OR IGNORE INTO custom_format_conditions (custom_format_name, name, type, arr_type, negate, required) VALUES ('TVer', 'WEBRIP', 'source', 'radarr', 0, 0);

INSERT OR IGNORE INTO custom_formats (name, description, include_in_rename) VALUES ('TVING', '26df36e3d2a96de2f8b7166ae37d3c33', 1);
INSERT OR IGNORE INTO condition_patterns (custom_format_name, condition_name, regular_expression_name) VALUES ('TVING', 'TVING', 'TVING_TVING');
INSERT OR IGNORE INTO condition_patterns (custom_format_name, condition_name, regular_expression_name) VALUES ('TVING', 'TVING Rename', 'TVING_TVING_Rename');
INSERT OR IGNORE INTO condition_sources (custom_format_name, condition_name, source) VALUES ('TVING', 'WEBDL', 'WEBDL');
INSERT OR IGNORE INTO condition_sources (custom_format_name, condition_name, source) VALUES ('TVING', 'WEBRIP', 'WEBRIP');
INSERT OR IGNORE INTO regular_expressions (name, pattern) VALUES ('TVING_TVING', '\b(tving)\b[ ._-]web[ ._-]?(dl|rip)?\b');
INSERT OR IGNORE INTO regular_expressions (name, pattern) VALUES ('TVING_TVING_Rename', '\[(TVING)\b|\b(TVING)\]');
INSERT OR IGNORE INTO custom_format_conditions (custom_format_name, name, type, arr_type, negate, required) VALUES ('TVING', 'TVING', 'pattern', 'radarr', 0, 0);
INSERT OR IGNORE INTO custom_format_conditions (custom_format_name, name, type, arr_type, negate, required) VALUES ('TVING', 'TVING Rename', 'pattern', 'radarr', 0, 0);
INSERT OR IGNORE INTO custom_format_conditions (custom_format_name, name, type, arr_type, negate, required) VALUES ('TVING', 'WEBDL', 'source', 'radarr', 0, 0);
INSERT OR IGNORE INTO custom_format_conditions (custom_format_name, name, type, arr_type, negate, required) VALUES ('TVING', 'WEBRIP', 'source', 'radarr', 0, 0);

INSERT OR IGNORE INTO custom_formats (name, description, include_in_rename) VALUES ('U-NEXT', '279bda7434fd9075786de274e6c3c202', 1);
INSERT OR IGNORE INTO condition_patterns (custom_format_name, condition_name, regular_expression_name) VALUES ('U-NEXT', 'U-NEXT', 'U-NEXT_U-NEXT');
INSERT OR IGNORE INTO condition_sources (custom_format_name, condition_name, source) VALUES ('U-NEXT', 'WEBDL', 'WEBDL');
INSERT OR IGNORE INTO condition_sources (custom_format_name, condition_name, source) VALUES ('U-NEXT', 'WEBRIP', 'WEBRIP');
INSERT OR IGNORE INTO regular_expressions (name, pattern) VALUES ('U-NEXT_U-NEXT', '\b(u-next)\b');
INSERT OR IGNORE INTO custom_format_conditions (custom_format_name, name, type, arr_type, negate, required) VALUES ('U-NEXT', 'U-NEXT', 'pattern', 'radarr', 0, 1);
INSERT OR IGNORE INTO custom_format_conditions (custom_format_name, name, type, arr_type, negate, required) VALUES ('U-NEXT', 'WEBDL', 'source', 'radarr', 0, 0);
INSERT OR IGNORE INTO custom_format_conditions (custom_format_name, name, type, arr_type, negate, required) VALUES ('U-NEXT', 'WEBRIP', 'source', 'radarr', 0, 0);

INSERT OR IGNORE INTO custom_formats (name, description, include_in_rename) VALUES ('UHD Bluray Tier 01', '4d74ac4c4db0b64bff6ce0cffef99bf0', 0);
INSERT OR IGNORE INTO condition_patterns (custom_format_name, condition_name, regular_expression_name) VALUES ('UHD Bluray Tier 01', 'CtrlHD', 'UHD_Bluray_Tier_01_CtrlHD');
INSERT OR IGNORE INTO condition_patterns (custom_format_name, condition_name, regular_expression_name) VALUES ('UHD Bluray Tier 01', 'MainFrame', 'UHD_Bluray_Tier_01_MainFrame');
INSERT OR IGNORE INTO condition_patterns (custom_format_name, condition_name, regular_expression_name) VALUES ('UHD Bluray Tier 01', 'DON', 'UHD_Bluray_Tier_01_DON');
INSERT OR IGNORE INTO condition_patterns (custom_format_name, condition_name, regular_expression_name) VALUES ('UHD Bluray Tier 01', 'W4NK3R', 'UHD_Bluray_Tier_01_W4NK3R');
INSERT OR IGNORE INTO condition_sources (custom_format_name, condition_name, source) VALUES ('UHD Bluray Tier 01', 'Not WEBDL', 'WEBDL');
INSERT OR IGNORE INTO condition_sources (custom_format_name, condition_name, source) VALUES ('UHD Bluray Tier 01', 'Not WEBRIP', 'WEBRIP');
INSERT OR IGNORE INTO condition_resolutions (custom_format_name, condition_name, resolution) VALUES ('UHD Bluray Tier 01', '2160p', '2160');
INSERT OR IGNORE INTO condition_quality_modifiers (custom_format_name, condition_name, quality_modifier) VALUES ('UHD Bluray Tier 01', 'Not REMUX', '5');
INSERT OR IGNORE INTO regular_expressions (name, pattern) VALUES ('UHD_Bluray_Tier_01_CtrlHD', '^(CtrlHD)$');
INSERT OR IGNORE INTO regular_expressions (name, pattern) VALUES ('UHD_Bluray_Tier_01_MainFrame', '^(MainFrame)$');
INSERT OR IGNORE INTO regular_expressions (name, pattern) VALUES ('UHD_Bluray_Tier_01_DON', '^(DON)$');
INSERT OR IGNORE INTO regular_expressions (name, pattern) VALUES ('UHD_Bluray_Tier_01_W4NK3R', '^(W4NK3R)$');
INSERT OR IGNORE INTO custom_format_conditions (custom_format_name, name, type, arr_type, negate, required) VALUES ('UHD Bluray Tier 01', 'Not REMUX', 'quality_modifier', 'radarr', 1, 1);
INSERT OR IGNORE INTO custom_format_conditions (custom_format_name, name, type, arr_type, negate, required) VALUES ('UHD Bluray Tier 01', 'Not WEBDL', 'source', 'radarr', 1, 1);
INSERT OR IGNORE INTO custom_format_conditions (custom_format_name, name, type, arr_type, negate, required) VALUES ('UHD Bluray Tier 01', 'Not WEBRIP', 'source', 'radarr', 1, 1);
INSERT OR IGNORE INTO custom_format_conditions (custom_format_name, name, type, arr_type, negate, required) VALUES ('UHD Bluray Tier 01', '2160p', 'resolution', 'radarr', 0, 1);
INSERT OR IGNORE INTO custom_format_conditions (custom_format_name, name, type, arr_type, negate, required) VALUES ('UHD Bluray Tier 01', 'CtrlHD', 'pattern', 'radarr', 0, 0);
INSERT OR IGNORE INTO custom_format_conditions (custom_format_name, name, type, arr_type, negate, required) VALUES ('UHD Bluray Tier 01', 'MainFrame', 'pattern', 'radarr', 0, 0);
INSERT OR IGNORE INTO custom_format_conditions (custom_format_name, name, type, arr_type, negate, required) VALUES ('UHD Bluray Tier 01', 'DON', 'pattern', 'radarr', 0, 0);
INSERT OR IGNORE INTO custom_format_conditions (custom_format_name, name, type, arr_type, negate, required) VALUES ('UHD Bluray Tier 01', 'W4NK3R', 'pattern', 'radarr', 0, 0);

INSERT OR IGNORE INTO custom_formats (name, description, include_in_rename) VALUES ('UHD Bluray Tier 02', 'a58f517a70193f8e578056642178419d', 0);
INSERT OR IGNORE INTO condition_patterns (custom_format_name, condition_name, regular_expression_name) VALUES ('UHD Bluray Tier 02', 'HQMUX', 'UHD_Bluray_Tier_02_HQMUX');
INSERT OR IGNORE INTO condition_sources (custom_format_name, condition_name, source) VALUES ('UHD Bluray Tier 02', 'Not WEBDL', 'WEBDL');
INSERT OR IGNORE INTO condition_sources (custom_format_name, condition_name, source) VALUES ('UHD Bluray Tier 02', 'Not WEBRIP', 'WEBRIP');
INSERT OR IGNORE INTO condition_resolutions (custom_format_name, condition_name, resolution) VALUES ('UHD Bluray Tier 02', '2160p', '2160');
INSERT OR IGNORE INTO condition_quality_modifiers (custom_format_name, condition_name, quality_modifier) VALUES ('UHD Bluray Tier 02', 'Not REMUX', '5');
INSERT OR IGNORE INTO regular_expressions (name, pattern) VALUES ('UHD_Bluray_Tier_02_HQMUX', '^(HQMUX)$');
INSERT OR IGNORE INTO custom_format_conditions (custom_format_name, name, type, arr_type, negate, required) VALUES ('UHD Bluray Tier 02', 'Not REMUX', 'quality_modifier', 'radarr', 1, 1);
INSERT OR IGNORE INTO custom_format_conditions (custom_format_name, name, type, arr_type, negate, required) VALUES ('UHD Bluray Tier 02', 'Not WEBDL', 'source', 'radarr', 1, 1);
INSERT OR IGNORE INTO custom_format_conditions (custom_format_name, name, type, arr_type, negate, required) VALUES ('UHD Bluray Tier 02', 'Not WEBRIP', 'source', 'radarr', 1, 1);
INSERT OR IGNORE INTO custom_format_conditions (custom_format_name, name, type, arr_type, negate, required) VALUES ('UHD Bluray Tier 02', '2160p', 'resolution', 'radarr', 0, 1);
INSERT OR IGNORE INTO custom_format_conditions (custom_format_name, name, type, arr_type, negate, required) VALUES ('UHD Bluray Tier 02', 'HQMUX', 'pattern', 'radarr', 0, 0);

INSERT OR IGNORE INTO custom_formats (name, description, include_in_rename) VALUES ('UHD Bluray Tier 03', 'e71939fae578037e7aed3ee219bbe7c1', 0);
INSERT OR IGNORE INTO condition_patterns (custom_format_name, condition_name, regular_expression_name) VALUES ('UHD Bluray Tier 03', 'BHDStudio', 'UHD_Bluray_Tier_03_BHDStudio');
INSERT OR IGNORE INTO condition_patterns (custom_format_name, condition_name, regular_expression_name) VALUES ('UHD Bluray Tier 03', 'hallowed', 'UHD_Bluray_Tier_03_hallowed');
INSERT OR IGNORE INTO condition_patterns (custom_format_name, condition_name, regular_expression_name) VALUES ('UHD Bluray Tier 03', 'HONE', 'UHD_Bluray_Tier_03_HONE');
INSERT OR IGNORE INTO condition_patterns (custom_format_name, condition_name, regular_expression_name) VALUES ('UHD Bluray Tier 03', 'PTer', 'UHD_Bluray_Tier_03_PTer');
INSERT OR IGNORE INTO condition_patterns (custom_format_name, condition_name, regular_expression_name) VALUES ('UHD Bluray Tier 03', 'SPHD', 'UHD_Bluray_Tier_03_SPHD');
INSERT OR IGNORE INTO condition_patterns (custom_format_name, condition_name, regular_expression_name) VALUES ('UHD Bluray Tier 03', 'WEBDV', 'UHD_Bluray_Tier_03_WEBDV');
INSERT OR IGNORE INTO condition_sources (custom_format_name, condition_name, source) VALUES ('UHD Bluray Tier 03', 'Not WEBDL', 'WEBDL');
INSERT OR IGNORE INTO condition_sources (custom_format_name, condition_name, source) VALUES ('UHD Bluray Tier 03', 'Not WEBRIP', 'WEBRIP');
INSERT OR IGNORE INTO condition_resolutions (custom_format_name, condition_name, resolution) VALUES ('UHD Bluray Tier 03', '2160p', '2160');
INSERT OR IGNORE INTO condition_quality_modifiers (custom_format_name, condition_name, quality_modifier) VALUES ('UHD Bluray Tier 03', 'Not REMUX', '5');
INSERT OR IGNORE INTO regular_expressions (name, pattern) VALUES ('UHD_Bluray_Tier_03_BHDStudio', '^(BHDStudio)$');
INSERT OR IGNORE INTO regular_expressions (name, pattern) VALUES ('UHD_Bluray_Tier_03_hallowed', '^(hallowed)$');
INSERT OR IGNORE INTO regular_expressions (name, pattern) VALUES ('UHD_Bluray_Tier_03_HONE', '^(HONE)$');
INSERT OR IGNORE INTO regular_expressions (name, pattern) VALUES ('UHD_Bluray_Tier_03_PTer', '^(PTer)$');
INSERT OR IGNORE INTO regular_expressions (name, pattern) VALUES ('UHD_Bluray_Tier_03_SPHD', '^(SPHD)$');
INSERT OR IGNORE INTO regular_expressions (name, pattern) VALUES ('UHD_Bluray_Tier_03_WEBDV', '^(WEBDV)$');
INSERT OR IGNORE INTO custom_format_conditions (custom_format_name, name, type, arr_type, negate, required) VALUES ('UHD Bluray Tier 03', 'Not REMUX', 'quality_modifier', 'radarr', 1, 1);
INSERT OR IGNORE INTO custom_format_conditions (custom_format_name, name, type, arr_type, negate, required) VALUES ('UHD Bluray Tier 03', 'Not WEBDL', 'source', 'radarr', 1, 1);
INSERT OR IGNORE INTO custom_format_conditions (custom_format_name, name, type, arr_type, negate, required) VALUES ('UHD Bluray Tier 03', 'Not WEBRIP', 'source', 'radarr', 1, 1);
INSERT OR IGNORE INTO custom_format_conditions (custom_format_name, name, type, arr_type, negate, required) VALUES ('UHD Bluray Tier 03', '2160p', 'resolution', 'radarr', 0, 1);
INSERT OR IGNORE INTO custom_format_conditions (custom_format_name, name, type, arr_type, negate, required) VALUES ('UHD Bluray Tier 03', 'BHDStudio', 'pattern', 'radarr', 0, 0);
INSERT OR IGNORE INTO custom_format_conditions (custom_format_name, name, type, arr_type, negate, required) VALUES ('UHD Bluray Tier 03', 'hallowed', 'pattern', 'radarr', 0, 0);
INSERT OR IGNORE INTO custom_format_conditions (custom_format_name, name, type, arr_type, negate, required) VALUES ('UHD Bluray Tier 03', 'HONE', 'pattern', 'radarr', 0, 0);
INSERT OR IGNORE INTO custom_format_conditions (custom_format_name, name, type, arr_type, negate, required) VALUES ('UHD Bluray Tier 03', 'PTer', 'pattern', 'radarr', 0, 0);
INSERT OR IGNORE INTO custom_format_conditions (custom_format_name, name, type, arr_type, negate, required) VALUES ('UHD Bluray Tier 03', 'SPHD', 'pattern', 'radarr', 0, 0);
INSERT OR IGNORE INTO custom_format_conditions (custom_format_name, name, type, arr_type, negate, required) VALUES ('UHD Bluray Tier 03', 'WEBDV', 'pattern', 'radarr', 0, 0);

INSERT OR IGNORE INTO custom_formats (name, description, include_in_rename) VALUES ('Uncensored', '064af5f084a0a24458cc8ecd3220f93f', 1);
INSERT OR IGNORE INTO condition_patterns (custom_format_name, condition_name, regular_expression_name) VALUES ('Uncensored', 'Uncensored', 'Uncensored_Uncensored');
INSERT OR IGNORE INTO regular_expressions (name, pattern) VALUES ('Uncensored_Uncensored', '\b(Uncut|Unrated|Uncensored|AT[-_. ]?X)\b');
INSERT OR IGNORE INTO custom_format_conditions (custom_format_name, name, type, arr_type, negate, required) VALUES ('Uncensored', 'Uncensored', 'pattern', 'radarr', 0, 1);

INSERT OR IGNORE INTO custom_formats (name, description, include_in_rename) VALUES ('Upscaled', 'bfd8eb01832d646a0a89c4deb46f8564', 0);
INSERT OR IGNORE INTO condition_patterns (custom_format_name, condition_name, regular_expression_name) VALUES ('Upscaled', 'AI Upscales', 'Upscaled_AI_Upscales');
INSERT OR IGNORE INTO condition_patterns (custom_format_name, condition_name, regular_expression_name) VALUES ('Upscaled', 'AIUS', 'Upscaled_AIUS');
INSERT OR IGNORE INTO condition_patterns (custom_format_name, condition_name, regular_expression_name) VALUES ('Upscaled', 'Regrade', 'Upscaled_Regrade');
INSERT OR IGNORE INTO condition_patterns (custom_format_name, condition_name, regular_expression_name) VALUES ('Upscaled', 'RW', 'Upscaled_RW');
INSERT OR IGNORE INTO condition_patterns (custom_format_name, condition_name, regular_expression_name) VALUES ('Upscaled', 'TheUpscaler', 'Upscaled_TheUpscaler');
INSERT OR IGNORE INTO condition_patterns (custom_format_name, condition_name, regular_expression_name) VALUES ('Upscaled', 'Upscaled', 'Upscaled_Upscaled');
INSERT OR IGNORE INTO regular_expressions (name, pattern) VALUES ('Upscaled_AI_Upscales', '(?<=\b[12]\d{3}\b)(?=.*\b(HEVC)\b)(?=.*\b(AI)\b)');
INSERT OR IGNORE INTO regular_expressions (name, pattern) VALUES ('Upscaled_AIUS', '\b(AIUS)\b');
INSERT OR IGNORE INTO regular_expressions (name, pattern) VALUES ('Upscaled_Regrade', '\b((Upscale)?Re-?graded?)\b');
INSERT OR IGNORE INTO regular_expressions (name, pattern) VALUES ('Upscaled_RW', '\b(RW)\b');
INSERT OR IGNORE INTO regular_expressions (name, pattern) VALUES ('Upscaled_TheUpscaler', '\b(The[ ._-]?Upscaler)\b');
INSERT OR IGNORE INTO regular_expressions (name, pattern) VALUES ('Upscaled_Upscaled', '(?<=\b[12]\d{3}\b).*\b(AI[ ._-]?Enhanced|UPS(UHD)?|Upscaled?([ ._-]?UHD)?|UpRez)\b');
INSERT OR IGNORE INTO custom_format_conditions (custom_format_name, name, type, arr_type, negate, required) VALUES ('Upscaled', 'AI Upscales', 'pattern', 'radarr', 0, 0);
INSERT OR IGNORE INTO custom_format_conditions (custom_format_name, name, type, arr_type, negate, required) VALUES ('Upscaled', 'AIUS', 'pattern', 'radarr', 0, 0);
INSERT OR IGNORE INTO custom_format_conditions (custom_format_name, name, type, arr_type, negate, required) VALUES ('Upscaled', 'Regrade', 'pattern', 'radarr', 0, 0);
INSERT OR IGNORE INTO custom_format_conditions (custom_format_name, name, type, arr_type, negate, required) VALUES ('Upscaled', 'RW', 'pattern', 'radarr', 0, 0);
INSERT OR IGNORE INTO custom_format_conditions (custom_format_name, name, type, arr_type, negate, required) VALUES ('Upscaled', 'TheUpscaler', 'pattern', 'radarr', 0, 0);
INSERT OR IGNORE INTO custom_format_conditions (custom_format_name, name, type, arr_type, negate, required) VALUES ('Upscaled', 'Upscaled', 'pattern', 'radarr', 0, 0);

INSERT OR IGNORE INTO custom_formats (name, description, include_in_rename) VALUES ('v0', 'c259005cbaeb5ab44c06eddb4751e70c', 1);
INSERT OR IGNORE INTO condition_patterns (custom_format_name, condition_name, regular_expression_name) VALUES ('v0', 'v0', 'v0_v0');
INSERT OR IGNORE INTO regular_expressions (name, pattern) VALUES ('v0_v0', '(\b|\d)(v0)\b');
INSERT OR IGNORE INTO custom_format_conditions (custom_format_name, name, type, arr_type, negate, required) VALUES ('v0', 'v0', 'pattern', 'radarr', 0, 1);

INSERT OR IGNORE INTO custom_formats (name, description, include_in_rename) VALUES ('v1', '5f400539421b8fcf71d51e6384434573', 1);
INSERT OR IGNORE INTO condition_patterns (custom_format_name, condition_name, regular_expression_name) VALUES ('v1', 'v1', 'v1_v1');
INSERT OR IGNORE INTO regular_expressions (name, pattern) VALUES ('v1_v1', '(\b|\d)(v1)\b');
INSERT OR IGNORE INTO custom_format_conditions (custom_format_name, name, type, arr_type, negate, required) VALUES ('v1', 'v1', 'pattern', 'radarr', 0, 1);

INSERT OR IGNORE INTO custom_formats (name, description, include_in_rename) VALUES ('v2', '3df5e6dfef4b09bb6002f732bed5b774', 1);
INSERT OR IGNORE INTO condition_patterns (custom_format_name, condition_name, regular_expression_name) VALUES ('v2', 'v2', 'v2_v2');
INSERT OR IGNORE INTO regular_expressions (name, pattern) VALUES ('v2_v2', '(\b|\d)(v2)\b');
INSERT OR IGNORE INTO custom_format_conditions (custom_format_name, name, type, arr_type, negate, required) VALUES ('v2', 'v2', 'pattern', 'radarr', 0, 1);

INSERT OR IGNORE INTO custom_formats (name, description, include_in_rename) VALUES ('v3', 'db92c27ba606996b146b57fbe6d09186', 1);
INSERT OR IGNORE INTO condition_patterns (custom_format_name, condition_name, regular_expression_name) VALUES ('v3', 'v3', 'v3_v3');
INSERT OR IGNORE INTO regular_expressions (name, pattern) VALUES ('v3_v3', '(\b|\d)(v3)\b');
INSERT OR IGNORE INTO custom_format_conditions (custom_format_name, name, type, arr_type, negate, required) VALUES ('v3', 'v3', 'pattern', 'radarr', 0, 1);

INSERT OR IGNORE INTO custom_formats (name, description, include_in_rename) VALUES ('v4', 'd4e5e842fad129a3c097bdb2d20d31a0', 1);
INSERT OR IGNORE INTO condition_patterns (custom_format_name, condition_name, regular_expression_name) VALUES ('v4', 'v4', 'v4_v4');
INSERT OR IGNORE INTO regular_expressions (name, pattern) VALUES ('v4_v4', '(\b|\d)(v4)\b');
INSERT OR IGNORE INTO custom_format_conditions (custom_format_name, name, type, arr_type, negate, required) VALUES ('v4', 'v4', 'pattern', 'radarr', 0, 1);

INSERT OR IGNORE INTO custom_formats (name, description, include_in_rename) VALUES ('VC-1', '11cd1db7165d6a7ad9a83bc97b8b1060', 0);
INSERT OR IGNORE INTO condition_patterns (custom_format_name, condition_name, regular_expression_name) VALUES ('VC-1', 'VC-1', 'VC-1_VC-1');
INSERT OR IGNORE INTO regular_expressions (name, pattern) VALUES ('VC-1_VC-1', '\bVC[-_. ]?1\b');
INSERT OR IGNORE INTO custom_format_conditions (custom_format_name, name, type, arr_type, negate, required) VALUES ('VC-1', 'VC-1', 'pattern', 'radarr', 0, 1);

INSERT OR IGNORE INTO custom_formats (name, description, include_in_rename) VALUES ('VDL', '996e8ce50025e8b1e8fa95fcb28c4e5a', 1);
INSERT OR IGNORE INTO condition_patterns (custom_format_name, condition_name, regular_expression_name) VALUES ('VDL', 'Videoland', 'VDL_Videoland');
INSERT OR IGNORE INTO condition_sources (custom_format_name, condition_name, source) VALUES ('VDL', 'WEBDL', 'WEBDL');
INSERT OR IGNORE INTO condition_sources (custom_format_name, condition_name, source) VALUES ('VDL', 'WEBRIP', 'WEBRIP');
INSERT OR IGNORE INTO regular_expressions (name, pattern) VALUES ('VDL_Videoland', '\b(vdl|Videoland)\b');
INSERT OR IGNORE INTO custom_format_conditions (custom_format_name, name, type, arr_type, negate, required) VALUES ('VDL', 'Videoland', 'pattern', 'radarr', 0, 1);
INSERT OR IGNORE INTO custom_format_conditions (custom_format_name, name, type, arr_type, negate, required) VALUES ('VDL', 'WEBDL', 'source', 'radarr', 0, 0);
INSERT OR IGNORE INTO custom_format_conditions (custom_format_name, name, type, arr_type, negate, required) VALUES ('VDL', 'WEBRIP', 'source', 'radarr', 0, 0);

INSERT OR IGNORE INTO custom_formats (name, description, include_in_rename) VALUES ('Vinegar Syndrome', 'db9b4c4b53d312a3ca5f1378f6440fc9', 1);
INSERT OR IGNORE INTO condition_patterns (custom_format_name, condition_name, regular_expression_name) VALUES ('Vinegar Syndrome', 'Vinegar Syndrome', 'Vinegar_Syndrome_Vinegar_Syndrome');
INSERT OR IGNORE INTO condition_patterns (custom_format_name, condition_name, regular_expression_name) VALUES ('Vinegar Syndrome', 'VS', 'Vinegar_Syndrome_VS');
INSERT OR IGNORE INTO condition_patterns (custom_format_name, condition_name, regular_expression_name) VALUES ('Vinegar Syndrome', 'VinSyn', 'Vinegar_Syndrome_VinSyn');
INSERT OR IGNORE INTO regular_expressions (name, pattern) VALUES ('Vinegar_Syndrome_Vinegar_Syndrome', '\b(Vinegar[ ._-]Syndrome)\b');
INSERT OR IGNORE INTO regular_expressions (name, pattern) VALUES ('Vinegar_Syndrome_VS', '\b(V-S)\b');
INSERT OR IGNORE INTO regular_expressions (name, pattern) VALUES ('Vinegar_Syndrome_VinSyn', '\b(VinSyn)\b');
INSERT OR IGNORE INTO custom_format_conditions (custom_format_name, name, type, arr_type, negate, required) VALUES ('Vinegar Syndrome', 'Vinegar Syndrome', 'pattern', 'radarr', 0, 0);
INSERT OR IGNORE INTO custom_format_conditions (custom_format_name, name, type, arr_type, negate, required) VALUES ('Vinegar Syndrome', 'VS', 'pattern', 'radarr', 0, 0);
INSERT OR IGNORE INTO custom_format_conditions (custom_format_name, name, type, arr_type, negate, required) VALUES ('Vinegar Syndrome', 'VinSyn', 'pattern', 'radarr', 0, 0);

INSERT OR IGNORE INTO custom_formats (name, description, include_in_rename) VALUES ('VIU', '1b355ff093fd1064b75ea98c616881b1', 1);
INSERT OR IGNORE INTO condition_patterns (custom_format_name, condition_name, regular_expression_name) VALUES ('VIU', 'VIU', 'VIU_VIU');
INSERT OR IGNORE INTO condition_patterns (custom_format_name, condition_name, regular_expression_name) VALUES ('VIU', 'VIU Rename', 'VIU_VIU_Rename');
INSERT OR IGNORE INTO condition_sources (custom_format_name, condition_name, source) VALUES ('VIU', 'WEBDL', 'WEBDL');
INSERT OR IGNORE INTO condition_sources (custom_format_name, condition_name, source) VALUES ('VIU', 'WEBRIP', 'WEBRIP');
INSERT OR IGNORE INTO regular_expressions (name, pattern) VALUES ('VIU_VIU', '\b(viu)\b[ ._-]web[ ._-]?(dl|rip)?\b');
INSERT OR IGNORE INTO regular_expressions (name, pattern) VALUES ('VIU_VIU_Rename', '\[(VIU)\b|\b(VIU)\]');
INSERT OR IGNORE INTO custom_format_conditions (custom_format_name, name, type, arr_type, negate, required) VALUES ('VIU', 'VIU', 'pattern', 'radarr', 0, 0);
INSERT OR IGNORE INTO custom_format_conditions (custom_format_name, name, type, arr_type, negate, required) VALUES ('VIU', 'VIU Rename', 'pattern', 'radarr', 0, 0);
INSERT OR IGNORE INTO custom_format_conditions (custom_format_name, name, type, arr_type, negate, required) VALUES ('VIU', 'WEBDL', 'source', 'radarr', 0, 0);
INSERT OR IGNORE INTO custom_format_conditions (custom_format_name, name, type, arr_type, negate, required) VALUES ('VIU', 'WEBRIP', 'source', 'radarr', 0, 0);

INSERT OR IGNORE INTO custom_formats (name, description, include_in_rename) VALUES ('VP9', 'ae4cfaa9283a4f2150ac3da08e388723', 0);
INSERT OR IGNORE INTO condition_patterns (custom_format_name, condition_name, regular_expression_name) VALUES ('VP9', 'VP9', 'VP9_VP9');
INSERT OR IGNORE INTO regular_expressions (name, pattern) VALUES ('VP9_VP9', '\bVP9\b');
INSERT OR IGNORE INTO custom_format_conditions (custom_format_name, name, type, arr_type, negate, required) VALUES ('VP9', 'VP9', 'pattern', 'radarr', 0, 1);

INSERT OR IGNORE INTO custom_formats (name, description, include_in_rename) VALUES ('VRV', '60f6d50cbd3cfc3e9a8c00e3a30c3114', 1);
INSERT OR IGNORE INTO condition_patterns (custom_format_name, condition_name, regular_expression_name) VALUES ('VRV', 'VRV', 'VRV_VRV');
INSERT OR IGNORE INTO condition_sources (custom_format_name, condition_name, source) VALUES ('VRV', 'WEBDL', 'WEBDL');
INSERT OR IGNORE INTO condition_sources (custom_format_name, condition_name, source) VALUES ('VRV', 'WEBRIP', 'WEBRIP');
INSERT OR IGNORE INTO regular_expressions (name, pattern) VALUES ('VRV_VRV', '\b(vrv)\b');
INSERT OR IGNORE INTO custom_format_conditions (custom_format_name, name, type, arr_type, negate, required) VALUES ('VRV', 'VRV', 'pattern', 'radarr', 0, 1);
INSERT OR IGNORE INTO custom_format_conditions (custom_format_name, name, type, arr_type, negate, required) VALUES ('VRV', 'WEBDL', 'source', 'radarr', 0, 0);
INSERT OR IGNORE INTO custom_format_conditions (custom_format_name, name, type, arr_type, negate, required) VALUES ('VRV', 'WEBRIP', 'source', 'radarr', 0, 0);

INSERT OR IGNORE INTO custom_formats (name, description, include_in_rename) VALUES ('WEB Tier 01', 'c20f169ef63c5f40c2def54abaf4438e', 0);
INSERT OR IGNORE INTO condition_patterns (custom_format_name, condition_name, regular_expression_name) VALUES ('WEB Tier 01', 'ABBIE', 'WEB_Tier_01_ABBIE');
INSERT OR IGNORE INTO condition_patterns (custom_format_name, condition_name, regular_expression_name) VALUES ('WEB Tier 01', 'AJP69', 'WEB_Tier_01_AJP69');
INSERT OR IGNORE INTO condition_patterns (custom_format_name, condition_name, regular_expression_name) VALUES ('WEB Tier 01', 'APEX', 'WEB_Tier_01_APEX');
INSERT OR IGNORE INTO condition_patterns (custom_format_name, condition_name, regular_expression_name) VALUES ('WEB Tier 01', 'BLUTONiUM', 'WEB_Tier_01_BLUTONiUM');
INSERT OR IGNORE INTO condition_patterns (custom_format_name, condition_name, regular_expression_name) VALUES ('WEB Tier 01', 'BYNDR', 'WEB_Tier_01_BYNDR');
INSERT OR IGNORE INTO condition_patterns (custom_format_name, condition_name, regular_expression_name) VALUES ('WEB Tier 01', 'CMRG', 'WEB_Tier_01_CMRG');
INSERT OR IGNORE INTO condition_patterns (custom_format_name, condition_name, regular_expression_name) VALUES ('WEB Tier 01', 'CRFW', 'WEB_Tier_01_CRFW');
INSERT OR IGNORE INTO condition_patterns (custom_format_name, condition_name, regular_expression_name) VALUES ('WEB Tier 01', 'CRUD', 'WEB_Tier_01_CRUD');
INSERT OR IGNORE INTO condition_patterns (custom_format_name, condition_name, regular_expression_name) VALUES ('WEB Tier 01', 'FLUX', 'WEB_Tier_01_FLUX');
INSERT OR IGNORE INTO condition_patterns (custom_format_name, condition_name, regular_expression_name) VALUES ('WEB Tier 01', 'GNOME', 'WEB_Tier_01_GNOME');
INSERT OR IGNORE INTO condition_patterns (custom_format_name, condition_name, regular_expression_name) VALUES ('WEB Tier 01', 'HONE', 'WEB_Tier_01_HONE');
INSERT OR IGNORE INTO condition_patterns (custom_format_name, condition_name, regular_expression_name) VALUES ('WEB Tier 01', 'KiNGS', 'WEB_Tier_01_KiNGS');
INSERT OR IGNORE INTO condition_patterns (custom_format_name, condition_name, regular_expression_name) VALUES ('WEB Tier 01', 'Kitsune', 'WEB_Tier_01_Kitsune');
INSERT OR IGNORE INTO condition_patterns (custom_format_name, condition_name, regular_expression_name) VALUES ('WEB Tier 01', 'NOSiViD', 'WEB_Tier_01_NOSiViD');
INSERT OR IGNORE INTO condition_patterns (custom_format_name, condition_name, regular_expression_name) VALUES ('WEB Tier 01', 'NTb', 'WEB_Tier_01_NTb');
INSERT OR IGNORE INTO condition_patterns (custom_format_name, condition_name, regular_expression_name) VALUES ('WEB Tier 01', 'NTG', 'WEB_Tier_01_NTG');
INSERT OR IGNORE INTO condition_patterns (custom_format_name, condition_name, regular_expression_name) VALUES ('WEB Tier 01', 'RAWR', 'WEB_Tier_01_RAWR');
INSERT OR IGNORE INTO condition_patterns (custom_format_name, condition_name, regular_expression_name) VALUES ('WEB Tier 01', 'SiC', 'WEB_Tier_01_SiC');
INSERT OR IGNORE INTO condition_patterns (custom_format_name, condition_name, regular_expression_name) VALUES ('WEB Tier 01', 'TEPES', 'WEB_Tier_01_TEPES');
INSERT OR IGNORE INTO condition_patterns (custom_format_name, condition_name, regular_expression_name) VALUES ('WEB Tier 01', 'TheFarm', 'WEB_Tier_01_TheFarm');
INSERT OR IGNORE INTO condition_patterns (custom_format_name, condition_name, regular_expression_name) VALUES ('WEB Tier 01', 'ZoroSenpai', 'WEB_Tier_01_ZoroSenpai');
INSERT OR IGNORE INTO condition_sources (custom_format_name, condition_name, source) VALUES ('WEB Tier 01', 'WEBDL', 'WEBDL');
INSERT OR IGNORE INTO condition_sources (custom_format_name, condition_name, source) VALUES ('WEB Tier 01', 'WEBRIP', 'WEBRIP');
INSERT OR IGNORE INTO regular_expressions (name, pattern) VALUES ('WEB_Tier_01_ABBIE', '^(ABBIE)$');
INSERT OR IGNORE INTO regular_expressions (name, pattern) VALUES ('WEB_Tier_01_AJP69', '^(AJP69)$');
INSERT OR IGNORE INTO regular_expressions (name, pattern) VALUES ('WEB_Tier_01_APEX', '^(APEX|PAXA|PEXA|XEPA)$');
INSERT OR IGNORE INTO regular_expressions (name, pattern) VALUES ('WEB_Tier_01_BLUTONiUM', '^(BLUTONiUM)$');
INSERT OR IGNORE INTO regular_expressions (name, pattern) VALUES ('WEB_Tier_01_BYNDR', '^(BYNDR)$');
INSERT OR IGNORE INTO regular_expressions (name, pattern) VALUES ('WEB_Tier_01_CMRG', '^(CMRG)$');
INSERT OR IGNORE INTO regular_expressions (name, pattern) VALUES ('WEB_Tier_01_CRFW', '^(CRFW)$');
INSERT OR IGNORE INTO regular_expressions (name, pattern) VALUES ('WEB_Tier_01_CRUD', '^(CRUD)$');
INSERT OR IGNORE INTO regular_expressions (name, pattern) VALUES ('WEB_Tier_01_FLUX', '^(FLUX)$');
INSERT OR IGNORE INTO regular_expressions (name, pattern) VALUES ('WEB_Tier_01_GNOME', '^(GNOME)$');
INSERT OR IGNORE INTO regular_expressions (name, pattern) VALUES ('WEB_Tier_01_HONE', '^(HONE)$');
INSERT OR IGNORE INTO regular_expressions (name, pattern) VALUES ('WEB_Tier_01_KiNGS', '^(KiNGS)$');
INSERT OR IGNORE INTO regular_expressions (name, pattern) VALUES ('WEB_Tier_01_Kitsune', '^(Kitsune)$');
INSERT OR IGNORE INTO regular_expressions (name, pattern) VALUES ('WEB_Tier_01_NOSiViD', '^(NOSiViD)$');
INSERT OR IGNORE INTO regular_expressions (name, pattern) VALUES ('WEB_Tier_01_NTb', '^(NTb)$');
INSERT OR IGNORE INTO regular_expressions (name, pattern) VALUES ('WEB_Tier_01_NTG', '^(NTG)$');
INSERT OR IGNORE INTO regular_expressions (name, pattern) VALUES ('WEB_Tier_01_RAWR', '^(RAWR)$');
INSERT OR IGNORE INTO regular_expressions (name, pattern) VALUES ('WEB_Tier_01_SiC', '^(SiC)$');
INSERT OR IGNORE INTO regular_expressions (name, pattern) VALUES ('WEB_Tier_01_TEPES', '^(TEPES)$');
INSERT OR IGNORE INTO regular_expressions (name, pattern) VALUES ('WEB_Tier_01_TheFarm', '^(TheFarm)$');
INSERT OR IGNORE INTO regular_expressions (name, pattern) VALUES ('WEB_Tier_01_ZoroSenpai', '^(ZoroSenpai)$');
INSERT OR IGNORE INTO custom_format_conditions (custom_format_name, name, type, arr_type, negate, required) VALUES ('WEB Tier 01', 'WEBDL', 'source', 'radarr', 0, 0);
INSERT OR IGNORE INTO custom_format_conditions (custom_format_name, name, type, arr_type, negate, required) VALUES ('WEB Tier 01', 'WEBRIP', 'source', 'radarr', 0, 0);
INSERT OR IGNORE INTO custom_format_conditions (custom_format_name, name, type, arr_type, negate, required) VALUES ('WEB Tier 01', 'ABBIE', 'pattern', 'radarr', 0, 0);
INSERT OR IGNORE INTO custom_format_conditions (custom_format_name, name, type, arr_type, negate, required) VALUES ('WEB Tier 01', 'AJP69', 'pattern', 'radarr', 0, 0);
INSERT OR IGNORE INTO custom_format_conditions (custom_format_name, name, type, arr_type, negate, required) VALUES ('WEB Tier 01', 'APEX', 'pattern', 'radarr', 0, 0);
INSERT OR IGNORE INTO custom_format_conditions (custom_format_name, name, type, arr_type, negate, required) VALUES ('WEB Tier 01', 'BLUTONiUM', 'pattern', 'radarr', 0, 0);
INSERT OR IGNORE INTO custom_format_conditions (custom_format_name, name, type, arr_type, negate, required) VALUES ('WEB Tier 01', 'BYNDR', 'pattern', 'radarr', 0, 0);
INSERT OR IGNORE INTO custom_format_conditions (custom_format_name, name, type, arr_type, negate, required) VALUES ('WEB Tier 01', 'CMRG', 'pattern', 'radarr', 0, 0);
INSERT OR IGNORE INTO custom_format_conditions (custom_format_name, name, type, arr_type, negate, required) VALUES ('WEB Tier 01', 'CRFW', 'pattern', 'radarr', 0, 0);
INSERT OR IGNORE INTO custom_format_conditions (custom_format_name, name, type, arr_type, negate, required) VALUES ('WEB Tier 01', 'CRUD', 'pattern', 'radarr', 0, 0);
INSERT OR IGNORE INTO custom_format_conditions (custom_format_name, name, type, arr_type, negate, required) VALUES ('WEB Tier 01', 'FLUX', 'pattern', 'radarr', 0, 0);
INSERT OR IGNORE INTO custom_format_conditions (custom_format_name, name, type, arr_type, negate, required) VALUES ('WEB Tier 01', 'GNOME', 'pattern', 'radarr', 0, 0);
INSERT OR IGNORE INTO custom_format_conditions (custom_format_name, name, type, arr_type, negate, required) VALUES ('WEB Tier 01', 'HONE', 'pattern', 'radarr', 0, 0);
INSERT OR IGNORE INTO custom_format_conditions (custom_format_name, name, type, arr_type, negate, required) VALUES ('WEB Tier 01', 'KiNGS', 'pattern', 'radarr', 0, 0);
INSERT OR IGNORE INTO custom_format_conditions (custom_format_name, name, type, arr_type, negate, required) VALUES ('WEB Tier 01', 'Kitsune', 'pattern', 'radarr', 0, 0);
INSERT OR IGNORE INTO custom_format_conditions (custom_format_name, name, type, arr_type, negate, required) VALUES ('WEB Tier 01', 'NOSiViD', 'pattern', 'radarr', 0, 0);
INSERT OR IGNORE INTO custom_format_conditions (custom_format_name, name, type, arr_type, negate, required) VALUES ('WEB Tier 01', 'NTb', 'pattern', 'radarr', 0, 0);
INSERT OR IGNORE INTO custom_format_conditions (custom_format_name, name, type, arr_type, negate, required) VALUES ('WEB Tier 01', 'NTG', 'pattern', 'radarr', 0, 0);
INSERT OR IGNORE INTO custom_format_conditions (custom_format_name, name, type, arr_type, negate, required) VALUES ('WEB Tier 01', 'RAWR', 'pattern', 'radarr', 0, 0);
INSERT OR IGNORE INTO custom_format_conditions (custom_format_name, name, type, arr_type, negate, required) VALUES ('WEB Tier 01', 'SiC', 'pattern', 'radarr', 0, 0);
INSERT OR IGNORE INTO custom_format_conditions (custom_format_name, name, type, arr_type, negate, required) VALUES ('WEB Tier 01', 'TEPES', 'pattern', 'radarr', 0, 0);
INSERT OR IGNORE INTO custom_format_conditions (custom_format_name, name, type, arr_type, negate, required) VALUES ('WEB Tier 01', 'TheFarm', 'pattern', 'radarr', 0, 0);
INSERT OR IGNORE INTO custom_format_conditions (custom_format_name, name, type, arr_type, negate, required) VALUES ('WEB Tier 01', 'ZoroSenpai', 'pattern', 'radarr', 0, 0);

INSERT OR IGNORE INTO custom_formats (name, description, include_in_rename) VALUES ('WEB Tier 02', '403816d65392c79236dcb6dd591aeda4', 0);
INSERT OR IGNORE INTO condition_patterns (custom_format_name, condition_name, regular_expression_name) VALUES ('WEB Tier 02', 'dB', 'WEB_Tier_02_dB');
INSERT OR IGNORE INTO condition_patterns (custom_format_name, condition_name, regular_expression_name) VALUES ('WEB Tier 02', 'Flights', 'WEB_Tier_02_Flights');
INSERT OR IGNORE INTO condition_patterns (custom_format_name, condition_name, regular_expression_name) VALUES ('WEB Tier 02', 'MiU', 'WEB_Tier_02_MiU');
INSERT OR IGNORE INTO condition_patterns (custom_format_name, condition_name, regular_expression_name) VALUES ('WEB Tier 02', 'monkee', 'WEB_Tier_02_monkee');
INSERT OR IGNORE INTO condition_patterns (custom_format_name, condition_name, regular_expression_name) VALUES ('WEB Tier 02', 'MZABI', 'WEB_Tier_02_MZABI');
INSERT OR IGNORE INTO condition_patterns (custom_format_name, condition_name, regular_expression_name) VALUES ('WEB Tier 02', 'PHOENiX', 'WEB_Tier_02_PHOENiX');
INSERT OR IGNORE INTO condition_patterns (custom_format_name, condition_name, regular_expression_name) VALUES ('WEB Tier 02', 'playWEB', 'WEB_Tier_02_playWEB');
INSERT OR IGNORE INTO condition_patterns (custom_format_name, condition_name, regular_expression_name) VALUES ('WEB Tier 02', 'SbR', 'WEB_Tier_02_SbR');
INSERT OR IGNORE INTO condition_patterns (custom_format_name, condition_name, regular_expression_name) VALUES ('WEB Tier 02', 'SMURF', 'WEB_Tier_02_SMURF');
INSERT OR IGNORE INTO condition_patterns (custom_format_name, condition_name, regular_expression_name) VALUES ('WEB Tier 02', 'TOMMY', 'WEB_Tier_02_TOMMY');
INSERT OR IGNORE INTO condition_patterns (custom_format_name, condition_name, regular_expression_name) VALUES ('WEB Tier 02', 'XEBEC', 'WEB_Tier_02_XEBEC');
INSERT OR IGNORE INTO condition_sources (custom_format_name, condition_name, source) VALUES ('WEB Tier 02', 'WEBDL', 'WEBDL');
INSERT OR IGNORE INTO condition_sources (custom_format_name, condition_name, source) VALUES ('WEB Tier 02', 'WEBRIP', 'WEBRIP');
INSERT OR IGNORE INTO regular_expressions (name, pattern) VALUES ('WEB_Tier_02_dB', '^(dB)$');
INSERT OR IGNORE INTO regular_expressions (name, pattern) VALUES ('WEB_Tier_02_Flights', '^(Flights)$');
INSERT OR IGNORE INTO regular_expressions (name, pattern) VALUES ('WEB_Tier_02_MiU', '^(MiU)$');
INSERT OR IGNORE INTO regular_expressions (name, pattern) VALUES ('WEB_Tier_02_monkee', '^(monkee)$');
INSERT OR IGNORE INTO regular_expressions (name, pattern) VALUES ('WEB_Tier_02_MZABI', '^(MZABI)$');
INSERT OR IGNORE INTO regular_expressions (name, pattern) VALUES ('WEB_Tier_02_PHOENiX', '^(PHOENiX)$');
INSERT OR IGNORE INTO regular_expressions (name, pattern) VALUES ('WEB_Tier_02_playWEB', '^(playWEB)$');
INSERT OR IGNORE INTO regular_expressions (name, pattern) VALUES ('WEB_Tier_02_SbR', '^(SbR)$');
INSERT OR IGNORE INTO regular_expressions (name, pattern) VALUES ('WEB_Tier_02_SMURF', '^(SMURF)$');
INSERT OR IGNORE INTO regular_expressions (name, pattern) VALUES ('WEB_Tier_02_TOMMY', '^(TOMMY)$');
INSERT OR IGNORE INTO regular_expressions (name, pattern) VALUES ('WEB_Tier_02_XEBEC', '^(XEBEC|4KBEC|CEBEX)$');
INSERT OR IGNORE INTO custom_format_conditions (custom_format_name, name, type, arr_type, negate, required) VALUES ('WEB Tier 02', 'WEBDL', 'source', 'radarr', 0, 0);
INSERT OR IGNORE INTO custom_format_conditions (custom_format_name, name, type, arr_type, negate, required) VALUES ('WEB Tier 02', 'WEBRIP', 'source', 'radarr', 0, 0);
INSERT OR IGNORE INTO custom_format_conditions (custom_format_name, name, type, arr_type, negate, required) VALUES ('WEB Tier 02', 'dB', 'pattern', 'radarr', 0, 0);
INSERT OR IGNORE INTO custom_format_conditions (custom_format_name, name, type, arr_type, negate, required) VALUES ('WEB Tier 02', 'Flights', 'pattern', 'radarr', 0, 0);
INSERT OR IGNORE INTO custom_format_conditions (custom_format_name, name, type, arr_type, negate, required) VALUES ('WEB Tier 02', 'MiU', 'pattern', 'radarr', 0, 0);
INSERT OR IGNORE INTO custom_format_conditions (custom_format_name, name, type, arr_type, negate, required) VALUES ('WEB Tier 02', 'monkee', 'pattern', 'radarr', 0, 0);
INSERT OR IGNORE INTO custom_format_conditions (custom_format_name, name, type, arr_type, negate, required) VALUES ('WEB Tier 02', 'MZABI', 'pattern', 'radarr', 0, 0);
INSERT OR IGNORE INTO custom_format_conditions (custom_format_name, name, type, arr_type, negate, required) VALUES ('WEB Tier 02', 'PHOENiX', 'pattern', 'radarr', 0, 0);
INSERT OR IGNORE INTO custom_format_conditions (custom_format_name, name, type, arr_type, negate, required) VALUES ('WEB Tier 02', 'playWEB', 'pattern', 'radarr', 0, 0);
INSERT OR IGNORE INTO custom_format_conditions (custom_format_name, name, type, arr_type, negate, required) VALUES ('WEB Tier 02', 'SbR', 'pattern', 'radarr', 0, 0);
INSERT OR IGNORE INTO custom_format_conditions (custom_format_name, name, type, arr_type, negate, required) VALUES ('WEB Tier 02', 'SMURF', 'pattern', 'radarr', 0, 0);
INSERT OR IGNORE INTO custom_format_conditions (custom_format_name, name, type, arr_type, negate, required) VALUES ('WEB Tier 02', 'TOMMY', 'pattern', 'radarr', 0, 0);
INSERT OR IGNORE INTO custom_format_conditions (custom_format_name, name, type, arr_type, negate, required) VALUES ('WEB Tier 02', 'XEBEC', 'pattern', 'radarr', 0, 0);

INSERT OR IGNORE INTO custom_formats (name, description, include_in_rename) VALUES ('WEB Tier 03', 'af94e0fe497124d1f9ce732069ec8c3b', 0);
INSERT OR IGNORE INTO condition_patterns (custom_format_name, condition_name, regular_expression_name) VALUES ('WEB Tier 03', 'Dooky', 'WEB_Tier_03_Dooky');
INSERT OR IGNORE INTO condition_patterns (custom_format_name, condition_name, regular_expression_name) VALUES ('WEB Tier 03', 'GNOMiSSiON', 'WEB_Tier_03_GNOMiSSiON');
INSERT OR IGNORE INTO condition_patterns (custom_format_name, condition_name, regular_expression_name) VALUES ('WEB Tier 03', 'HHWEB', 'WEB_Tier_03_HHWEB');
INSERT OR IGNORE INTO condition_patterns (custom_format_name, condition_name, regular_expression_name) VALUES ('WEB Tier 03', 'NINJACENTRAL', 'WEB_Tier_03_NINJACENTRAL');
INSERT OR IGNORE INTO condition_patterns (custom_format_name, condition_name, regular_expression_name) VALUES ('WEB Tier 03', 'NPMS', 'WEB_Tier_03_NPMS');
INSERT OR IGNORE INTO condition_patterns (custom_format_name, condition_name, regular_expression_name) VALUES ('WEB Tier 03', 'ROCCaT', 'WEB_Tier_03_ROCCaT');
INSERT OR IGNORE INTO condition_patterns (custom_format_name, condition_name, regular_expression_name) VALUES ('WEB Tier 03', 'SiGMA', 'WEB_Tier_03_SiGMA');
INSERT OR IGNORE INTO condition_patterns (custom_format_name, condition_name, regular_expression_name) VALUES ('WEB Tier 03', 'SLiGNOME', 'WEB_Tier_03_SLiGNOME');
INSERT OR IGNORE INTO condition_patterns (custom_format_name, condition_name, regular_expression_name) VALUES ('WEB Tier 03', 'SwAgLaNdEr', 'WEB_Tier_03_SwAgLaNdEr');
INSERT OR IGNORE INTO condition_sources (custom_format_name, condition_name, source) VALUES ('WEB Tier 03', 'WEBDL', 'WEBDL');
INSERT OR IGNORE INTO condition_sources (custom_format_name, condition_name, source) VALUES ('WEB Tier 03', 'WEBRIP', 'WEBRIP');
INSERT OR IGNORE INTO regular_expressions (name, pattern) VALUES ('WEB_Tier_03_Dooky', '^(Dooky)$');
INSERT OR IGNORE INTO regular_expressions (name, pattern) VALUES ('WEB_Tier_03_GNOMiSSiON', '^(GNOMiSSiON)$');
INSERT OR IGNORE INTO regular_expressions (name, pattern) VALUES ('WEB_Tier_03_HHWEB', '^(HHWEB)$');
INSERT OR IGNORE INTO regular_expressions (name, pattern) VALUES ('WEB_Tier_03_NINJACENTRAL', '^(NINJACENTRAL)$');
INSERT OR IGNORE INTO regular_expressions (name, pattern) VALUES ('WEB_Tier_03_NPMS', '^(NPMS)$');
INSERT OR IGNORE INTO regular_expressions (name, pattern) VALUES ('WEB_Tier_03_ROCCaT', '^(ROCCaT)$');
INSERT OR IGNORE INTO regular_expressions (name, pattern) VALUES ('WEB_Tier_03_SiGMA', '^(SiGMA)$');
INSERT OR IGNORE INTO regular_expressions (name, pattern) VALUES ('WEB_Tier_03_SLiGNOME', '^(SLiGNOME)$');
INSERT OR IGNORE INTO regular_expressions (name, pattern) VALUES ('WEB_Tier_03_SwAgLaNdEr', '^(SwAgLaNdEr)$');
INSERT OR IGNORE INTO custom_format_conditions (custom_format_name, name, type, arr_type, negate, required) VALUES ('WEB Tier 03', 'WEBDL', 'source', 'radarr', 0, 0);
INSERT OR IGNORE INTO custom_format_conditions (custom_format_name, name, type, arr_type, negate, required) VALUES ('WEB Tier 03', 'WEBRIP', 'source', 'radarr', 0, 0);
INSERT OR IGNORE INTO custom_format_conditions (custom_format_name, name, type, arr_type, negate, required) VALUES ('WEB Tier 03', 'Dooky', 'pattern', 'radarr', 0, 0);
INSERT OR IGNORE INTO custom_format_conditions (custom_format_name, name, type, arr_type, negate, required) VALUES ('WEB Tier 03', 'GNOMiSSiON', 'pattern', 'radarr', 0, 0);
INSERT OR IGNORE INTO custom_format_conditions (custom_format_name, name, type, arr_type, negate, required) VALUES ('WEB Tier 03', 'HHWEB', 'pattern', 'radarr', 0, 0);
INSERT OR IGNORE INTO custom_format_conditions (custom_format_name, name, type, arr_type, negate, required) VALUES ('WEB Tier 03', 'NINJACENTRAL', 'pattern', 'radarr', 0, 0);
INSERT OR IGNORE INTO custom_format_conditions (custom_format_name, name, type, arr_type, negate, required) VALUES ('WEB Tier 03', 'NPMS', 'pattern', 'radarr', 0, 0);
INSERT OR IGNORE INTO custom_format_conditions (custom_format_name, name, type, arr_type, negate, required) VALUES ('WEB Tier 03', 'ROCCaT', 'pattern', 'radarr', 0, 0);
INSERT OR IGNORE INTO custom_format_conditions (custom_format_name, name, type, arr_type, negate, required) VALUES ('WEB Tier 03', 'SiGMA', 'pattern', 'radarr', 0, 0);
INSERT OR IGNORE INTO custom_format_conditions (custom_format_name, name, type, arr_type, negate, required) VALUES ('WEB Tier 03', 'SLiGNOME', 'pattern', 'radarr', 0, 0);
INSERT OR IGNORE INTO custom_format_conditions (custom_format_name, name, type, arr_type, negate, required) VALUES ('WEB Tier 03', 'SwAgLaNdEr', 'pattern', 'radarr', 0, 0);

INSERT OR IGNORE INTO custom_formats (name, description, include_in_rename) VALUES ('WEBDL Boost', '8df7fe4569063d39319f07e69707285a', 0);
INSERT OR IGNORE INTO condition_sources (custom_format_name, condition_name, source) VALUES ('WEBDL Boost', 'WEBDL', 'WEBDL');
INSERT OR IGNORE INTO condition_sources (custom_format_name, condition_name, source) VALUES ('WEBDL Boost', 'WEBRIP', 'WEBRIP');
INSERT OR IGNORE INTO custom_format_conditions (custom_format_name, name, type, arr_type, negate, required) VALUES ('WEBDL Boost', 'WEBDL', 'source', 'radarr', 0, 0);
INSERT OR IGNORE INTO custom_format_conditions (custom_format_name, name, type, arr_type, negate, required) VALUES ('WEBDL Boost', 'WEBRIP', 'source', 'radarr', 0, 0);

INSERT OR IGNORE INTO custom_formats (name, description, include_in_rename) VALUES ('Wrong Language', '2051402ee9ca81162017d98cbe1dff2c', 0);
INSERT OR IGNORE INTO condition_languages (custom_format_name, condition_name, language_name, except_language) VALUES ('Wrong Language', 'Wrong Language', '-2', 0);
INSERT OR IGNORE INTO custom_format_conditions (custom_format_name, name, type, arr_type, negate, required) VALUES ('Wrong Language', 'Wrong Language', 'language', 'radarr', 1, 1);

INSERT OR IGNORE INTO custom_formats (name, description, include_in_rename) VALUES ('x264', '2899d84dc9372de3408e6d8cc18e9666', 0);
INSERT OR IGNORE INTO condition_patterns (custom_format_name, condition_name, regular_expression_name) VALUES ('x264', 'xh264', 'x264_xh264');
INSERT OR IGNORE INTO condition_quality_modifiers (custom_format_name, condition_name, quality_modifier) VALUES ('x264', 'Remux', '5');
INSERT OR IGNORE INTO regular_expressions (name, pattern) VALUES ('x264_xh264', '[xh][ ._-]?264|\bAVC(\b|\d)');
INSERT OR IGNORE INTO custom_format_conditions (custom_format_name, name, type, arr_type, negate, required) VALUES ('x264', 'xh264', 'pattern', 'radarr', 0, 1);
INSERT OR IGNORE INTO custom_format_conditions (custom_format_name, name, type, arr_type, negate, required) VALUES ('x264', 'Remux', 'quality_modifier', 'radarr', 1, 1);

INSERT OR IGNORE INTO custom_formats (name, description, include_in_rename) VALUES ('x265 (HD)', 'dc98083864ea246d05a42df0d05f81cc', 0);
INSERT OR IGNORE INTO condition_patterns (custom_format_name, condition_name, regular_expression_name) VALUES ('x265 (HD)', 'x265HEVC', 'x265_(HD)_x265HEVC');
INSERT OR IGNORE INTO condition_resolutions (custom_format_name, condition_name, resolution) VALUES ('x265 (HD)', 'Not 2160p', '2160');
INSERT OR IGNORE INTO regular_expressions (name, pattern) VALUES ('x265_(HD)_x265HEVC', '[xh][ ._-]?265|\bHEVC(\b|\d)');
INSERT OR IGNORE INTO custom_format_conditions (custom_format_name, name, type, arr_type, negate, required) VALUES ('x265 (HD)', 'x265HEVC', 'pattern', 'radarr', 0, 1);
INSERT OR IGNORE INTO custom_format_conditions (custom_format_name, name, type, arr_type, negate, required) VALUES ('x265 (HD)', 'Not 2160p', 'resolution', 'radarr', 1, 1);

INSERT OR IGNORE INTO custom_formats (name, description, include_in_rename) VALUES ('x265 (no HDR/DV)', '839bea857ed2c0a8e084f3cbdbd65ecb', 0);
INSERT OR IGNORE INTO condition_patterns (custom_format_name, condition_name, regular_expression_name) VALUES ('x265 (no HDR/DV)', 'x265HEVC', 'x265_(no_HDR/DV)_x265HEVC');
INSERT OR IGNORE INTO condition_patterns (custom_format_name, condition_name, regular_expression_name) VALUES ('x265 (no HDR/DV)', 'Not HDRDV', 'x265_(no_HDR/DV)_Not_HDRDV');
INSERT OR IGNORE INTO condition_resolutions (custom_format_name, condition_name, resolution) VALUES ('x265 (no HDR/DV)', 'Not 2160p', '2160');
INSERT OR IGNORE INTO regular_expressions (name, pattern) VALUES ('x265_(no_HDR/DV)_x265HEVC', '[xh][ ._-]?265|\bHEVC(\b|\d)');
INSERT OR IGNORE INTO regular_expressions (name, pattern) VALUES ('x265_(no_HDR/DV)_Not_HDRDV', '\b(dv|dovi|dolby[ .]?v(ision)?|hdr(10(P(lus)?)?)?|pq)\b');
INSERT OR IGNORE INTO custom_format_conditions (custom_format_name, name, type, arr_type, negate, required) VALUES ('x265 (no HDR/DV)', 'x265HEVC', 'pattern', 'radarr', 0, 1);
INSERT OR IGNORE INTO custom_format_conditions (custom_format_name, name, type, arr_type, negate, required) VALUES ('x265 (no HDR/DV)', 'Not HDRDV', 'pattern', 'radarr', 1, 1);
INSERT OR IGNORE INTO custom_format_conditions (custom_format_name, name, type, arr_type, negate, required) VALUES ('x265 (no HDR/DV)', 'Not 2160p', 'resolution', 'radarr', 1, 1);

INSERT OR IGNORE INTO custom_formats (name, description, include_in_rename) VALUES ('x265', '9170d55c319f4fe40da8711ba9d8050d', 0);
INSERT OR IGNORE INTO condition_patterns (custom_format_name, condition_name, regular_expression_name) VALUES ('x265', 'xh265', 'x265_xh265');
INSERT OR IGNORE INTO condition_quality_modifiers (custom_format_name, condition_name, quality_modifier) VALUES ('x265', 'Not Remux', '5');
INSERT OR IGNORE INTO regular_expressions (name, pattern) VALUES ('x265_xh265', '[xh][ ._-]?265|\bHEVC(\b|\d)');
INSERT OR IGNORE INTO custom_format_conditions (custom_format_name, name, type, arr_type, negate, required) VALUES ('x265', 'xh265', 'pattern', 'radarr', 0, 1);
INSERT OR IGNORE INTO custom_format_conditions (custom_format_name, name, type, arr_type, negate, required) VALUES ('x265', 'Not Remux', 'quality_modifier', 'radarr', 1, 1);

INSERT OR IGNORE INTO custom_formats (name, description, include_in_rename) VALUES ('x266', '390455c22a9cac81a738f6cbad705c3c', 0);
INSERT OR IGNORE INTO condition_patterns (custom_format_name, condition_name, regular_expression_name) VALUES ('x266', 'xh266', 'x266_xh266');
INSERT OR IGNORE INTO condition_quality_modifiers (custom_format_name, condition_name, quality_modifier) VALUES ('x266', 'Not Remux', '5');
INSERT OR IGNORE INTO regular_expressions (name, pattern) VALUES ('x266_xh266', '[xh][ ._-]?266|\bVVC(\b|\d)');
INSERT OR IGNORE INTO custom_format_conditions (custom_format_name, name, type, arr_type, negate, required) VALUES ('x266', 'xh266', 'pattern', 'radarr', 0, 1);
INSERT OR IGNORE INTO custom_format_conditions (custom_format_name, name, type, arr_type, negate, required) VALUES ('x266', 'Not Remux', 'quality_modifier', 'radarr', 1, 1);
