-- Custom formats (sonarr) from TRaSH Guides

INSERT OR IGNORE INTO custom_formats (name, description, include_in_rename) VALUES ('1.0 Mono', 'bd6dd5e043aa27ff4696a08d011c7d96', 0);
INSERT OR IGNORE INTO condition_patterns (custom_format_name, condition_name, regular_expression_name) VALUES ('1.0 Mono', 'Mono', '1.0_Mono_Mono');
INSERT OR IGNORE INTO condition_patterns (custom_format_name, condition_name, regular_expression_name) VALUES ('1.0 Mono', 'Not 30ch', '1.0_Mono_Not_30ch');
INSERT OR IGNORE INTO condition_patterns (custom_format_name, condition_name, regular_expression_name) VALUES ('1.0 Mono', 'Not 40ch', '1.0_Mono_Not_40ch');
INSERT OR IGNORE INTO condition_patterns (custom_format_name, condition_name, regular_expression_name) VALUES ('1.0 Mono', 'Not High Channel Count', '1.0_Mono_Not_High_Channel_Count');
INSERT OR IGNORE INTO regular_expressions (name, pattern) VALUES ('1.0_Mono_Mono', '[^0-9]1[ .]0\b|\bMono\b|\[PCM \]');
INSERT OR IGNORE INTO regular_expressions (name, pattern) VALUES ('1.0_Mono_Not_30ch', '[^0-9]3[ .]0\b');
INSERT OR IGNORE INTO regular_expressions (name, pattern) VALUES ('1.0_Mono_Not_40ch', '[^0-9]4[ .]0\b');
INSERT OR IGNORE INTO regular_expressions (name, pattern) VALUES ('1.0_Mono_Not_High_Channel_Count', '[^0-9][5-9][ .][0-1]\b');
INSERT OR IGNORE INTO custom_format_conditions (custom_format_name, name, type, arr_type, negate, required) VALUES ('1.0 Mono', 'Mono', 'pattern', 'sonarr', 0, 1);
INSERT OR IGNORE INTO custom_format_conditions (custom_format_name, name, type, arr_type, negate, required) VALUES ('1.0 Mono', 'Not 30ch', 'pattern', 'sonarr', 1, 1);
INSERT OR IGNORE INTO custom_format_conditions (custom_format_name, name, type, arr_type, negate, required) VALUES ('1.0 Mono', 'Not 40ch', 'pattern', 'sonarr', 1, 1);
INSERT OR IGNORE INTO custom_format_conditions (custom_format_name, name, type, arr_type, negate, required) VALUES ('1.0 Mono', 'Not High Channel Count', 'pattern', 'sonarr', 1, 1);

INSERT OR IGNORE INTO custom_formats (name, description, include_in_rename) VALUES ('1080p', '290078c8b266272a5cc8e251b5e2eb0b', 0);
INSERT OR IGNORE INTO condition_resolutions (custom_format_name, condition_name, resolution) VALUES ('1080p', '1080p', '1080');
INSERT OR IGNORE INTO custom_format_conditions (custom_format_name, name, type, arr_type, negate, required) VALUES ('1080p', '1080p', 'resolution', 'sonarr', 0, 1);

INSERT OR IGNORE INTO custom_formats (name, description, include_in_rename) VALUES ('10bit', 'b2550eb333d27b75833e25b8c2557b38', 0);
INSERT OR IGNORE INTO condition_patterns (custom_format_name, condition_name, regular_expression_name) VALUES ('10bit', '10bit', '10bit_10bit');
INSERT OR IGNORE INTO condition_patterns (custom_format_name, condition_name, regular_expression_name) VALUES ('10bit', 'hi10p', '10bit_hi10p');
INSERT OR IGNORE INTO regular_expressions (name, pattern) VALUES ('10bit_10bit', '10[.-]?bit');
INSERT OR IGNORE INTO regular_expressions (name, pattern) VALUES ('10bit_hi10p', 'hi10p');
INSERT OR IGNORE INTO custom_format_conditions (custom_format_name, name, type, arr_type, negate, required) VALUES ('10bit', '10bit', 'pattern', 'sonarr', 0, 0);
INSERT OR IGNORE INTO custom_format_conditions (custom_format_name, name, type, arr_type, negate, required) VALUES ('10bit', 'hi10p', 'pattern', 'sonarr', 0, 0);

INSERT OR IGNORE INTO custom_formats (name, description, include_in_rename) VALUES ('2.0 Stereo', '834e534f103938853ffced4203b53e72', 0);
INSERT OR IGNORE INTO condition_patterns (custom_format_name, condition_name, regular_expression_name) VALUES ('2.0 Stereo', 'Stereo', '2.0_Stereo_Stereo');
INSERT OR IGNORE INTO condition_patterns (custom_format_name, condition_name, regular_expression_name) VALUES ('2.0 Stereo', 'Not 30ch', '2.0_Stereo_Not_30ch');
INSERT OR IGNORE INTO condition_patterns (custom_format_name, condition_name, regular_expression_name) VALUES ('2.0 Stereo', 'Not 40ch', '2.0_Stereo_Not_40ch');
INSERT OR IGNORE INTO condition_patterns (custom_format_name, condition_name, regular_expression_name) VALUES ('2.0 Stereo', 'Not High Channel Count', '2.0_Stereo_Not_High_Channel_Count');
INSERT OR IGNORE INTO condition_patterns (custom_format_name, condition_name, regular_expression_name) VALUES ('2.0 Stereo', 'Not Mono', '2.0_Stereo_Not_Mono');
INSERT OR IGNORE INTO regular_expressions (name, pattern) VALUES ('2.0_Stereo_Stereo', '(?<!repac)[^0-9]2[ .]0\b|\bStereo\b');
INSERT OR IGNORE INTO regular_expressions (name, pattern) VALUES ('2.0_Stereo_Not_30ch', '[^0-9]3[ .]0\b');
INSERT OR IGNORE INTO regular_expressions (name, pattern) VALUES ('2.0_Stereo_Not_40ch', '[^0-9]4[ .]0\b');
INSERT OR IGNORE INTO regular_expressions (name, pattern) VALUES ('2.0_Stereo_Not_High_Channel_Count', '[^0-9][5-9][ .][0-1]\b');
INSERT OR IGNORE INTO regular_expressions (name, pattern) VALUES ('2.0_Stereo_Not_Mono', '[^0-9]1[ .]0\b|\bMono\b|\[PCM \]');
INSERT OR IGNORE INTO custom_format_conditions (custom_format_name, name, type, arr_type, negate, required) VALUES ('2.0 Stereo', 'Stereo', 'pattern', 'sonarr', 0, 1);
INSERT OR IGNORE INTO custom_format_conditions (custom_format_name, name, type, arr_type, negate, required) VALUES ('2.0 Stereo', 'Not 30ch', 'pattern', 'sonarr', 1, 1);
INSERT OR IGNORE INTO custom_format_conditions (custom_format_name, name, type, arr_type, negate, required) VALUES ('2.0 Stereo', 'Not 40ch', 'pattern', 'sonarr', 1, 1);
INSERT OR IGNORE INTO custom_format_conditions (custom_format_name, name, type, arr_type, negate, required) VALUES ('2.0 Stereo', 'Not High Channel Count', 'pattern', 'sonarr', 1, 1);
INSERT OR IGNORE INTO custom_format_conditions (custom_format_name, name, type, arr_type, negate, required) VALUES ('2.0 Stereo', 'Not Mono', 'pattern', 'sonarr', 1, 1);

INSERT OR IGNORE INTO custom_formats (name, description, include_in_rename) VALUES ('2160p', '1bef6c151fa35093015b0bfef18279e5', 0);
INSERT OR IGNORE INTO condition_resolutions (custom_format_name, condition_name, resolution) VALUES ('2160p', '2160p', '2160');
INSERT OR IGNORE INTO custom_format_conditions (custom_format_name, name, type, arr_type, negate, required) VALUES ('2160p', '2160p', 'resolution', 'sonarr', 0, 1);

INSERT OR IGNORE INTO custom_formats (name, description, include_in_rename) VALUES ('3.0 Sound', '42cba7e38c7947a6d1d0a62580ee6d62', 0);
INSERT OR IGNORE INTO condition_patterns (custom_format_name, condition_name, regular_expression_name) VALUES ('3.0 Sound', '30ch', '3.0_Sound_30ch');
INSERT OR IGNORE INTO condition_patterns (custom_format_name, condition_name, regular_expression_name) VALUES ('3.0 Sound', 'Not Mono', '3.0_Sound_Not_Mono');
INSERT OR IGNORE INTO condition_patterns (custom_format_name, condition_name, regular_expression_name) VALUES ('3.0 Sound', 'Not Stereo', '3.0_Sound_Not_Stereo');
INSERT OR IGNORE INTO condition_patterns (custom_format_name, condition_name, regular_expression_name) VALUES ('3.0 Sound', 'Not 40ch', '3.0_Sound_Not_40ch');
INSERT OR IGNORE INTO condition_patterns (custom_format_name, condition_name, regular_expression_name) VALUES ('3.0 Sound', 'Not High Channel Count', '3.0_Sound_Not_High_Channel_Count');
INSERT OR IGNORE INTO regular_expressions (name, pattern) VALUES ('3.0_Sound_30ch', '[^0-9]3[ .]0\b');
INSERT OR IGNORE INTO regular_expressions (name, pattern) VALUES ('3.0_Sound_Not_Mono', '[^0-9]1[ .]0\b|\bMono\b|\[PCM \]');
INSERT OR IGNORE INTO regular_expressions (name, pattern) VALUES ('3.0_Sound_Not_Stereo', '(?<!repac)[^0-9]2[ .]0\b|\bStereo\b');
INSERT OR IGNORE INTO regular_expressions (name, pattern) VALUES ('3.0_Sound_Not_40ch', '[^0-9]4[ .]0\b');
INSERT OR IGNORE INTO regular_expressions (name, pattern) VALUES ('3.0_Sound_Not_High_Channel_Count', '[^0-9][5-9][ .][0-1]\b');
INSERT OR IGNORE INTO custom_format_conditions (custom_format_name, name, type, arr_type, negate, required) VALUES ('3.0 Sound', '30ch', 'pattern', 'sonarr', 0, 1);
INSERT OR IGNORE INTO custom_format_conditions (custom_format_name, name, type, arr_type, negate, required) VALUES ('3.0 Sound', 'Not Mono', 'pattern', 'sonarr', 1, 1);
INSERT OR IGNORE INTO custom_format_conditions (custom_format_name, name, type, arr_type, negate, required) VALUES ('3.0 Sound', 'Not Stereo', 'pattern', 'sonarr', 1, 1);
INSERT OR IGNORE INTO custom_format_conditions (custom_format_name, name, type, arr_type, negate, required) VALUES ('3.0 Sound', 'Not 40ch', 'pattern', 'sonarr', 1, 1);
INSERT OR IGNORE INTO custom_format_conditions (custom_format_name, name, type, arr_type, negate, required) VALUES ('3.0 Sound', 'Not High Channel Count', 'pattern', 'sonarr', 1, 1);

INSERT OR IGNORE INTO custom_formats (name, description, include_in_rename) VALUES ('4.0 Sound', '1895195e84767de180653914ce207245', 0);
INSERT OR IGNORE INTO condition_patterns (custom_format_name, condition_name, regular_expression_name) VALUES ('4.0 Sound', '40ch', '4.0_Sound_40ch');
INSERT OR IGNORE INTO condition_patterns (custom_format_name, condition_name, regular_expression_name) VALUES ('4.0 Sound', 'Not Mono', '4.0_Sound_Not_Mono');
INSERT OR IGNORE INTO condition_patterns (custom_format_name, condition_name, regular_expression_name) VALUES ('4.0 Sound', 'Not Stereo', '4.0_Sound_Not_Stereo');
INSERT OR IGNORE INTO condition_patterns (custom_format_name, condition_name, regular_expression_name) VALUES ('4.0 Sound', 'Not 30ch', '4.0_Sound_Not_30ch');
INSERT OR IGNORE INTO condition_patterns (custom_format_name, condition_name, regular_expression_name) VALUES ('4.0 Sound', 'Not High Channel Count', '4.0_Sound_Not_High_Channel_Count');
INSERT OR IGNORE INTO regular_expressions (name, pattern) VALUES ('4.0_Sound_40ch', '[^0-9]4[ .]0\b');
INSERT OR IGNORE INTO regular_expressions (name, pattern) VALUES ('4.0_Sound_Not_Mono', '[^0-9]1[ .]0\b|\bMono\b|\[PCM \]');
INSERT OR IGNORE INTO regular_expressions (name, pattern) VALUES ('4.0_Sound_Not_Stereo', '(?<!repac)[^0-9]2[ .]0\b|\bStereo\b');
INSERT OR IGNORE INTO regular_expressions (name, pattern) VALUES ('4.0_Sound_Not_30ch', '[^0-9]3[ .]0\b');
INSERT OR IGNORE INTO regular_expressions (name, pattern) VALUES ('4.0_Sound_Not_High_Channel_Count', '[^0-9][5-9][ .][0-1]\b');
INSERT OR IGNORE INTO custom_format_conditions (custom_format_name, name, type, arr_type, negate, required) VALUES ('4.0 Sound', '40ch', 'pattern', 'sonarr', 0, 1);
INSERT OR IGNORE INTO custom_format_conditions (custom_format_name, name, type, arr_type, negate, required) VALUES ('4.0 Sound', 'Not Mono', 'pattern', 'sonarr', 1, 1);
INSERT OR IGNORE INTO custom_format_conditions (custom_format_name, name, type, arr_type, negate, required) VALUES ('4.0 Sound', 'Not Stereo', 'pattern', 'sonarr', 1, 1);
INSERT OR IGNORE INTO custom_format_conditions (custom_format_name, name, type, arr_type, negate, required) VALUES ('4.0 Sound', 'Not 30ch', 'pattern', 'sonarr', 1, 1);
INSERT OR IGNORE INTO custom_format_conditions (custom_format_name, name, type, arr_type, negate, required) VALUES ('4.0 Sound', 'Not High Channel Count', 'pattern', 'sonarr', 1, 1);

INSERT OR IGNORE INTO custom_formats (name, description, include_in_rename) VALUES ('4OD', 'bbcaf03147de0f73be2be4a9078dfa03', 1);
INSERT OR IGNORE INTO condition_patterns (custom_format_name, condition_name, regular_expression_name) VALUES ('4OD', '4OD', '4OD_4OD');
INSERT OR IGNORE INTO condition_sources (custom_format_name, condition_name, source) VALUES ('4OD', 'WEBDL', 'TELECINE');
INSERT OR IGNORE INTO condition_sources (custom_format_name, condition_name, source) VALUES ('4OD', 'WEBRIP', 'WORKPRINT');
INSERT OR IGNORE INTO regular_expressions (name, pattern) VALUES ('4OD_4OD', '\b(4OD)\b');
INSERT OR IGNORE INTO custom_format_conditions (custom_format_name, name, type, arr_type, negate, required) VALUES ('4OD', '4OD', 'pattern', 'sonarr', 0, 1);
INSERT OR IGNORE INTO custom_format_conditions (custom_format_name, name, type, arr_type, negate, required) VALUES ('4OD', 'WEBDL', 'source', 'sonarr', 0, 0);
INSERT OR IGNORE INTO custom_format_conditions (custom_format_name, name, type, arr_type, negate, required) VALUES ('4OD', 'WEBRIP', 'source', 'sonarr', 0, 0);

INSERT OR IGNORE INTO custom_formats (name, description, include_in_rename) VALUES ('5.1 Surround', '3fbafa924f361e66fbc6187af82dfa85', 0);
INSERT OR IGNORE INTO condition_patterns (custom_format_name, condition_name, regular_expression_name) VALUES ('5.1 Surround', '51 Surround', '5.1_Surround_51_Surround');
INSERT OR IGNORE INTO condition_patterns (custom_format_name, condition_name, regular_expression_name) VALUES ('5.1 Surround', 'Not 61 Surround', '5.1_Surround_Not_61_Surround');
INSERT OR IGNORE INTO condition_patterns (custom_format_name, condition_name, regular_expression_name) VALUES ('5.1 Surround', 'Not 71 Surround', '5.1_Surround_Not_71_Surround');
INSERT OR IGNORE INTO regular_expressions (name, pattern) VALUES ('5.1_Surround_51_Surround', '[^0-9]5[ .][0-1]\b');
INSERT OR IGNORE INTO regular_expressions (name, pattern) VALUES ('5.1_Surround_Not_61_Surround', '[^0-9]6[ .][0-1]\b');
INSERT OR IGNORE INTO regular_expressions (name, pattern) VALUES ('5.1_Surround_Not_71_Surround', '[^0-9][7-8][ .][0-1]\b');
INSERT OR IGNORE INTO custom_format_conditions (custom_format_name, name, type, arr_type, negate, required) VALUES ('5.1 Surround', '51 Surround', 'pattern', 'sonarr', 0, 1);
INSERT OR IGNORE INTO custom_format_conditions (custom_format_name, name, type, arr_type, negate, required) VALUES ('5.1 Surround', 'Not 61 Surround', 'pattern', 'sonarr', 1, 1);
INSERT OR IGNORE INTO custom_format_conditions (custom_format_name, name, type, arr_type, negate, required) VALUES ('5.1 Surround', 'Not 71 Surround', 'pattern', 'sonarr', 1, 1);

INSERT OR IGNORE INTO custom_formats (name, description, include_in_rename) VALUES ('6.1 Surround', '9fb6d778592c293467437593ef394bf1', 0);
INSERT OR IGNORE INTO condition_patterns (custom_format_name, condition_name, regular_expression_name) VALUES ('6.1 Surround', '61 Surround', '6.1_Surround_61_Surround');
INSERT OR IGNORE INTO condition_patterns (custom_format_name, condition_name, regular_expression_name) VALUES ('6.1 Surround', 'Not 71 Surround', '6.1_Surround_Not_71_Surround');
INSERT OR IGNORE INTO regular_expressions (name, pattern) VALUES ('6.1_Surround_61_Surround', '[^0-9]6[ .][0-1]\b');
INSERT OR IGNORE INTO regular_expressions (name, pattern) VALUES ('6.1_Surround_Not_71_Surround', '[^0-9][7-8][ .][0-1]\b');
INSERT OR IGNORE INTO custom_format_conditions (custom_format_name, name, type, arr_type, negate, required) VALUES ('6.1 Surround', '61 Surround', 'pattern', 'sonarr', 0, 1);
INSERT OR IGNORE INTO custom_format_conditions (custom_format_name, name, type, arr_type, negate, required) VALUES ('6.1 Surround', 'Not 71 Surround', 'pattern', 'sonarr', 1, 1);

INSERT OR IGNORE INTO custom_formats (name, description, include_in_rename) VALUES ('7.1 Surround', '204c8c3e7315bb0ea81332774fa888d6', 0);
INSERT OR IGNORE INTO condition_patterns (custom_format_name, condition_name, regular_expression_name) VALUES ('7.1 Surround', '71 Surround', '7.1_Surround_71_Surround');
INSERT OR IGNORE INTO condition_patterns (custom_format_name, condition_name, regular_expression_name) VALUES ('7.1 Surround', 'Not Low Channel Count', '7.1_Surround_Not_Low_Channel_Count');
INSERT OR IGNORE INTO regular_expressions (name, pattern) VALUES ('7.1_Surround_71_Surround', '[^0-9][7-8][ .][0-1]\b');
INSERT OR IGNORE INTO regular_expressions (name, pattern) VALUES ('7.1_Surround_Not_Low_Channel_Count', '(?<!repac)[^0-9][1-4][ .][0-1]\b|\b(Stereo|Mono)\b');
INSERT OR IGNORE INTO custom_format_conditions (custom_format_name, name, type, arr_type, negate, required) VALUES ('7.1 Surround', '71 Surround', 'pattern', 'sonarr', 0, 1);
INSERT OR IGNORE INTO custom_format_conditions (custom_format_name, name, type, arr_type, negate, required) VALUES ('7.1 Surround', 'Not Low Channel Count', 'pattern', 'sonarr', 1, 1);

INSERT OR IGNORE INTO custom_formats (name, description, include_in_rename) VALUES ('720p', 'c99279ee27a154c2f20d1d505cc99e25', 0);
INSERT OR IGNORE INTO condition_resolutions (custom_format_name, condition_name, resolution) VALUES ('720p', '720p', '720');
INSERT OR IGNORE INTO custom_format_conditions (custom_format_name, name, type, arr_type, negate, required) VALUES ('720p', '720p', 'resolution', 'sonarr', 0, 1);

INSERT OR IGNORE INTO custom_formats (name, description, include_in_rename) VALUES ('AAC', 'a50b8a0c62274a7c38b09a9619ba9d86', 0);
INSERT OR IGNORE INTO condition_patterns (custom_format_name, condition_name, regular_expression_name) VALUES ('AAC', 'AAC', 'AAC_AAC');
INSERT OR IGNORE INTO condition_patterns (custom_format_name, condition_name, regular_expression_name) VALUES ('AAC', 'Not DTS', 'AAC_Not_DTS');
INSERT OR IGNORE INTO condition_patterns (custom_format_name, condition_name, regular_expression_name) VALUES ('AAC', 'Not Dolby Digital Plus ', 'AAC_Not_Dolby_Digital_Plus_');
INSERT OR IGNORE INTO condition_patterns (custom_format_name, condition_name, regular_expression_name) VALUES ('AAC', 'Not Basic Dolby Digital', 'AAC_Not_Basic_Dolby_Digital');
INSERT OR IGNORE INTO condition_patterns (custom_format_name, condition_name, regular_expression_name) VALUES ('AAC', 'Not PCM', 'AAC_Not_PCM');
INSERT OR IGNORE INTO condition_patterns (custom_format_name, condition_name, regular_expression_name) VALUES ('AAC', 'Not FLAC', 'AAC_Not_FLAC');
INSERT OR IGNORE INTO condition_patterns (custom_format_name, condition_name, regular_expression_name) VALUES ('AAC', 'Not TrueHDATMOS', 'AAC_Not_TrueHDATMOS');
INSERT OR IGNORE INTO regular_expressions (name, pattern) VALUES ('AAC_AAC', '\bAAC(\b|\d)');
INSERT OR IGNORE INTO regular_expressions (name, pattern) VALUES ('AAC_Not_DTS', '\bDTS(\b|\d)');
INSERT OR IGNORE INTO regular_expressions (name, pattern) VALUES ('AAC_Not_Dolby_Digital_Plus_', '\bDD[P+]|\b(e[-_. ]?ac-?3)\b');
INSERT OR IGNORE INTO regular_expressions (name, pattern) VALUES ('AAC_Not_Basic_Dolby_Digital', '\bDD[^a-z+]|(?<!e-)\b(ac-?3)\b');
INSERT OR IGNORE INTO regular_expressions (name, pattern) VALUES ('AAC_Not_PCM', '\b(l?)PCM(\b|\d)');
INSERT OR IGNORE INTO regular_expressions (name, pattern) VALUES ('AAC_Not_FLAC', '\bFLAC(\b|\d)');
INSERT OR IGNORE INTO regular_expressions (name, pattern) VALUES ('AAC_Not_TrueHDATMOS', 'True[ .-]?HD|\bATMOS(\b|\d)');
INSERT OR IGNORE INTO custom_format_conditions (custom_format_name, name, type, arr_type, negate, required) VALUES ('AAC', 'AAC', 'pattern', 'sonarr', 0, 1);
INSERT OR IGNORE INTO custom_format_conditions (custom_format_name, name, type, arr_type, negate, required) VALUES ('AAC', 'Not DTS', 'pattern', 'sonarr', 1, 1);
INSERT OR IGNORE INTO custom_format_conditions (custom_format_name, name, type, arr_type, negate, required) VALUES ('AAC', 'Not Dolby Digital Plus ', 'pattern', 'sonarr', 1, 1);
INSERT OR IGNORE INTO custom_format_conditions (custom_format_name, name, type, arr_type, negate, required) VALUES ('AAC', 'Not Basic Dolby Digital', 'pattern', 'sonarr', 1, 1);
INSERT OR IGNORE INTO custom_format_conditions (custom_format_name, name, type, arr_type, negate, required) VALUES ('AAC', 'Not PCM', 'pattern', 'sonarr', 1, 1);
INSERT OR IGNORE INTO custom_format_conditions (custom_format_name, name, type, arr_type, negate, required) VALUES ('AAC', 'Not FLAC', 'pattern', 'sonarr', 1, 1);
INSERT OR IGNORE INTO custom_format_conditions (custom_format_name, name, type, arr_type, negate, required) VALUES ('AAC', 'Not TrueHDATMOS', 'pattern', 'sonarr', 1, 1);

INSERT OR IGNORE INTO custom_formats (name, description, include_in_rename) VALUES ('ABEMA', 'a370d974bc7b80374de1d9ba7519760b', 1);
INSERT OR IGNORE INTO condition_patterns (custom_format_name, condition_name, regular_expression_name) VALUES ('ABEMA', 'ABEMA', 'ABEMA_ABEMA');
INSERT OR IGNORE INTO condition_sources (custom_format_name, condition_name, source) VALUES ('ABEMA', 'WEBDL', 'TELECINE');
INSERT OR IGNORE INTO condition_sources (custom_format_name, condition_name, source) VALUES ('ABEMA', 'WEBRIP', 'WORKPRINT');
INSERT OR IGNORE INTO condition_sources (custom_format_name, condition_name, source) VALUES ('ABEMA', 'WEB', 'CAM');
INSERT OR IGNORE INTO regular_expressions (name, pattern) VALUES ('ABEMA_ABEMA', '\b(ABEMA[ ._-]?(TV)?)\b');
INSERT OR IGNORE INTO custom_format_conditions (custom_format_name, name, type, arr_type, negate, required) VALUES ('ABEMA', 'ABEMA', 'pattern', 'sonarr', 0, 1);
INSERT OR IGNORE INTO custom_format_conditions (custom_format_name, name, type, arr_type, negate, required) VALUES ('ABEMA', 'WEBDL', 'source', 'sonarr', 0, 0);
INSERT OR IGNORE INTO custom_format_conditions (custom_format_name, name, type, arr_type, negate, required) VALUES ('ABEMA', 'WEBRIP', 'source', 'sonarr', 0, 0);
INSERT OR IGNORE INTO custom_format_conditions (custom_format_name, name, type, arr_type, negate, required) VALUES ('ABEMA', 'WEB', 'source', 'sonarr', 0, 0);

INSERT OR IGNORE INTO custom_formats (name, description, include_in_rename) VALUES ('ALL4', 'fcc09418f67ccaddcf3b641a22c5cfd7', 1);
INSERT OR IGNORE INTO condition_patterns (custom_format_name, condition_name, regular_expression_name) VALUES ('ALL4', 'ALL4', 'ALL4_ALL4');
INSERT OR IGNORE INTO condition_sources (custom_format_name, condition_name, source) VALUES ('ALL4', 'WEBDL', 'TELECINE');
INSERT OR IGNORE INTO condition_sources (custom_format_name, condition_name, source) VALUES ('ALL4', 'WEBRIP', 'WORKPRINT');
INSERT OR IGNORE INTO regular_expressions (name, pattern) VALUES ('ALL4_ALL4', '\b(ALL4)\b');
INSERT OR IGNORE INTO custom_format_conditions (custom_format_name, name, type, arr_type, negate, required) VALUES ('ALL4', 'ALL4', 'pattern', 'sonarr', 0, 1);
INSERT OR IGNORE INTO custom_format_conditions (custom_format_name, name, type, arr_type, negate, required) VALUES ('ALL4', 'WEBDL', 'source', 'sonarr', 0, 0);
INSERT OR IGNORE INTO custom_format_conditions (custom_format_name, name, type, arr_type, negate, required) VALUES ('ALL4', 'WEBRIP', 'source', 'sonarr', 0, 0);

INSERT OR IGNORE INTO custom_formats (name, description, include_in_rename) VALUES ('AMZN', 'd660701077794679fd59e8bdf4ce3a29', 1);
INSERT OR IGNORE INTO condition_patterns (custom_format_name, condition_name, regular_expression_name) VALUES ('AMZN', 'Amazon', 'AMZN_Amazon');
INSERT OR IGNORE INTO condition_sources (custom_format_name, condition_name, source) VALUES ('AMZN', 'WEBDL', 'TELECINE');
INSERT OR IGNORE INTO condition_sources (custom_format_name, condition_name, source) VALUES ('AMZN', 'WEBRIP', 'WORKPRINT');
INSERT OR IGNORE INTO regular_expressions (name, pattern) VALUES ('AMZN_Amazon', '\b(amzn|amazon(hd)?)\b');
INSERT OR IGNORE INTO custom_format_conditions (custom_format_name, name, type, arr_type, negate, required) VALUES ('AMZN', 'Amazon', 'pattern', 'sonarr', 0, 1);
INSERT OR IGNORE INTO custom_format_conditions (custom_format_name, name, type, arr_type, negate, required) VALUES ('AMZN', 'WEBDL', 'source', 'sonarr', 0, 0);
INSERT OR IGNORE INTO custom_format_conditions (custom_format_name, name, type, arr_type, negate, required) VALUES ('AMZN', 'WEBRIP', 'source', 'sonarr', 0, 0);

INSERT OR IGNORE INTO custom_formats (name, description, include_in_rename) VALUES ('Anime BD Tier 01', '949c16fe0a8147f50ba82cc2df9411c9', 0);
INSERT OR IGNORE INTO condition_patterns (custom_format_name, condition_name, regular_expression_name) VALUES ('Anime BD Tier 01', 'DemiHuman', 'Anime_BD_Tier_01_DemiHuman');
INSERT OR IGNORE INTO condition_patterns (custom_format_name, condition_name, regular_expression_name) VALUES ('Anime BD Tier 01', 'FLE', 'Anime_BD_Tier_01_FLE');
INSERT OR IGNORE INTO condition_patterns (custom_format_name, condition_name, regular_expression_name) VALUES ('Anime BD Tier 01', 'Flugel', 'Anime_BD_Tier_01_Flugel');
INSERT OR IGNORE INTO condition_patterns (custom_format_name, condition_name, regular_expression_name) VALUES ('Anime BD Tier 01', 'LYS1TH3A', 'Anime_BD_Tier_01_LYS1TH3A');
INSERT OR IGNORE INTO condition_patterns (custom_format_name, condition_name, regular_expression_name) VALUES ('Anime BD Tier 01', 'Moxie', 'Anime_BD_Tier_01_Moxie');
INSERT OR IGNORE INTO condition_patterns (custom_format_name, condition_name, regular_expression_name) VALUES ('Anime BD Tier 01', 'NAN0', 'Anime_BD_Tier_01_NAN0');
INSERT OR IGNORE INTO condition_patterns (custom_format_name, condition_name, regular_expression_name) VALUES ('Anime BD Tier 01', 'sam', 'Anime_BD_Tier_01_sam');
INSERT OR IGNORE INTO condition_patterns (custom_format_name, condition_name, regular_expression_name) VALUES ('Anime BD Tier 01', 'smol', 'Anime_BD_Tier_01_smol');
INSERT OR IGNORE INTO condition_patterns (custom_format_name, condition_name, regular_expression_name) VALUES ('Anime BD Tier 01', 'SoM', 'Anime_BD_Tier_01_SoM');
INSERT OR IGNORE INTO condition_patterns (custom_format_name, condition_name, regular_expression_name) VALUES ('Anime BD Tier 01', 'ZR', 'Anime_BD_Tier_01_ZR');
INSERT OR IGNORE INTO condition_sources (custom_format_name, condition_name, source) VALUES ('Anime BD Tier 01', 'Bluray', 'TV');
INSERT OR IGNORE INTO condition_sources (custom_format_name, condition_name, source) VALUES ('Anime BD Tier 01', 'Bluray Remux', 'WEBDL');
INSERT OR IGNORE INTO condition_sources (custom_format_name, condition_name, source) VALUES ('Anime BD Tier 01', 'DVD', 'DVD');
INSERT OR IGNORE INTO regular_expressions (name, pattern) VALUES ('Anime_BD_Tier_01_DemiHuman', '\b(DemiHuman)\b');
INSERT OR IGNORE INTO regular_expressions (name, pattern) VALUES ('Anime_BD_Tier_01_FLE', '\b(FLE)\b');
INSERT OR IGNORE INTO regular_expressions (name, pattern) VALUES ('Anime_BD_Tier_01_Flugel', '\b(Flugel)\b');
INSERT OR IGNORE INTO regular_expressions (name, pattern) VALUES ('Anime_BD_Tier_01_LYS1TH3A', '\b(LYS1TH3A)\b');
INSERT OR IGNORE INTO regular_expressions (name, pattern) VALUES ('Anime_BD_Tier_01_Moxie', '\[Moxie\]|-Moxie\b');
INSERT OR IGNORE INTO regular_expressions (name, pattern) VALUES ('Anime_BD_Tier_01_NAN0', '(?<=remux).*\b(NAN0)\b');
INSERT OR IGNORE INTO regular_expressions (name, pattern) VALUES ('Anime_BD_Tier_01_sam', '\[sam\]|-sam\b');
INSERT OR IGNORE INTO regular_expressions (name, pattern) VALUES ('Anime_BD_Tier_01_smol', '\[smol\]|-smol\b');
INSERT OR IGNORE INTO regular_expressions (name, pattern) VALUES ('Anime_BD_Tier_01_SoM', '\[SoM\]|-SoM\b');
INSERT OR IGNORE INTO regular_expressions (name, pattern) VALUES ('Anime_BD_Tier_01_ZR', '\b(ZR)\b|-ZR-');
INSERT OR IGNORE INTO custom_format_conditions (custom_format_name, name, type, arr_type, negate, required) VALUES ('Anime BD Tier 01', 'Bluray', 'source', 'sonarr', 0, 0);
INSERT OR IGNORE INTO custom_format_conditions (custom_format_name, name, type, arr_type, negate, required) VALUES ('Anime BD Tier 01', 'Bluray Remux', 'source', 'sonarr', 0, 0);
INSERT OR IGNORE INTO custom_format_conditions (custom_format_name, name, type, arr_type, negate, required) VALUES ('Anime BD Tier 01', 'DVD', 'source', 'sonarr', 0, 0);
INSERT OR IGNORE INTO custom_format_conditions (custom_format_name, name, type, arr_type, negate, required) VALUES ('Anime BD Tier 01', 'DemiHuman', 'pattern', 'sonarr', 0, 0);
INSERT OR IGNORE INTO custom_format_conditions (custom_format_name, name, type, arr_type, negate, required) VALUES ('Anime BD Tier 01', 'FLE', 'pattern', 'sonarr', 0, 0);
INSERT OR IGNORE INTO custom_format_conditions (custom_format_name, name, type, arr_type, negate, required) VALUES ('Anime BD Tier 01', 'Flugel', 'pattern', 'sonarr', 0, 0);
INSERT OR IGNORE INTO custom_format_conditions (custom_format_name, name, type, arr_type, negate, required) VALUES ('Anime BD Tier 01', 'LYS1TH3A', 'pattern', 'sonarr', 0, 0);
INSERT OR IGNORE INTO custom_format_conditions (custom_format_name, name, type, arr_type, negate, required) VALUES ('Anime BD Tier 01', 'Moxie', 'pattern', 'sonarr', 0, 0);
INSERT OR IGNORE INTO custom_format_conditions (custom_format_name, name, type, arr_type, negate, required) VALUES ('Anime BD Tier 01', 'NAN0', 'pattern', 'sonarr', 0, 0);
INSERT OR IGNORE INTO custom_format_conditions (custom_format_name, name, type, arr_type, negate, required) VALUES ('Anime BD Tier 01', 'sam', 'pattern', 'sonarr', 0, 0);
INSERT OR IGNORE INTO custom_format_conditions (custom_format_name, name, type, arr_type, negate, required) VALUES ('Anime BD Tier 01', 'smol', 'pattern', 'sonarr', 0, 0);
INSERT OR IGNORE INTO custom_format_conditions (custom_format_name, name, type, arr_type, negate, required) VALUES ('Anime BD Tier 01', 'SoM', 'pattern', 'sonarr', 0, 0);
INSERT OR IGNORE INTO custom_format_conditions (custom_format_name, name, type, arr_type, negate, required) VALUES ('Anime BD Tier 01', 'ZR', 'pattern', 'sonarr', 0, 0);

INSERT OR IGNORE INTO custom_formats (name, description, include_in_rename) VALUES ('Anime BD Tier 02', 'ed7f1e315e000aef424a58517fa48727', 0);
INSERT OR IGNORE INTO condition_patterns (custom_format_name, condition_name, regular_expression_name) VALUES ('Anime BD Tier 02', 'Aergia', 'Anime_BD_Tier_02_Aergia');
INSERT OR IGNORE INTO condition_patterns (custom_format_name, condition_name, regular_expression_name) VALUES ('Anime BD Tier 02', 'Arg0', 'Anime_BD_Tier_02_Arg0');
INSERT OR IGNORE INTO condition_patterns (custom_format_name, condition_name, regular_expression_name) VALUES ('Anime BD Tier 02', 'Arid', 'Anime_BD_Tier_02_Arid');
INSERT OR IGNORE INTO condition_patterns (custom_format_name, condition_name, regular_expression_name) VALUES ('Anime BD Tier 02', 'FateSucks', 'Anime_BD_Tier_02_FateSucks');
INSERT OR IGNORE INTO condition_patterns (custom_format_name, condition_name, regular_expression_name) VALUES ('Anime BD Tier 02', 'hydes', 'Anime_BD_Tier_02_hydes');
INSERT OR IGNORE INTO condition_patterns (custom_format_name, condition_name, regular_expression_name) VALUES ('Anime BD Tier 02', 'hchcsen', 'Anime_BD_Tier_02_hchcsen');
INSERT OR IGNORE INTO condition_patterns (custom_format_name, condition_name, regular_expression_name) VALUES ('Anime BD Tier 02', 'JOHNTiTOR', 'Anime_BD_Tier_02_JOHNTiTOR');
INSERT OR IGNORE INTO condition_patterns (custom_format_name, condition_name, regular_expression_name) VALUES ('Anime BD Tier 02', 'JySzE', 'Anime_BD_Tier_02_JySzE');
INSERT OR IGNORE INTO condition_patterns (custom_format_name, condition_name, regular_expression_name) VALUES ('Anime BD Tier 02', 'koala', 'Anime_BD_Tier_02_koala');
INSERT OR IGNORE INTO condition_patterns (custom_format_name, condition_name, regular_expression_name) VALUES ('Anime BD Tier 02', 'Kulot', 'Anime_BD_Tier_02_Kulot');
INSERT OR IGNORE INTO condition_patterns (custom_format_name, condition_name, regular_expression_name) VALUES ('Anime BD Tier 02', 'LostYears', 'Anime_BD_Tier_02_LostYears');
INSERT OR IGNORE INTO condition_patterns (custom_format_name, condition_name, regular_expression_name) VALUES ('Anime BD Tier 02', 'Lulu', 'Anime_BD_Tier_02_Lulu');
INSERT OR IGNORE INTO condition_patterns (custom_format_name, condition_name, regular_expression_name) VALUES ('Anime BD Tier 02', 'Meakes', 'Anime_BD_Tier_02_Meakes');
INSERT OR IGNORE INTO condition_patterns (custom_format_name, condition_name, regular_expression_name) VALUES ('Anime BD Tier 02', 'Orphan', 'Anime_BD_Tier_02_Orphan');
INSERT OR IGNORE INTO condition_patterns (custom_format_name, condition_name, regular_expression_name) VALUES ('Anime BD Tier 02', 'PMR', 'Anime_BD_Tier_02_PMR');
INSERT OR IGNORE INTO condition_patterns (custom_format_name, condition_name, regular_expression_name) VALUES ('Anime BD Tier 02', 'Vodes', 'Anime_BD_Tier_02_Vodes');
INSERT OR IGNORE INTO condition_patterns (custom_format_name, condition_name, regular_expression_name) VALUES ('Anime BD Tier 02', 'WAP', 'Anime_BD_Tier_02_WAP');
INSERT OR IGNORE INTO condition_patterns (custom_format_name, condition_name, regular_expression_name) VALUES ('Anime BD Tier 02', 'YURI', 'Anime_BD_Tier_02_YURI');
INSERT OR IGNORE INTO condition_patterns (custom_format_name, condition_name, regular_expression_name) VALUES ('Anime BD Tier 02', 'ZeroBuild', 'Anime_BD_Tier_02_ZeroBuild');
INSERT OR IGNORE INTO condition_sources (custom_format_name, condition_name, source) VALUES ('Anime BD Tier 02', 'Bluray', 'TV');
INSERT OR IGNORE INTO condition_sources (custom_format_name, condition_name, source) VALUES ('Anime BD Tier 02', 'Bluray Remux', 'WEBDL');
INSERT OR IGNORE INTO condition_sources (custom_format_name, condition_name, source) VALUES ('Anime BD Tier 02', 'DVD', 'DVD');
INSERT OR IGNORE INTO regular_expressions (name, pattern) VALUES ('Anime_BD_Tier_02_Aergia', '\[Aergia\]|-Aergia(?!-raws)\b');
INSERT OR IGNORE INTO regular_expressions (name, pattern) VALUES ('Anime_BD_Tier_02_Arg0', '\b(Arg0)\b');
INSERT OR IGNORE INTO regular_expressions (name, pattern) VALUES ('Anime_BD_Tier_02_Arid', '\[Arid\]|-Arid\b');
INSERT OR IGNORE INTO regular_expressions (name, pattern) VALUES ('Anime_BD_Tier_02_FateSucks', '\b(FateSucks)\b');
INSERT OR IGNORE INTO regular_expressions (name, pattern) VALUES ('Anime_BD_Tier_02_hydes', '\b(hydes)\b');
INSERT OR IGNORE INTO regular_expressions (name, pattern) VALUES ('Anime_BD_Tier_02_hchcsen', '\b(hchcsen)\b');
INSERT OR IGNORE INTO regular_expressions (name, pattern) VALUES ('Anime_BD_Tier_02_JOHNTiTOR', '\b(JOHNTiTOR)\b');
INSERT OR IGNORE INTO regular_expressions (name, pattern) VALUES ('Anime_BD_Tier_02_JySzE', '\b(JySzE)\b');
INSERT OR IGNORE INTO regular_expressions (name, pattern) VALUES ('Anime_BD_Tier_02_koala', '\[koala\]|-koala\b');
INSERT OR IGNORE INTO regular_expressions (name, pattern) VALUES ('Anime_BD_Tier_02_Kulot', '\b(Kulot)\b');
INSERT OR IGNORE INTO regular_expressions (name, pattern) VALUES ('Anime_BD_Tier_02_LostYears', '\b(LostYears)\b');
INSERT OR IGNORE INTO regular_expressions (name, pattern) VALUES ('Anime_BD_Tier_02_Lulu', '\[Lulu\]|-Lulu\b');
INSERT OR IGNORE INTO regular_expressions (name, pattern) VALUES ('Anime_BD_Tier_02_Meakes', '\b(Meakes)\b');
INSERT OR IGNORE INTO regular_expressions (name, pattern) VALUES ('Anime_BD_Tier_02_Orphan', '\[Orphan\]|-Orphan\b');
INSERT OR IGNORE INTO regular_expressions (name, pattern) VALUES ('Anime_BD_Tier_02_PMR', '^(?=.*\b(PMR)\b)(?=.*\b(Remux)\b)');
INSERT OR IGNORE INTO regular_expressions (name, pattern) VALUES ('Anime_BD_Tier_02_Vodes', '\[Vodes\]|(?<!Not)-Vodes\b');
INSERT OR IGNORE INTO regular_expressions (name, pattern) VALUES ('Anime_BD_Tier_02_WAP', '\b(WAP)\b');
INSERT OR IGNORE INTO regular_expressions (name, pattern) VALUES ('Anime_BD_Tier_02_YURI', '\[YURI\]|-YURI\b');
INSERT OR IGNORE INTO regular_expressions (name, pattern) VALUES ('Anime_BD_Tier_02_ZeroBuild', '\b(ZeroBuild)\b');
INSERT OR IGNORE INTO custom_format_conditions (custom_format_name, name, type, arr_type, negate, required) VALUES ('Anime BD Tier 02', 'Bluray', 'source', 'sonarr', 0, 0);
INSERT OR IGNORE INTO custom_format_conditions (custom_format_name, name, type, arr_type, negate, required) VALUES ('Anime BD Tier 02', 'Bluray Remux', 'source', 'sonarr', 0, 0);
INSERT OR IGNORE INTO custom_format_conditions (custom_format_name, name, type, arr_type, negate, required) VALUES ('Anime BD Tier 02', 'DVD', 'source', 'sonarr', 0, 0);
INSERT OR IGNORE INTO custom_format_conditions (custom_format_name, name, type, arr_type, negate, required) VALUES ('Anime BD Tier 02', 'Aergia', 'pattern', 'sonarr', 0, 0);
INSERT OR IGNORE INTO custom_format_conditions (custom_format_name, name, type, arr_type, negate, required) VALUES ('Anime BD Tier 02', 'Arg0', 'pattern', 'sonarr', 0, 0);
INSERT OR IGNORE INTO custom_format_conditions (custom_format_name, name, type, arr_type, negate, required) VALUES ('Anime BD Tier 02', 'Arid', 'pattern', 'sonarr', 0, 0);
INSERT OR IGNORE INTO custom_format_conditions (custom_format_name, name, type, arr_type, negate, required) VALUES ('Anime BD Tier 02', 'FateSucks', 'pattern', 'sonarr', 0, 0);
INSERT OR IGNORE INTO custom_format_conditions (custom_format_name, name, type, arr_type, negate, required) VALUES ('Anime BD Tier 02', 'hydes', 'pattern', 'sonarr', 0, 0);
INSERT OR IGNORE INTO custom_format_conditions (custom_format_name, name, type, arr_type, negate, required) VALUES ('Anime BD Tier 02', 'hchcsen', 'pattern', 'sonarr', 0, 0);
INSERT OR IGNORE INTO custom_format_conditions (custom_format_name, name, type, arr_type, negate, required) VALUES ('Anime BD Tier 02', 'JOHNTiTOR', 'pattern', 'sonarr', 0, 0);
INSERT OR IGNORE INTO custom_format_conditions (custom_format_name, name, type, arr_type, negate, required) VALUES ('Anime BD Tier 02', 'JySzE', 'pattern', 'sonarr', 0, 0);
INSERT OR IGNORE INTO custom_format_conditions (custom_format_name, name, type, arr_type, negate, required) VALUES ('Anime BD Tier 02', 'koala', 'pattern', 'sonarr', 0, 0);
INSERT OR IGNORE INTO custom_format_conditions (custom_format_name, name, type, arr_type, negate, required) VALUES ('Anime BD Tier 02', 'Kulot', 'pattern', 'sonarr', 0, 0);
INSERT OR IGNORE INTO custom_format_conditions (custom_format_name, name, type, arr_type, negate, required) VALUES ('Anime BD Tier 02', 'LostYears', 'pattern', 'sonarr', 0, 0);
INSERT OR IGNORE INTO custom_format_conditions (custom_format_name, name, type, arr_type, negate, required) VALUES ('Anime BD Tier 02', 'Lulu', 'pattern', 'sonarr', 0, 0);
INSERT OR IGNORE INTO custom_format_conditions (custom_format_name, name, type, arr_type, negate, required) VALUES ('Anime BD Tier 02', 'Meakes', 'pattern', 'sonarr', 0, 0);
INSERT OR IGNORE INTO custom_format_conditions (custom_format_name, name, type, arr_type, negate, required) VALUES ('Anime BD Tier 02', 'Orphan', 'pattern', 'sonarr', 0, 0);
INSERT OR IGNORE INTO custom_format_conditions (custom_format_name, name, type, arr_type, negate, required) VALUES ('Anime BD Tier 02', 'PMR', 'pattern', 'sonarr', 0, 0);
INSERT OR IGNORE INTO custom_format_conditions (custom_format_name, name, type, arr_type, negate, required) VALUES ('Anime BD Tier 02', 'Vodes', 'pattern', 'sonarr', 0, 0);
INSERT OR IGNORE INTO custom_format_conditions (custom_format_name, name, type, arr_type, negate, required) VALUES ('Anime BD Tier 02', 'WAP', 'pattern', 'sonarr', 0, 0);
INSERT OR IGNORE INTO custom_format_conditions (custom_format_name, name, type, arr_type, negate, required) VALUES ('Anime BD Tier 02', 'YURI', 'pattern', 'sonarr', 0, 0);
INSERT OR IGNORE INTO custom_format_conditions (custom_format_name, name, type, arr_type, negate, required) VALUES ('Anime BD Tier 02', 'ZeroBuild', 'pattern', 'sonarr', 0, 0);

INSERT OR IGNORE INTO custom_formats (name, description, include_in_rename) VALUES ('Anime BD Tier 03', '096e406c92baa713da4a72d88030b815', 0);
INSERT OR IGNORE INTO condition_patterns (custom_format_name, condition_name, regular_expression_name) VALUES ('Anime BD Tier 03', 'ARC', 'Anime_BD_Tier_03_ARC');
INSERT OR IGNORE INTO condition_patterns (custom_format_name, condition_name, regular_expression_name) VALUES ('Anime BD Tier 03', 'BBT-RMX', 'Anime_BD_Tier_03_BBT-RMX');
INSERT OR IGNORE INTO condition_patterns (custom_format_name, condition_name, regular_expression_name) VALUES ('Anime BD Tier 03', 'cappybara', 'Anime_BD_Tier_03_cappybara');
INSERT OR IGNORE INTO condition_patterns (custom_format_name, condition_name, regular_expression_name) VALUES ('Anime BD Tier 03', 'ChucksMux', 'Anime_BD_Tier_03_ChucksMux');
INSERT OR IGNORE INTO condition_patterns (custom_format_name, condition_name, regular_expression_name) VALUES ('Anime BD Tier 03', 'CRUCiBLE', 'Anime_BD_Tier_03_CRUCiBLE');
INSERT OR IGNORE INTO condition_patterns (custom_format_name, condition_name, regular_expression_name) VALUES ('Anime BD Tier 03', 'CUNNY', 'Anime_BD_Tier_03_CUNNY');
INSERT OR IGNORE INTO condition_patterns (custom_format_name, condition_name, regular_expression_name) VALUES ('Anime BD Tier 03', 'Cunnysseur', 'Anime_BD_Tier_03_Cunnysseur');
INSERT OR IGNORE INTO condition_patterns (custom_format_name, condition_name, regular_expression_name) VALUES ('Anime BD Tier 03', 'Doc', 'Anime_BD_Tier_03_Doc');
INSERT OR IGNORE INTO condition_patterns (custom_format_name, condition_name, regular_expression_name) VALUES ('Anime BD Tier 03', 'fig', 'Anime_BD_Tier_03_fig');
INSERT OR IGNORE INTO condition_patterns (custom_format_name, condition_name, regular_expression_name) VALUES ('Anime BD Tier 03', 'Headpatter', 'Anime_BD_Tier_03_Headpatter');
INSERT OR IGNORE INTO condition_patterns (custom_format_name, condition_name, regular_expression_name) VALUES ('Anime BD Tier 03', 'Inka-Subs', 'Anime_BD_Tier_03_Inka-Subs');
INSERT OR IGNORE INTO condition_patterns (custom_format_name, condition_name, regular_expression_name) VALUES ('Anime BD Tier 03', 'LaCroiX', 'Anime_BD_Tier_03_LaCroiX');
INSERT OR IGNORE INTO condition_patterns (custom_format_name, condition_name, regular_expression_name) VALUES ('Anime BD Tier 03', 'Legion', 'Anime_BD_Tier_03_Legion');
INSERT OR IGNORE INTO condition_patterns (custom_format_name, condition_name, regular_expression_name) VALUES ('Anime BD Tier 03', 'Mehul', 'Anime_BD_Tier_03_Mehul');
INSERT OR IGNORE INTO condition_patterns (custom_format_name, condition_name, regular_expression_name) VALUES ('Anime BD Tier 03', 'MTBB', 'Anime_BD_Tier_03_MTBB');
INSERT OR IGNORE INTO condition_patterns (custom_format_name, condition_name, regular_expression_name) VALUES ('Anime BD Tier 03', 'Mysteria', 'Anime_BD_Tier_03_Mysteria');
INSERT OR IGNORE INTO condition_patterns (custom_format_name, condition_name, regular_expression_name) VALUES ('Anime BD Tier 03', 'Netaro', 'Anime_BD_Tier_03_Netaro');
INSERT OR IGNORE INTO condition_patterns (custom_format_name, condition_name, regular_expression_name) VALUES ('Anime BD Tier 03', 'Noiy', 'Anime_BD_Tier_03_Noiy');
INSERT OR IGNORE INTO condition_patterns (custom_format_name, condition_name, regular_expression_name) VALUES ('Anime BD Tier 03', 'npz', 'Anime_BD_Tier_03_npz');
INSERT OR IGNORE INTO condition_patterns (custom_format_name, condition_name, regular_expression_name) VALUES ('Anime BD Tier 03', 'NTRX', 'Anime_BD_Tier_03_NTRX');
INSERT OR IGNORE INTO condition_patterns (custom_format_name, condition_name, regular_expression_name) VALUES ('Anime BD Tier 03', 'Okay-Subs', 'Anime_BD_Tier_03_Okay-Subs');
INSERT OR IGNORE INTO condition_patterns (custom_format_name, condition_name, regular_expression_name) VALUES ('Anime BD Tier 03', 'P9', 'Anime_BD_Tier_03_P9');
INSERT OR IGNORE INTO condition_patterns (custom_format_name, condition_name, regular_expression_name) VALUES ('Anime BD Tier 03', 'RUDY', 'Anime_BD_Tier_03_RUDY');
INSERT OR IGNORE INTO condition_patterns (custom_format_name, condition_name, regular_expression_name) VALUES ('Anime BD Tier 03', 'RaiN', 'Anime_BD_Tier_03_RaiN');
INSERT OR IGNORE INTO condition_patterns (custom_format_name, condition_name, regular_expression_name) VALUES ('Anime BD Tier 03', 'RMX', 'Anime_BD_Tier_03_RMX');
INSERT OR IGNORE INTO condition_patterns (custom_format_name, condition_name, regular_expression_name) VALUES ('Anime BD Tier 03', 'Sekkon', 'Anime_BD_Tier_03_Sekkon');
INSERT OR IGNORE INTO condition_patterns (custom_format_name, condition_name, regular_expression_name) VALUES ('Anime BD Tier 03', 'Serendipity', 'Anime_BD_Tier_03_Serendipity');
INSERT OR IGNORE INTO condition_patterns (custom_format_name, condition_name, regular_expression_name) VALUES ('Anime BD Tier 03', 'sgt', 'Anime_BD_Tier_03_sgt');
INSERT OR IGNORE INTO condition_patterns (custom_format_name, condition_name, regular_expression_name) VALUES ('Anime BD Tier 03', 'SubsMix', 'Anime_BD_Tier_03_SubsMix');
INSERT OR IGNORE INTO condition_patterns (custom_format_name, condition_name, regular_expression_name) VALUES ('Anime BD Tier 03', 'uba', 'Anime_BD_Tier_03_uba');
INSERT OR IGNORE INTO condition_sources (custom_format_name, condition_name, source) VALUES ('Anime BD Tier 03', 'Bluray', 'TV');
INSERT OR IGNORE INTO condition_sources (custom_format_name, condition_name, source) VALUES ('Anime BD Tier 03', 'Bluray Remux', 'WEBDL');
INSERT OR IGNORE INTO condition_sources (custom_format_name, condition_name, source) VALUES ('Anime BD Tier 03', 'DVD', 'DVD');
INSERT OR IGNORE INTO regular_expressions (name, pattern) VALUES ('Anime_BD_Tier_03_ARC', '\[ARC\]|-ARC\b');
INSERT OR IGNORE INTO regular_expressions (name, pattern) VALUES ('Anime_BD_Tier_03_BBT-RMX', '\b(BBT-RMX)\b');
INSERT OR IGNORE INTO regular_expressions (name, pattern) VALUES ('Anime_BD_Tier_03_cappybara', '\[cappybara\]|-cappybara\b');
INSERT OR IGNORE INTO regular_expressions (name, pattern) VALUES ('Anime_BD_Tier_03_ChucksMux', '\b(ChucksMux)\b');
INSERT OR IGNORE INTO regular_expressions (name, pattern) VALUES ('Anime_BD_Tier_03_CRUCiBLE', '\[CRUCiBLE\]|-CRUCiBLE\b');
INSERT OR IGNORE INTO regular_expressions (name, pattern) VALUES ('Anime_BD_Tier_03_CUNNY', '\b(CUNNY)\b');
INSERT OR IGNORE INTO regular_expressions (name, pattern) VALUES ('Anime_BD_Tier_03_Cunnysseur', '\b(Cunnysseur)\b');
INSERT OR IGNORE INTO regular_expressions (name, pattern) VALUES ('Anime_BD_Tier_03_Doc', '\[Doc\]|-Doc\b');
INSERT OR IGNORE INTO regular_expressions (name, pattern) VALUES ('Anime_BD_Tier_03_fig', '\[fig\]|-fig\b');
INSERT OR IGNORE INTO regular_expressions (name, pattern) VALUES ('Anime_BD_Tier_03_Headpatter', '\[Headpatter\]|-Headpatter\b');
INSERT OR IGNORE INTO regular_expressions (name, pattern) VALUES ('Anime_BD_Tier_03_Inka-Subs', '\b(Inka-Subs)\b');
INSERT OR IGNORE INTO regular_expressions (name, pattern) VALUES ('Anime_BD_Tier_03_LaCroiX', '\b(LaCroiX)\b');
INSERT OR IGNORE INTO regular_expressions (name, pattern) VALUES ('Anime_BD_Tier_03_Legion', '\[Legion\]|-Legion\b');
INSERT OR IGNORE INTO regular_expressions (name, pattern) VALUES ('Anime_BD_Tier_03_Mehul', '\[Mehul\]|-Mehul\b');
INSERT OR IGNORE INTO regular_expressions (name, pattern) VALUES ('Anime_BD_Tier_03_MTBB', '\b(MTBB)\b');
INSERT OR IGNORE INTO regular_expressions (name, pattern) VALUES ('Anime_BD_Tier_03_Mysteria', '\[Mysteria\]|-Mysteria\b');
INSERT OR IGNORE INTO regular_expressions (name, pattern) VALUES ('Anime_BD_Tier_03_Netaro', '\b(Netaro)\b');
INSERT OR IGNORE INTO regular_expressions (name, pattern) VALUES ('Anime_BD_Tier_03_Noiy', '\b(Noiy)\b');
INSERT OR IGNORE INTO regular_expressions (name, pattern) VALUES ('Anime_BD_Tier_03_npz', '\b(npz)\b');
INSERT OR IGNORE INTO regular_expressions (name, pattern) VALUES ('Anime_BD_Tier_03_NTRX', '\b(NTRX)\b');
INSERT OR IGNORE INTO regular_expressions (name, pattern) VALUES ('Anime_BD_Tier_03_Okay-Subs', '\b(Okay-Subs)\b');
INSERT OR IGNORE INTO regular_expressions (name, pattern) VALUES ('Anime_BD_Tier_03_P9', '\b(P9)\b');
INSERT OR IGNORE INTO regular_expressions (name, pattern) VALUES ('Anime_BD_Tier_03_RUDY', '\[RUDY\]|-RUDY\b');
INSERT OR IGNORE INTO regular_expressions (name, pattern) VALUES ('Anime_BD_Tier_03_RaiN', '\[RaiN\]|-RaiN\b');
INSERT OR IGNORE INTO regular_expressions (name, pattern) VALUES ('Anime_BD_Tier_03_RMX', '\b(RMX)\b');
INSERT OR IGNORE INTO regular_expressions (name, pattern) VALUES ('Anime_BD_Tier_03_Sekkon', '\b(Sekkon)\b');
INSERT OR IGNORE INTO regular_expressions (name, pattern) VALUES ('Anime_BD_Tier_03_Serendipity', '\[Serendipity\]|-Serendipity\b');
INSERT OR IGNORE INTO regular_expressions (name, pattern) VALUES ('Anime_BD_Tier_03_sgt', '\[sgt\]|-sgt\b');
INSERT OR IGNORE INTO regular_expressions (name, pattern) VALUES ('Anime_BD_Tier_03_SubsMix', '\b(SubsMix)\b');
INSERT OR IGNORE INTO regular_expressions (name, pattern) VALUES ('Anime_BD_Tier_03_uba', '\[uba\]|-uba\b');
INSERT OR IGNORE INTO custom_format_conditions (custom_format_name, name, type, arr_type, negate, required) VALUES ('Anime BD Tier 03', 'Bluray', 'source', 'sonarr', 0, 0);
INSERT OR IGNORE INTO custom_format_conditions (custom_format_name, name, type, arr_type, negate, required) VALUES ('Anime BD Tier 03', 'Bluray Remux', 'source', 'sonarr', 0, 0);
INSERT OR IGNORE INTO custom_format_conditions (custom_format_name, name, type, arr_type, negate, required) VALUES ('Anime BD Tier 03', 'DVD', 'source', 'sonarr', 0, 0);
INSERT OR IGNORE INTO custom_format_conditions (custom_format_name, name, type, arr_type, negate, required) VALUES ('Anime BD Tier 03', 'ARC', 'pattern', 'sonarr', 0, 0);
INSERT OR IGNORE INTO custom_format_conditions (custom_format_name, name, type, arr_type, negate, required) VALUES ('Anime BD Tier 03', 'BBT-RMX', 'pattern', 'sonarr', 0, 0);
INSERT OR IGNORE INTO custom_format_conditions (custom_format_name, name, type, arr_type, negate, required) VALUES ('Anime BD Tier 03', 'cappybara', 'pattern', 'sonarr', 0, 0);
INSERT OR IGNORE INTO custom_format_conditions (custom_format_name, name, type, arr_type, negate, required) VALUES ('Anime BD Tier 03', 'ChucksMux', 'pattern', 'sonarr', 0, 0);
INSERT OR IGNORE INTO custom_format_conditions (custom_format_name, name, type, arr_type, negate, required) VALUES ('Anime BD Tier 03', 'CRUCiBLE', 'pattern', 'sonarr', 0, 0);
INSERT OR IGNORE INTO custom_format_conditions (custom_format_name, name, type, arr_type, negate, required) VALUES ('Anime BD Tier 03', 'CUNNY', 'pattern', 'sonarr', 0, 0);
INSERT OR IGNORE INTO custom_format_conditions (custom_format_name, name, type, arr_type, negate, required) VALUES ('Anime BD Tier 03', 'Cunnysseur', 'pattern', 'sonarr', 0, 0);
INSERT OR IGNORE INTO custom_format_conditions (custom_format_name, name, type, arr_type, negate, required) VALUES ('Anime BD Tier 03', 'Doc', 'pattern', 'sonarr', 0, 0);
INSERT OR IGNORE INTO custom_format_conditions (custom_format_name, name, type, arr_type, negate, required) VALUES ('Anime BD Tier 03', 'fig', 'pattern', 'sonarr', 0, 0);
INSERT OR IGNORE INTO custom_format_conditions (custom_format_name, name, type, arr_type, negate, required) VALUES ('Anime BD Tier 03', 'Headpatter', 'pattern', 'sonarr', 0, 0);
INSERT OR IGNORE INTO custom_format_conditions (custom_format_name, name, type, arr_type, negate, required) VALUES ('Anime BD Tier 03', 'Inka-Subs', 'pattern', 'sonarr', 0, 0);
INSERT OR IGNORE INTO custom_format_conditions (custom_format_name, name, type, arr_type, negate, required) VALUES ('Anime BD Tier 03', 'LaCroiX', 'pattern', 'sonarr', 0, 0);
INSERT OR IGNORE INTO custom_format_conditions (custom_format_name, name, type, arr_type, negate, required) VALUES ('Anime BD Tier 03', 'Legion', 'pattern', 'sonarr', 0, 0);
INSERT OR IGNORE INTO custom_format_conditions (custom_format_name, name, type, arr_type, negate, required) VALUES ('Anime BD Tier 03', 'Mehul', 'pattern', 'sonarr', 0, 0);
INSERT OR IGNORE INTO custom_format_conditions (custom_format_name, name, type, arr_type, negate, required) VALUES ('Anime BD Tier 03', 'MTBB', 'pattern', 'sonarr', 0, 0);
INSERT OR IGNORE INTO custom_format_conditions (custom_format_name, name, type, arr_type, negate, required) VALUES ('Anime BD Tier 03', 'Mysteria', 'pattern', 'sonarr', 0, 0);
INSERT OR IGNORE INTO custom_format_conditions (custom_format_name, name, type, arr_type, negate, required) VALUES ('Anime BD Tier 03', 'Netaro', 'pattern', 'sonarr', 0, 0);
INSERT OR IGNORE INTO custom_format_conditions (custom_format_name, name, type, arr_type, negate, required) VALUES ('Anime BD Tier 03', 'Noiy', 'pattern', 'sonarr', 0, 0);
INSERT OR IGNORE INTO custom_format_conditions (custom_format_name, name, type, arr_type, negate, required) VALUES ('Anime BD Tier 03', 'npz', 'pattern', 'sonarr', 0, 0);
INSERT OR IGNORE INTO custom_format_conditions (custom_format_name, name, type, arr_type, negate, required) VALUES ('Anime BD Tier 03', 'NTRX', 'pattern', 'sonarr', 0, 0);
INSERT OR IGNORE INTO custom_format_conditions (custom_format_name, name, type, arr_type, negate, required) VALUES ('Anime BD Tier 03', 'Okay-Subs', 'pattern', 'sonarr', 0, 0);
INSERT OR IGNORE INTO custom_format_conditions (custom_format_name, name, type, arr_type, negate, required) VALUES ('Anime BD Tier 03', 'P9', 'pattern', 'sonarr', 0, 0);
INSERT OR IGNORE INTO custom_format_conditions (custom_format_name, name, type, arr_type, negate, required) VALUES ('Anime BD Tier 03', 'RUDY', 'pattern', 'sonarr', 0, 0);
INSERT OR IGNORE INTO custom_format_conditions (custom_format_name, name, type, arr_type, negate, required) VALUES ('Anime BD Tier 03', 'RaiN', 'pattern', 'sonarr', 0, 0);
INSERT OR IGNORE INTO custom_format_conditions (custom_format_name, name, type, arr_type, negate, required) VALUES ('Anime BD Tier 03', 'RMX', 'pattern', 'sonarr', 0, 0);
INSERT OR IGNORE INTO custom_format_conditions (custom_format_name, name, type, arr_type, negate, required) VALUES ('Anime BD Tier 03', 'Sekkon', 'pattern', 'sonarr', 0, 0);
INSERT OR IGNORE INTO custom_format_conditions (custom_format_name, name, type, arr_type, negate, required) VALUES ('Anime BD Tier 03', 'Serendipity', 'pattern', 'sonarr', 0, 0);
INSERT OR IGNORE INTO custom_format_conditions (custom_format_name, name, type, arr_type, negate, required) VALUES ('Anime BD Tier 03', 'sgt', 'pattern', 'sonarr', 0, 0);
INSERT OR IGNORE INTO custom_format_conditions (custom_format_name, name, type, arr_type, negate, required) VALUES ('Anime BD Tier 03', 'SubsMix', 'pattern', 'sonarr', 0, 0);
INSERT OR IGNORE INTO custom_format_conditions (custom_format_name, name, type, arr_type, negate, required) VALUES ('Anime BD Tier 03', 'uba', 'pattern', 'sonarr', 0, 0);

INSERT OR IGNORE INTO custom_formats (name, description, include_in_rename) VALUES ('Anime BD Tier 04', '30feba9da3030c5ed1e0f7d610bcadc4', 0);
INSERT OR IGNORE INTO condition_patterns (custom_format_name, condition_name, regular_expression_name) VALUES ('Anime BD Tier 04', 'ABdex', 'Anime_BD_Tier_04_ABdex');
INSERT OR IGNORE INTO condition_patterns (custom_format_name, condition_name, regular_expression_name) VALUES ('Anime BD Tier 04', 'Afro', 'Anime_BD_Tier_04_Afro');
INSERT OR IGNORE INTO condition_patterns (custom_format_name, condition_name, regular_expression_name) VALUES ('Anime BD Tier 04', 'aRMX', 'Anime_BD_Tier_04_aRMX');
INSERT OR IGNORE INTO condition_patterns (custom_format_name, condition_name, regular_expression_name) VALUES ('Anime BD Tier 04', 'BiRJU', 'Anime_BD_Tier_04_BiRJU');
INSERT OR IGNORE INTO condition_patterns (custom_format_name, condition_name, regular_expression_name) VALUES ('Anime BD Tier 04', 'BKC', 'Anime_BD_Tier_04_BKC');
INSERT OR IGNORE INTO condition_patterns (custom_format_name, condition_name, regular_expression_name) VALUES ('Anime BD Tier 04', 'CBT', 'Anime_BD_Tier_04_CBT');
INSERT OR IGNORE INTO condition_patterns (custom_format_name, condition_name, regular_expression_name) VALUES ('Anime BD Tier 04', 'Chimera', 'Anime_BD_Tier_04_Chimera');
INSERT OR IGNORE INTO condition_patterns (custom_format_name, condition_name, regular_expression_name) VALUES ('Anime BD Tier 04', 'derp', 'Anime_BD_Tier_04_derp');
INSERT OR IGNORE INTO condition_patterns (custom_format_name, condition_name, regular_expression_name) VALUES ('Anime BD Tier 04', 'DIY', 'Anime_BD_Tier_04_DIY');
INSERT OR IGNORE INTO condition_patterns (custom_format_name, condition_name, regular_expression_name) VALUES ('Anime BD Tier 04', 'EXP', 'Anime_BD_Tier_04_EXP');
INSERT OR IGNORE INTO condition_patterns (custom_format_name, condition_name, regular_expression_name) VALUES ('Anime BD Tier 04', 'Foxtrot', 'Anime_BD_Tier_04_Foxtrot');
INSERT OR IGNORE INTO condition_patterns (custom_format_name, condition_name, regular_expression_name) VALUES ('Anime BD Tier 04', 'grimf', 'Anime_BD_Tier_04_grimf');
INSERT OR IGNORE INTO condition_patterns (custom_format_name, condition_name, regular_expression_name) VALUES ('Anime BD Tier 04', 'IK', 'Anime_BD_Tier_04_IK');
INSERT OR IGNORE INTO condition_patterns (custom_format_name, condition_name, regular_expression_name) VALUES ('Anime BD Tier 04', 'Iznjie Biznjie', 'Anime_BD_Tier_04_Iznjie_Biznjie');
INSERT OR IGNORE INTO condition_patterns (custom_format_name, condition_name, regular_expression_name) VALUES ('Anime BD Tier 04', 'Kaleido-subs', 'Anime_BD_Tier_04_Kaleido-subs');
INSERT OR IGNORE INTO condition_patterns (custom_format_name, condition_name, regular_expression_name) VALUES ('Anime BD Tier 04', 'Kametsu', 'Anime_BD_Tier_04_Kametsu');
INSERT OR IGNORE INTO condition_patterns (custom_format_name, condition_name, regular_expression_name) VALUES ('Anime BD Tier 04', 'Kawatare', 'Anime_BD_Tier_04_Kawatare');
INSERT OR IGNORE INTO condition_patterns (custom_format_name, condition_name, regular_expression_name) VALUES ('Anime BD Tier 04', 'KH', 'Anime_BD_Tier_04_KH');
INSERT OR IGNORE INTO condition_patterns (custom_format_name, condition_name, regular_expression_name) VALUES ('Anime BD Tier 04', 'LazyRemux', 'Anime_BD_Tier_04_LazyRemux');
INSERT OR IGNORE INTO condition_patterns (custom_format_name, condition_name, regular_expression_name) VALUES ('Anime BD Tier 04', 'Metal', 'Anime_BD_Tier_04_Metal');
INSERT OR IGNORE INTO condition_patterns (custom_format_name, condition_name, regular_expression_name) VALUES ('Anime BD Tier 04', 'MK', 'Anime_BD_Tier_04_MK');
INSERT OR IGNORE INTO condition_patterns (custom_format_name, condition_name, regular_expression_name) VALUES ('Anime BD Tier 04', 'neko-kBaraka', 'Anime_BD_Tier_04_neko-kBaraka');
INSERT OR IGNORE INTO condition_patterns (custom_format_name, condition_name, regular_expression_name) VALUES ('Anime BD Tier 04', 'OZR', 'Anime_BD_Tier_04_OZR');
INSERT OR IGNORE INTO condition_patterns (custom_format_name, condition_name, regular_expression_name) VALUES ('Anime BD Tier 04', 'Pizza', 'Anime_BD_Tier_04_Pizza');
INSERT OR IGNORE INTO condition_patterns (custom_format_name, condition_name, regular_expression_name) VALUES ('Anime BD Tier 04', 'pog42', 'Anime_BD_Tier_04_pog42');
INSERT OR IGNORE INTO condition_patterns (custom_format_name, condition_name, regular_expression_name) VALUES ('Anime BD Tier 04', 'Quetzal', 'Anime_BD_Tier_04_Quetzal');
INSERT OR IGNORE INTO condition_patterns (custom_format_name, condition_name, regular_expression_name) VALUES ('Anime BD Tier 04', 'Reza', 'Anime_BD_Tier_04_Reza');
INSERT OR IGNORE INTO condition_patterns (custom_format_name, condition_name, regular_expression_name) VALUES ('Anime BD Tier 04', 'SCY', 'Anime_BD_Tier_04_SCY');
INSERT OR IGNORE INTO condition_patterns (custom_format_name, condition_name, regular_expression_name) VALUES ('Anime BD Tier 04', 'Shimatta', 'Anime_BD_Tier_04_Shimatta');
INSERT OR IGNORE INTO condition_patterns (custom_format_name, condition_name, regular_expression_name) VALUES ('Anime BD Tier 04', 'Smoke', 'Anime_BD_Tier_04_Smoke');
INSERT OR IGNORE INTO condition_patterns (custom_format_name, condition_name, regular_expression_name) VALUES ('Anime BD Tier 04', 'Spirale', 'Anime_BD_Tier_04_Spirale');
INSERT OR IGNORE INTO condition_patterns (custom_format_name, condition_name, regular_expression_name) VALUES ('Anime BD Tier 04', 'UDF', 'Anime_BD_Tier_04_UDF');
INSERT OR IGNORE INTO condition_patterns (custom_format_name, condition_name, regular_expression_name) VALUES ('Anime BD Tier 04', 'UQW', 'Anime_BD_Tier_04_UQW');
INSERT OR IGNORE INTO condition_patterns (custom_format_name, condition_name, regular_expression_name) VALUES ('Anime BD Tier 04', 'Virtuality', 'Anime_BD_Tier_04_Virtuality');
INSERT OR IGNORE INTO condition_patterns (custom_format_name, condition_name, regular_expression_name) VALUES ('Anime BD Tier 04', 'Vanilla', 'Anime_BD_Tier_04_Vanilla');
INSERT OR IGNORE INTO condition_patterns (custom_format_name, condition_name, regular_expression_name) VALUES ('Anime BD Tier 04', 'VULCAN', 'Anime_BD_Tier_04_VULCAN');
INSERT OR IGNORE INTO condition_sources (custom_format_name, condition_name, source) VALUES ('Anime BD Tier 04', 'Bluray', 'TV');
INSERT OR IGNORE INTO condition_sources (custom_format_name, condition_name, source) VALUES ('Anime BD Tier 04', 'Bluray Remux', 'WEBDL');
INSERT OR IGNORE INTO condition_sources (custom_format_name, condition_name, source) VALUES ('Anime BD Tier 04', 'DVD', 'DVD');
INSERT OR IGNORE INTO regular_expressions (name, pattern) VALUES ('Anime_BD_Tier_04_ABdex', '\b(ABdex)\b');
INSERT OR IGNORE INTO regular_expressions (name, pattern) VALUES ('Anime_BD_Tier_04_Afro', '\[Afro\]|-Afro\b');
INSERT OR IGNORE INTO regular_expressions (name, pattern) VALUES ('Anime_BD_Tier_04_aRMX', '\b(aRMX)\b');
INSERT OR IGNORE INTO regular_expressions (name, pattern) VALUES ('Anime_BD_Tier_04_BiRJU', '\b(BiRJU)\b');
INSERT OR IGNORE INTO regular_expressions (name, pattern) VALUES ('Anime_BD_Tier_04_BKC', '\b(BKC)\b');
INSERT OR IGNORE INTO regular_expressions (name, pattern) VALUES ('Anime_BD_Tier_04_CBT', '\b(CBT)\b');
INSERT OR IGNORE INTO regular_expressions (name, pattern) VALUES ('Anime_BD_Tier_04_Chimera', '\[Chimera\]|-Chimera\b');
INSERT OR IGNORE INTO regular_expressions (name, pattern) VALUES ('Anime_BD_Tier_04_derp', '\[derp\]|-derp\b');
INSERT OR IGNORE INTO regular_expressions (name, pattern) VALUES ('Anime_BD_Tier_04_DIY', '\[DIY\]|-DIY\b');
INSERT OR IGNORE INTO regular_expressions (name, pattern) VALUES ('Anime_BD_Tier_04_EXP', '\[EXP\]|-EXP\b');
INSERT OR IGNORE INTO regular_expressions (name, pattern) VALUES ('Anime_BD_Tier_04_Foxtrot', '\[Foxtrot\]|-Foxtrot\b');
INSERT OR IGNORE INTO regular_expressions (name, pattern) VALUES ('Anime_BD_Tier_04_grimf', '\b(grimf)\b');
INSERT OR IGNORE INTO regular_expressions (name, pattern) VALUES ('Anime_BD_Tier_04_IK', '\b(IK)\b');
INSERT OR IGNORE INTO regular_expressions (name, pattern) VALUES ('Anime_BD_Tier_04_Iznjie_Biznjie', '\b(Iznjie[ .-]Biznjie)\b');
INSERT OR IGNORE INTO regular_expressions (name, pattern) VALUES ('Anime_BD_Tier_04_Kaleido-subs', '\b(Kaleido-subs)\b');
INSERT OR IGNORE INTO regular_expressions (name, pattern) VALUES ('Anime_BD_Tier_04_Kametsu', '\b(Kametsu)\b');
INSERT OR IGNORE INTO regular_expressions (name, pattern) VALUES ('Anime_BD_Tier_04_Kawatare', '\[Kawatare\]|-Kawatare\b');
INSERT OR IGNORE INTO regular_expressions (name, pattern) VALUES ('Anime_BD_Tier_04_KH', '\b(KH)\b');
INSERT OR IGNORE INTO regular_expressions (name, pattern) VALUES ('Anime_BD_Tier_04_LazyRemux', '\b(LazyRemux)\b');
INSERT OR IGNORE INTO regular_expressions (name, pattern) VALUES ('Anime_BD_Tier_04_Metal', '\[Metal\]|-Metal\b');
INSERT OR IGNORE INTO regular_expressions (name, pattern) VALUES ('Anime_BD_Tier_04_MK', '\b(MK)\b');
INSERT OR IGNORE INTO regular_expressions (name, pattern) VALUES ('Anime_BD_Tier_04_neko-kBaraka', '\b(neko-kBaraka)\b');
INSERT OR IGNORE INTO regular_expressions (name, pattern) VALUES ('Anime_BD_Tier_04_OZR', '\b(OZR)\b');
INSERT OR IGNORE INTO regular_expressions (name, pattern) VALUES ('Anime_BD_Tier_04_Pizza', '\[Pizza\]|-Pizza\b');
INSERT OR IGNORE INTO regular_expressions (name, pattern) VALUES ('Anime_BD_Tier_04_pog42', '\b(pog42)\b');
INSERT OR IGNORE INTO regular_expressions (name, pattern) VALUES ('Anime_BD_Tier_04_Quetzal', '\b(Quetzal)\b');
INSERT OR IGNORE INTO regular_expressions (name, pattern) VALUES ('Anime_BD_Tier_04_Reza', '\b(Reza)\b');
INSERT OR IGNORE INTO regular_expressions (name, pattern) VALUES ('Anime_BD_Tier_04_SCY', '\b(SCY)\b');
INSERT OR IGNORE INTO regular_expressions (name, pattern) VALUES ('Anime_BD_Tier_04_Shimatta', '\b(Shimatta)\b');
INSERT OR IGNORE INTO regular_expressions (name, pattern) VALUES ('Anime_BD_Tier_04_Smoke', '\[Smoke\]|-Smoke\b');
INSERT OR IGNORE INTO regular_expressions (name, pattern) VALUES ('Anime_BD_Tier_04_Spirale', '\b(Spirale)\b');
INSERT OR IGNORE INTO regular_expressions (name, pattern) VALUES ('Anime_BD_Tier_04_UDF', '\b(UDF)\b');
INSERT OR IGNORE INTO regular_expressions (name, pattern) VALUES ('Anime_BD_Tier_04_UQW', '\b(UQW)\b');
INSERT OR IGNORE INTO regular_expressions (name, pattern) VALUES ('Anime_BD_Tier_04_Virtuality', '\b(Virtuality)\b');
INSERT OR IGNORE INTO regular_expressions (name, pattern) VALUES ('Anime_BD_Tier_04_Vanilla', '\[Vanilla\]|-Vanilla\b');
INSERT OR IGNORE INTO regular_expressions (name, pattern) VALUES ('Anime_BD_Tier_04_VULCAN', '\[VULCAN\]|-VULCAN\b');
INSERT OR IGNORE INTO custom_format_conditions (custom_format_name, name, type, arr_type, negate, required) VALUES ('Anime BD Tier 04', 'Bluray', 'source', 'sonarr', 0, 0);
INSERT OR IGNORE INTO custom_format_conditions (custom_format_name, name, type, arr_type, negate, required) VALUES ('Anime BD Tier 04', 'Bluray Remux', 'source', 'sonarr', 0, 0);
INSERT OR IGNORE INTO custom_format_conditions (custom_format_name, name, type, arr_type, negate, required) VALUES ('Anime BD Tier 04', 'DVD', 'source', 'sonarr', 0, 0);
INSERT OR IGNORE INTO custom_format_conditions (custom_format_name, name, type, arr_type, negate, required) VALUES ('Anime BD Tier 04', 'ABdex', 'pattern', 'sonarr', 0, 0);
INSERT OR IGNORE INTO custom_format_conditions (custom_format_name, name, type, arr_type, negate, required) VALUES ('Anime BD Tier 04', 'Afro', 'pattern', 'sonarr', 0, 0);
INSERT OR IGNORE INTO custom_format_conditions (custom_format_name, name, type, arr_type, negate, required) VALUES ('Anime BD Tier 04', 'aRMX', 'pattern', 'sonarr', 0, 0);
INSERT OR IGNORE INTO custom_format_conditions (custom_format_name, name, type, arr_type, negate, required) VALUES ('Anime BD Tier 04', 'BiRJU', 'pattern', 'sonarr', 0, 0);
INSERT OR IGNORE INTO custom_format_conditions (custom_format_name, name, type, arr_type, negate, required) VALUES ('Anime BD Tier 04', 'BKC', 'pattern', 'sonarr', 0, 0);
INSERT OR IGNORE INTO custom_format_conditions (custom_format_name, name, type, arr_type, negate, required) VALUES ('Anime BD Tier 04', 'CBT', 'pattern', 'sonarr', 0, 0);
INSERT OR IGNORE INTO custom_format_conditions (custom_format_name, name, type, arr_type, negate, required) VALUES ('Anime BD Tier 04', 'Chimera', 'pattern', 'sonarr', 0, 0);
INSERT OR IGNORE INTO custom_format_conditions (custom_format_name, name, type, arr_type, negate, required) VALUES ('Anime BD Tier 04', 'derp', 'pattern', 'sonarr', 0, 0);
INSERT OR IGNORE INTO custom_format_conditions (custom_format_name, name, type, arr_type, negate, required) VALUES ('Anime BD Tier 04', 'DIY', 'pattern', 'sonarr', 0, 0);
INSERT OR IGNORE INTO custom_format_conditions (custom_format_name, name, type, arr_type, negate, required) VALUES ('Anime BD Tier 04', 'EXP', 'pattern', 'sonarr', 0, 0);
INSERT OR IGNORE INTO custom_format_conditions (custom_format_name, name, type, arr_type, negate, required) VALUES ('Anime BD Tier 04', 'Foxtrot', 'pattern', 'sonarr', 0, 0);
INSERT OR IGNORE INTO custom_format_conditions (custom_format_name, name, type, arr_type, negate, required) VALUES ('Anime BD Tier 04', 'grimf', 'pattern', 'sonarr', 0, 0);
INSERT OR IGNORE INTO custom_format_conditions (custom_format_name, name, type, arr_type, negate, required) VALUES ('Anime BD Tier 04', 'IK', 'pattern', 'sonarr', 0, 0);
INSERT OR IGNORE INTO custom_format_conditions (custom_format_name, name, type, arr_type, negate, required) VALUES ('Anime BD Tier 04', 'Iznjie Biznjie', 'pattern', 'sonarr', 0, 0);
INSERT OR IGNORE INTO custom_format_conditions (custom_format_name, name, type, arr_type, negate, required) VALUES ('Anime BD Tier 04', 'Kaleido-subs', 'pattern', 'sonarr', 0, 0);
INSERT OR IGNORE INTO custom_format_conditions (custom_format_name, name, type, arr_type, negate, required) VALUES ('Anime BD Tier 04', 'Kametsu', 'pattern', 'sonarr', 0, 0);
INSERT OR IGNORE INTO custom_format_conditions (custom_format_name, name, type, arr_type, negate, required) VALUES ('Anime BD Tier 04', 'Kawatare', 'pattern', 'sonarr', 0, 0);
INSERT OR IGNORE INTO custom_format_conditions (custom_format_name, name, type, arr_type, negate, required) VALUES ('Anime BD Tier 04', 'KH', 'pattern', 'sonarr', 0, 0);
INSERT OR IGNORE INTO custom_format_conditions (custom_format_name, name, type, arr_type, negate, required) VALUES ('Anime BD Tier 04', 'LazyRemux', 'pattern', 'sonarr', 0, 0);
INSERT OR IGNORE INTO custom_format_conditions (custom_format_name, name, type, arr_type, negate, required) VALUES ('Anime BD Tier 04', 'Metal', 'pattern', 'sonarr', 0, 0);
INSERT OR IGNORE INTO custom_format_conditions (custom_format_name, name, type, arr_type, negate, required) VALUES ('Anime BD Tier 04', 'MK', 'pattern', 'sonarr', 0, 0);
INSERT OR IGNORE INTO custom_format_conditions (custom_format_name, name, type, arr_type, negate, required) VALUES ('Anime BD Tier 04', 'neko-kBaraka', 'pattern', 'sonarr', 0, 0);
INSERT OR IGNORE INTO custom_format_conditions (custom_format_name, name, type, arr_type, negate, required) VALUES ('Anime BD Tier 04', 'OZR', 'pattern', 'sonarr', 0, 0);
INSERT OR IGNORE INTO custom_format_conditions (custom_format_name, name, type, arr_type, negate, required) VALUES ('Anime BD Tier 04', 'Pizza', 'pattern', 'sonarr', 0, 0);
INSERT OR IGNORE INTO custom_format_conditions (custom_format_name, name, type, arr_type, negate, required) VALUES ('Anime BD Tier 04', 'pog42', 'pattern', 'sonarr', 0, 0);
INSERT OR IGNORE INTO custom_format_conditions (custom_format_name, name, type, arr_type, negate, required) VALUES ('Anime BD Tier 04', 'Quetzal', 'pattern', 'sonarr', 0, 0);
INSERT OR IGNORE INTO custom_format_conditions (custom_format_name, name, type, arr_type, negate, required) VALUES ('Anime BD Tier 04', 'Reza', 'pattern', 'sonarr', 0, 0);
INSERT OR IGNORE INTO custom_format_conditions (custom_format_name, name, type, arr_type, negate, required) VALUES ('Anime BD Tier 04', 'SCY', 'pattern', 'sonarr', 0, 0);
INSERT OR IGNORE INTO custom_format_conditions (custom_format_name, name, type, arr_type, negate, required) VALUES ('Anime BD Tier 04', 'Shimatta', 'pattern', 'sonarr', 0, 0);
INSERT OR IGNORE INTO custom_format_conditions (custom_format_name, name, type, arr_type, negate, required) VALUES ('Anime BD Tier 04', 'Smoke', 'pattern', 'sonarr', 0, 0);
INSERT OR IGNORE INTO custom_format_conditions (custom_format_name, name, type, arr_type, negate, required) VALUES ('Anime BD Tier 04', 'Spirale', 'pattern', 'sonarr', 0, 0);
INSERT OR IGNORE INTO custom_format_conditions (custom_format_name, name, type, arr_type, negate, required) VALUES ('Anime BD Tier 04', 'UDF', 'pattern', 'sonarr', 0, 0);
INSERT OR IGNORE INTO custom_format_conditions (custom_format_name, name, type, arr_type, negate, required) VALUES ('Anime BD Tier 04', 'UQW', 'pattern', 'sonarr', 0, 0);
INSERT OR IGNORE INTO custom_format_conditions (custom_format_name, name, type, arr_type, negate, required) VALUES ('Anime BD Tier 04', 'Virtuality', 'pattern', 'sonarr', 0, 0);
INSERT OR IGNORE INTO custom_format_conditions (custom_format_name, name, type, arr_type, negate, required) VALUES ('Anime BD Tier 04', 'Vanilla', 'pattern', 'sonarr', 0, 0);
INSERT OR IGNORE INTO custom_format_conditions (custom_format_name, name, type, arr_type, negate, required) VALUES ('Anime BD Tier 04', 'VULCAN', 'pattern', 'sonarr', 0, 0);

INSERT OR IGNORE INTO custom_formats (name, description, include_in_rename) VALUES ('Anime BD Tier 05', '545a76b14ddc349b8b185a6344e28b04', 0);
INSERT OR IGNORE INTO condition_patterns (custom_format_name, condition_name, regular_expression_name) VALUES ('Anime BD Tier 05', 'Animorphs', 'Anime_BD_Tier_05_Animorphs');
INSERT OR IGNORE INTO condition_patterns (custom_format_name, condition_name, regular_expression_name) VALUES ('Anime BD Tier 05', 'AOmundson', 'Anime_BD_Tier_05_AOmundson');
INSERT OR IGNORE INTO condition_patterns (custom_format_name, condition_name, regular_expression_name) VALUES ('Anime BD Tier 05', 'ASC', 'Anime_BD_Tier_05_ASC');
INSERT OR IGNORE INTO condition_patterns (custom_format_name, condition_name, regular_expression_name) VALUES ('Anime BD Tier 05', 'Baws', 'Anime_BD_Tier_05_Baws');
INSERT OR IGNORE INTO condition_patterns (custom_format_name, condition_name, regular_expression_name) VALUES ('Anime BD Tier 05', 'Beatrice', 'Anime_BD_Tier_05_Beatrice');
INSERT OR IGNORE INTO condition_patterns (custom_format_name, condition_name, regular_expression_name) VALUES ('Anime BD Tier 05', 'B00BA', 'Anime_BD_Tier_05_B00BA');
INSERT OR IGNORE INTO condition_patterns (custom_format_name, condition_name, regular_expression_name) VALUES ('Anime BD Tier 05', 'Cait-Sidhe', 'Anime_BD_Tier_05_Cait-Sidhe');
INSERT OR IGNORE INTO condition_patterns (custom_format_name, condition_name, regular_expression_name) VALUES ('Anime BD Tier 05', 'CsS', 'Anime_BD_Tier_05_CsS');
INSERT OR IGNORE INTO condition_patterns (custom_format_name, condition_name, regular_expression_name) VALUES ('Anime BD Tier 05', 'CTR', 'Anime_BD_Tier_05_CTR');
INSERT OR IGNORE INTO condition_patterns (custom_format_name, condition_name, regular_expression_name) VALUES ('Anime BD Tier 05', 'D4C', 'Anime_BD_Tier_05_D4C');
INSERT OR IGNORE INTO condition_patterns (custom_format_name, condition_name, regular_expression_name) VALUES ('Anime BD Tier 05', 'deanzel', 'Anime_BD_Tier_05_deanzel');
INSERT OR IGNORE INTO condition_patterns (custom_format_name, condition_name, regular_expression_name) VALUES ('Anime BD Tier 05', 'Drag', 'Anime_BD_Tier_05_Drag');
INSERT OR IGNORE INTO condition_patterns (custom_format_name, condition_name, regular_expression_name) VALUES ('Anime BD Tier 05', 'eldon', 'Anime_BD_Tier_05_eldon');
INSERT OR IGNORE INTO condition_patterns (custom_format_name, condition_name, regular_expression_name) VALUES ('Anime BD Tier 05', 'Freehold', 'Anime_BD_Tier_05_Freehold');
INSERT OR IGNORE INTO condition_patterns (custom_format_name, condition_name, regular_expression_name) VALUES ('Anime BD Tier 05', 'GHS', 'Anime_BD_Tier_05_GHS');
INSERT OR IGNORE INTO condition_patterns (custom_format_name, condition_name, regular_expression_name) VALUES ('Anime BD Tier 05', 'Hark0N', 'Anime_BD_Tier_05_Hark0N');
INSERT OR IGNORE INTO condition_patterns (custom_format_name, condition_name, regular_expression_name) VALUES ('Anime BD Tier 05', 'Holomux', 'Anime_BD_Tier_05_Holomux');
INSERT OR IGNORE INTO condition_patterns (custom_format_name, condition_name, regular_expression_name) VALUES ('Anime BD Tier 05', 'Judgement', 'Anime_BD_Tier_05_Judgement');
INSERT OR IGNORE INTO condition_patterns (custom_format_name, condition_name, regular_expression_name) VALUES ('Anime BD Tier 05', 'MC', 'Anime_BD_Tier_05_MC');
INSERT OR IGNORE INTO condition_patterns (custom_format_name, condition_name, regular_expression_name) VALUES ('Anime BD Tier 05', 'mottoj', 'Anime_BD_Tier_05_mottoj');
INSERT OR IGNORE INTO condition_patterns (custom_format_name, condition_name, regular_expression_name) VALUES ('Anime BD Tier 05', 'NH', 'Anime_BD_Tier_05_NH');
INSERT OR IGNORE INTO condition_patterns (custom_format_name, condition_name, regular_expression_name) VALUES ('Anime BD Tier 05', 'NTRM', 'Anime_BD_Tier_05_NTRM');
INSERT OR IGNORE INTO condition_patterns (custom_format_name, condition_name, regular_expression_name) VALUES ('Anime BD Tier 05', 'o7', 'Anime_BD_Tier_05_o7');
INSERT OR IGNORE INTO condition_patterns (custom_format_name, condition_name, regular_expression_name) VALUES ('Anime BD Tier 05', 'QM', 'Anime_BD_Tier_05_QM');
INSERT OR IGNORE INTO condition_patterns (custom_format_name, condition_name, regular_expression_name) VALUES ('Anime BD Tier 05', 'Thighs', 'Anime_BD_Tier_05_Thighs');
INSERT OR IGNORE INTO condition_patterns (custom_format_name, condition_name, regular_expression_name) VALUES ('Anime BD Tier 05', 'TTGA', 'Anime_BD_Tier_05_TTGA');
INSERT OR IGNORE INTO condition_patterns (custom_format_name, condition_name, regular_expression_name) VALUES ('Anime BD Tier 05', 'UltraRemux', 'Anime_BD_Tier_05_UltraRemux');
INSERT OR IGNORE INTO condition_patterns (custom_format_name, condition_name, regular_expression_name) VALUES ('Anime BD Tier 05', 'WBDP', 'Anime_BD_Tier_05_WBDP');
INSERT OR IGNORE INTO condition_patterns (custom_format_name, condition_name, regular_expression_name) VALUES ('Anime BD Tier 05', 'WSE', 'Anime_BD_Tier_05_WSE');
INSERT OR IGNORE INTO condition_patterns (custom_format_name, condition_name, regular_expression_name) VALUES ('Anime BD Tier 05', 'Yuki', 'Anime_BD_Tier_05_Yuki');
INSERT OR IGNORE INTO condition_sources (custom_format_name, condition_name, source) VALUES ('Anime BD Tier 05', 'Bluray', 'TV');
INSERT OR IGNORE INTO condition_sources (custom_format_name, condition_name, source) VALUES ('Anime BD Tier 05', 'Bluray Remux', 'WEBDL');
INSERT OR IGNORE INTO condition_sources (custom_format_name, condition_name, source) VALUES ('Anime BD Tier 05', 'DVD', 'DVD');
INSERT OR IGNORE INTO regular_expressions (name, pattern) VALUES ('Anime_BD_Tier_05_Animorphs', '\b(Animorphs)\b');
INSERT OR IGNORE INTO regular_expressions (name, pattern) VALUES ('Anime_BD_Tier_05_AOmundson', '\b(AOmundson)\b');
INSERT OR IGNORE INTO regular_expressions (name, pattern) VALUES ('Anime_BD_Tier_05_ASC', '\b(ASC)\b');
INSERT OR IGNORE INTO regular_expressions (name, pattern) VALUES ('Anime_BD_Tier_05_Baws', '\b(Baws|McBalls)\b');
INSERT OR IGNORE INTO regular_expressions (name, pattern) VALUES ('Anime_BD_Tier_05_Beatrice', '\[Beatrice\]|-Beatrice(?!-raws)\b');
INSERT OR IGNORE INTO regular_expressions (name, pattern) VALUES ('Anime_BD_Tier_05_B00BA', '\b(B00BA)\b');
INSERT OR IGNORE INTO regular_expressions (name, pattern) VALUES ('Anime_BD_Tier_05_Cait-Sidhe', '\b(Cait-Sidhe)\b');
INSERT OR IGNORE INTO regular_expressions (name, pattern) VALUES ('Anime_BD_Tier_05_CsS', '\b(CsS)\b');
INSERT OR IGNORE INTO regular_expressions (name, pattern) VALUES ('Anime_BD_Tier_05_CTR', '\b(CTR)\b');
INSERT OR IGNORE INTO regular_expressions (name, pattern) VALUES ('Anime_BD_Tier_05_D4C', '\b(D4C)\b');
INSERT OR IGNORE INTO regular_expressions (name, pattern) VALUES ('Anime_BD_Tier_05_deanzel', '\b(deanzel)\b');
INSERT OR IGNORE INTO regular_expressions (name, pattern) VALUES ('Anime_BD_Tier_05_Drag', '\[Drag\]|-Drag\b');
INSERT OR IGNORE INTO regular_expressions (name, pattern) VALUES ('Anime_BD_Tier_05_eldon', '\b(eldon)\b');
INSERT OR IGNORE INTO regular_expressions (name, pattern) VALUES ('Anime_BD_Tier_05_Freehold', '\b(Freehold)\b');
INSERT OR IGNORE INTO regular_expressions (name, pattern) VALUES ('Anime_BD_Tier_05_GHS', '\b(GHS)\b');
INSERT OR IGNORE INTO regular_expressions (name, pattern) VALUES ('Anime_BD_Tier_05_Hark0N', '\b(Hark0N)\b');
INSERT OR IGNORE INTO regular_expressions (name, pattern) VALUES ('Anime_BD_Tier_05_Holomux', '\b(Holomux)\b');
INSERT OR IGNORE INTO regular_expressions (name, pattern) VALUES ('Anime_BD_Tier_05_Judgement', '\[Judgment\]|-Judgment\b');
INSERT OR IGNORE INTO regular_expressions (name, pattern) VALUES ('Anime_BD_Tier_05_MC', '\b(MC)\b');
INSERT OR IGNORE INTO regular_expressions (name, pattern) VALUES ('Anime_BD_Tier_05_mottoj', '\b(mottoj)\b');
INSERT OR IGNORE INTO regular_expressions (name, pattern) VALUES ('Anime_BD_Tier_05_NH', '\b(NH)\b');
INSERT OR IGNORE INTO regular_expressions (name, pattern) VALUES ('Anime_BD_Tier_05_NTRM', '\b(NTRM)\b');
INSERT OR IGNORE INTO regular_expressions (name, pattern) VALUES ('Anime_BD_Tier_05_o7', '\b(o7)\b');
INSERT OR IGNORE INTO regular_expressions (name, pattern) VALUES ('Anime_BD_Tier_05_QM', '\b(QM)\b');
INSERT OR IGNORE INTO regular_expressions (name, pattern) VALUES ('Anime_BD_Tier_05_Thighs', '\[Thighs\]|-Thighs\b');
INSERT OR IGNORE INTO regular_expressions (name, pattern) VALUES ('Anime_BD_Tier_05_TTGA', '\b(TTGA)\b');
INSERT OR IGNORE INTO regular_expressions (name, pattern) VALUES ('Anime_BD_Tier_05_UltraRemux', '\b(UltraRemux)\b');
INSERT OR IGNORE INTO regular_expressions (name, pattern) VALUES ('Anime_BD_Tier_05_WBDP', '\b(WBDP)\b');
INSERT OR IGNORE INTO regular_expressions (name, pattern) VALUES ('Anime_BD_Tier_05_WSE', '\b(WSE)\b');
INSERT OR IGNORE INTO regular_expressions (name, pattern) VALUES ('Anime_BD_Tier_05_Yuki', '\[Yuki\]|-Yuki\b');
INSERT OR IGNORE INTO custom_format_conditions (custom_format_name, name, type, arr_type, negate, required) VALUES ('Anime BD Tier 05', 'Bluray', 'source', 'sonarr', 0, 0);
INSERT OR IGNORE INTO custom_format_conditions (custom_format_name, name, type, arr_type, negate, required) VALUES ('Anime BD Tier 05', 'Bluray Remux', 'source', 'sonarr', 0, 0);
INSERT OR IGNORE INTO custom_format_conditions (custom_format_name, name, type, arr_type, negate, required) VALUES ('Anime BD Tier 05', 'DVD', 'source', 'sonarr', 0, 0);
INSERT OR IGNORE INTO custom_format_conditions (custom_format_name, name, type, arr_type, negate, required) VALUES ('Anime BD Tier 05', 'Animorphs', 'pattern', 'sonarr', 0, 0);
INSERT OR IGNORE INTO custom_format_conditions (custom_format_name, name, type, arr_type, negate, required) VALUES ('Anime BD Tier 05', 'AOmundson', 'pattern', 'sonarr', 0, 0);
INSERT OR IGNORE INTO custom_format_conditions (custom_format_name, name, type, arr_type, negate, required) VALUES ('Anime BD Tier 05', 'ASC', 'pattern', 'sonarr', 0, 0);
INSERT OR IGNORE INTO custom_format_conditions (custom_format_name, name, type, arr_type, negate, required) VALUES ('Anime BD Tier 05', 'Baws', 'pattern', 'sonarr', 0, 0);
INSERT OR IGNORE INTO custom_format_conditions (custom_format_name, name, type, arr_type, negate, required) VALUES ('Anime BD Tier 05', 'Beatrice', 'pattern', 'sonarr', 0, 0);
INSERT OR IGNORE INTO custom_format_conditions (custom_format_name, name, type, arr_type, negate, required) VALUES ('Anime BD Tier 05', 'B00BA', 'pattern', 'sonarr', 0, 0);
INSERT OR IGNORE INTO custom_format_conditions (custom_format_name, name, type, arr_type, negate, required) VALUES ('Anime BD Tier 05', 'Cait-Sidhe', 'pattern', 'sonarr', 0, 0);
INSERT OR IGNORE INTO custom_format_conditions (custom_format_name, name, type, arr_type, negate, required) VALUES ('Anime BD Tier 05', 'CsS', 'pattern', 'sonarr', 0, 0);
INSERT OR IGNORE INTO custom_format_conditions (custom_format_name, name, type, arr_type, negate, required) VALUES ('Anime BD Tier 05', 'CTR', 'pattern', 'sonarr', 0, 0);
INSERT OR IGNORE INTO custom_format_conditions (custom_format_name, name, type, arr_type, negate, required) VALUES ('Anime BD Tier 05', 'D4C', 'pattern', 'sonarr', 0, 0);
INSERT OR IGNORE INTO custom_format_conditions (custom_format_name, name, type, arr_type, negate, required) VALUES ('Anime BD Tier 05', 'deanzel', 'pattern', 'sonarr', 0, 0);
INSERT OR IGNORE INTO custom_format_conditions (custom_format_name, name, type, arr_type, negate, required) VALUES ('Anime BD Tier 05', 'Drag', 'pattern', 'sonarr', 0, 0);
INSERT OR IGNORE INTO custom_format_conditions (custom_format_name, name, type, arr_type, negate, required) VALUES ('Anime BD Tier 05', 'eldon', 'pattern', 'sonarr', 0, 0);
INSERT OR IGNORE INTO custom_format_conditions (custom_format_name, name, type, arr_type, negate, required) VALUES ('Anime BD Tier 05', 'Freehold', 'pattern', 'sonarr', 0, 0);
INSERT OR IGNORE INTO custom_format_conditions (custom_format_name, name, type, arr_type, negate, required) VALUES ('Anime BD Tier 05', 'GHS', 'pattern', 'sonarr', 0, 0);
INSERT OR IGNORE INTO custom_format_conditions (custom_format_name, name, type, arr_type, negate, required) VALUES ('Anime BD Tier 05', 'Hark0N', 'pattern', 'sonarr', 0, 0);
INSERT OR IGNORE INTO custom_format_conditions (custom_format_name, name, type, arr_type, negate, required) VALUES ('Anime BD Tier 05', 'Holomux', 'pattern', 'sonarr', 0, 0);
INSERT OR IGNORE INTO custom_format_conditions (custom_format_name, name, type, arr_type, negate, required) VALUES ('Anime BD Tier 05', 'Judgement', 'pattern', 'sonarr', 0, 0);
INSERT OR IGNORE INTO custom_format_conditions (custom_format_name, name, type, arr_type, negate, required) VALUES ('Anime BD Tier 05', 'MC', 'pattern', 'sonarr', 0, 0);
INSERT OR IGNORE INTO custom_format_conditions (custom_format_name, name, type, arr_type, negate, required) VALUES ('Anime BD Tier 05', 'mottoj', 'pattern', 'sonarr', 0, 0);
INSERT OR IGNORE INTO custom_format_conditions (custom_format_name, name, type, arr_type, negate, required) VALUES ('Anime BD Tier 05', 'NH', 'pattern', 'sonarr', 0, 0);
INSERT OR IGNORE INTO custom_format_conditions (custom_format_name, name, type, arr_type, negate, required) VALUES ('Anime BD Tier 05', 'NTRM', 'pattern', 'sonarr', 0, 0);
INSERT OR IGNORE INTO custom_format_conditions (custom_format_name, name, type, arr_type, negate, required) VALUES ('Anime BD Tier 05', 'o7', 'pattern', 'sonarr', 0, 0);
INSERT OR IGNORE INTO custom_format_conditions (custom_format_name, name, type, arr_type, negate, required) VALUES ('Anime BD Tier 05', 'QM', 'pattern', 'sonarr', 0, 0);
INSERT OR IGNORE INTO custom_format_conditions (custom_format_name, name, type, arr_type, negate, required) VALUES ('Anime BD Tier 05', 'Thighs', 'pattern', 'sonarr', 0, 0);
INSERT OR IGNORE INTO custom_format_conditions (custom_format_name, name, type, arr_type, negate, required) VALUES ('Anime BD Tier 05', 'TTGA', 'pattern', 'sonarr', 0, 0);
INSERT OR IGNORE INTO custom_format_conditions (custom_format_name, name, type, arr_type, negate, required) VALUES ('Anime BD Tier 05', 'UltraRemux', 'pattern', 'sonarr', 0, 0);
INSERT OR IGNORE INTO custom_format_conditions (custom_format_name, name, type, arr_type, negate, required) VALUES ('Anime BD Tier 05', 'WBDP', 'pattern', 'sonarr', 0, 0);
INSERT OR IGNORE INTO custom_format_conditions (custom_format_name, name, type, arr_type, negate, required) VALUES ('Anime BD Tier 05', 'WSE', 'pattern', 'sonarr', 0, 0);
INSERT OR IGNORE INTO custom_format_conditions (custom_format_name, name, type, arr_type, negate, required) VALUES ('Anime BD Tier 05', 'Yuki', 'pattern', 'sonarr', 0, 0);

INSERT OR IGNORE INTO custom_formats (name, description, include_in_rename) VALUES ('Anime BD Tier 06', '25d2afecab632b1582eaf03b63055f72', 0);
INSERT OR IGNORE INTO condition_patterns (custom_format_name, condition_name, regular_expression_name) VALUES ('Anime BD Tier 06', 'ANE', 'Anime_BD_Tier_06_ANE');
INSERT OR IGNORE INTO condition_patterns (custom_format_name, condition_name, regular_expression_name) VALUES ('Anime BD Tier 06', 'Bunny-Apocalypse', 'Anime_BD_Tier_06_Bunny-Apocalypse');
INSERT OR IGNORE INTO condition_patterns (custom_format_name, condition_name, regular_expression_name) VALUES ('Anime BD Tier 06', 'CyC', 'Anime_BD_Tier_06_CyC');
INSERT OR IGNORE INTO condition_patterns (custom_format_name, condition_name, regular_expression_name) VALUES ('Anime BD Tier 06', 'Datte13', 'Anime_BD_Tier_06_Datte13');
INSERT OR IGNORE INTO condition_patterns (custom_format_name, condition_name, regular_expression_name) VALUES ('Anime BD Tier 06', 'EJF', 'Anime_BD_Tier_06_EJF');
INSERT OR IGNORE INTO condition_patterns (custom_format_name, condition_name, regular_expression_name) VALUES ('Anime BD Tier 06', 'GetItTwisted', 'Anime_BD_Tier_06_GetItTwisted');
INSERT OR IGNORE INTO condition_patterns (custom_format_name, condition_name, regular_expression_name) VALUES ('Anime BD Tier 06', 'GSK_kun', 'Anime_BD_Tier_06_GSK_kun');
INSERT OR IGNORE INTO condition_patterns (custom_format_name, condition_name, regular_expression_name) VALUES ('Anime BD Tier 06', 'iKaos', 'Anime_BD_Tier_06_iKaos');
INSERT OR IGNORE INTO condition_patterns (custom_format_name, condition_name, regular_expression_name) VALUES ('Anime BD Tier 06', 'karios', 'Anime_BD_Tier_06_karios');
INSERT OR IGNORE INTO condition_patterns (custom_format_name, condition_name, regular_expression_name) VALUES ('Anime BD Tier 06', 'Pookie', 'Anime_BD_Tier_06_Pookie');
INSERT OR IGNORE INTO condition_patterns (custom_format_name, condition_name, regular_expression_name) VALUES ('Anime BD Tier 06', 'RASETSU', 'Anime_BD_Tier_06_RASETSU');
INSERT OR IGNORE INTO condition_patterns (custom_format_name, condition_name, regular_expression_name) VALUES ('Anime BD Tier 06', 'Starbez', 'Anime_BD_Tier_06_Starbez');
INSERT OR IGNORE INTO condition_patterns (custom_format_name, condition_name, regular_expression_name) VALUES ('Anime BD Tier 06', 'Tsundere', 'Anime_BD_Tier_06_Tsundere');
INSERT OR IGNORE INTO condition_patterns (custom_format_name, condition_name, regular_expression_name) VALUES ('Anime BD Tier 06', 'Yoghurt', 'Anime_BD_Tier_06_Yoghurt');
INSERT OR IGNORE INTO condition_patterns (custom_format_name, condition_name, regular_expression_name) VALUES ('Anime BD Tier 06', 'YURASUKA', 'Anime_BD_Tier_06_YURASUKA');
INSERT OR IGNORE INTO condition_sources (custom_format_name, condition_name, source) VALUES ('Anime BD Tier 06', 'Bluray', 'TV');
INSERT OR IGNORE INTO condition_sources (custom_format_name, condition_name, source) VALUES ('Anime BD Tier 06', 'Bluray Remux', 'WEBDL');
INSERT OR IGNORE INTO condition_sources (custom_format_name, condition_name, source) VALUES ('Anime BD Tier 06', 'DVD', 'DVD');
INSERT OR IGNORE INTO regular_expressions (name, pattern) VALUES ('Anime_BD_Tier_06_ANE', '\[ANE\]|-ANE$');
INSERT OR IGNORE INTO regular_expressions (name, pattern) VALUES ('Anime_BD_Tier_06_Bunny-Apocalypse', '\b(Bunny-Apocalypse)\b');
INSERT OR IGNORE INTO regular_expressions (name, pattern) VALUES ('Anime_BD_Tier_06_CyC', '\b(CyC)\b');
INSERT OR IGNORE INTO regular_expressions (name, pattern) VALUES ('Anime_BD_Tier_06_Datte13', '\b(Datte13)\b');
INSERT OR IGNORE INTO regular_expressions (name, pattern) VALUES ('Anime_BD_Tier_06_EJF', '\b(EJF)\b');
INSERT OR IGNORE INTO regular_expressions (name, pattern) VALUES ('Anime_BD_Tier_06_GetItTwisted', '\b(GetItTwisted)\b');
INSERT OR IGNORE INTO regular_expressions (name, pattern) VALUES ('Anime_BD_Tier_06_GSK_kun', '\b(GSK[._-]kun)\b');
INSERT OR IGNORE INTO regular_expressions (name, pattern) VALUES ('Anime_BD_Tier_06_iKaos', '\b(iKaos)\b');
INSERT OR IGNORE INTO regular_expressions (name, pattern) VALUES ('Anime_BD_Tier_06_karios', '\b(karios)\b');
INSERT OR IGNORE INTO regular_expressions (name, pattern) VALUES ('Anime_BD_Tier_06_Pookie', '\b(Pookie)\b');
INSERT OR IGNORE INTO regular_expressions (name, pattern) VALUES ('Anime_BD_Tier_06_RASETSU', '\b(RASETSU)\b');
INSERT OR IGNORE INTO regular_expressions (name, pattern) VALUES ('Anime_BD_Tier_06_Starbez', '\b(Starbez)\b');
INSERT OR IGNORE INTO regular_expressions (name, pattern) VALUES ('Anime_BD_Tier_06_Tsundere', '\[Tsundere\]|-Tsundere(?!-)\b');
INSERT OR IGNORE INTO regular_expressions (name, pattern) VALUES ('Anime_BD_Tier_06_Yoghurt', '\b(Yoghurt)\b');
INSERT OR IGNORE INTO regular_expressions (name, pattern) VALUES ('Anime_BD_Tier_06_YURASUKA', '\[YURASUKA\]|-YURASUKA\b');
INSERT OR IGNORE INTO custom_format_conditions (custom_format_name, name, type, arr_type, negate, required) VALUES ('Anime BD Tier 06', 'Bluray', 'source', 'sonarr', 0, 0);
INSERT OR IGNORE INTO custom_format_conditions (custom_format_name, name, type, arr_type, negate, required) VALUES ('Anime BD Tier 06', 'Bluray Remux', 'source', 'sonarr', 0, 0);
INSERT OR IGNORE INTO custom_format_conditions (custom_format_name, name, type, arr_type, negate, required) VALUES ('Anime BD Tier 06', 'DVD', 'source', 'sonarr', 0, 0);
INSERT OR IGNORE INTO custom_format_conditions (custom_format_name, name, type, arr_type, negate, required) VALUES ('Anime BD Tier 06', 'ANE', 'pattern', 'sonarr', 0, 0);
INSERT OR IGNORE INTO custom_format_conditions (custom_format_name, name, type, arr_type, negate, required) VALUES ('Anime BD Tier 06', 'Bunny-Apocalypse', 'pattern', 'sonarr', 0, 0);
INSERT OR IGNORE INTO custom_format_conditions (custom_format_name, name, type, arr_type, negate, required) VALUES ('Anime BD Tier 06', 'CyC', 'pattern', 'sonarr', 0, 0);
INSERT OR IGNORE INTO custom_format_conditions (custom_format_name, name, type, arr_type, negate, required) VALUES ('Anime BD Tier 06', 'Datte13', 'pattern', 'sonarr', 0, 0);
INSERT OR IGNORE INTO custom_format_conditions (custom_format_name, name, type, arr_type, negate, required) VALUES ('Anime BD Tier 06', 'EJF', 'pattern', 'sonarr', 0, 0);
INSERT OR IGNORE INTO custom_format_conditions (custom_format_name, name, type, arr_type, negate, required) VALUES ('Anime BD Tier 06', 'GetItTwisted', 'pattern', 'sonarr', 0, 0);
INSERT OR IGNORE INTO custom_format_conditions (custom_format_name, name, type, arr_type, negate, required) VALUES ('Anime BD Tier 06', 'GSK_kun', 'pattern', 'sonarr', 0, 0);
INSERT OR IGNORE INTO custom_format_conditions (custom_format_name, name, type, arr_type, negate, required) VALUES ('Anime BD Tier 06', 'iKaos', 'pattern', 'sonarr', 0, 0);
INSERT OR IGNORE INTO custom_format_conditions (custom_format_name, name, type, arr_type, negate, required) VALUES ('Anime BD Tier 06', 'karios', 'pattern', 'sonarr', 0, 0);
INSERT OR IGNORE INTO custom_format_conditions (custom_format_name, name, type, arr_type, negate, required) VALUES ('Anime BD Tier 06', 'Pookie', 'pattern', 'sonarr', 0, 0);
INSERT OR IGNORE INTO custom_format_conditions (custom_format_name, name, type, arr_type, negate, required) VALUES ('Anime BD Tier 06', 'RASETSU', 'pattern', 'sonarr', 0, 0);
INSERT OR IGNORE INTO custom_format_conditions (custom_format_name, name, type, arr_type, negate, required) VALUES ('Anime BD Tier 06', 'Starbez', 'pattern', 'sonarr', 0, 0);
INSERT OR IGNORE INTO custom_format_conditions (custom_format_name, name, type, arr_type, negate, required) VALUES ('Anime BD Tier 06', 'Tsundere', 'pattern', 'sonarr', 0, 0);
INSERT OR IGNORE INTO custom_format_conditions (custom_format_name, name, type, arr_type, negate, required) VALUES ('Anime BD Tier 06', 'Yoghurt', 'pattern', 'sonarr', 0, 0);
INSERT OR IGNORE INTO custom_format_conditions (custom_format_name, name, type, arr_type, negate, required) VALUES ('Anime BD Tier 06', 'YURASUKA', 'pattern', 'sonarr', 0, 0);

INSERT OR IGNORE INTO custom_formats (name, description, include_in_rename) VALUES ('Anime BD Tier 07', '0329044e3d9137b08502a9f84a7e58db', 0);
INSERT OR IGNORE INTO condition_patterns (custom_format_name, condition_name, regular_expression_name) VALUES ('Anime BD Tier 07', '9volt', 'Anime_BD_Tier_07_9volt');
INSERT OR IGNORE INTO condition_patterns (custom_format_name, condition_name, regular_expression_name) VALUES ('Anime BD Tier 07', 'AC', 'Anime_BD_Tier_07_AC');
INSERT OR IGNORE INTO condition_patterns (custom_format_name, condition_name, regular_expression_name) VALUES ('Anime BD Tier 07', 'Almighty', 'Anime_BD_Tier_07_Almighty');
INSERT OR IGNORE INTO condition_patterns (custom_format_name, condition_name, regular_expression_name) VALUES ('Anime BD Tier 07', 'Asakura', 'Anime_BD_Tier_07_Asakura');
INSERT OR IGNORE INTO condition_patterns (custom_format_name, condition_name, regular_expression_name) VALUES ('Anime BD Tier 07', 'Asenshi', 'Anime_BD_Tier_07_Asenshi');
INSERT OR IGNORE INTO condition_patterns (custom_format_name, condition_name, regular_expression_name) VALUES ('Anime BD Tier 07', 'BlurayDesuYo', 'Anime_BD_Tier_07_BlurayDesuYo');
INSERT OR IGNORE INTO condition_patterns (custom_format_name, condition_name, regular_expression_name) VALUES ('Anime BD Tier 07', 'Bolshevik', 'Anime_BD_Tier_07_Bolshevik');
INSERT OR IGNORE INTO condition_patterns (custom_format_name, condition_name, regular_expression_name) VALUES ('Anime BD Tier 07', 'Brrrrrrr', 'Anime_BD_Tier_07_Brrrrrrr');
INSERT OR IGNORE INTO condition_patterns (custom_format_name, condition_name, regular_expression_name) VALUES ('Anime BD Tier 07', 'Chihiro', 'Anime_BD_Tier_07_Chihiro');
INSERT OR IGNORE INTO condition_patterns (custom_format_name, condition_name, regular_expression_name) VALUES ('Anime BD Tier 07', 'Commie', 'Anime_BD_Tier_07_Commie');
INSERT OR IGNORE INTO condition_patterns (custom_format_name, condition_name, regular_expression_name) VALUES ('Anime BD Tier 07', 'Crow', 'Anime_BD_Tier_07_Crow');
INSERT OR IGNORE INTO condition_patterns (custom_format_name, condition_name, regular_expression_name) VALUES ('Anime BD Tier 07', 'Dae', 'Anime_BD_Tier_07_Dae');
INSERT OR IGNORE INTO condition_patterns (custom_format_name, condition_name, regular_expression_name) VALUES ('Anime BD Tier 07', 'Dekinai', 'Anime_BD_Tier_07_Dekinai');
INSERT OR IGNORE INTO condition_patterns (custom_format_name, condition_name, regular_expression_name) VALUES ('Anime BD Tier 07', 'Dragon-Releases', 'Anime_BD_Tier_07_Dragon-Releases');
INSERT OR IGNORE INTO condition_patterns (custom_format_name, condition_name, regular_expression_name) VALUES ('Anime BD Tier 07', 'DragsterPS', 'Anime_BD_Tier_07_DragsterPS');
INSERT OR IGNORE INTO condition_patterns (custom_format_name, condition_name, regular_expression_name) VALUES ('Anime BD Tier 07', 'Exiled-Destiny', 'Anime_BD_Tier_07_Exiled-Destiny');
INSERT OR IGNORE INTO condition_patterns (custom_format_name, condition_name, regular_expression_name) VALUES ('Anime BD Tier 07', 'FFF', 'Anime_BD_Tier_07_FFF');
INSERT OR IGNORE INTO condition_patterns (custom_format_name, condition_name, regular_expression_name) VALUES ('Anime BD Tier 07', 'Final8', 'Anime_BD_Tier_07_Final8');
INSERT OR IGNORE INTO condition_patterns (custom_format_name, condition_name, regular_expression_name) VALUES ('Anime BD Tier 07', 'Geonope', 'Anime_BD_Tier_07_Geonope');
INSERT OR IGNORE INTO condition_patterns (custom_format_name, condition_name, regular_expression_name) VALUES ('Anime BD Tier 07', 'GJM', 'Anime_BD_Tier_07_GJM');
INSERT OR IGNORE INTO condition_patterns (custom_format_name, condition_name, regular_expression_name) VALUES ('Anime BD Tier 07', 'iAHD', 'Anime_BD_Tier_07_iAHD');
INSERT OR IGNORE INTO condition_patterns (custom_format_name, condition_name, regular_expression_name) VALUES ('Anime BD Tier 07', 'inid4c', 'Anime_BD_Tier_07_inid4c');
INSERT OR IGNORE INTO condition_patterns (custom_format_name, condition_name, regular_expression_name) VALUES ('Anime BD Tier 07', 'Koten_Gars', 'Anime_BD_Tier_07_Koten_Gars');
INSERT OR IGNORE INTO condition_patterns (custom_format_name, condition_name, regular_expression_name) VALUES ('Anime BD Tier 07', 'kuchikirukia', 'Anime_BD_Tier_07_kuchikirukia');
INSERT OR IGNORE INTO condition_patterns (custom_format_name, condition_name, regular_expression_name) VALUES ('Anime BD Tier 07', 'LCE', 'Anime_BD_Tier_07_LCE');
INSERT OR IGNORE INTO condition_patterns (custom_format_name, condition_name, regular_expression_name) VALUES ('Anime BD Tier 07', 'NTW', 'Anime_BD_Tier_07_NTW');
INSERT OR IGNORE INTO condition_patterns (custom_format_name, condition_name, regular_expression_name) VALUES ('Anime BD Tier 07', 'orz', 'Anime_BD_Tier_07_orz');
INSERT OR IGNORE INTO condition_patterns (custom_format_name, condition_name, regular_expression_name) VALUES ('Anime BD Tier 07', 'RAI', 'Anime_BD_Tier_07_RAI');
INSERT OR IGNORE INTO condition_patterns (custom_format_name, condition_name, regular_expression_name) VALUES ('Anime BD Tier 07', 'REVO', 'Anime_BD_Tier_07_REVO');
INSERT OR IGNORE INTO condition_patterns (custom_format_name, condition_name, regular_expression_name) VALUES ('Anime BD Tier 07', 'SCP-2223', 'Anime_BD_Tier_07_SCP-2223');
INSERT OR IGNORE INTO condition_patterns (custom_format_name, condition_name, regular_expression_name) VALUES ('Anime BD Tier 07', 'Senjou', 'Anime_BD_Tier_07_Senjou');
INSERT OR IGNORE INTO condition_patterns (custom_format_name, condition_name, regular_expression_name) VALUES ('Anime BD Tier 07', 'SEV', 'Anime_BD_Tier_07_SEV');
INSERT OR IGNORE INTO condition_patterns (custom_format_name, condition_name, regular_expression_name) VALUES ('Anime BD Tier 07', 'THORA', 'Anime_BD_Tier_07_THORA');
INSERT OR IGNORE INTO condition_patterns (custom_format_name, condition_name, regular_expression_name) VALUES ('Anime BD Tier 07', 'Vivid', 'Anime_BD_Tier_07_Vivid');
INSERT OR IGNORE INTO condition_sources (custom_format_name, condition_name, source) VALUES ('Anime BD Tier 07', 'Bluray', 'TV');
INSERT OR IGNORE INTO condition_sources (custom_format_name, condition_name, source) VALUES ('Anime BD Tier 07', 'Bluray Remux', 'WEBDL');
INSERT OR IGNORE INTO condition_sources (custom_format_name, condition_name, source) VALUES ('Anime BD Tier 07', 'DVD', 'DVD');
INSERT OR IGNORE INTO regular_expressions (name, pattern) VALUES ('Anime_BD_Tier_07_9volt', '\b(9volt)\b');
INSERT OR IGNORE INTO regular_expressions (name, pattern) VALUES ('Anime_BD_Tier_07_AC', '\[AC\]|-AC$');
INSERT OR IGNORE INTO regular_expressions (name, pattern) VALUES ('Anime_BD_Tier_07_Almighty', '\[Almighty\]|-Almighty\b');
INSERT OR IGNORE INTO regular_expressions (name, pattern) VALUES ('Anime_BD_Tier_07_Asakura', '\[Asakura\]|-Asakura\b');
INSERT OR IGNORE INTO regular_expressions (name, pattern) VALUES ('Anime_BD_Tier_07_Asenshi', '\b(Asenshi)\b');
INSERT OR IGNORE INTO regular_expressions (name, pattern) VALUES ('Anime_BD_Tier_07_BlurayDesuYo', '\b(BlurayDesuYo)\b');
INSERT OR IGNORE INTO regular_expressions (name, pattern) VALUES ('Anime_BD_Tier_07_Bolshevik', '\[Bolshevik\]|-Bolshevik\b');
INSERT OR IGNORE INTO regular_expressions (name, pattern) VALUES ('Anime_BD_Tier_07_Brrrrrrr', '\b(Brrrrrrr)\b');
INSERT OR IGNORE INTO regular_expressions (name, pattern) VALUES ('Anime_BD_Tier_07_Chihiro', '\[Chihiro\]|-Chihiro\b');
INSERT OR IGNORE INTO regular_expressions (name, pattern) VALUES ('Anime_BD_Tier_07_Commie', '\b(Commie)\b');
INSERT OR IGNORE INTO regular_expressions (name, pattern) VALUES ('Anime_BD_Tier_07_Crow', '\[Crow\]|-Crow\b');
INSERT OR IGNORE INTO regular_expressions (name, pattern) VALUES ('Anime_BD_Tier_07_Dae', '\b(Dae)\b');
INSERT OR IGNORE INTO regular_expressions (name, pattern) VALUES ('Anime_BD_Tier_07_Dekinai', '\[Dekinai\]|-Dekinai\b');
INSERT OR IGNORE INTO regular_expressions (name, pattern) VALUES ('Anime_BD_Tier_07_Dragon-Releases', '\b(Dragon-Releases)\b');
INSERT OR IGNORE INTO regular_expressions (name, pattern) VALUES ('Anime_BD_Tier_07_DragsterPS', '\b(DragsterPS)\b');
INSERT OR IGNORE INTO regular_expressions (name, pattern) VALUES ('Anime_BD_Tier_07_Exiled-Destiny', '\b(Exiled-Destiny|E-D)\b');
INSERT OR IGNORE INTO regular_expressions (name, pattern) VALUES ('Anime_BD_Tier_07_FFF', '\b(FFF)\b');
INSERT OR IGNORE INTO regular_expressions (name, pattern) VALUES ('Anime_BD_Tier_07_Final8', '\b(Final8)\b');
INSERT OR IGNORE INTO regular_expressions (name, pattern) VALUES ('Anime_BD_Tier_07_Geonope', '\b(Geonope)\b');
INSERT OR IGNORE INTO regular_expressions (name, pattern) VALUES ('Anime_BD_Tier_07_GJM', '\b(GJM)\b');
INSERT OR IGNORE INTO regular_expressions (name, pattern) VALUES ('Anime_BD_Tier_07_iAHD', '\b(iAHD)\b');
INSERT OR IGNORE INTO regular_expressions (name, pattern) VALUES ('Anime_BD_Tier_07_inid4c', '\b(inid4c)\b');
INSERT OR IGNORE INTO regular_expressions (name, pattern) VALUES ('Anime_BD_Tier_07_Koten_Gars', '\b(Koten[ ._-]Gars)\b');
INSERT OR IGNORE INTO regular_expressions (name, pattern) VALUES ('Anime_BD_Tier_07_kuchikirukia', '\b(kuchikirukia)\b');
INSERT OR IGNORE INTO regular_expressions (name, pattern) VALUES ('Anime_BD_Tier_07_LCE', '\b(LCE)\b');
INSERT OR IGNORE INTO regular_expressions (name, pattern) VALUES ('Anime_BD_Tier_07_NTW', '\b(NTW)\b');
INSERT OR IGNORE INTO regular_expressions (name, pattern) VALUES ('Anime_BD_Tier_07_orz', '\b(orz)\b');
INSERT OR IGNORE INTO regular_expressions (name, pattern) VALUES ('Anime_BD_Tier_07_RAI', '\b(RAI)\b');
INSERT OR IGNORE INTO regular_expressions (name, pattern) VALUES ('Anime_BD_Tier_07_REVO', '\b(REVO)\b');
INSERT OR IGNORE INTO regular_expressions (name, pattern) VALUES ('Anime_BD_Tier_07_SCP-2223', '\b(SCP-2223)\b');
INSERT OR IGNORE INTO regular_expressions (name, pattern) VALUES ('Anime_BD_Tier_07_Senjou', '\[Senjou\]|-Senjou\b');
INSERT OR IGNORE INTO regular_expressions (name, pattern) VALUES ('Anime_BD_Tier_07_SEV', '\b(SEV)\b');
INSERT OR IGNORE INTO regular_expressions (name, pattern) VALUES ('Anime_BD_Tier_07_THORA', '\b(THORA)\b');
INSERT OR IGNORE INTO regular_expressions (name, pattern) VALUES ('Anime_BD_Tier_07_Vivid', '\[Vivid\]|-Vivid\b');
INSERT OR IGNORE INTO custom_format_conditions (custom_format_name, name, type, arr_type, negate, required) VALUES ('Anime BD Tier 07', 'Bluray', 'source', 'sonarr', 0, 0);
INSERT OR IGNORE INTO custom_format_conditions (custom_format_name, name, type, arr_type, negate, required) VALUES ('Anime BD Tier 07', 'Bluray Remux', 'source', 'sonarr', 0, 0);
INSERT OR IGNORE INTO custom_format_conditions (custom_format_name, name, type, arr_type, negate, required) VALUES ('Anime BD Tier 07', 'DVD', 'source', 'sonarr', 0, 0);
INSERT OR IGNORE INTO custom_format_conditions (custom_format_name, name, type, arr_type, negate, required) VALUES ('Anime BD Tier 07', '9volt', 'pattern', 'sonarr', 0, 0);
INSERT OR IGNORE INTO custom_format_conditions (custom_format_name, name, type, arr_type, negate, required) VALUES ('Anime BD Tier 07', 'AC', 'pattern', 'sonarr', 0, 0);
INSERT OR IGNORE INTO custom_format_conditions (custom_format_name, name, type, arr_type, negate, required) VALUES ('Anime BD Tier 07', 'Almighty', 'pattern', 'sonarr', 0, 0);
INSERT OR IGNORE INTO custom_format_conditions (custom_format_name, name, type, arr_type, negate, required) VALUES ('Anime BD Tier 07', 'Asakura', 'pattern', 'sonarr', 0, 0);
INSERT OR IGNORE INTO custom_format_conditions (custom_format_name, name, type, arr_type, negate, required) VALUES ('Anime BD Tier 07', 'Asenshi', 'pattern', 'sonarr', 0, 0);
INSERT OR IGNORE INTO custom_format_conditions (custom_format_name, name, type, arr_type, negate, required) VALUES ('Anime BD Tier 07', 'BlurayDesuYo', 'pattern', 'sonarr', 0, 0);
INSERT OR IGNORE INTO custom_format_conditions (custom_format_name, name, type, arr_type, negate, required) VALUES ('Anime BD Tier 07', 'Bolshevik', 'pattern', 'sonarr', 0, 0);
INSERT OR IGNORE INTO custom_format_conditions (custom_format_name, name, type, arr_type, negate, required) VALUES ('Anime BD Tier 07', 'Brrrrrrr', 'pattern', 'sonarr', 0, 0);
INSERT OR IGNORE INTO custom_format_conditions (custom_format_name, name, type, arr_type, negate, required) VALUES ('Anime BD Tier 07', 'Chihiro', 'pattern', 'sonarr', 0, 0);
INSERT OR IGNORE INTO custom_format_conditions (custom_format_name, name, type, arr_type, negate, required) VALUES ('Anime BD Tier 07', 'Commie', 'pattern', 'sonarr', 0, 0);
INSERT OR IGNORE INTO custom_format_conditions (custom_format_name, name, type, arr_type, negate, required) VALUES ('Anime BD Tier 07', 'Crow', 'pattern', 'sonarr', 0, 0);
INSERT OR IGNORE INTO custom_format_conditions (custom_format_name, name, type, arr_type, negate, required) VALUES ('Anime BD Tier 07', 'Dae', 'pattern', 'sonarr', 0, 0);
INSERT OR IGNORE INTO custom_format_conditions (custom_format_name, name, type, arr_type, negate, required) VALUES ('Anime BD Tier 07', 'Dekinai', 'pattern', 'sonarr', 0, 0);
INSERT OR IGNORE INTO custom_format_conditions (custom_format_name, name, type, arr_type, negate, required) VALUES ('Anime BD Tier 07', 'Dragon-Releases', 'pattern', 'sonarr', 0, 0);
INSERT OR IGNORE INTO custom_format_conditions (custom_format_name, name, type, arr_type, negate, required) VALUES ('Anime BD Tier 07', 'DragsterPS', 'pattern', 'sonarr', 0, 0);
INSERT OR IGNORE INTO custom_format_conditions (custom_format_name, name, type, arr_type, negate, required) VALUES ('Anime BD Tier 07', 'Exiled-Destiny', 'pattern', 'sonarr', 0, 0);
INSERT OR IGNORE INTO custom_format_conditions (custom_format_name, name, type, arr_type, negate, required) VALUES ('Anime BD Tier 07', 'FFF', 'pattern', 'sonarr', 0, 0);
INSERT OR IGNORE INTO custom_format_conditions (custom_format_name, name, type, arr_type, negate, required) VALUES ('Anime BD Tier 07', 'Final8', 'pattern', 'sonarr', 0, 0);
INSERT OR IGNORE INTO custom_format_conditions (custom_format_name, name, type, arr_type, negate, required) VALUES ('Anime BD Tier 07', 'Geonope', 'pattern', 'sonarr', 0, 0);
INSERT OR IGNORE INTO custom_format_conditions (custom_format_name, name, type, arr_type, negate, required) VALUES ('Anime BD Tier 07', 'GJM', 'pattern', 'sonarr', 0, 0);
INSERT OR IGNORE INTO custom_format_conditions (custom_format_name, name, type, arr_type, negate, required) VALUES ('Anime BD Tier 07', 'iAHD', 'pattern', 'sonarr', 0, 0);
INSERT OR IGNORE INTO custom_format_conditions (custom_format_name, name, type, arr_type, negate, required) VALUES ('Anime BD Tier 07', 'inid4c', 'pattern', 'sonarr', 0, 0);
INSERT OR IGNORE INTO custom_format_conditions (custom_format_name, name, type, arr_type, negate, required) VALUES ('Anime BD Tier 07', 'Koten_Gars', 'pattern', 'sonarr', 0, 0);
INSERT OR IGNORE INTO custom_format_conditions (custom_format_name, name, type, arr_type, negate, required) VALUES ('Anime BD Tier 07', 'kuchikirukia', 'pattern', 'sonarr', 0, 0);
INSERT OR IGNORE INTO custom_format_conditions (custom_format_name, name, type, arr_type, negate, required) VALUES ('Anime BD Tier 07', 'LCE', 'pattern', 'sonarr', 0, 0);
INSERT OR IGNORE INTO custom_format_conditions (custom_format_name, name, type, arr_type, negate, required) VALUES ('Anime BD Tier 07', 'NTW', 'pattern', 'sonarr', 0, 0);
INSERT OR IGNORE INTO custom_format_conditions (custom_format_name, name, type, arr_type, negate, required) VALUES ('Anime BD Tier 07', 'orz', 'pattern', 'sonarr', 0, 0);
INSERT OR IGNORE INTO custom_format_conditions (custom_format_name, name, type, arr_type, negate, required) VALUES ('Anime BD Tier 07', 'RAI', 'pattern', 'sonarr', 0, 0);
INSERT OR IGNORE INTO custom_format_conditions (custom_format_name, name, type, arr_type, negate, required) VALUES ('Anime BD Tier 07', 'REVO', 'pattern', 'sonarr', 0, 0);
INSERT OR IGNORE INTO custom_format_conditions (custom_format_name, name, type, arr_type, negate, required) VALUES ('Anime BD Tier 07', 'SCP-2223', 'pattern', 'sonarr', 0, 0);
INSERT OR IGNORE INTO custom_format_conditions (custom_format_name, name, type, arr_type, negate, required) VALUES ('Anime BD Tier 07', 'Senjou', 'pattern', 'sonarr', 0, 0);
INSERT OR IGNORE INTO custom_format_conditions (custom_format_name, name, type, arr_type, negate, required) VALUES ('Anime BD Tier 07', 'SEV', 'pattern', 'sonarr', 0, 0);
INSERT OR IGNORE INTO custom_format_conditions (custom_format_name, name, type, arr_type, negate, required) VALUES ('Anime BD Tier 07', 'THORA', 'pattern', 'sonarr', 0, 0);
INSERT OR IGNORE INTO custom_format_conditions (custom_format_name, name, type, arr_type, negate, required) VALUES ('Anime BD Tier 07', 'Vivid', 'pattern', 'sonarr', 0, 0);

INSERT OR IGNORE INTO custom_formats (name, description, include_in_rename) VALUES ('Anime BD Tier 08', 'c81bbfb47fed3d5a3ad027d077f889de', 0);
INSERT OR IGNORE INTO condition_patterns (custom_format_name, condition_name, regular_expression_name) VALUES ('Anime BD Tier 08', 'AkihitoSubs', 'Anime_BD_Tier_08_AkihitoSubs');
INSERT OR IGNORE INTO condition_patterns (custom_format_name, condition_name, regular_expression_name) VALUES ('Anime BD Tier 08', 'Arukoru', 'Anime_BD_Tier_08_Arukoru');
INSERT OR IGNORE INTO condition_patterns (custom_format_name, condition_name, regular_expression_name) VALUES ('Anime BD Tier 08', 'EDGE', 'Anime_BD_Tier_08_EDGE');
INSERT OR IGNORE INTO condition_patterns (custom_format_name, condition_name, regular_expression_name) VALUES ('Anime BD Tier 08', 'EMBER', 'Anime_BD_Tier_08_EMBER');
INSERT OR IGNORE INTO condition_patterns (custom_format_name, condition_name, regular_expression_name) VALUES ('Anime BD Tier 08', 'GHOST', 'Anime_BD_Tier_08_GHOST');
INSERT OR IGNORE INTO condition_patterns (custom_format_name, condition_name, regular_expression_name) VALUES ('Anime BD Tier 08', 'Judas', 'Anime_BD_Tier_08_Judas');
INSERT OR IGNORE INTO condition_patterns (custom_format_name, condition_name, regular_expression_name) VALUES ('Anime BD Tier 08', 'naiyas', 'Anime_BD_Tier_08_naiyas');
INSERT OR IGNORE INTO condition_patterns (custom_format_name, condition_name, regular_expression_name) VALUES ('Anime BD Tier 08', 'Nep_Blanc', 'Anime_BD_Tier_08_Nep_Blanc');
INSERT OR IGNORE INTO condition_patterns (custom_format_name, condition_name, regular_expression_name) VALUES ('Anime BD Tier 08', 'Prof', 'Anime_BD_Tier_08_Prof');
INSERT OR IGNORE INTO condition_patterns (custom_format_name, condition_name, regular_expression_name) VALUES ('Anime BD Tier 08', 'Shir', 'Anime_BD_Tier_08_Shir');
INSERT OR IGNORE INTO condition_sources (custom_format_name, condition_name, source) VALUES ('Anime BD Tier 08', 'Bluray', 'TV');
INSERT OR IGNORE INTO condition_sources (custom_format_name, condition_name, source) VALUES ('Anime BD Tier 08', 'Bluray Remux', 'WEBDL');
INSERT OR IGNORE INTO condition_sources (custom_format_name, condition_name, source) VALUES ('Anime BD Tier 08', 'DVD', 'DVD');
INSERT OR IGNORE INTO regular_expressions (name, pattern) VALUES ('Anime_BD_Tier_08_AkihitoSubs', '\b(AkihitoSubs)\b');
INSERT OR IGNORE INTO regular_expressions (name, pattern) VALUES ('Anime_BD_Tier_08_Arukoru', '\b(Arukoru)\b');
INSERT OR IGNORE INTO regular_expressions (name, pattern) VALUES ('Anime_BD_Tier_08_EDGE', '\[EDGE\]|-EDGE\b');
INSERT OR IGNORE INTO regular_expressions (name, pattern) VALUES ('Anime_BD_Tier_08_EMBER', '\[EMBER\]|-EMBER\b');
INSERT OR IGNORE INTO regular_expressions (name, pattern) VALUES ('Anime_BD_Tier_08_GHOST', '\[GHOST\]|-GHOST\b');
INSERT OR IGNORE INTO regular_expressions (name, pattern) VALUES ('Anime_BD_Tier_08_Judas', '\[Judas\]|-Judas');
INSERT OR IGNORE INTO regular_expressions (name, pattern) VALUES ('Anime_BD_Tier_08_naiyas', '\[naiyas\]|-naiyas\b');
INSERT OR IGNORE INTO regular_expressions (name, pattern) VALUES ('Anime_BD_Tier_08_Nep_Blanc', '\b(Nep[ ._-]Blanc)\b');
INSERT OR IGNORE INTO regular_expressions (name, pattern) VALUES ('Anime_BD_Tier_08_Prof', '\[Prof\]|-Prof\b');
INSERT OR IGNORE INTO regular_expressions (name, pattern) VALUES ('Anime_BD_Tier_08_Shir', '\b(Shir)\b');
INSERT OR IGNORE INTO custom_format_conditions (custom_format_name, name, type, arr_type, negate, required) VALUES ('Anime BD Tier 08', 'Bluray', 'source', 'sonarr', 0, 0);
INSERT OR IGNORE INTO custom_format_conditions (custom_format_name, name, type, arr_type, negate, required) VALUES ('Anime BD Tier 08', 'Bluray Remux', 'source', 'sonarr', 0, 0);
INSERT OR IGNORE INTO custom_format_conditions (custom_format_name, name, type, arr_type, negate, required) VALUES ('Anime BD Tier 08', 'DVD', 'source', 'sonarr', 0, 0);
INSERT OR IGNORE INTO custom_format_conditions (custom_format_name, name, type, arr_type, negate, required) VALUES ('Anime BD Tier 08', 'AkihitoSubs', 'pattern', 'sonarr', 0, 0);
INSERT OR IGNORE INTO custom_format_conditions (custom_format_name, name, type, arr_type, negate, required) VALUES ('Anime BD Tier 08', 'Arukoru', 'pattern', 'sonarr', 0, 0);
INSERT OR IGNORE INTO custom_format_conditions (custom_format_name, name, type, arr_type, negate, required) VALUES ('Anime BD Tier 08', 'EDGE', 'pattern', 'sonarr', 0, 0);
INSERT OR IGNORE INTO custom_format_conditions (custom_format_name, name, type, arr_type, negate, required) VALUES ('Anime BD Tier 08', 'EMBER', 'pattern', 'sonarr', 0, 0);
INSERT OR IGNORE INTO custom_format_conditions (custom_format_name, name, type, arr_type, negate, required) VALUES ('Anime BD Tier 08', 'GHOST', 'pattern', 'sonarr', 0, 0);
INSERT OR IGNORE INTO custom_format_conditions (custom_format_name, name, type, arr_type, negate, required) VALUES ('Anime BD Tier 08', 'Judas', 'pattern', 'sonarr', 0, 0);
INSERT OR IGNORE INTO custom_format_conditions (custom_format_name, name, type, arr_type, negate, required) VALUES ('Anime BD Tier 08', 'naiyas', 'pattern', 'sonarr', 0, 0);
INSERT OR IGNORE INTO custom_format_conditions (custom_format_name, name, type, arr_type, negate, required) VALUES ('Anime BD Tier 08', 'Nep_Blanc', 'pattern', 'sonarr', 0, 0);
INSERT OR IGNORE INTO custom_format_conditions (custom_format_name, name, type, arr_type, negate, required) VALUES ('Anime BD Tier 08', 'Prof', 'pattern', 'sonarr', 0, 0);
INSERT OR IGNORE INTO custom_format_conditions (custom_format_name, name, type, arr_type, negate, required) VALUES ('Anime BD Tier 08', 'Shir', 'pattern', 'sonarr', 0, 0);

INSERT OR IGNORE INTO custom_formats (name, description, include_in_rename) VALUES ('Anime Dual Audio', '418f50b10f1907201b6cfdf881f467b7', 0);
INSERT OR IGNORE INTO condition_patterns (custom_format_name, condition_name, regular_expression_name) VALUES ('Anime Dual Audio', 'Dual Audio', 'Anime_Dual_Audio_Dual_Audio');
INSERT OR IGNORE INTO condition_patterns (custom_format_name, condition_name, regular_expression_name) VALUES ('Anime Dual Audio', 'Not Single Language Only', 'Anime_Dual_Audio_Not_Single_Language_Only');
INSERT OR IGNORE INTO condition_languages (custom_format_name, condition_name, language_name, except_language) VALUES ('Anime Dual Audio', 'Japanese Language', '8', 0);
INSERT OR IGNORE INTO condition_languages (custom_format_name, condition_name, language_name, except_language) VALUES ('Anime Dual Audio', 'Chinese Language', '10', 0);
INSERT OR IGNORE INTO condition_languages (custom_format_name, condition_name, language_name, except_language) VALUES ('Anime Dual Audio', 'Korean Language', '21', 0);
INSERT OR IGNORE INTO regular_expressions (name, pattern) VALUES ('Anime_Dual_Audio_Dual_Audio', 'dual[ ._-]?(audio)|[([]dual[])]|\b(JA|ZH|KO)(?= ?\+ ?.*?\b(EN))|\b(EN)(?= ?\+ ?.*?\b(JA|ZH|KO))|\b(Japanese|Chinese|Korean) ?[ ._\+&-] ?\b(English)|\b(English) ?[ ._\+&-] ?\b(Japanese|Chinese|Korean)|\b(\d{3,4}(p|i)|4K|U(ltra)?HD)\b.*\b(DUAL)\b(?!.*\(|\))');
INSERT OR IGNORE INTO regular_expressions (name, pattern) VALUES ('Anime_Dual_Audio_Not_Single_Language_Only', '\[(JA|ZH|KO)\]');
INSERT OR IGNORE INTO custom_format_conditions (custom_format_name, name, type, arr_type, negate, required) VALUES ('Anime Dual Audio', 'Dual Audio', 'pattern', 'sonarr', 0, 1);
INSERT OR IGNORE INTO custom_format_conditions (custom_format_name, name, type, arr_type, negate, required) VALUES ('Anime Dual Audio', 'Not Single Language Only', 'pattern', 'sonarr', 1, 1);
INSERT OR IGNORE INTO custom_format_conditions (custom_format_name, name, type, arr_type, negate, required) VALUES ('Anime Dual Audio', 'Japanese Language', 'language', 'sonarr', 0, 0);
INSERT OR IGNORE INTO custom_format_conditions (custom_format_name, name, type, arr_type, negate, required) VALUES ('Anime Dual Audio', 'Chinese Language', 'language', 'sonarr', 0, 0);
INSERT OR IGNORE INTO custom_format_conditions (custom_format_name, name, type, arr_type, negate, required) VALUES ('Anime Dual Audio', 'Korean Language', 'language', 'sonarr', 0, 0);

INSERT OR IGNORE INTO custom_formats (name, description, include_in_rename) VALUES ('Anime LQ Groups', 'e3515e519f3b1360cbfc17651944354c', 0);
INSERT OR IGNORE INTO condition_patterns (custom_format_name, condition_name, regular_expression_name) VALUES ('Anime LQ Groups', 'tore-Chill', 'Anime_LQ_Groups_tore-Chill');
INSERT OR IGNORE INTO condition_patterns (custom_format_name, condition_name, regular_expression_name) VALUES ('Anime LQ Groups', '0neshot', 'Anime_LQ_Groups_0neshot');
INSERT OR IGNORE INTO condition_patterns (custom_format_name, condition_name, regular_expression_name) VALUES ('Anime LQ Groups', '224', 'Anime_LQ_Groups_224');
INSERT OR IGNORE INTO condition_patterns (custom_format_name, condition_name, regular_expression_name) VALUES ('Anime LQ Groups', 'A-Destiny', 'Anime_LQ_Groups_A-Destiny');
INSERT OR IGNORE INTO condition_patterns (custom_format_name, condition_name, regular_expression_name) VALUES ('Anime LQ Groups', 'AceAres', 'Anime_LQ_Groups_AceAres');
INSERT OR IGNORE INTO condition_patterns (custom_format_name, condition_name, regular_expression_name) VALUES ('Anime LQ Groups', 'AhmadDev', 'Anime_LQ_Groups_AhmadDev');
INSERT OR IGNORE INTO condition_patterns (custom_format_name, condition_name, regular_expression_name) VALUES ('Anime LQ Groups', 'Anime Chap', 'Anime_LQ_Groups_Anime_Chap');
INSERT OR IGNORE INTO condition_patterns (custom_format_name, condition_name, regular_expression_name) VALUES ('Anime LQ Groups', 'Anime Land', 'Anime_LQ_Groups_Anime_Land');
INSERT OR IGNORE INTO condition_patterns (custom_format_name, condition_name, regular_expression_name) VALUES ('Anime LQ Groups', 'Anime Time', 'Anime_LQ_Groups_Anime_Time');
INSERT OR IGNORE INTO condition_patterns (custom_format_name, condition_name, regular_expression_name) VALUES ('Anime LQ Groups', 'AnimeDynastyEN', 'Anime_LQ_Groups_AnimeDynastyEN');
INSERT OR IGNORE INTO condition_patterns (custom_format_name, condition_name, regular_expression_name) VALUES ('Anime LQ Groups', 'AnimeKuro', 'Anime_LQ_Groups_AnimeKuro');
INSERT OR IGNORE INTO condition_patterns (custom_format_name, condition_name, regular_expression_name) VALUES ('Anime LQ Groups', 'AnimeRG', 'Anime_LQ_Groups_AnimeRG');
INSERT OR IGNORE INTO condition_patterns (custom_format_name, condition_name, regular_expression_name) VALUES ('Anime LQ Groups', 'Animesubs', 'Anime_LQ_Groups_Animesubs');
INSERT OR IGNORE INTO condition_patterns (custom_format_name, condition_name, regular_expression_name) VALUES ('Anime LQ Groups', 'AnimeTR', 'Anime_LQ_Groups_AnimeTR');
INSERT OR IGNORE INTO condition_patterns (custom_format_name, condition_name, regular_expression_name) VALUES ('Anime LQ Groups', 'Anitsu', 'Anime_LQ_Groups_Anitsu');
INSERT OR IGNORE INTO condition_patterns (custom_format_name, condition_name, regular_expression_name) VALUES ('Anime LQ Groups', 'AniVoid', 'Anime_LQ_Groups_AniVoid');
INSERT OR IGNORE INTO condition_patterns (custom_format_name, condition_name, regular_expression_name) VALUES ('Anime LQ Groups', 'ArataEnc', 'Anime_LQ_Groups_ArataEnc');
INSERT OR IGNORE INTO condition_patterns (custom_format_name, condition_name, regular_expression_name) VALUES ('Anime LQ Groups', 'AREY', 'Anime_LQ_Groups_AREY');
INSERT OR IGNORE INTO condition_patterns (custom_format_name, condition_name, regular_expression_name) VALUES ('Anime LQ Groups', 'Ari', 'Anime_LQ_Groups_Ari');
INSERT OR IGNORE INTO condition_patterns (custom_format_name, condition_name, regular_expression_name) VALUES ('Anime LQ Groups', 'ASW', 'Anime_LQ_Groups_ASW');
INSERT OR IGNORE INTO condition_patterns (custom_format_name, condition_name, regular_expression_name) VALUES ('Anime LQ Groups', 'BJX', 'Anime_LQ_Groups_BJX');
INSERT OR IGNORE INTO condition_patterns (custom_format_name, condition_name, regular_expression_name) VALUES ('Anime LQ Groups', 'BlackLuster', 'Anime_LQ_Groups_BlackLuster');
INSERT OR IGNORE INTO condition_patterns (custom_format_name, condition_name, regular_expression_name) VALUES ('Anime LQ Groups', 'bonkai77', 'Anime_LQ_Groups_bonkai77');
INSERT OR IGNORE INTO condition_patterns (custom_format_name, condition_name, regular_expression_name) VALUES ('Anime LQ Groups', 'CameEsp', 'Anime_LQ_Groups_CameEsp');
INSERT OR IGNORE INTO condition_patterns (custom_format_name, condition_name, regular_expression_name) VALUES ('Anime LQ Groups', 'Cat66', 'Anime_LQ_Groups_Cat66');
INSERT OR IGNORE INTO condition_patterns (custom_format_name, condition_name, regular_expression_name) VALUES ('Anime LQ Groups', 'CBB', 'Anime_LQ_Groups_CBB');
INSERT OR IGNORE INTO condition_patterns (custom_format_name, condition_name, regular_expression_name) VALUES ('Anime LQ Groups', 'Cerberus', 'Anime_LQ_Groups_Cerberus');
INSERT OR IGNORE INTO condition_patterns (custom_format_name, condition_name, regular_expression_name) VALUES ('Anime LQ Groups', 'Cleo', 'Anime_LQ_Groups_Cleo');
INSERT OR IGNORE INTO condition_patterns (custom_format_name, condition_name, regular_expression_name) VALUES ('Anime LQ Groups', 'CuaP', 'Anime_LQ_Groups_CuaP');
INSERT OR IGNORE INTO condition_patterns (custom_format_name, condition_name, regular_expression_name) VALUES ('Anime LQ Groups', 'DaddySubs', 'Anime_LQ_Groups_DaddySubs');
INSERT OR IGNORE INTO condition_patterns (custom_format_name, condition_name, regular_expression_name) VALUES ('Anime LQ Groups', 'DARKFLiX', 'Anime_LQ_Groups_DARKFLiX');
INSERT OR IGNORE INTO condition_patterns (custom_format_name, condition_name, regular_expression_name) VALUES ('Anime LQ Groups', 'DB', 'Anime_LQ_Groups_DB');
INSERT OR IGNORE INTO condition_patterns (custom_format_name, condition_name, regular_expression_name) VALUES ('Anime LQ Groups', 'DBArabic', 'Anime_LQ_Groups_DBArabic');
INSERT OR IGNORE INTO condition_patterns (custom_format_name, condition_name, regular_expression_name) VALUES ('Anime LQ Groups', 'Deadmau- RAWS', 'Anime_LQ_Groups_Deadmau-_RAWS');
INSERT OR IGNORE INTO condition_patterns (custom_format_name, condition_name, regular_expression_name) VALUES ('Anime LQ Groups', 'DKB', 'Anime_LQ_Groups_DKB');
INSERT OR IGNORE INTO condition_patterns (custom_format_name, condition_name, regular_expression_name) VALUES ('Anime LQ Groups', 'DP', 'Anime_LQ_Groups_DP');
INSERT OR IGNORE INTO condition_patterns (custom_format_name, condition_name, regular_expression_name) VALUES ('Anime LQ Groups', 'DsunS', 'Anime_LQ_Groups_DsunS');
INSERT OR IGNORE INTO condition_patterns (custom_format_name, condition_name, regular_expression_name) VALUES ('Anime LQ Groups', 'Emmid', 'Anime_LQ_Groups_Emmid');
INSERT OR IGNORE INTO condition_patterns (custom_format_name, condition_name, regular_expression_name) VALUES ('Anime LQ Groups', 'ExREN', 'Anime_LQ_Groups_ExREN');
INSERT OR IGNORE INTO condition_patterns (custom_format_name, condition_name, regular_expression_name) VALUES ('Anime LQ Groups', 'FAV', 'Anime_LQ_Groups_FAV');
INSERT OR IGNORE INTO condition_patterns (custom_format_name, condition_name, regular_expression_name) VALUES ('Anime LQ Groups', 'Fish', 'Anime_LQ_Groups_Fish');
INSERT OR IGNORE INTO condition_patterns (custom_format_name, condition_name, regular_expression_name) VALUES ('Anime LQ Groups', 'FunArts', 'Anime_LQ_Groups_FunArts');
INSERT OR IGNORE INTO condition_patterns (custom_format_name, condition_name, regular_expression_name) VALUES ('Anime LQ Groups', 'GERMini', 'Anime_LQ_Groups_GERMini');
INSERT OR IGNORE INTO condition_patterns (custom_format_name, condition_name, regular_expression_name) VALUES ('Anime LQ Groups', 'Hakata Ramen', 'Anime_LQ_Groups_Hakata_Ramen');
INSERT OR IGNORE INTO condition_patterns (custom_format_name, condition_name, regular_expression_name) VALUES ('Anime LQ Groups', 'Hall_of_C', 'Anime_LQ_Groups_Hall_of_C');
INSERT OR IGNORE INTO condition_patterns (custom_format_name, condition_name, regular_expression_name) VALUES ('Anime LQ Groups', 'Hatsuyuki', 'Anime_LQ_Groups_Hatsuyuki');
INSERT OR IGNORE INTO condition_patterns (custom_format_name, condition_name, regular_expression_name) VALUES ('Anime LQ Groups', 'HAV1T', 'Anime_LQ_Groups_HAV1T');
INSERT OR IGNORE INTO condition_patterns (custom_format_name, condition_name, regular_expression_name) VALUES ('Anime LQ Groups', 'HENiL', 'Anime_LQ_Groups_HENiL');
INSERT OR IGNORE INTO condition_patterns (custom_format_name, condition_name, regular_expression_name) VALUES ('Anime LQ Groups', 'Hitoku', 'Anime_LQ_Groups_Hitoku');
INSERT OR IGNORE INTO condition_patterns (custom_format_name, condition_name, regular_expression_name) VALUES ('Anime LQ Groups', 'HollowRoxas', 'Anime_LQ_Groups_HollowRoxas');
INSERT OR IGNORE INTO condition_patterns (custom_format_name, condition_name, regular_expression_name) VALUES ('Anime LQ Groups', 'HR', 'Anime_LQ_Groups_HR');
INSERT OR IGNORE INTO condition_patterns (custom_format_name, condition_name, regular_expression_name) VALUES ('Anime LQ Groups', 'ICEBLUE', 'Anime_LQ_Groups_ICEBLUE');
INSERT OR IGNORE INTO condition_patterns (custom_format_name, condition_name, regular_expression_name) VALUES ('Anime LQ Groups', 'iPUNISHER', 'Anime_LQ_Groups_iPUNISHER');
INSERT OR IGNORE INTO condition_patterns (custom_format_name, condition_name, regular_expression_name) VALUES ('Anime LQ Groups', 'JacobSwaggedUp', 'Anime_LQ_Groups_JacobSwaggedUp');
INSERT OR IGNORE INTO condition_patterns (custom_format_name, condition_name, regular_expression_name) VALUES ('Anime LQ Groups', 'Johnny-englishsubs', 'Anime_LQ_Groups_Johnny-englishsubs');
INSERT OR IGNORE INTO condition_patterns (custom_format_name, condition_name, regular_expression_name) VALUES ('Anime LQ Groups', 'Kallango', 'Anime_LQ_Groups_Kallango');
INSERT OR IGNORE INTO condition_patterns (custom_format_name, condition_name, regular_expression_name) VALUES ('Anime LQ Groups', 'Kanjouteki', 'Anime_LQ_Groups_Kanjouteki');
INSERT OR IGNORE INTO condition_patterns (custom_format_name, condition_name, regular_expression_name) VALUES ('Anime LQ Groups', 'KEKMASTERS', 'Anime_LQ_Groups_KEKMASTERS');
INSERT OR IGNORE INTO condition_patterns (custom_format_name, condition_name, regular_expression_name) VALUES ('Anime LQ Groups', 'Kirion', 'Anime_LQ_Groups_Kirion');
INSERT OR IGNORE INTO condition_patterns (custom_format_name, condition_name, regular_expression_name) VALUES ('Anime LQ Groups', 'KQRM', 'Anime_LQ_Groups_KQRM');
INSERT OR IGNORE INTO condition_patterns (custom_format_name, condition_name, regular_expression_name) VALUES ('Anime LQ Groups', 'KRP', 'Anime_LQ_Groups_KRP');
INSERT OR IGNORE INTO condition_patterns (custom_format_name, condition_name, regular_expression_name) VALUES ('Anime LQ Groups', 'LoliHouse', 'Anime_LQ_Groups_LoliHouse');
INSERT OR IGNORE INTO condition_patterns (custom_format_name, condition_name, regular_expression_name) VALUES ('Anime LQ Groups', 'MnI', 'Anime_LQ_Groups_MnI');
INSERT OR IGNORE INTO condition_patterns (custom_format_name, condition_name, regular_expression_name) VALUES ('Anime LQ Groups', 'mal lu zen', 'Anime_LQ_Groups_mal_lu_zen');
INSERT OR IGNORE INTO condition_patterns (custom_format_name, condition_name, regular_expression_name) VALUES ('Anime LQ Groups', 'ManK', 'Anime_LQ_Groups_ManK');
INSERT OR IGNORE INTO condition_patterns (custom_format_name, condition_name, regular_expression_name) VALUES ('Anime LQ Groups', 'Maximus', 'Anime_LQ_Groups_Maximus');
INSERT OR IGNORE INTO condition_patterns (custom_format_name, condition_name, regular_expression_name) VALUES ('Anime LQ Groups', 'MD', 'Anime_LQ_Groups_MD');
INSERT OR IGNORE INTO condition_patterns (custom_format_name, condition_name, regular_expression_name) VALUES ('Anime LQ Groups', 'mdcx', 'Anime_LQ_Groups_mdcx');
INSERT OR IGNORE INTO condition_patterns (custom_format_name, condition_name, regular_expression_name) VALUES ('Anime LQ Groups', 'Metaljerk', 'Anime_LQ_Groups_Metaljerk');
INSERT OR IGNORE INTO condition_patterns (custom_format_name, condition_name, regular_expression_name) VALUES ('Anime LQ Groups', 'MGD', 'Anime_LQ_Groups_MGD');
INSERT OR IGNORE INTO condition_patterns (custom_format_name, condition_name, regular_expression_name) VALUES ('Anime LQ Groups', 'MiniFreeza', 'Anime_LQ_Groups_MiniFreeza');
INSERT OR IGNORE INTO condition_patterns (custom_format_name, condition_name, regular_expression_name) VALUES ('Anime LQ Groups', 'MiniMTBB', 'Anime_LQ_Groups_MiniMTBB');
INSERT OR IGNORE INTO condition_patterns (custom_format_name, condition_name, regular_expression_name) VALUES ('Anime LQ Groups', 'MinisCuba', 'Anime_LQ_Groups_MinisCuba');
INSERT OR IGNORE INTO condition_patterns (custom_format_name, condition_name, regular_expression_name) VALUES ('Anime LQ Groups', 'MiniTheatre', 'Anime_LQ_Groups_MiniTheatre');
INSERT OR IGNORE INTO condition_patterns (custom_format_name, condition_name, regular_expression_name) VALUES ('Anime LQ Groups', 'Mites', 'Anime_LQ_Groups_Mites');
INSERT OR IGNORE INTO condition_patterns (custom_format_name, condition_name, regular_expression_name) VALUES ('Anime LQ Groups', 'Modders Bay', 'Anime_LQ_Groups_Modders_Bay');
INSERT OR IGNORE INTO condition_patterns (custom_format_name, condition_name, regular_expression_name) VALUES ('Anime LQ Groups', 'Mr Deadpool', 'Anime_LQ_Groups_Mr_Deadpool');
INSERT OR IGNORE INTO condition_patterns (custom_format_name, condition_name, regular_expression_name) VALUES ('Anime LQ Groups', 'NemDiggers', 'Anime_LQ_Groups_NemDiggers');
INSERT OR IGNORE INTO condition_patterns (custom_format_name, condition_name, regular_expression_name) VALUES ('Anime LQ Groups', 'neoHEVC', 'Anime_LQ_Groups_neoHEVC');
INSERT OR IGNORE INTO condition_patterns (custom_format_name, condition_name, regular_expression_name) VALUES ('Anime LQ Groups', 'Nokou', 'Anime_LQ_Groups_Nokou');
INSERT OR IGNORE INTO condition_patterns (custom_format_name, condition_name, regular_expression_name) VALUES ('Anime LQ Groups', 'NoobSubs', 'Anime_LQ_Groups_NoobSubs');
INSERT OR IGNORE INTO condition_patterns (custom_format_name, condition_name, regular_expression_name) VALUES ('Anime LQ Groups', 'NS', 'Anime_LQ_Groups_NS');
INSERT OR IGNORE INTO condition_patterns (custom_format_name, condition_name, regular_expression_name) VALUES ('Anime LQ Groups', 'Nyanpasu', 'Anime_LQ_Groups_Nyanpasu');
INSERT OR IGNORE INTO condition_patterns (custom_format_name, condition_name, regular_expression_name) VALUES ('Anime LQ Groups', 'OldCastle', 'Anime_LQ_Groups_OldCastle');
INSERT OR IGNORE INTO condition_patterns (custom_format_name, condition_name, regular_expression_name) VALUES ('Anime LQ Groups', 'Pantsu', 'Anime_LQ_Groups_Pantsu');
INSERT OR IGNORE INTO condition_patterns (custom_format_name, condition_name, regular_expression_name) VALUES ('Anime LQ Groups', 'Pao', 'Anime_LQ_Groups_Pao');
INSERT OR IGNORE INTO condition_patterns (custom_format_name, condition_name, regular_expression_name) VALUES ('Anime LQ Groups', 'phazer11', 'Anime_LQ_Groups_phazer11');
INSERT OR IGNORE INTO condition_patterns (custom_format_name, condition_name, regular_expression_name) VALUES ('Anime LQ Groups', 'Pixel', 'Anime_LQ_Groups_Pixel');
INSERT OR IGNORE INTO condition_patterns (custom_format_name, condition_name, regular_expression_name) VALUES ('Anime LQ Groups', 'Plex Friendly', 'Anime_LQ_Groups_Plex_Friendly');
INSERT OR IGNORE INTO condition_patterns (custom_format_name, condition_name, regular_expression_name) VALUES ('Anime LQ Groups', 'PnPSubs', 'Anime_LQ_Groups_PnPSubs');
INSERT OR IGNORE INTO condition_patterns (custom_format_name, condition_name, regular_expression_name) VALUES ('Anime LQ Groups', 'Polarwindz', 'Anime_LQ_Groups_Polarwindz');
INSERT OR IGNORE INTO condition_patterns (custom_format_name, condition_name, regular_expression_name) VALUES ('Anime LQ Groups', 'Project-gxs', 'Anime_LQ_Groups_Project-gxs');
INSERT OR IGNORE INTO condition_patterns (custom_format_name, condition_name, regular_expression_name) VALUES ('Anime LQ Groups', 'PuyaSubs', 'Anime_LQ_Groups_PuyaSubs');
INSERT OR IGNORE INTO condition_patterns (custom_format_name, condition_name, regular_expression_name) VALUES ('Anime LQ Groups', 'QaS', 'Anime_LQ_Groups_QaS');
INSERT OR IGNORE INTO condition_patterns (custom_format_name, condition_name, regular_expression_name) VALUES ('Anime LQ Groups', 'QCE', 'Anime_LQ_Groups_QCE');
INSERT OR IGNORE INTO condition_patterns (custom_format_name, condition_name, regular_expression_name) VALUES ('Anime LQ Groups', 'Rando235', 'Anime_LQ_Groups_Rando235');
INSERT OR IGNORE INTO condition_patterns (custom_format_name, condition_name, regular_expression_name) VALUES ('Anime LQ Groups', 'Ranger', 'Anime_LQ_Groups_Ranger');
INSERT OR IGNORE INTO condition_patterns (custom_format_name, condition_name, regular_expression_name) VALUES ('Anime LQ Groups', 'Rapta', 'Anime_LQ_Groups_Rapta');
INSERT OR IGNORE INTO condition_patterns (custom_format_name, condition_name, regular_expression_name) VALUES ('Anime LQ Groups', 'Raw Files', 'Anime_LQ_Groups_Raw_Files');
INSERT OR IGNORE INTO condition_patterns (custom_format_name, condition_name, regular_expression_name) VALUES ('Anime LQ Groups', 'Raze', 'Anime_LQ_Groups_Raze');
INSERT OR IGNORE INTO condition_patterns (custom_format_name, condition_name, regular_expression_name) VALUES ('Anime LQ Groups', 'Reaktor', 'Anime_LQ_Groups_Reaktor');
INSERT OR IGNORE INTO condition_patterns (custom_format_name, condition_name, regular_expression_name) VALUES ('Anime LQ Groups', 'RightShiftBy2', 'Anime_LQ_Groups_RightShiftBy2');
INSERT OR IGNORE INTO condition_patterns (custom_format_name, condition_name, regular_expression_name) VALUES ('Anime LQ Groups', 'Rip Time', 'Anime_LQ_Groups_Rip_Time');
INSERT OR IGNORE INTO condition_patterns (custom_format_name, condition_name, regular_expression_name) VALUES ('Anime LQ Groups', 'SAD', 'Anime_LQ_Groups_SAD');
INSERT OR IGNORE INTO condition_patterns (custom_format_name, condition_name, regular_expression_name) VALUES ('Anime LQ Groups', 'Salieri', 'Anime_LQ_Groups_Salieri');
INSERT OR IGNORE INTO condition_patterns (custom_format_name, condition_name, regular_expression_name) VALUES ('Anime LQ Groups', 'Samir755', 'Anime_LQ_Groups_Samir755');
INSERT OR IGNORE INTO condition_patterns (custom_format_name, condition_name, regular_expression_name) VALUES ('Anime LQ Groups', 'SanKyuu', 'Anime_LQ_Groups_SanKyuu');
INSERT OR IGNORE INTO condition_patterns (custom_format_name, condition_name, regular_expression_name) VALUES ('Anime LQ Groups', 'SEiN', 'Anime_LQ_Groups_SEiN');
INSERT OR IGNORE INTO condition_patterns (custom_format_name, condition_name, regular_expression_name) VALUES ('Anime LQ Groups', 'sekkusuok', 'Anime_LQ_Groups_sekkusuok');
INSERT OR IGNORE INTO condition_patterns (custom_format_name, condition_name, regular_expression_name) VALUES ('Anime LQ Groups', 'SHFS', 'Anime_LQ_Groups_SHFS');
INSERT OR IGNORE INTO condition_patterns (custom_format_name, condition_name, regular_expression_name) VALUES ('Anime LQ Groups', 'shincaps', 'Anime_LQ_Groups_shincaps');
INSERT OR IGNORE INTO condition_patterns (custom_format_name, condition_name, regular_expression_name) VALUES ('Anime LQ Groups', 'SLAX', 'Anime_LQ_Groups_SLAX');
INSERT OR IGNORE INTO condition_patterns (custom_format_name, condition_name, regular_expression_name) VALUES ('Anime LQ Groups', 'Sokudo', 'Anime_LQ_Groups_Sokudo');
INSERT OR IGNORE INTO condition_patterns (custom_format_name, condition_name, regular_expression_name) VALUES ('Anime LQ Groups', 'SRW', 'Anime_LQ_Groups_SRW');
INSERT OR IGNORE INTO condition_patterns (custom_format_name, condition_name, regular_expression_name) VALUES ('Anime LQ Groups', 'SSA', 'Anime_LQ_Groups_SSA');
INSERT OR IGNORE INTO condition_patterns (custom_format_name, condition_name, regular_expression_name) VALUES ('Anime LQ Groups', 'StrayGods', 'Anime_LQ_Groups_StrayGods');
INSERT OR IGNORE INTO condition_patterns (custom_format_name, condition_name, regular_expression_name) VALUES ('Anime LQ Groups', 'Suki Desu', 'Anime_LQ_Groups_Suki_Desu');
INSERT OR IGNORE INTO condition_patterns (custom_format_name, condition_name, regular_expression_name) VALUES ('Anime LQ Groups', 'TeamTurquoize', 'Anime_LQ_Groups_TeamTurquoize');
INSERT OR IGNORE INTO condition_patterns (custom_format_name, condition_name, regular_expression_name) VALUES ('Anime LQ Groups', 'Tenrai Sensei', 'Anime_LQ_Groups_Tenrai_Sensei');
INSERT OR IGNORE INTO condition_patterns (custom_format_name, condition_name, regular_expression_name) VALUES ('Anime LQ Groups', 'TnF', 'Anime_LQ_Groups_TnF');
INSERT OR IGNORE INTO condition_patterns (custom_format_name, condition_name, regular_expression_name) VALUES ('Anime LQ Groups', 'TOPKEK', 'Anime_LQ_Groups_TOPKEK');
INSERT OR IGNORE INTO condition_patterns (custom_format_name, condition_name, regular_expression_name) VALUES ('Anime LQ Groups', 'Trix', 'Anime_LQ_Groups_Trix');
INSERT OR IGNORE INTO condition_patterns (custom_format_name, condition_name, regular_expression_name) VALUES ('Anime LQ Groups', 'U3-Web', 'Anime_LQ_Groups_U3-Web');
INSERT OR IGNORE INTO condition_patterns (custom_format_name, condition_name, regular_expression_name) VALUES ('Anime LQ Groups', 'UNBIASED', 'Anime_LQ_Groups_UNBIASED');
INSERT OR IGNORE INTO condition_patterns (custom_format_name, condition_name, regular_expression_name) VALUES ('Anime LQ Groups', 'uP', 'Anime_LQ_Groups_uP');
INSERT OR IGNORE INTO condition_patterns (custom_format_name, condition_name, regular_expression_name) VALUES ('Anime LQ Groups', 'USD', 'Anime_LQ_Groups_USD');
INSERT OR IGNORE INTO condition_patterns (custom_format_name, condition_name, regular_expression_name) VALUES ('Anime LQ Groups', 'Valenciano', 'Anime_LQ_Groups_Valenciano');
INSERT OR IGNORE INTO condition_patterns (custom_format_name, condition_name, regular_expression_name) VALUES ('Anime LQ Groups', 'VipapkStudios', 'Anime_LQ_Groups_VipapkStudios');
INSERT OR IGNORE INTO condition_patterns (custom_format_name, condition_name, regular_expression_name) VALUES ('Anime LQ Groups', 'Wardevil', 'Anime_LQ_Groups_Wardevil');
INSERT OR IGNORE INTO condition_patterns (custom_format_name, condition_name, regular_expression_name) VALUES ('Anime LQ Groups', 'WtF Anime', 'Anime_LQ_Groups_WtF_Anime');
INSERT OR IGNORE INTO condition_patterns (custom_format_name, condition_name, regular_expression_name) VALUES ('Anime LQ Groups', 'xiao-av1', 'Anime_LQ_Groups_xiao-av1');
INSERT OR IGNORE INTO condition_patterns (custom_format_name, condition_name, regular_expression_name) VALUES ('Anime LQ Groups', 'Yabai_Desu_NeRandomRemux', 'Anime_LQ_Groups_Yabai_Desu_NeRandomRemux');
INSERT OR IGNORE INTO condition_patterns (custom_format_name, condition_name, regular_expression_name) VALUES ('Anime LQ Groups', 'YakuboEncodes', 'Anime_LQ_Groups_YakuboEncodes');
INSERT OR IGNORE INTO condition_patterns (custom_format_name, condition_name, regular_expression_name) VALUES ('Anime LQ Groups', 'youshikibi', 'Anime_LQ_Groups_youshikibi');
INSERT OR IGNORE INTO condition_patterns (custom_format_name, condition_name, regular_expression_name) VALUES ('Anime LQ Groups', 'YuiSubs', 'Anime_LQ_Groups_YuiSubs');
INSERT OR IGNORE INTO condition_patterns (custom_format_name, condition_name, regular_expression_name) VALUES ('Anime LQ Groups', 'Yun', 'Anime_LQ_Groups_Yun');
INSERT OR IGNORE INTO condition_patterns (custom_format_name, condition_name, regular_expression_name) VALUES ('Anime LQ Groups', 'zza', 'Anime_LQ_Groups_zza');
INSERT OR IGNORE INTO regular_expressions (name, pattern) VALUES ('Anime_LQ_Groups_tore-Chill', '\b(\$tore-Chill)\b');
INSERT OR IGNORE INTO regular_expressions (name, pattern) VALUES ('Anime_LQ_Groups_0neshot', '\b(0neshot)\b');
INSERT OR IGNORE INTO regular_expressions (name, pattern) VALUES ('Anime_LQ_Groups_224', '\[224\]|-224\b');
INSERT OR IGNORE INTO regular_expressions (name, pattern) VALUES ('Anime_LQ_Groups_A-Destiny', '\b(A-Destiny)\b');
INSERT OR IGNORE INTO regular_expressions (name, pattern) VALUES ('Anime_LQ_Groups_AceAres', '\b(AceAres)\b');
INSERT OR IGNORE INTO regular_expressions (name, pattern) VALUES ('Anime_LQ_Groups_AhmadDev', '\b(AhmadDev)\b');
INSERT OR IGNORE INTO regular_expressions (name, pattern) VALUES ('Anime_LQ_Groups_Anime_Chap', '\b(Anime[ .-]?Chap)\b');
INSERT OR IGNORE INTO regular_expressions (name, pattern) VALUES ('Anime_LQ_Groups_Anime_Land', '\b(Anime[ .-]?Land)\b');
INSERT OR IGNORE INTO regular_expressions (name, pattern) VALUES ('Anime_LQ_Groups_Anime_Time', '\b(Anime[ .-]?Time)\b');
INSERT OR IGNORE INTO regular_expressions (name, pattern) VALUES ('Anime_LQ_Groups_AnimeDynastyEN', '\b(AnimeDynastyEN)\b');
INSERT OR IGNORE INTO regular_expressions (name, pattern) VALUES ('Anime_LQ_Groups_AnimeKuro', '\b(AnimeKuro)\b');
INSERT OR IGNORE INTO regular_expressions (name, pattern) VALUES ('Anime_LQ_Groups_AnimeRG', '\b(AnimeRG)\b');
INSERT OR IGNORE INTO regular_expressions (name, pattern) VALUES ('Anime_LQ_Groups_Animesubs', '\b(Animesubs)\b');
INSERT OR IGNORE INTO regular_expressions (name, pattern) VALUES ('Anime_LQ_Groups_AnimeTR', '\b(AnimeTR)\b');
INSERT OR IGNORE INTO regular_expressions (name, pattern) VALUES ('Anime_LQ_Groups_Anitsu', '\b(Anitsu)\b');
INSERT OR IGNORE INTO regular_expressions (name, pattern) VALUES ('Anime_LQ_Groups_AniVoid', '\b(AniVoid)\b');
INSERT OR IGNORE INTO regular_expressions (name, pattern) VALUES ('Anime_LQ_Groups_ArataEnc', '\b(ArataEnc)\b');
INSERT OR IGNORE INTO regular_expressions (name, pattern) VALUES ('Anime_LQ_Groups_AREY', '\b(AREY)\b');
INSERT OR IGNORE INTO regular_expressions (name, pattern) VALUES ('Anime_LQ_Groups_Ari', '\[Ari\]|-Ari\b');
INSERT OR IGNORE INTO regular_expressions (name, pattern) VALUES ('Anime_LQ_Groups_ASW', '\b(ASW)\b');
INSERT OR IGNORE INTO regular_expressions (name, pattern) VALUES ('Anime_LQ_Groups_BJX', '\b(BJX)\b');
INSERT OR IGNORE INTO regular_expressions (name, pattern) VALUES ('Anime_LQ_Groups_BlackLuster', '\b(BlackLuster)\b');
INSERT OR IGNORE INTO regular_expressions (name, pattern) VALUES ('Anime_LQ_Groups_bonkai77', '\b(bonkai77)\b');
INSERT OR IGNORE INTO regular_expressions (name, pattern) VALUES ('Anime_LQ_Groups_CameEsp', '\b(CameEsp)\b');
INSERT OR IGNORE INTO regular_expressions (name, pattern) VALUES ('Anime_LQ_Groups_Cat66', '\b(Cat66)\b');
INSERT OR IGNORE INTO regular_expressions (name, pattern) VALUES ('Anime_LQ_Groups_CBB', '\b(CBB)\b');
INSERT OR IGNORE INTO regular_expressions (name, pattern) VALUES ('Anime_LQ_Groups_Cerberus', '\[Cerberus\]|-Cerberus\b');
INSERT OR IGNORE INTO regular_expressions (name, pattern) VALUES ('Anime_LQ_Groups_Cleo', '\[Cleo\]|-Cleo');
INSERT OR IGNORE INTO regular_expressions (name, pattern) VALUES ('Anime_LQ_Groups_CuaP', '\b(CuaP)\b');
INSERT OR IGNORE INTO regular_expressions (name, pattern) VALUES ('Anime_LQ_Groups_DaddySubs', '\[Daddy(Subs)?\]|-Daddy(Subs)?\b');
INSERT OR IGNORE INTO regular_expressions (name, pattern) VALUES ('Anime_LQ_Groups_DARKFLiX', '\b(DARKFLiX)\b');
INSERT OR IGNORE INTO regular_expressions (name, pattern) VALUES ('Anime_LQ_Groups_DB', '\[DB\]');
INSERT OR IGNORE INTO regular_expressions (name, pattern) VALUES ('Anime_LQ_Groups_DBArabic', '\b(DBArabic)\b');
INSERT OR IGNORE INTO regular_expressions (name, pattern) VALUES ('Anime_LQ_Groups_Deadmau-_RAWS', '\b(Deadmau[ .-]?[ .-]?RAWS)\b');
INSERT OR IGNORE INTO regular_expressions (name, pattern) VALUES ('Anime_LQ_Groups_DKB', '\b(DKB)\b');
INSERT OR IGNORE INTO regular_expressions (name, pattern) VALUES ('Anime_LQ_Groups_DP', '\b(DP)\b');
INSERT OR IGNORE INTO regular_expressions (name, pattern) VALUES ('Anime_LQ_Groups_DsunS', '\b(DsunS)\b');
INSERT OR IGNORE INTO regular_expressions (name, pattern) VALUES ('Anime_LQ_Groups_Emmid', '\[Emmid\]|-Emmid\b');
INSERT OR IGNORE INTO regular_expressions (name, pattern) VALUES ('Anime_LQ_Groups_ExREN', '\b(ExREN)\b');
INSERT OR IGNORE INTO regular_expressions (name, pattern) VALUES ('Anime_LQ_Groups_FAV', '\[FAV\]|-FAV\b');
INSERT OR IGNORE INTO regular_expressions (name, pattern) VALUES ('Anime_LQ_Groups_Fish', '\b((Baked|Dead|Space)Fish)\b');
INSERT OR IGNORE INTO regular_expressions (name, pattern) VALUES ('Anime_LQ_Groups_FunArts', '\b(FunArts)\b');
INSERT OR IGNORE INTO regular_expressions (name, pattern) VALUES ('Anime_LQ_Groups_GERMini', '\b(GERMini)\b');
INSERT OR IGNORE INTO regular_expressions (name, pattern) VALUES ('Anime_LQ_Groups_Hakata_Ramen', '\b(Hakata[ .-]?Ramen)\b');
INSERT OR IGNORE INTO regular_expressions (name, pattern) VALUES ('Anime_LQ_Groups_Hall_of_C', '\b(Hall_of_C)\b');
INSERT OR IGNORE INTO regular_expressions (name, pattern) VALUES ('Anime_LQ_Groups_Hatsuyuki', '\[Hatsuyuki\]|-Hatsuyuki\b');
INSERT OR IGNORE INTO regular_expressions (name, pattern) VALUES ('Anime_LQ_Groups_HAV1T', '\b(HAV1T)\b');
INSERT OR IGNORE INTO regular_expressions (name, pattern) VALUES ('Anime_LQ_Groups_HENiL', '\b(HENiL)\b');
INSERT OR IGNORE INTO regular_expressions (name, pattern) VALUES ('Anime_LQ_Groups_Hitoku', '\[Hitoku\]|-Hitoku\b');
INSERT OR IGNORE INTO regular_expressions (name, pattern) VALUES ('Anime_LQ_Groups_HollowRoxas', '\b(HollowRoxas)\b');
INSERT OR IGNORE INTO regular_expressions (name, pattern) VALUES ('Anime_LQ_Groups_HR', '\[HR\]|-HR\b');
INSERT OR IGNORE INTO regular_expressions (name, pattern) VALUES ('Anime_LQ_Groups_ICEBLUE', '\b(ICEBLUE)\b');
INSERT OR IGNORE INTO regular_expressions (name, pattern) VALUES ('Anime_LQ_Groups_iPUNISHER', '\b(iPUNISHER)\b');
INSERT OR IGNORE INTO regular_expressions (name, pattern) VALUES ('Anime_LQ_Groups_JacobSwaggedUp', '\b(JacobSwaggedUp)\b');
INSERT OR IGNORE INTO regular_expressions (name, pattern) VALUES ('Anime_LQ_Groups_Johnny-englishsubs', '\b(Johnny-englishsubs)\b');
INSERT OR IGNORE INTO regular_expressions (name, pattern) VALUES ('Anime_LQ_Groups_Kallango', '\[Kallango\]|-Kallango\b');
INSERT OR IGNORE INTO regular_expressions (name, pattern) VALUES ('Anime_LQ_Groups_Kanjouteki', '\b(Kanjouteki)\b');
INSERT OR IGNORE INTO regular_expressions (name, pattern) VALUES ('Anime_LQ_Groups_KEKMASTERS', '\b(KEKMASTERS)\b');
INSERT OR IGNORE INTO regular_expressions (name, pattern) VALUES ('Anime_LQ_Groups_Kirion', '\b(Kirion)\b');
INSERT OR IGNORE INTO regular_expressions (name, pattern) VALUES ('Anime_LQ_Groups_KQRM', '\b(KQRM)\b');
INSERT OR IGNORE INTO regular_expressions (name, pattern) VALUES ('Anime_LQ_Groups_KRP', '\b(KRP)\b');
INSERT OR IGNORE INTO regular_expressions (name, pattern) VALUES ('Anime_LQ_Groups_LoliHouse', '\b(LoliHouse)\b');
INSERT OR IGNORE INTO regular_expressions (name, pattern) VALUES ('Anime_LQ_Groups_MnI', '\b(M@nI)\b');
INSERT OR IGNORE INTO regular_expressions (name, pattern) VALUES ('Anime_LQ_Groups_mal_lu_zen', '\b(mal[ .-]lu[ .-]zen)\b');
INSERT OR IGNORE INTO regular_expressions (name, pattern) VALUES ('Anime_LQ_Groups_ManK', '\b(Man\.K)\b');
INSERT OR IGNORE INTO regular_expressions (name, pattern) VALUES ('Anime_LQ_Groups_Maximus', '\[Maximus\]|-Maximus\b');
INSERT OR IGNORE INTO regular_expressions (name, pattern) VALUES ('Anime_LQ_Groups_MD', '\[MD\]|-MD\b');
INSERT OR IGNORE INTO regular_expressions (name, pattern) VALUES ('Anime_LQ_Groups_mdcx', '\b(mdcx)\b');
INSERT OR IGNORE INTO regular_expressions (name, pattern) VALUES ('Anime_LQ_Groups_Metaljerk', '\b(Metaljerk)\b');
INSERT OR IGNORE INTO regular_expressions (name, pattern) VALUES ('Anime_LQ_Groups_MGD', '\b(MGD)\b');
INSERT OR IGNORE INTO regular_expressions (name, pattern) VALUES ('Anime_LQ_Groups_MiniFreeza', '\b(MiniFreeza)\b');
INSERT OR IGNORE INTO regular_expressions (name, pattern) VALUES ('Anime_LQ_Groups_MiniMTBB', '\b(MiniMTBB)\b');
INSERT OR IGNORE INTO regular_expressions (name, pattern) VALUES ('Anime_LQ_Groups_MinisCuba', '\b(MinisCuba)\b');
INSERT OR IGNORE INTO regular_expressions (name, pattern) VALUES ('Anime_LQ_Groups_MiniTheatre', '\b(MiniTheatre)\b');
INSERT OR IGNORE INTO regular_expressions (name, pattern) VALUES ('Anime_LQ_Groups_Mites', '\b(Mites)\b');
INSERT OR IGNORE INTO regular_expressions (name, pattern) VALUES ('Anime_LQ_Groups_Modders_Bay', '\b(Modders[ .-]?Bay)\b');
INSERT OR IGNORE INTO regular_expressions (name, pattern) VALUES ('Anime_LQ_Groups_Mr_Deadpool', '\b(Mr\.Deadpool)\b');
INSERT OR IGNORE INTO regular_expressions (name, pattern) VALUES ('Anime_LQ_Groups_NemDiggers', '\b(NemDiggers)\b');
INSERT OR IGNORE INTO regular_expressions (name, pattern) VALUES ('Anime_LQ_Groups_neoHEVC', '\b(neoHEVC)\b');
INSERT OR IGNORE INTO regular_expressions (name, pattern) VALUES ('Anime_LQ_Groups_Nokou', '\b(Nokou)\b');
INSERT OR IGNORE INTO regular_expressions (name, pattern) VALUES ('Anime_LQ_Groups_NoobSubs', '\b(N[eo][wo]b[ ._-]?Subs)\b');
INSERT OR IGNORE INTO regular_expressions (name, pattern) VALUES ('Anime_LQ_Groups_NS', '\b(NS)\b');
INSERT OR IGNORE INTO regular_expressions (name, pattern) VALUES ('Anime_LQ_Groups_Nyanpasu', '\b(Nyanpasu)\b');
INSERT OR IGNORE INTO regular_expressions (name, pattern) VALUES ('Anime_LQ_Groups_OldCastle', '\b(OldCastle)\b');
INSERT OR IGNORE INTO regular_expressions (name, pattern) VALUES ('Anime_LQ_Groups_Pantsu', '\[Pantsu\]|-Pantsu\b');
INSERT OR IGNORE INTO regular_expressions (name, pattern) VALUES ('Anime_LQ_Groups_Pao', '\[Pao\]|-Pao\b');
INSERT OR IGNORE INTO regular_expressions (name, pattern) VALUES ('Anime_LQ_Groups_phazer11', '\b(phazer11)\b');
INSERT OR IGNORE INTO regular_expressions (name, pattern) VALUES ('Anime_LQ_Groups_Pixel', '\[Pixel\]|-Pixel\b');
INSERT OR IGNORE INTO regular_expressions (name, pattern) VALUES ('Anime_LQ_Groups_Plex_Friendly', '\b(Plex[ .-]?Friendly)\b');
INSERT OR IGNORE INTO regular_expressions (name, pattern) VALUES ('Anime_LQ_Groups_PnPSubs', '\b(PnPSubs)\b');
INSERT OR IGNORE INTO regular_expressions (name, pattern) VALUES ('Anime_LQ_Groups_Polarwindz', '\b(Polarwindz)\b');
INSERT OR IGNORE INTO regular_expressions (name, pattern) VALUES ('Anime_LQ_Groups_Project-gxs', '\b(Project-gxs)\b');
INSERT OR IGNORE INTO regular_expressions (name, pattern) VALUES ('Anime_LQ_Groups_PuyaSubs', '\b(PuyaSubs)\b');
INSERT OR IGNORE INTO regular_expressions (name, pattern) VALUES ('Anime_LQ_Groups_QaS', '\b(QAS)\b');
INSERT OR IGNORE INTO regular_expressions (name, pattern) VALUES ('Anime_LQ_Groups_QCE', '\b(QCE)\b');
INSERT OR IGNORE INTO regular_expressions (name, pattern) VALUES ('Anime_LQ_Groups_Rando235', '\b(Rando235)\b');
INSERT OR IGNORE INTO regular_expressions (name, pattern) VALUES ('Anime_LQ_Groups_Ranger', '\[Ranger\]|-Ranger\b');
INSERT OR IGNORE INTO regular_expressions (name, pattern) VALUES ('Anime_LQ_Groups_Rapta', '\[Rapta\]|-Rapta\b');
INSERT OR IGNORE INTO regular_expressions (name, pattern) VALUES ('Anime_LQ_Groups_Raw_Files', '\b(M2TS|BDMV|BDVD)\b');
INSERT OR IGNORE INTO regular_expressions (name, pattern) VALUES ('Anime_LQ_Groups_Raze', '\[Raze\]|-Raze\b');
INSERT OR IGNORE INTO regular_expressions (name, pattern) VALUES ('Anime_LQ_Groups_Reaktor', '\b(Reaktor)\b');
INSERT OR IGNORE INTO regular_expressions (name, pattern) VALUES ('Anime_LQ_Groups_RightShiftBy2', '\b(RightShiftBy2)\b');
INSERT OR IGNORE INTO regular_expressions (name, pattern) VALUES ('Anime_LQ_Groups_Rip_Time', '\b(Rip[ .-]?Time)\b');
INSERT OR IGNORE INTO regular_expressions (name, pattern) VALUES ('Anime_LQ_Groups_SAD', '\[SAD\]|-SAD\b');
INSERT OR IGNORE INTO regular_expressions (name, pattern) VALUES ('Anime_LQ_Groups_Salieri', '\b(Salieri)\b');
INSERT OR IGNORE INTO regular_expressions (name, pattern) VALUES ('Anime_LQ_Groups_Samir755', '\b(Samir755)\b');
INSERT OR IGNORE INTO regular_expressions (name, pattern) VALUES ('Anime_LQ_Groups_SanKyuu', '\b(SanKyuu)\b');
INSERT OR IGNORE INTO regular_expressions (name, pattern) VALUES ('Anime_LQ_Groups_SEiN', '\[SEiN\]|-SEiN\b');
INSERT OR IGNORE INTO regular_expressions (name, pattern) VALUES ('Anime_LQ_Groups_sekkusuok', '\b(sekkusu&ok)\b');
INSERT OR IGNORE INTO regular_expressions (name, pattern) VALUES ('Anime_LQ_Groups_SHFS', '\b(SHFS)\b');
INSERT OR IGNORE INTO regular_expressions (name, pattern) VALUES ('Anime_LQ_Groups_shincaps', '\b(shincaps)\b');
INSERT OR IGNORE INTO regular_expressions (name, pattern) VALUES ('Anime_LQ_Groups_SLAX', '\b(SLAX)\b');
INSERT OR IGNORE INTO regular_expressions (name, pattern) VALUES ('Anime_LQ_Groups_Sokudo', '\[Sokudo\]|-Sokudo\b');
INSERT OR IGNORE INTO regular_expressions (name, pattern) VALUES ('Anime_LQ_Groups_SRW', '\b(SRW)\b');
INSERT OR IGNORE INTO regular_expressions (name, pattern) VALUES ('Anime_LQ_Groups_SSA', '\b(SSA)\b');
INSERT OR IGNORE INTO regular_expressions (name, pattern) VALUES ('Anime_LQ_Groups_StrayGods', '\b(StrayGods)\b');
INSERT OR IGNORE INTO regular_expressions (name, pattern) VALUES ('Anime_LQ_Groups_Suki_Desu', '\[Suki[ .-]?Desu\]|-Suki[ .-]?Desu\b');
INSERT OR IGNORE INTO regular_expressions (name, pattern) VALUES ('Anime_LQ_Groups_TeamTurquoize', '\b(TeamTurquoize)\b');
INSERT OR IGNORE INTO regular_expressions (name, pattern) VALUES ('Anime_LQ_Groups_Tenrai_Sensei', '\b(Tenrai[ .-]?Sensei)\b');
INSERT OR IGNORE INTO regular_expressions (name, pattern) VALUES ('Anime_LQ_Groups_TnF', '\b(TnF)\b');
INSERT OR IGNORE INTO regular_expressions (name, pattern) VALUES ('Anime_LQ_Groups_TOPKEK', '\b(TOPKEK)\b');
INSERT OR IGNORE INTO regular_expressions (name, pattern) VALUES ('Anime_LQ_Groups_Trix', '\[Trix\]|-Trix\b');
INSERT OR IGNORE INTO regular_expressions (name, pattern) VALUES ('Anime_LQ_Groups_U3-Web', '\b(U3-Web)\b');
INSERT OR IGNORE INTO regular_expressions (name, pattern) VALUES ('Anime_LQ_Groups_UNBIASED', '\[UNBIASED\]|-UNBIASED\b');
INSERT OR IGNORE INTO regular_expressions (name, pattern) VALUES ('Anime_LQ_Groups_uP', '\[uP\]');
INSERT OR IGNORE INTO regular_expressions (name, pattern) VALUES ('Anime_LQ_Groups_USD', '\[USD\]|-USD\b');
INSERT OR IGNORE INTO regular_expressions (name, pattern) VALUES ('Anime_LQ_Groups_Valenciano', '\b(Valenciano)\b');
INSERT OR IGNORE INTO regular_expressions (name, pattern) VALUES ('Anime_LQ_Groups_VipapkStudios', '\b(VipapkStudios)\b');
INSERT OR IGNORE INTO regular_expressions (name, pattern) VALUES ('Anime_LQ_Groups_Wardevil', '\[Wardevil\]|-Wardevil\b');
INSERT OR IGNORE INTO regular_expressions (name, pattern) VALUES ('Anime_LQ_Groups_WtF_Anime', '\b(WtF[ ._-]?Anime)\b');
INSERT OR IGNORE INTO regular_expressions (name, pattern) VALUES ('Anime_LQ_Groups_xiao-av1', '\b(xiao-av1)\b');
INSERT OR IGNORE INTO regular_expressions (name, pattern) VALUES ('Anime_LQ_Groups_Yabai_Desu_NeRandomRemux', '\b(Yabai_Desu_NeRandomRemux)\b');
INSERT OR IGNORE INTO regular_expressions (name, pattern) VALUES ('Anime_LQ_Groups_YakuboEncodes', '\b(YakuboEncodes)\b');
INSERT OR IGNORE INTO regular_expressions (name, pattern) VALUES ('Anime_LQ_Groups_youshikibi', '\b(youshikibi)\b');
INSERT OR IGNORE INTO regular_expressions (name, pattern) VALUES ('Anime_LQ_Groups_YuiSubs', '\b(YuiSubs)\b');
INSERT OR IGNORE INTO regular_expressions (name, pattern) VALUES ('Anime_LQ_Groups_Yun', '\[Yun\]|-Yun\b');
INSERT OR IGNORE INTO regular_expressions (name, pattern) VALUES ('Anime_LQ_Groups_zza', '\[zza\]|-zza\b');
INSERT OR IGNORE INTO custom_format_conditions (custom_format_name, name, type, arr_type, negate, required) VALUES ('Anime LQ Groups', 'tore-Chill', 'pattern', 'sonarr', 0, 0);
INSERT OR IGNORE INTO custom_format_conditions (custom_format_name, name, type, arr_type, negate, required) VALUES ('Anime LQ Groups', '0neshot', 'pattern', 'sonarr', 0, 0);
INSERT OR IGNORE INTO custom_format_conditions (custom_format_name, name, type, arr_type, negate, required) VALUES ('Anime LQ Groups', '224', 'pattern', 'sonarr', 0, 0);
INSERT OR IGNORE INTO custom_format_conditions (custom_format_name, name, type, arr_type, negate, required) VALUES ('Anime LQ Groups', 'A-Destiny', 'pattern', 'sonarr', 0, 0);
INSERT OR IGNORE INTO custom_format_conditions (custom_format_name, name, type, arr_type, negate, required) VALUES ('Anime LQ Groups', 'AceAres', 'pattern', 'sonarr', 0, 0);
INSERT OR IGNORE INTO custom_format_conditions (custom_format_name, name, type, arr_type, negate, required) VALUES ('Anime LQ Groups', 'AhmadDev', 'pattern', 'sonarr', 0, 0);
INSERT OR IGNORE INTO custom_format_conditions (custom_format_name, name, type, arr_type, negate, required) VALUES ('Anime LQ Groups', 'Anime Chap', 'pattern', 'sonarr', 0, 0);
INSERT OR IGNORE INTO custom_format_conditions (custom_format_name, name, type, arr_type, negate, required) VALUES ('Anime LQ Groups', 'Anime Land', 'pattern', 'sonarr', 0, 0);
INSERT OR IGNORE INTO custom_format_conditions (custom_format_name, name, type, arr_type, negate, required) VALUES ('Anime LQ Groups', 'Anime Time', 'pattern', 'sonarr', 0, 0);
INSERT OR IGNORE INTO custom_format_conditions (custom_format_name, name, type, arr_type, negate, required) VALUES ('Anime LQ Groups', 'AnimeDynastyEN', 'pattern', 'sonarr', 0, 0);
INSERT OR IGNORE INTO custom_format_conditions (custom_format_name, name, type, arr_type, negate, required) VALUES ('Anime LQ Groups', 'AnimeKuro', 'pattern', 'sonarr', 0, 0);
INSERT OR IGNORE INTO custom_format_conditions (custom_format_name, name, type, arr_type, negate, required) VALUES ('Anime LQ Groups', 'AnimeRG', 'pattern', 'sonarr', 0, 0);
INSERT OR IGNORE INTO custom_format_conditions (custom_format_name, name, type, arr_type, negate, required) VALUES ('Anime LQ Groups', 'Animesubs', 'pattern', 'sonarr', 0, 0);
INSERT OR IGNORE INTO custom_format_conditions (custom_format_name, name, type, arr_type, negate, required) VALUES ('Anime LQ Groups', 'AnimeTR', 'pattern', 'sonarr', 0, 0);
INSERT OR IGNORE INTO custom_format_conditions (custom_format_name, name, type, arr_type, negate, required) VALUES ('Anime LQ Groups', 'Anitsu', 'pattern', 'sonarr', 0, 0);
INSERT OR IGNORE INTO custom_format_conditions (custom_format_name, name, type, arr_type, negate, required) VALUES ('Anime LQ Groups', 'AniVoid', 'pattern', 'sonarr', 0, 0);
INSERT OR IGNORE INTO custom_format_conditions (custom_format_name, name, type, arr_type, negate, required) VALUES ('Anime LQ Groups', 'ArataEnc', 'pattern', 'sonarr', 0, 0);
INSERT OR IGNORE INTO custom_format_conditions (custom_format_name, name, type, arr_type, negate, required) VALUES ('Anime LQ Groups', 'AREY', 'pattern', 'sonarr', 0, 0);
INSERT OR IGNORE INTO custom_format_conditions (custom_format_name, name, type, arr_type, negate, required) VALUES ('Anime LQ Groups', 'Ari', 'pattern', 'sonarr', 0, 0);
INSERT OR IGNORE INTO custom_format_conditions (custom_format_name, name, type, arr_type, negate, required) VALUES ('Anime LQ Groups', 'ASW', 'pattern', 'sonarr', 0, 0);
INSERT OR IGNORE INTO custom_format_conditions (custom_format_name, name, type, arr_type, negate, required) VALUES ('Anime LQ Groups', 'BJX', 'pattern', 'sonarr', 0, 0);
INSERT OR IGNORE INTO custom_format_conditions (custom_format_name, name, type, arr_type, negate, required) VALUES ('Anime LQ Groups', 'BlackLuster', 'pattern', 'sonarr', 0, 0);
INSERT OR IGNORE INTO custom_format_conditions (custom_format_name, name, type, arr_type, negate, required) VALUES ('Anime LQ Groups', 'bonkai77', 'pattern', 'sonarr', 0, 0);
INSERT OR IGNORE INTO custom_format_conditions (custom_format_name, name, type, arr_type, negate, required) VALUES ('Anime LQ Groups', 'CameEsp', 'pattern', 'sonarr', 0, 0);
INSERT OR IGNORE INTO custom_format_conditions (custom_format_name, name, type, arr_type, negate, required) VALUES ('Anime LQ Groups', 'Cat66', 'pattern', 'sonarr', 0, 0);
INSERT OR IGNORE INTO custom_format_conditions (custom_format_name, name, type, arr_type, negate, required) VALUES ('Anime LQ Groups', 'CBB', 'pattern', 'sonarr', 0, 0);
INSERT OR IGNORE INTO custom_format_conditions (custom_format_name, name, type, arr_type, negate, required) VALUES ('Anime LQ Groups', 'Cerberus', 'pattern', 'sonarr', 0, 0);
INSERT OR IGNORE INTO custom_format_conditions (custom_format_name, name, type, arr_type, negate, required) VALUES ('Anime LQ Groups', 'Cleo', 'pattern', 'sonarr', 0, 0);
INSERT OR IGNORE INTO custom_format_conditions (custom_format_name, name, type, arr_type, negate, required) VALUES ('Anime LQ Groups', 'CuaP', 'pattern', 'sonarr', 0, 0);
INSERT OR IGNORE INTO custom_format_conditions (custom_format_name, name, type, arr_type, negate, required) VALUES ('Anime LQ Groups', 'DaddySubs', 'pattern', 'sonarr', 0, 0);
INSERT OR IGNORE INTO custom_format_conditions (custom_format_name, name, type, arr_type, negate, required) VALUES ('Anime LQ Groups', 'DARKFLiX', 'pattern', 'sonarr', 0, 0);
INSERT OR IGNORE INTO custom_format_conditions (custom_format_name, name, type, arr_type, negate, required) VALUES ('Anime LQ Groups', 'DB', 'pattern', 'sonarr', 0, 0);
INSERT OR IGNORE INTO custom_format_conditions (custom_format_name, name, type, arr_type, negate, required) VALUES ('Anime LQ Groups', 'DBArabic', 'pattern', 'sonarr', 0, 0);
INSERT OR IGNORE INTO custom_format_conditions (custom_format_name, name, type, arr_type, negate, required) VALUES ('Anime LQ Groups', 'Deadmau- RAWS', 'pattern', 'sonarr', 0, 0);
INSERT OR IGNORE INTO custom_format_conditions (custom_format_name, name, type, arr_type, negate, required) VALUES ('Anime LQ Groups', 'DKB', 'pattern', 'sonarr', 0, 0);
INSERT OR IGNORE INTO custom_format_conditions (custom_format_name, name, type, arr_type, negate, required) VALUES ('Anime LQ Groups', 'DP', 'pattern', 'sonarr', 0, 0);
INSERT OR IGNORE INTO custom_format_conditions (custom_format_name, name, type, arr_type, negate, required) VALUES ('Anime LQ Groups', 'DsunS', 'pattern', 'sonarr', 0, 0);
INSERT OR IGNORE INTO custom_format_conditions (custom_format_name, name, type, arr_type, negate, required) VALUES ('Anime LQ Groups', 'Emmid', 'pattern', 'sonarr', 0, 0);
INSERT OR IGNORE INTO custom_format_conditions (custom_format_name, name, type, arr_type, negate, required) VALUES ('Anime LQ Groups', 'ExREN', 'pattern', 'sonarr', 0, 0);
INSERT OR IGNORE INTO custom_format_conditions (custom_format_name, name, type, arr_type, negate, required) VALUES ('Anime LQ Groups', 'FAV', 'pattern', 'sonarr', 0, 0);
INSERT OR IGNORE INTO custom_format_conditions (custom_format_name, name, type, arr_type, negate, required) VALUES ('Anime LQ Groups', 'Fish', 'pattern', 'sonarr', 0, 0);
INSERT OR IGNORE INTO custom_format_conditions (custom_format_name, name, type, arr_type, negate, required) VALUES ('Anime LQ Groups', 'FunArts', 'pattern', 'sonarr', 0, 0);
INSERT OR IGNORE INTO custom_format_conditions (custom_format_name, name, type, arr_type, negate, required) VALUES ('Anime LQ Groups', 'GERMini', 'pattern', 'sonarr', 0, 0);
INSERT OR IGNORE INTO custom_format_conditions (custom_format_name, name, type, arr_type, negate, required) VALUES ('Anime LQ Groups', 'Hakata Ramen', 'pattern', 'sonarr', 0, 0);
INSERT OR IGNORE INTO custom_format_conditions (custom_format_name, name, type, arr_type, negate, required) VALUES ('Anime LQ Groups', 'Hall_of_C', 'pattern', 'sonarr', 0, 0);
INSERT OR IGNORE INTO custom_format_conditions (custom_format_name, name, type, arr_type, negate, required) VALUES ('Anime LQ Groups', 'Hatsuyuki', 'pattern', 'sonarr', 0, 0);
INSERT OR IGNORE INTO custom_format_conditions (custom_format_name, name, type, arr_type, negate, required) VALUES ('Anime LQ Groups', 'HAV1T', 'pattern', 'sonarr', 0, 0);
INSERT OR IGNORE INTO custom_format_conditions (custom_format_name, name, type, arr_type, negate, required) VALUES ('Anime LQ Groups', 'HENiL', 'pattern', 'sonarr', 0, 0);
INSERT OR IGNORE INTO custom_format_conditions (custom_format_name, name, type, arr_type, negate, required) VALUES ('Anime LQ Groups', 'Hitoku', 'pattern', 'sonarr', 0, 0);
INSERT OR IGNORE INTO custom_format_conditions (custom_format_name, name, type, arr_type, negate, required) VALUES ('Anime LQ Groups', 'HollowRoxas', 'pattern', 'sonarr', 0, 0);
INSERT OR IGNORE INTO custom_format_conditions (custom_format_name, name, type, arr_type, negate, required) VALUES ('Anime LQ Groups', 'HR', 'pattern', 'sonarr', 0, 0);
INSERT OR IGNORE INTO custom_format_conditions (custom_format_name, name, type, arr_type, negate, required) VALUES ('Anime LQ Groups', 'ICEBLUE', 'pattern', 'sonarr', 0, 0);
INSERT OR IGNORE INTO custom_format_conditions (custom_format_name, name, type, arr_type, negate, required) VALUES ('Anime LQ Groups', 'iPUNISHER', 'pattern', 'sonarr', 0, 0);
INSERT OR IGNORE INTO custom_format_conditions (custom_format_name, name, type, arr_type, negate, required) VALUES ('Anime LQ Groups', 'JacobSwaggedUp', 'pattern', 'sonarr', 0, 0);
INSERT OR IGNORE INTO custom_format_conditions (custom_format_name, name, type, arr_type, negate, required) VALUES ('Anime LQ Groups', 'Johnny-englishsubs', 'pattern', 'sonarr', 0, 0);
INSERT OR IGNORE INTO custom_format_conditions (custom_format_name, name, type, arr_type, negate, required) VALUES ('Anime LQ Groups', 'Kallango', 'pattern', 'sonarr', 0, 0);
INSERT OR IGNORE INTO custom_format_conditions (custom_format_name, name, type, arr_type, negate, required) VALUES ('Anime LQ Groups', 'Kanjouteki', 'pattern', 'sonarr', 0, 0);
INSERT OR IGNORE INTO custom_format_conditions (custom_format_name, name, type, arr_type, negate, required) VALUES ('Anime LQ Groups', 'KEKMASTERS', 'pattern', 'sonarr', 0, 0);
INSERT OR IGNORE INTO custom_format_conditions (custom_format_name, name, type, arr_type, negate, required) VALUES ('Anime LQ Groups', 'Kirion', 'pattern', 'sonarr', 0, 0);
INSERT OR IGNORE INTO custom_format_conditions (custom_format_name, name, type, arr_type, negate, required) VALUES ('Anime LQ Groups', 'KQRM', 'pattern', 'sonarr', 0, 0);
INSERT OR IGNORE INTO custom_format_conditions (custom_format_name, name, type, arr_type, negate, required) VALUES ('Anime LQ Groups', 'KRP', 'pattern', 'sonarr', 0, 0);
INSERT OR IGNORE INTO custom_format_conditions (custom_format_name, name, type, arr_type, negate, required) VALUES ('Anime LQ Groups', 'LoliHouse', 'pattern', 'sonarr', 0, 0);
INSERT OR IGNORE INTO custom_format_conditions (custom_format_name, name, type, arr_type, negate, required) VALUES ('Anime LQ Groups', 'MnI', 'pattern', 'sonarr', 0, 0);
INSERT OR IGNORE INTO custom_format_conditions (custom_format_name, name, type, arr_type, negate, required) VALUES ('Anime LQ Groups', 'mal lu zen', 'pattern', 'sonarr', 0, 0);
INSERT OR IGNORE INTO custom_format_conditions (custom_format_name, name, type, arr_type, negate, required) VALUES ('Anime LQ Groups', 'ManK', 'pattern', 'sonarr', 0, 0);
INSERT OR IGNORE INTO custom_format_conditions (custom_format_name, name, type, arr_type, negate, required) VALUES ('Anime LQ Groups', 'Maximus', 'pattern', 'sonarr', 0, 0);
INSERT OR IGNORE INTO custom_format_conditions (custom_format_name, name, type, arr_type, negate, required) VALUES ('Anime LQ Groups', 'MD', 'pattern', 'sonarr', 0, 0);
INSERT OR IGNORE INTO custom_format_conditions (custom_format_name, name, type, arr_type, negate, required) VALUES ('Anime LQ Groups', 'mdcx', 'pattern', 'sonarr', 0, 0);
INSERT OR IGNORE INTO custom_format_conditions (custom_format_name, name, type, arr_type, negate, required) VALUES ('Anime LQ Groups', 'Metaljerk', 'pattern', 'sonarr', 0, 0);
INSERT OR IGNORE INTO custom_format_conditions (custom_format_name, name, type, arr_type, negate, required) VALUES ('Anime LQ Groups', 'MGD', 'pattern', 'sonarr', 0, 0);
INSERT OR IGNORE INTO custom_format_conditions (custom_format_name, name, type, arr_type, negate, required) VALUES ('Anime LQ Groups', 'MiniFreeza', 'pattern', 'sonarr', 0, 0);
INSERT OR IGNORE INTO custom_format_conditions (custom_format_name, name, type, arr_type, negate, required) VALUES ('Anime LQ Groups', 'MiniMTBB', 'pattern', 'sonarr', 0, 0);
INSERT OR IGNORE INTO custom_format_conditions (custom_format_name, name, type, arr_type, negate, required) VALUES ('Anime LQ Groups', 'MinisCuba', 'pattern', 'sonarr', 0, 0);
INSERT OR IGNORE INTO custom_format_conditions (custom_format_name, name, type, arr_type, negate, required) VALUES ('Anime LQ Groups', 'MiniTheatre', 'pattern', 'sonarr', 0, 0);
INSERT OR IGNORE INTO custom_format_conditions (custom_format_name, name, type, arr_type, negate, required) VALUES ('Anime LQ Groups', 'Mites', 'pattern', 'sonarr', 0, 0);
INSERT OR IGNORE INTO custom_format_conditions (custom_format_name, name, type, arr_type, negate, required) VALUES ('Anime LQ Groups', 'Modders Bay', 'pattern', 'sonarr', 0, 0);
INSERT OR IGNORE INTO custom_format_conditions (custom_format_name, name, type, arr_type, negate, required) VALUES ('Anime LQ Groups', 'Mr Deadpool', 'pattern', 'sonarr', 0, 0);
INSERT OR IGNORE INTO custom_format_conditions (custom_format_name, name, type, arr_type, negate, required) VALUES ('Anime LQ Groups', 'NemDiggers', 'pattern', 'sonarr', 0, 0);
INSERT OR IGNORE INTO custom_format_conditions (custom_format_name, name, type, arr_type, negate, required) VALUES ('Anime LQ Groups', 'neoHEVC', 'pattern', 'sonarr', 0, 0);
INSERT OR IGNORE INTO custom_format_conditions (custom_format_name, name, type, arr_type, negate, required) VALUES ('Anime LQ Groups', 'Nokou', 'pattern', 'sonarr', 0, 0);
INSERT OR IGNORE INTO custom_format_conditions (custom_format_name, name, type, arr_type, negate, required) VALUES ('Anime LQ Groups', 'NoobSubs', 'pattern', 'sonarr', 0, 0);
INSERT OR IGNORE INTO custom_format_conditions (custom_format_name, name, type, arr_type, negate, required) VALUES ('Anime LQ Groups', 'NS', 'pattern', 'sonarr', 0, 0);
INSERT OR IGNORE INTO custom_format_conditions (custom_format_name, name, type, arr_type, negate, required) VALUES ('Anime LQ Groups', 'Nyanpasu', 'pattern', 'sonarr', 0, 0);
INSERT OR IGNORE INTO custom_format_conditions (custom_format_name, name, type, arr_type, negate, required) VALUES ('Anime LQ Groups', 'OldCastle', 'pattern', 'sonarr', 0, 0);
INSERT OR IGNORE INTO custom_format_conditions (custom_format_name, name, type, arr_type, negate, required) VALUES ('Anime LQ Groups', 'Pantsu', 'pattern', 'sonarr', 0, 0);
INSERT OR IGNORE INTO custom_format_conditions (custom_format_name, name, type, arr_type, negate, required) VALUES ('Anime LQ Groups', 'Pao', 'pattern', 'sonarr', 0, 0);
INSERT OR IGNORE INTO custom_format_conditions (custom_format_name, name, type, arr_type, negate, required) VALUES ('Anime LQ Groups', 'phazer11', 'pattern', 'sonarr', 0, 0);
INSERT OR IGNORE INTO custom_format_conditions (custom_format_name, name, type, arr_type, negate, required) VALUES ('Anime LQ Groups', 'Pixel', 'pattern', 'sonarr', 0, 0);
INSERT OR IGNORE INTO custom_format_conditions (custom_format_name, name, type, arr_type, negate, required) VALUES ('Anime LQ Groups', 'Plex Friendly', 'pattern', 'sonarr', 0, 0);
INSERT OR IGNORE INTO custom_format_conditions (custom_format_name, name, type, arr_type, negate, required) VALUES ('Anime LQ Groups', 'PnPSubs', 'pattern', 'sonarr', 0, 0);
INSERT OR IGNORE INTO custom_format_conditions (custom_format_name, name, type, arr_type, negate, required) VALUES ('Anime LQ Groups', 'Polarwindz', 'pattern', 'sonarr', 0, 0);
INSERT OR IGNORE INTO custom_format_conditions (custom_format_name, name, type, arr_type, negate, required) VALUES ('Anime LQ Groups', 'Project-gxs', 'pattern', 'sonarr', 0, 0);
INSERT OR IGNORE INTO custom_format_conditions (custom_format_name, name, type, arr_type, negate, required) VALUES ('Anime LQ Groups', 'PuyaSubs', 'pattern', 'sonarr', 0, 0);
INSERT OR IGNORE INTO custom_format_conditions (custom_format_name, name, type, arr_type, negate, required) VALUES ('Anime LQ Groups', 'QaS', 'pattern', 'sonarr', 0, 0);
INSERT OR IGNORE INTO custom_format_conditions (custom_format_name, name, type, arr_type, negate, required) VALUES ('Anime LQ Groups', 'QCE', 'pattern', 'sonarr', 0, 0);
INSERT OR IGNORE INTO custom_format_conditions (custom_format_name, name, type, arr_type, negate, required) VALUES ('Anime LQ Groups', 'Rando235', 'pattern', 'sonarr', 0, 0);
INSERT OR IGNORE INTO custom_format_conditions (custom_format_name, name, type, arr_type, negate, required) VALUES ('Anime LQ Groups', 'Ranger', 'pattern', 'sonarr', 0, 0);
INSERT OR IGNORE INTO custom_format_conditions (custom_format_name, name, type, arr_type, negate, required) VALUES ('Anime LQ Groups', 'Rapta', 'pattern', 'sonarr', 0, 0);
INSERT OR IGNORE INTO custom_format_conditions (custom_format_name, name, type, arr_type, negate, required) VALUES ('Anime LQ Groups', 'Raw Files', 'pattern', 'sonarr', 0, 0);
INSERT OR IGNORE INTO custom_format_conditions (custom_format_name, name, type, arr_type, negate, required) VALUES ('Anime LQ Groups', 'Raze', 'pattern', 'sonarr', 0, 0);
INSERT OR IGNORE INTO custom_format_conditions (custom_format_name, name, type, arr_type, negate, required) VALUES ('Anime LQ Groups', 'Reaktor', 'pattern', 'sonarr', 0, 0);
INSERT OR IGNORE INTO custom_format_conditions (custom_format_name, name, type, arr_type, negate, required) VALUES ('Anime LQ Groups', 'RightShiftBy2', 'pattern', 'sonarr', 0, 0);
INSERT OR IGNORE INTO custom_format_conditions (custom_format_name, name, type, arr_type, negate, required) VALUES ('Anime LQ Groups', 'Rip Time', 'pattern', 'sonarr', 0, 0);
INSERT OR IGNORE INTO custom_format_conditions (custom_format_name, name, type, arr_type, negate, required) VALUES ('Anime LQ Groups', 'SAD', 'pattern', 'sonarr', 0, 0);
INSERT OR IGNORE INTO custom_format_conditions (custom_format_name, name, type, arr_type, negate, required) VALUES ('Anime LQ Groups', 'Salieri', 'pattern', 'sonarr', 0, 0);
INSERT OR IGNORE INTO custom_format_conditions (custom_format_name, name, type, arr_type, negate, required) VALUES ('Anime LQ Groups', 'Samir755', 'pattern', 'sonarr', 0, 0);
INSERT OR IGNORE INTO custom_format_conditions (custom_format_name, name, type, arr_type, negate, required) VALUES ('Anime LQ Groups', 'SanKyuu', 'pattern', 'sonarr', 0, 0);
INSERT OR IGNORE INTO custom_format_conditions (custom_format_name, name, type, arr_type, negate, required) VALUES ('Anime LQ Groups', 'SEiN', 'pattern', 'sonarr', 0, 0);
INSERT OR IGNORE INTO custom_format_conditions (custom_format_name, name, type, arr_type, negate, required) VALUES ('Anime LQ Groups', 'sekkusuok', 'pattern', 'sonarr', 0, 0);
INSERT OR IGNORE INTO custom_format_conditions (custom_format_name, name, type, arr_type, negate, required) VALUES ('Anime LQ Groups', 'SHFS', 'pattern', 'sonarr', 0, 0);
INSERT OR IGNORE INTO custom_format_conditions (custom_format_name, name, type, arr_type, negate, required) VALUES ('Anime LQ Groups', 'shincaps', 'pattern', 'sonarr', 0, 0);
INSERT OR IGNORE INTO custom_format_conditions (custom_format_name, name, type, arr_type, negate, required) VALUES ('Anime LQ Groups', 'SLAX', 'pattern', 'sonarr', 0, 0);
INSERT OR IGNORE INTO custom_format_conditions (custom_format_name, name, type, arr_type, negate, required) VALUES ('Anime LQ Groups', 'Sokudo', 'pattern', 'sonarr', 0, 0);
INSERT OR IGNORE INTO custom_format_conditions (custom_format_name, name, type, arr_type, negate, required) VALUES ('Anime LQ Groups', 'SRW', 'pattern', 'sonarr', 0, 0);
INSERT OR IGNORE INTO custom_format_conditions (custom_format_name, name, type, arr_type, negate, required) VALUES ('Anime LQ Groups', 'SSA', 'pattern', 'sonarr', 0, 0);
INSERT OR IGNORE INTO custom_format_conditions (custom_format_name, name, type, arr_type, negate, required) VALUES ('Anime LQ Groups', 'StrayGods', 'pattern', 'sonarr', 0, 0);
INSERT OR IGNORE INTO custom_format_conditions (custom_format_name, name, type, arr_type, negate, required) VALUES ('Anime LQ Groups', 'Suki Desu', 'pattern', 'sonarr', 0, 0);
INSERT OR IGNORE INTO custom_format_conditions (custom_format_name, name, type, arr_type, negate, required) VALUES ('Anime LQ Groups', 'TeamTurquoize', 'pattern', 'sonarr', 0, 0);
INSERT OR IGNORE INTO custom_format_conditions (custom_format_name, name, type, arr_type, negate, required) VALUES ('Anime LQ Groups', 'Tenrai Sensei', 'pattern', 'sonarr', 0, 0);
INSERT OR IGNORE INTO custom_format_conditions (custom_format_name, name, type, arr_type, negate, required) VALUES ('Anime LQ Groups', 'TnF', 'pattern', 'sonarr', 0, 0);
INSERT OR IGNORE INTO custom_format_conditions (custom_format_name, name, type, arr_type, negate, required) VALUES ('Anime LQ Groups', 'TOPKEK', 'pattern', 'sonarr', 0, 0);
INSERT OR IGNORE INTO custom_format_conditions (custom_format_name, name, type, arr_type, negate, required) VALUES ('Anime LQ Groups', 'Trix', 'pattern', 'sonarr', 0, 0);
INSERT OR IGNORE INTO custom_format_conditions (custom_format_name, name, type, arr_type, negate, required) VALUES ('Anime LQ Groups', 'U3-Web', 'pattern', 'sonarr', 0, 0);
INSERT OR IGNORE INTO custom_format_conditions (custom_format_name, name, type, arr_type, negate, required) VALUES ('Anime LQ Groups', 'UNBIASED', 'pattern', 'sonarr', 0, 0);
INSERT OR IGNORE INTO custom_format_conditions (custom_format_name, name, type, arr_type, negate, required) VALUES ('Anime LQ Groups', 'uP', 'pattern', 'sonarr', 0, 0);
INSERT OR IGNORE INTO custom_format_conditions (custom_format_name, name, type, arr_type, negate, required) VALUES ('Anime LQ Groups', 'USD', 'pattern', 'sonarr', 0, 0);
INSERT OR IGNORE INTO custom_format_conditions (custom_format_name, name, type, arr_type, negate, required) VALUES ('Anime LQ Groups', 'Valenciano', 'pattern', 'sonarr', 0, 0);
INSERT OR IGNORE INTO custom_format_conditions (custom_format_name, name, type, arr_type, negate, required) VALUES ('Anime LQ Groups', 'VipapkStudios', 'pattern', 'sonarr', 0, 0);
INSERT OR IGNORE INTO custom_format_conditions (custom_format_name, name, type, arr_type, negate, required) VALUES ('Anime LQ Groups', 'Wardevil', 'pattern', 'sonarr', 0, 0);
INSERT OR IGNORE INTO custom_format_conditions (custom_format_name, name, type, arr_type, negate, required) VALUES ('Anime LQ Groups', 'WtF Anime', 'pattern', 'sonarr', 0, 0);
INSERT OR IGNORE INTO custom_format_conditions (custom_format_name, name, type, arr_type, negate, required) VALUES ('Anime LQ Groups', 'xiao-av1', 'pattern', 'sonarr', 0, 0);
INSERT OR IGNORE INTO custom_format_conditions (custom_format_name, name, type, arr_type, negate, required) VALUES ('Anime LQ Groups', 'Yabai_Desu_NeRandomRemux', 'pattern', 'sonarr', 0, 0);
INSERT OR IGNORE INTO custom_format_conditions (custom_format_name, name, type, arr_type, negate, required) VALUES ('Anime LQ Groups', 'YakuboEncodes', 'pattern', 'sonarr', 0, 0);
INSERT OR IGNORE INTO custom_format_conditions (custom_format_name, name, type, arr_type, negate, required) VALUES ('Anime LQ Groups', 'youshikibi', 'pattern', 'sonarr', 0, 0);
INSERT OR IGNORE INTO custom_format_conditions (custom_format_name, name, type, arr_type, negate, required) VALUES ('Anime LQ Groups', 'YuiSubs', 'pattern', 'sonarr', 0, 0);
INSERT OR IGNORE INTO custom_format_conditions (custom_format_name, name, type, arr_type, negate, required) VALUES ('Anime LQ Groups', 'Yun', 'pattern', 'sonarr', 0, 0);
INSERT OR IGNORE INTO custom_format_conditions (custom_format_name, name, type, arr_type, negate, required) VALUES ('Anime LQ Groups', 'zza', 'pattern', 'sonarr', 0, 0);

INSERT OR IGNORE INTO custom_formats (name, description, include_in_rename) VALUES ('Anime Raws', 'b4a1b3d705159cdca36d71e57ca86871', 0);
INSERT OR IGNORE INTO condition_patterns (custom_format_name, condition_name, regular_expression_name) VALUES ('Anime Raws', 'AsukaRaws', 'Anime_Raws_AsukaRaws');
INSERT OR IGNORE INTO condition_patterns (custom_format_name, condition_name, regular_expression_name) VALUES ('Anime Raws', 'Beatrice-Raws', 'Anime_Raws_Beatrice-Raws');
INSERT OR IGNORE INTO condition_patterns (custom_format_name, condition_name, regular_expression_name) VALUES ('Anime Raws', 'Daddy-Raws', 'Anime_Raws_Daddy-Raws');
INSERT OR IGNORE INTO condition_patterns (custom_format_name, condition_name, regular_expression_name) VALUES ('Anime Raws', 'Fumi-Raws', 'Anime_Raws_Fumi-Raws');
INSERT OR IGNORE INTO condition_patterns (custom_format_name, condition_name, regular_expression_name) VALUES ('Anime Raws', 'IrizaRaws', 'Anime_Raws_IrizaRaws');
INSERT OR IGNORE INTO condition_patterns (custom_format_name, condition_name, regular_expression_name) VALUES ('Anime Raws', 'Kawaiika-Raws', 'Anime_Raws_Kawaiika-Raws');
INSERT OR IGNORE INTO condition_patterns (custom_format_name, condition_name, regular_expression_name) VALUES ('Anime Raws', 'km', 'Anime_Raws_km');
INSERT OR IGNORE INTO condition_patterns (custom_format_name, condition_name, regular_expression_name) VALUES ('Anime Raws', 'Koi-Raws', 'Anime_Raws_Koi-Raws');
INSERT OR IGNORE INTO condition_patterns (custom_format_name, condition_name, regular_expression_name) VALUES ('Anime Raws', 'Lilith-Raws', 'Anime_Raws_Lilith-Raws');
INSERT OR IGNORE INTO condition_patterns (custom_format_name, condition_name, regular_expression_name) VALUES ('Anime Raws', 'LowPower-Raws', 'Anime_Raws_LowPower-Raws');
INSERT OR IGNORE INTO condition_patterns (custom_format_name, condition_name, regular_expression_name) VALUES ('Anime Raws', 'Moozzi2', 'Anime_Raws_Moozzi2');
INSERT OR IGNORE INTO condition_patterns (custom_format_name, condition_name, regular_expression_name) VALUES ('Anime Raws', 'NanakoRaws', 'Anime_Raws_NanakoRaws');
INSERT OR IGNORE INTO condition_patterns (custom_format_name, condition_name, regular_expression_name) VALUES ('Anime Raws', 'NC-Raws', 'Anime_Raws_NC-Raws');
INSERT OR IGNORE INTO condition_patterns (custom_format_name, condition_name, regular_expression_name) VALUES ('Anime Raws', 'neko-raws', 'Anime_Raws_neko-raws');
INSERT OR IGNORE INTO condition_patterns (custom_format_name, condition_name, regular_expression_name) VALUES ('Anime Raws', 'New-raws', 'Anime_Raws_New-raws');
INSERT OR IGNORE INTO condition_patterns (custom_format_name, condition_name, regular_expression_name) VALUES ('Anime Raws', 'Ohys-Raws', 'Anime_Raws_Ohys-Raws');
INSERT OR IGNORE INTO condition_patterns (custom_format_name, condition_name, regular_expression_name) VALUES ('Anime Raws', 'Pandoratv-Raws', 'Anime_Raws_Pandoratv-Raws');
INSERT OR IGNORE INTO condition_patterns (custom_format_name, condition_name, regular_expression_name) VALUES ('Anime Raws', 'Raws-Maji', 'Anime_Raws_Raws-Maji');
INSERT OR IGNORE INTO condition_patterns (custom_format_name, condition_name, regular_expression_name) VALUES ('Anime Raws', 'ReinForce', 'Anime_Raws_ReinForce');
INSERT OR IGNORE INTO condition_patterns (custom_format_name, condition_name, regular_expression_name) VALUES ('Anime Raws', 'Scryous-Raws', 'Anime_Raws_Scryous-Raws');
INSERT OR IGNORE INTO condition_patterns (custom_format_name, condition_name, regular_expression_name) VALUES ('Anime Raws', 'Seicher-Raws', 'Anime_Raws_Seicher-Raws');
INSERT OR IGNORE INTO condition_patterns (custom_format_name, condition_name, regular_expression_name) VALUES ('Anime Raws', 'Shiniori-Raws', 'Anime_Raws_Shiniori-Raws');
INSERT OR IGNORE INTO regular_expressions (name, pattern) VALUES ('Anime_Raws_AsukaRaws', 'Asuka[ ._-]?(Raws)');
INSERT OR IGNORE INTO regular_expressions (name, pattern) VALUES ('Anime_Raws_Beatrice-Raws', 'Beatrice[ ._-]?(Raws)');
INSERT OR IGNORE INTO regular_expressions (name, pattern) VALUES ('Anime_Raws_Daddy-Raws', 'Daddy[ ._-]?(Raws)');
INSERT OR IGNORE INTO regular_expressions (name, pattern) VALUES ('Anime_Raws_Fumi-Raws', 'Fumi[ ._-]?(Raws)');
INSERT OR IGNORE INTO regular_expressions (name, pattern) VALUES ('Anime_Raws_IrizaRaws', 'Iriza[ ._-]?(Raws)');
INSERT OR IGNORE INTO regular_expressions (name, pattern) VALUES ('Anime_Raws_Kawaiika-Raws', 'Kawaiika[ ._-]?(Raws)');
INSERT OR IGNORE INTO regular_expressions (name, pattern) VALUES ('Anime_Raws_km', '\[km\]|-km\b');
INSERT OR IGNORE INTO regular_expressions (name, pattern) VALUES ('Anime_Raws_Koi-Raws', 'Koi[ ._-]?(Raws)');
INSERT OR IGNORE INTO regular_expressions (name, pattern) VALUES ('Anime_Raws_Lilith-Raws', 'Lilith[ ._-]?(Raws)');
INSERT OR IGNORE INTO regular_expressions (name, pattern) VALUES ('Anime_Raws_LowPower-Raws', 'LowPower[ ._-]?(Raws)');
INSERT OR IGNORE INTO regular_expressions (name, pattern) VALUES ('Anime_Raws_Moozzi2', '\b(Moozzi2)\b');
INSERT OR IGNORE INTO regular_expressions (name, pattern) VALUES ('Anime_Raws_NanakoRaws', 'Nanako[ ._-]?(Raws)');
INSERT OR IGNORE INTO regular_expressions (name, pattern) VALUES ('Anime_Raws_NC-Raws', 'NC[ ._-]?(Raws)');
INSERT OR IGNORE INTO regular_expressions (name, pattern) VALUES ('Anime_Raws_neko-raws', 'neko[ ._-]?(raws)');
INSERT OR IGNORE INTO regular_expressions (name, pattern) VALUES ('Anime_Raws_New-raws', 'New[ ._-]?(raws)');
INSERT OR IGNORE INTO regular_expressions (name, pattern) VALUES ('Anime_Raws_Ohys-Raws', 'Ohys[ ._-]?(Raws)');
INSERT OR IGNORE INTO regular_expressions (name, pattern) VALUES ('Anime_Raws_Pandoratv-Raws', 'Pandoratv[ ._-]?(Raws)');
INSERT OR IGNORE INTO regular_expressions (name, pattern) VALUES ('Anime_Raws_Raws-Maji', '\b(Raws-Maji)\b');
INSERT OR IGNORE INTO regular_expressions (name, pattern) VALUES ('Anime_Raws_ReinForce', '\b(ReinForce)\b');
INSERT OR IGNORE INTO regular_expressions (name, pattern) VALUES ('Anime_Raws_Scryous-Raws', 'Scryous[ ._-]?(Raws)');
INSERT OR IGNORE INTO regular_expressions (name, pattern) VALUES ('Anime_Raws_Seicher-Raws', 'Seicher[ ._-]?(Raws)');
INSERT OR IGNORE INTO regular_expressions (name, pattern) VALUES ('Anime_Raws_Shiniori-Raws', 'Shiniori[ ._-]?(Raws)');
INSERT OR IGNORE INTO custom_format_conditions (custom_format_name, name, type, arr_type, negate, required) VALUES ('Anime Raws', 'AsukaRaws', 'pattern', 'sonarr', 0, 0);
INSERT OR IGNORE INTO custom_format_conditions (custom_format_name, name, type, arr_type, negate, required) VALUES ('Anime Raws', 'Beatrice-Raws', 'pattern', 'sonarr', 0, 0);
INSERT OR IGNORE INTO custom_format_conditions (custom_format_name, name, type, arr_type, negate, required) VALUES ('Anime Raws', 'Daddy-Raws', 'pattern', 'sonarr', 0, 0);
INSERT OR IGNORE INTO custom_format_conditions (custom_format_name, name, type, arr_type, negate, required) VALUES ('Anime Raws', 'Fumi-Raws', 'pattern', 'sonarr', 0, 0);
INSERT OR IGNORE INTO custom_format_conditions (custom_format_name, name, type, arr_type, negate, required) VALUES ('Anime Raws', 'IrizaRaws', 'pattern', 'sonarr', 0, 0);
INSERT OR IGNORE INTO custom_format_conditions (custom_format_name, name, type, arr_type, negate, required) VALUES ('Anime Raws', 'Kawaiika-Raws', 'pattern', 'sonarr', 0, 0);
INSERT OR IGNORE INTO custom_format_conditions (custom_format_name, name, type, arr_type, negate, required) VALUES ('Anime Raws', 'km', 'pattern', 'sonarr', 0, 0);
INSERT OR IGNORE INTO custom_format_conditions (custom_format_name, name, type, arr_type, negate, required) VALUES ('Anime Raws', 'Koi-Raws', 'pattern', 'sonarr', 0, 0);
INSERT OR IGNORE INTO custom_format_conditions (custom_format_name, name, type, arr_type, negate, required) VALUES ('Anime Raws', 'Lilith-Raws', 'pattern', 'sonarr', 0, 0);
INSERT OR IGNORE INTO custom_format_conditions (custom_format_name, name, type, arr_type, negate, required) VALUES ('Anime Raws', 'LowPower-Raws', 'pattern', 'sonarr', 0, 0);
INSERT OR IGNORE INTO custom_format_conditions (custom_format_name, name, type, arr_type, negate, required) VALUES ('Anime Raws', 'Moozzi2', 'pattern', 'sonarr', 0, 0);
INSERT OR IGNORE INTO custom_format_conditions (custom_format_name, name, type, arr_type, negate, required) VALUES ('Anime Raws', 'NanakoRaws', 'pattern', 'sonarr', 0, 0);
INSERT OR IGNORE INTO custom_format_conditions (custom_format_name, name, type, arr_type, negate, required) VALUES ('Anime Raws', 'NC-Raws', 'pattern', 'sonarr', 0, 0);
INSERT OR IGNORE INTO custom_format_conditions (custom_format_name, name, type, arr_type, negate, required) VALUES ('Anime Raws', 'neko-raws', 'pattern', 'sonarr', 0, 0);
INSERT OR IGNORE INTO custom_format_conditions (custom_format_name, name, type, arr_type, negate, required) VALUES ('Anime Raws', 'New-raws', 'pattern', 'sonarr', 0, 0);
INSERT OR IGNORE INTO custom_format_conditions (custom_format_name, name, type, arr_type, negate, required) VALUES ('Anime Raws', 'Ohys-Raws', 'pattern', 'sonarr', 0, 0);
INSERT OR IGNORE INTO custom_format_conditions (custom_format_name, name, type, arr_type, negate, required) VALUES ('Anime Raws', 'Pandoratv-Raws', 'pattern', 'sonarr', 0, 0);
INSERT OR IGNORE INTO custom_format_conditions (custom_format_name, name, type, arr_type, negate, required) VALUES ('Anime Raws', 'Raws-Maji', 'pattern', 'sonarr', 0, 0);
INSERT OR IGNORE INTO custom_format_conditions (custom_format_name, name, type, arr_type, negate, required) VALUES ('Anime Raws', 'ReinForce', 'pattern', 'sonarr', 0, 0);
INSERT OR IGNORE INTO custom_format_conditions (custom_format_name, name, type, arr_type, negate, required) VALUES ('Anime Raws', 'Scryous-Raws', 'pattern', 'sonarr', 0, 0);
INSERT OR IGNORE INTO custom_format_conditions (custom_format_name, name, type, arr_type, negate, required) VALUES ('Anime Raws', 'Seicher-Raws', 'pattern', 'sonarr', 0, 0);
INSERT OR IGNORE INTO custom_format_conditions (custom_format_name, name, type, arr_type, negate, required) VALUES ('Anime Raws', 'Shiniori-Raws', 'pattern', 'sonarr', 0, 0);

INSERT OR IGNORE INTO custom_formats (name, description, include_in_rename) VALUES ('Anime Web Tier 01', 'e0014372773c8f0e1bef8824f00c7dc4', 0);
INSERT OR IGNORE INTO condition_patterns (custom_format_name, condition_name, regular_expression_name) VALUES ('Anime Web Tier 01', 'Arg0', 'Anime_Web_Tier_01_Arg0');
INSERT OR IGNORE INTO condition_patterns (custom_format_name, condition_name, regular_expression_name) VALUES ('Anime Web Tier 01', 'Arid', 'Anime_Web_Tier_01_Arid');
INSERT OR IGNORE INTO condition_patterns (custom_format_name, condition_name, regular_expression_name) VALUES ('Anime Web Tier 01', 'Baws', 'Anime_Web_Tier_01_Baws');
INSERT OR IGNORE INTO condition_patterns (custom_format_name, condition_name, regular_expression_name) VALUES ('Anime Web Tier 01', 'FLE', 'Anime_Web_Tier_01_FLE');
INSERT OR IGNORE INTO condition_patterns (custom_format_name, condition_name, regular_expression_name) VALUES ('Anime Web Tier 01', 'LostYears', 'Anime_Web_Tier_01_LostYears');
INSERT OR IGNORE INTO condition_patterns (custom_format_name, condition_name, regular_expression_name) VALUES ('Anime Web Tier 01', 'LYS1TH3A', 'Anime_Web_Tier_01_LYS1TH3A');
INSERT OR IGNORE INTO condition_patterns (custom_format_name, condition_name, regular_expression_name) VALUES ('Anime Web Tier 01', 'McBalls', 'Anime_Web_Tier_01_McBalls');
INSERT OR IGNORE INTO condition_patterns (custom_format_name, condition_name, regular_expression_name) VALUES ('Anime Web Tier 01', 'sam', 'Anime_Web_Tier_01_sam');
INSERT OR IGNORE INTO condition_patterns (custom_format_name, condition_name, regular_expression_name) VALUES ('Anime Web Tier 01', 'SCY', 'Anime_Web_Tier_01_SCY');
INSERT OR IGNORE INTO condition_patterns (custom_format_name, condition_name, regular_expression_name) VALUES ('Anime Web Tier 01', 'Setsugen', 'Anime_Web_Tier_01_Setsugen');
INSERT OR IGNORE INTO condition_patterns (custom_format_name, condition_name, regular_expression_name) VALUES ('Anime Web Tier 01', 'smol', 'Anime_Web_Tier_01_smol');
INSERT OR IGNORE INTO condition_patterns (custom_format_name, condition_name, regular_expression_name) VALUES ('Anime Web Tier 01', 'SoM', 'Anime_Web_Tier_01_SoM');
INSERT OR IGNORE INTO condition_patterns (custom_format_name, condition_name, regular_expression_name) VALUES ('Anime Web Tier 01', 'Vodes', 'Anime_Web_Tier_01_Vodes');
INSERT OR IGNORE INTO condition_patterns (custom_format_name, condition_name, regular_expression_name) VALUES ('Anime Web Tier 01', 'Z4ST1N', 'Anime_Web_Tier_01_Z4ST1N');
INSERT OR IGNORE INTO condition_patterns (custom_format_name, condition_name, regular_expression_name) VALUES ('Anime Web Tier 01', 'ZeroBuild', 'Anime_Web_Tier_01_ZeroBuild');
INSERT OR IGNORE INTO condition_sources (custom_format_name, condition_name, source) VALUES ('Anime Web Tier 01', 'WEBDL', 'TELECINE');
INSERT OR IGNORE INTO condition_sources (custom_format_name, condition_name, source) VALUES ('Anime Web Tier 01', 'WEBRIP', 'WORKPRINT');
INSERT OR IGNORE INTO condition_sources (custom_format_name, condition_name, source) VALUES ('Anime Web Tier 01', 'WEB', 'CAM');
INSERT OR IGNORE INTO regular_expressions (name, pattern) VALUES ('Anime_Web_Tier_01_Arg0', '\b(Arg0)\b');
INSERT OR IGNORE INTO regular_expressions (name, pattern) VALUES ('Anime_Web_Tier_01_Arid', '\[Arid\]|-Arid\b');
INSERT OR IGNORE INTO regular_expressions (name, pattern) VALUES ('Anime_Web_Tier_01_Baws', '\b(Baws)\b');
INSERT OR IGNORE INTO regular_expressions (name, pattern) VALUES ('Anime_Web_Tier_01_FLE', '\b(FLE)\b');
INSERT OR IGNORE INTO regular_expressions (name, pattern) VALUES ('Anime_Web_Tier_01_LostYears', '\b(LostYears)\b');
INSERT OR IGNORE INTO regular_expressions (name, pattern) VALUES ('Anime_Web_Tier_01_LYS1TH3A', '\b(LYS1TH3A)\b');
INSERT OR IGNORE INTO regular_expressions (name, pattern) VALUES ('Anime_Web_Tier_01_McBalls', '\b(McBalls)\b');
INSERT OR IGNORE INTO regular_expressions (name, pattern) VALUES ('Anime_Web_Tier_01_sam', '\[sam\]|-sam\b');
INSERT OR IGNORE INTO regular_expressions (name, pattern) VALUES ('Anime_Web_Tier_01_SCY', '\b(SCY)\b');
INSERT OR IGNORE INTO regular_expressions (name, pattern) VALUES ('Anime_Web_Tier_01_Setsugen', '\b(Setsugen)\b');
INSERT OR IGNORE INTO regular_expressions (name, pattern) VALUES ('Anime_Web_Tier_01_smol', '\[smol\]|-smol\b');
INSERT OR IGNORE INTO regular_expressions (name, pattern) VALUES ('Anime_Web_Tier_01_SoM', '\[SoM\]|-SoM\b');
INSERT OR IGNORE INTO regular_expressions (name, pattern) VALUES ('Anime_Web_Tier_01_Vodes', '\[Vodes\]|(?<!Not)-Vodes\b');
INSERT OR IGNORE INTO regular_expressions (name, pattern) VALUES ('Anime_Web_Tier_01_Z4ST1N', '\b(Z4ST1N)\b');
INSERT OR IGNORE INTO regular_expressions (name, pattern) VALUES ('Anime_Web_Tier_01_ZeroBuild', '\b(ZeroBuild)\b');
INSERT OR IGNORE INTO custom_format_conditions (custom_format_name, name, type, arr_type, negate, required) VALUES ('Anime Web Tier 01', 'WEBDL', 'source', 'sonarr', 0, 0);
INSERT OR IGNORE INTO custom_format_conditions (custom_format_name, name, type, arr_type, negate, required) VALUES ('Anime Web Tier 01', 'WEBRIP', 'source', 'sonarr', 0, 0);
INSERT OR IGNORE INTO custom_format_conditions (custom_format_name, name, type, arr_type, negate, required) VALUES ('Anime Web Tier 01', 'WEB', 'source', 'sonarr', 0, 0);
INSERT OR IGNORE INTO custom_format_conditions (custom_format_name, name, type, arr_type, negate, required) VALUES ('Anime Web Tier 01', 'Arg0', 'pattern', 'sonarr', 0, 0);
INSERT OR IGNORE INTO custom_format_conditions (custom_format_name, name, type, arr_type, negate, required) VALUES ('Anime Web Tier 01', 'Arid', 'pattern', 'sonarr', 0, 0);
INSERT OR IGNORE INTO custom_format_conditions (custom_format_name, name, type, arr_type, negate, required) VALUES ('Anime Web Tier 01', 'Baws', 'pattern', 'sonarr', 0, 0);
INSERT OR IGNORE INTO custom_format_conditions (custom_format_name, name, type, arr_type, negate, required) VALUES ('Anime Web Tier 01', 'FLE', 'pattern', 'sonarr', 0, 0);
INSERT OR IGNORE INTO custom_format_conditions (custom_format_name, name, type, arr_type, negate, required) VALUES ('Anime Web Tier 01', 'LostYears', 'pattern', 'sonarr', 0, 0);
INSERT OR IGNORE INTO custom_format_conditions (custom_format_name, name, type, arr_type, negate, required) VALUES ('Anime Web Tier 01', 'LYS1TH3A', 'pattern', 'sonarr', 0, 0);
INSERT OR IGNORE INTO custom_format_conditions (custom_format_name, name, type, arr_type, negate, required) VALUES ('Anime Web Tier 01', 'McBalls', 'pattern', 'sonarr', 0, 0);
INSERT OR IGNORE INTO custom_format_conditions (custom_format_name, name, type, arr_type, negate, required) VALUES ('Anime Web Tier 01', 'sam', 'pattern', 'sonarr', 0, 0);
INSERT OR IGNORE INTO custom_format_conditions (custom_format_name, name, type, arr_type, negate, required) VALUES ('Anime Web Tier 01', 'SCY', 'pattern', 'sonarr', 0, 0);
INSERT OR IGNORE INTO custom_format_conditions (custom_format_name, name, type, arr_type, negate, required) VALUES ('Anime Web Tier 01', 'Setsugen', 'pattern', 'sonarr', 0, 0);
INSERT OR IGNORE INTO custom_format_conditions (custom_format_name, name, type, arr_type, negate, required) VALUES ('Anime Web Tier 01', 'smol', 'pattern', 'sonarr', 0, 0);
INSERT OR IGNORE INTO custom_format_conditions (custom_format_name, name, type, arr_type, negate, required) VALUES ('Anime Web Tier 01', 'SoM', 'pattern', 'sonarr', 0, 0);
INSERT OR IGNORE INTO custom_format_conditions (custom_format_name, name, type, arr_type, negate, required) VALUES ('Anime Web Tier 01', 'Vodes', 'pattern', 'sonarr', 0, 0);
INSERT OR IGNORE INTO custom_format_conditions (custom_format_name, name, type, arr_type, negate, required) VALUES ('Anime Web Tier 01', 'Z4ST1N', 'pattern', 'sonarr', 0, 0);
INSERT OR IGNORE INTO custom_format_conditions (custom_format_name, name, type, arr_type, negate, required) VALUES ('Anime Web Tier 01', 'ZeroBuild', 'pattern', 'sonarr', 0, 0);

INSERT OR IGNORE INTO custom_formats (name, description, include_in_rename) VALUES ('Anime Web Tier 02', '19180499de5ef2b84b6ec59aae444696', 0);
INSERT OR IGNORE INTO condition_patterns (custom_format_name, condition_name, regular_expression_name) VALUES ('Anime Web Tier 02', '0x539', 'Anime_Web_Tier_02_0x539');
INSERT OR IGNORE INTO condition_patterns (custom_format_name, condition_name, regular_expression_name) VALUES ('Anime Web Tier 02', 'Asakura', 'Anime_Web_Tier_02_Asakura');
INSERT OR IGNORE INTO condition_patterns (custom_format_name, condition_name, regular_expression_name) VALUES ('Anime Web Tier 02', 'Cyan', 'Anime_Web_Tier_02_Cyan');
INSERT OR IGNORE INTO condition_patterns (custom_format_name, condition_name, regular_expression_name) VALUES ('Anime Web Tier 02', 'Cytox', 'Anime_Web_Tier_02_Cytox');
INSERT OR IGNORE INTO condition_patterns (custom_format_name, condition_name, regular_expression_name) VALUES ('Anime Web Tier 02', 'Dae', 'Anime_Web_Tier_02_Dae');
INSERT OR IGNORE INTO condition_patterns (custom_format_name, condition_name, regular_expression_name) VALUES ('Anime Web Tier 02', 'Foxtrot', 'Anime_Web_Tier_02_Foxtrot');
INSERT OR IGNORE INTO condition_patterns (custom_format_name, condition_name, regular_expression_name) VALUES ('Anime Web Tier 02', 'Gao', 'Anime_Web_Tier_02_Gao');
INSERT OR IGNORE INTO condition_patterns (custom_format_name, condition_name, regular_expression_name) VALUES ('Anime Web Tier 02', 'GSK_kun', 'Anime_Web_Tier_02_GSK_kun');
INSERT OR IGNORE INTO condition_patterns (custom_format_name, condition_name, regular_expression_name) VALUES ('Anime Web Tier 02', 'Half-Baked', 'Anime_Web_Tier_02_Half-Baked');
INSERT OR IGNORE INTO condition_patterns (custom_format_name, condition_name, regular_expression_name) VALUES ('Anime Web Tier 02', 'HatSubs', 'Anime_Web_Tier_02_HatSubs');
INSERT OR IGNORE INTO condition_patterns (custom_format_name, condition_name, regular_expression_name) VALUES ('Anime Web Tier 02', 'MALD', 'Anime_Web_Tier_02_MALD');
INSERT OR IGNORE INTO condition_patterns (custom_format_name, condition_name, regular_expression_name) VALUES ('Anime Web Tier 02', 'MTBB', 'Anime_Web_Tier_02_MTBB');
INSERT OR IGNORE INTO condition_patterns (custom_format_name, condition_name, regular_expression_name) VALUES ('Anime Web Tier 02', 'Not-Vodes', 'Anime_Web_Tier_02_Not-Vodes');
INSERT OR IGNORE INTO condition_patterns (custom_format_name, condition_name, regular_expression_name) VALUES ('Anime Web Tier 02', 'Okay-Subs', 'Anime_Web_Tier_02_Okay-Subs');
INSERT OR IGNORE INTO condition_patterns (custom_format_name, condition_name, regular_expression_name) VALUES ('Anime Web Tier 02', 'Pizza', 'Anime_Web_Tier_02_Pizza');
INSERT OR IGNORE INTO condition_patterns (custom_format_name, condition_name, regular_expression_name) VALUES ('Anime Web Tier 02', 'Reza', 'Anime_Web_Tier_02_Reza');
INSERT OR IGNORE INTO condition_patterns (custom_format_name, condition_name, regular_expression_name) VALUES ('Anime Web Tier 02', 'Slyfox', 'Anime_Web_Tier_02_Slyfox');
INSERT OR IGNORE INTO condition_patterns (custom_format_name, condition_name, regular_expression_name) VALUES ('Anime Web Tier 02', 'SoLCE', 'Anime_Web_Tier_02_SoLCE');
INSERT OR IGNORE INTO condition_patterns (custom_format_name, condition_name, regular_expression_name) VALUES ('Anime Web Tier 02', 'Tenshi', 'Anime_Web_Tier_02_Tenshi');
INSERT OR IGNORE INTO condition_sources (custom_format_name, condition_name, source) VALUES ('Anime Web Tier 02', 'WEBDL', 'TELECINE');
INSERT OR IGNORE INTO condition_sources (custom_format_name, condition_name, source) VALUES ('Anime Web Tier 02', 'WEBRIP', 'WORKPRINT');
INSERT OR IGNORE INTO condition_sources (custom_format_name, condition_name, source) VALUES ('Anime Web Tier 02', 'WEB', 'CAM');
INSERT OR IGNORE INTO regular_expressions (name, pattern) VALUES ('Anime_Web_Tier_02_0x539', '\b(0x539)\b');
INSERT OR IGNORE INTO regular_expressions (name, pattern) VALUES ('Anime_Web_Tier_02_Asakura', '\[Asakura\]|-Asakura\b');
INSERT OR IGNORE INTO regular_expressions (name, pattern) VALUES ('Anime_Web_Tier_02_Cyan', '\[Cyan\]|-Cyan\b');
INSERT OR IGNORE INTO regular_expressions (name, pattern) VALUES ('Anime_Web_Tier_02_Cytox', '\b(Cytox)\b');
INSERT OR IGNORE INTO regular_expressions (name, pattern) VALUES ('Anime_Web_Tier_02_Dae', '\[Dae\]|-Dae\b');
INSERT OR IGNORE INTO regular_expressions (name, pattern) VALUES ('Anime_Web_Tier_02_Foxtrot', '\[Foxtrot\]|-Foxtrot\b');
INSERT OR IGNORE INTO regular_expressions (name, pattern) VALUES ('Anime_Web_Tier_02_Gao', '\[Gao\]|-Gao\b');
INSERT OR IGNORE INTO regular_expressions (name, pattern) VALUES ('Anime_Web_Tier_02_GSK_kun', '\b(GSK[._-]kun)\b');
INSERT OR IGNORE INTO regular_expressions (name, pattern) VALUES ('Anime_Web_Tier_02_Half-Baked', '\b(Half-Baked)\b');
INSERT OR IGNORE INTO regular_expressions (name, pattern) VALUES ('Anime_Web_Tier_02_HatSubs', '\b(HatSubs)\b');
INSERT OR IGNORE INTO regular_expressions (name, pattern) VALUES ('Anime_Web_Tier_02_MALD', '\b(MALD)\b');
INSERT OR IGNORE INTO regular_expressions (name, pattern) VALUES ('Anime_Web_Tier_02_MTBB', '\b(MTBB)\b');
INSERT OR IGNORE INTO regular_expressions (name, pattern) VALUES ('Anime_Web_Tier_02_Not-Vodes', '\[Not-Vodes\]|-Not-Vodes\b');
INSERT OR IGNORE INTO regular_expressions (name, pattern) VALUES ('Anime_Web_Tier_02_Okay-Subs', '\b(Okay-Subs)\b');
INSERT OR IGNORE INTO regular_expressions (name, pattern) VALUES ('Anime_Web_Tier_02_Pizza', '\[Pizza\]|-Pizza\b');
INSERT OR IGNORE INTO regular_expressions (name, pattern) VALUES ('Anime_Web_Tier_02_Reza', '\b(Reza)\b');
INSERT OR IGNORE INTO regular_expressions (name, pattern) VALUES ('Anime_Web_Tier_02_Slyfox', '\b(Slyfox)\b');
INSERT OR IGNORE INTO regular_expressions (name, pattern) VALUES ('Anime_Web_Tier_02_SoLCE', '\b(SoLCE)\b');
INSERT OR IGNORE INTO regular_expressions (name, pattern) VALUES ('Anime_Web_Tier_02_Tenshi', '\[tenshi\]|-tenshi$');
INSERT OR IGNORE INTO custom_format_conditions (custom_format_name, name, type, arr_type, negate, required) VALUES ('Anime Web Tier 02', 'WEBDL', 'source', 'sonarr', 0, 0);
INSERT OR IGNORE INTO custom_format_conditions (custom_format_name, name, type, arr_type, negate, required) VALUES ('Anime Web Tier 02', 'WEBRIP', 'source', 'sonarr', 0, 0);
INSERT OR IGNORE INTO custom_format_conditions (custom_format_name, name, type, arr_type, negate, required) VALUES ('Anime Web Tier 02', 'WEB', 'source', 'sonarr', 0, 0);
INSERT OR IGNORE INTO custom_format_conditions (custom_format_name, name, type, arr_type, negate, required) VALUES ('Anime Web Tier 02', '0x539', 'pattern', 'sonarr', 0, 0);
INSERT OR IGNORE INTO custom_format_conditions (custom_format_name, name, type, arr_type, negate, required) VALUES ('Anime Web Tier 02', 'Asakura', 'pattern', 'sonarr', 0, 0);
INSERT OR IGNORE INTO custom_format_conditions (custom_format_name, name, type, arr_type, negate, required) VALUES ('Anime Web Tier 02', 'Cyan', 'pattern', 'sonarr', 0, 0);
INSERT OR IGNORE INTO custom_format_conditions (custom_format_name, name, type, arr_type, negate, required) VALUES ('Anime Web Tier 02', 'Cytox', 'pattern', 'sonarr', 0, 0);
INSERT OR IGNORE INTO custom_format_conditions (custom_format_name, name, type, arr_type, negate, required) VALUES ('Anime Web Tier 02', 'Dae', 'pattern', 'sonarr', 0, 0);
INSERT OR IGNORE INTO custom_format_conditions (custom_format_name, name, type, arr_type, negate, required) VALUES ('Anime Web Tier 02', 'Foxtrot', 'pattern', 'sonarr', 0, 0);
INSERT OR IGNORE INTO custom_format_conditions (custom_format_name, name, type, arr_type, negate, required) VALUES ('Anime Web Tier 02', 'Gao', 'pattern', 'sonarr', 0, 0);
INSERT OR IGNORE INTO custom_format_conditions (custom_format_name, name, type, arr_type, negate, required) VALUES ('Anime Web Tier 02', 'GSK_kun', 'pattern', 'sonarr', 0, 0);
INSERT OR IGNORE INTO custom_format_conditions (custom_format_name, name, type, arr_type, negate, required) VALUES ('Anime Web Tier 02', 'Half-Baked', 'pattern', 'sonarr', 0, 0);
INSERT OR IGNORE INTO custom_format_conditions (custom_format_name, name, type, arr_type, negate, required) VALUES ('Anime Web Tier 02', 'HatSubs', 'pattern', 'sonarr', 0, 0);
INSERT OR IGNORE INTO custom_format_conditions (custom_format_name, name, type, arr_type, negate, required) VALUES ('Anime Web Tier 02', 'MALD', 'pattern', 'sonarr', 0, 0);
INSERT OR IGNORE INTO custom_format_conditions (custom_format_name, name, type, arr_type, negate, required) VALUES ('Anime Web Tier 02', 'MTBB', 'pattern', 'sonarr', 0, 0);
INSERT OR IGNORE INTO custom_format_conditions (custom_format_name, name, type, arr_type, negate, required) VALUES ('Anime Web Tier 02', 'Not-Vodes', 'pattern', 'sonarr', 0, 0);
INSERT OR IGNORE INTO custom_format_conditions (custom_format_name, name, type, arr_type, negate, required) VALUES ('Anime Web Tier 02', 'Okay-Subs', 'pattern', 'sonarr', 0, 0);
INSERT OR IGNORE INTO custom_format_conditions (custom_format_name, name, type, arr_type, negate, required) VALUES ('Anime Web Tier 02', 'Pizza', 'pattern', 'sonarr', 0, 0);
INSERT OR IGNORE INTO custom_format_conditions (custom_format_name, name, type, arr_type, negate, required) VALUES ('Anime Web Tier 02', 'Reza', 'pattern', 'sonarr', 0, 0);
INSERT OR IGNORE INTO custom_format_conditions (custom_format_name, name, type, arr_type, negate, required) VALUES ('Anime Web Tier 02', 'Slyfox', 'pattern', 'sonarr', 0, 0);
INSERT OR IGNORE INTO custom_format_conditions (custom_format_name, name, type, arr_type, negate, required) VALUES ('Anime Web Tier 02', 'SoLCE', 'pattern', 'sonarr', 0, 0);
INSERT OR IGNORE INTO custom_format_conditions (custom_format_name, name, type, arr_type, negate, required) VALUES ('Anime Web Tier 02', 'Tenshi', 'pattern', 'sonarr', 0, 0);

INSERT OR IGNORE INTO custom_formats (name, description, include_in_rename) VALUES ('Anime Web Tier 03', 'c27f2ae6a4e82373b0f1da094e2489ad', 0);
INSERT OR IGNORE INTO condition_patterns (custom_format_name, condition_name, regular_expression_name) VALUES ('Anime Web Tier 03', 'AnoZu', 'Anime_Web_Tier_03_AnoZu');
INSERT OR IGNORE INTO condition_patterns (custom_format_name, condition_name, regular_expression_name) VALUES ('Anime Web Tier 03', 'Dooky', 'Anime_Web_Tier_03_Dooky');
INSERT OR IGNORE INTO condition_patterns (custom_format_name, condition_name, regular_expression_name) VALUES ('Anime Web Tier 03', 'Kitsune', 'Anime_Web_Tier_03_Kitsune');
INSERT OR IGNORE INTO condition_patterns (custom_format_name, condition_name, regular_expression_name) VALUES ('Anime Web Tier 03', 'SubsPlus', 'Anime_Web_Tier_03_SubsPlus');
INSERT OR IGNORE INTO condition_patterns (custom_format_name, condition_name, regular_expression_name) VALUES ('Anime Web Tier 03', 'ZR', 'Anime_Web_Tier_03_ZR');
INSERT OR IGNORE INTO condition_sources (custom_format_name, condition_name, source) VALUES ('Anime Web Tier 03', 'WEBDL', 'TELECINE');
INSERT OR IGNORE INTO condition_sources (custom_format_name, condition_name, source) VALUES ('Anime Web Tier 03', 'WEBRIP', 'WORKPRINT');
INSERT OR IGNORE INTO condition_sources (custom_format_name, condition_name, source) VALUES ('Anime Web Tier 03', 'WEB', 'CAM');
INSERT OR IGNORE INTO regular_expressions (name, pattern) VALUES ('Anime_Web_Tier_03_AnoZu', '\b(AnoZu)\b');
INSERT OR IGNORE INTO regular_expressions (name, pattern) VALUES ('Anime_Web_Tier_03_Dooky', '\b(Dooky)\b');
INSERT OR IGNORE INTO regular_expressions (name, pattern) VALUES ('Anime_Web_Tier_03_Kitsune', '\[Kitsune\]|-Kitsune\b');
INSERT OR IGNORE INTO regular_expressions (name, pattern) VALUES ('Anime_Web_Tier_03_SubsPlus', '\b(SubsPlus\+?)\b');
INSERT OR IGNORE INTO regular_expressions (name, pattern) VALUES ('Anime_Web_Tier_03_ZR', '\b(ZR)\b');
INSERT OR IGNORE INTO custom_format_conditions (custom_format_name, name, type, arr_type, negate, required) VALUES ('Anime Web Tier 03', 'WEBDL', 'source', 'sonarr', 0, 0);
INSERT OR IGNORE INTO custom_format_conditions (custom_format_name, name, type, arr_type, negate, required) VALUES ('Anime Web Tier 03', 'WEBRIP', 'source', 'sonarr', 0, 0);
INSERT OR IGNORE INTO custom_format_conditions (custom_format_name, name, type, arr_type, negate, required) VALUES ('Anime Web Tier 03', 'WEB', 'source', 'sonarr', 0, 0);
INSERT OR IGNORE INTO custom_format_conditions (custom_format_name, name, type, arr_type, negate, required) VALUES ('Anime Web Tier 03', 'AnoZu', 'pattern', 'sonarr', 0, 0);
INSERT OR IGNORE INTO custom_format_conditions (custom_format_name, name, type, arr_type, negate, required) VALUES ('Anime Web Tier 03', 'Dooky', 'pattern', 'sonarr', 0, 0);
INSERT OR IGNORE INTO custom_format_conditions (custom_format_name, name, type, arr_type, negate, required) VALUES ('Anime Web Tier 03', 'Kitsune', 'pattern', 'sonarr', 0, 0);
INSERT OR IGNORE INTO custom_format_conditions (custom_format_name, name, type, arr_type, negate, required) VALUES ('Anime Web Tier 03', 'SubsPlus', 'pattern', 'sonarr', 0, 0);
INSERT OR IGNORE INTO custom_format_conditions (custom_format_name, name, type, arr_type, negate, required) VALUES ('Anime Web Tier 03', 'ZR', 'pattern', 'sonarr', 0, 0);

INSERT OR IGNORE INTO custom_formats (name, description, include_in_rename) VALUES ('Anime Web Tier 04', '4fd5528a3a8024e6b49f9c67053ea5f3', 0);
INSERT OR IGNORE INTO condition_patterns (custom_format_name, condition_name, regular_expression_name) VALUES ('Anime Web Tier 04', 'Erai-Raws', 'Anime_Web_Tier_04_Erai-Raws');
INSERT OR IGNORE INTO condition_patterns (custom_format_name, condition_name, regular_expression_name) VALUES ('Anime Web Tier 04', 'ToonsHub', 'Anime_Web_Tier_04_ToonsHub');
INSERT OR IGNORE INTO condition_patterns (custom_format_name, condition_name, regular_expression_name) VALUES ('Anime Web Tier 04', 'VARYG', 'Anime_Web_Tier_04_VARYG');
INSERT OR IGNORE INTO condition_sources (custom_format_name, condition_name, source) VALUES ('Anime Web Tier 04', 'WEBDL', 'TELECINE');
INSERT OR IGNORE INTO condition_sources (custom_format_name, condition_name, source) VALUES ('Anime Web Tier 04', 'WEBRIP', 'WORKPRINT');
INSERT OR IGNORE INTO condition_sources (custom_format_name, condition_name, source) VALUES ('Anime Web Tier 04', 'WEB', 'CAM');
INSERT OR IGNORE INTO regular_expressions (name, pattern) VALUES ('Anime_Web_Tier_04_Erai-Raws', '\b(Erai-raws)\b');
INSERT OR IGNORE INTO regular_expressions (name, pattern) VALUES ('Anime_Web_Tier_04_ToonsHub', '\b(ToonsHub)\b');
INSERT OR IGNORE INTO regular_expressions (name, pattern) VALUES ('Anime_Web_Tier_04_VARYG', '\b(VARYG)\b');
INSERT OR IGNORE INTO custom_format_conditions (custom_format_name, name, type, arr_type, negate, required) VALUES ('Anime Web Tier 04', 'WEBDL', 'source', 'sonarr', 0, 0);
INSERT OR IGNORE INTO custom_format_conditions (custom_format_name, name, type, arr_type, negate, required) VALUES ('Anime Web Tier 04', 'WEBRIP', 'source', 'sonarr', 0, 0);
INSERT OR IGNORE INTO custom_format_conditions (custom_format_name, name, type, arr_type, negate, required) VALUES ('Anime Web Tier 04', 'WEB', 'source', 'sonarr', 0, 0);
INSERT OR IGNORE INTO custom_format_conditions (custom_format_name, name, type, arr_type, negate, required) VALUES ('Anime Web Tier 04', 'Erai-Raws', 'pattern', 'sonarr', 0, 0);
INSERT OR IGNORE INTO custom_format_conditions (custom_format_name, name, type, arr_type, negate, required) VALUES ('Anime Web Tier 04', 'ToonsHub', 'pattern', 'sonarr', 0, 0);
INSERT OR IGNORE INTO custom_format_conditions (custom_format_name, name, type, arr_type, negate, required) VALUES ('Anime Web Tier 04', 'VARYG', 'pattern', 'sonarr', 0, 0);

INSERT OR IGNORE INTO custom_formats (name, description, include_in_rename) VALUES ('Anime Web Tier 05', '29c2a13d091144f63307e4a8ce963a39', 0);
INSERT OR IGNORE INTO condition_patterns (custom_format_name, condition_name, regular_expression_name) VALUES ('Anime Web Tier 05', 'BlueLobster', 'Anime_Web_Tier_05_BlueLobster');
INSERT OR IGNORE INTO condition_patterns (custom_format_name, condition_name, regular_expression_name) VALUES ('Anime Web Tier 05', 'GST', 'Anime_Web_Tier_05_GST');
INSERT OR IGNORE INTO condition_patterns (custom_format_name, condition_name, regular_expression_name) VALUES ('Anime Web Tier 05', 'HorribleRips', 'Anime_Web_Tier_05_HorribleRips');
INSERT OR IGNORE INTO condition_patterns (custom_format_name, condition_name, regular_expression_name) VALUES ('Anime Web Tier 05', 'HorribleSubs', 'Anime_Web_Tier_05_HorribleSubs');
INSERT OR IGNORE INTO condition_patterns (custom_format_name, condition_name, regular_expression_name) VALUES ('Anime Web Tier 05', 'KAN3D2M', 'Anime_Web_Tier_05_KAN3D2M');
INSERT OR IGNORE INTO condition_patterns (custom_format_name, condition_name, regular_expression_name) VALUES ('Anime Web Tier 05', 'KiyoshiStar', 'Anime_Web_Tier_05_KiyoshiStar');
INSERT OR IGNORE INTO condition_patterns (custom_format_name, condition_name, regular_expression_name) VALUES ('Anime Web Tier 05', 'Lia', 'Anime_Web_Tier_05_Lia');
INSERT OR IGNORE INTO condition_patterns (custom_format_name, condition_name, regular_expression_name) VALUES ('Anime Web Tier 05', 'NanDesuKa', 'Anime_Web_Tier_05_NanDesuKa');
INSERT OR IGNORE INTO condition_patterns (custom_format_name, condition_name, regular_expression_name) VALUES ('Anime Web Tier 05', 'PlayWeb', 'Anime_Web_Tier_05_PlayWeb');
INSERT OR IGNORE INTO condition_patterns (custom_format_name, condition_name, regular_expression_name) VALUES ('Anime Web Tier 05', 'SobsPlease', 'Anime_Web_Tier_05_SobsPlease');
INSERT OR IGNORE INTO condition_patterns (custom_format_name, condition_name, regular_expression_name) VALUES ('Anime Web Tier 05', 'Some-Stuffs', 'Anime_Web_Tier_05_Some-Stuffs');
INSERT OR IGNORE INTO condition_patterns (custom_format_name, condition_name, regular_expression_name) VALUES ('Anime Web Tier 05', 'SubsPlease', 'Anime_Web_Tier_05_SubsPlease');
INSERT OR IGNORE INTO condition_patterns (custom_format_name, condition_name, regular_expression_name) VALUES ('Anime Web Tier 05', 'URANIME', 'Anime_Web_Tier_05_URANIME');
INSERT OR IGNORE INTO condition_patterns (custom_format_name, condition_name, regular_expression_name) VALUES ('Anime Web Tier 05', 'ZigZag', 'Anime_Web_Tier_05_ZigZag');
INSERT OR IGNORE INTO condition_sources (custom_format_name, condition_name, source) VALUES ('Anime Web Tier 05', 'WEBDL', 'TELECINE');
INSERT OR IGNORE INTO condition_sources (custom_format_name, condition_name, source) VALUES ('Anime Web Tier 05', 'WEBRIP', 'WORKPRINT');
INSERT OR IGNORE INTO condition_sources (custom_format_name, condition_name, source) VALUES ('Anime Web Tier 05', 'WEB', 'CAM');
INSERT OR IGNORE INTO regular_expressions (name, pattern) VALUES ('Anime_Web_Tier_05_BlueLobster', '\b(BlueLobster)\b');
INSERT OR IGNORE INTO regular_expressions (name, pattern) VALUES ('Anime_Web_Tier_05_GST', '\b(GST)\b');
INSERT OR IGNORE INTO regular_expressions (name, pattern) VALUES ('Anime_Web_Tier_05_HorribleRips', '\b(HorribleRips)\b');
INSERT OR IGNORE INTO regular_expressions (name, pattern) VALUES ('Anime_Web_Tier_05_HorribleSubs', '\b(HorribleSubs)\b');
INSERT OR IGNORE INTO regular_expressions (name, pattern) VALUES ('Anime_Web_Tier_05_KAN3D2M', '\b(KAN3D2M)\b');
INSERT OR IGNORE INTO regular_expressions (name, pattern) VALUES ('Anime_Web_Tier_05_KiyoshiStar', '\b(KS|KiyoshiStar)\b');
INSERT OR IGNORE INTO regular_expressions (name, pattern) VALUES ('Anime_Web_Tier_05_Lia', '\[Lia\]|-Lia\b');
INSERT OR IGNORE INTO regular_expressions (name, pattern) VALUES ('Anime_Web_Tier_05_NanDesuKa', '\b(NanDesuKa)\b');
INSERT OR IGNORE INTO regular_expressions (name, pattern) VALUES ('Anime_Web_Tier_05_PlayWeb', '\b(PlayWeb)\b');
INSERT OR IGNORE INTO regular_expressions (name, pattern) VALUES ('Anime_Web_Tier_05_SobsPlease', '\b(SobsPlease)\b');
INSERT OR IGNORE INTO regular_expressions (name, pattern) VALUES ('Anime_Web_Tier_05_Some-Stuffs', '\b(Some-Stuffs)\b');
INSERT OR IGNORE INTO regular_expressions (name, pattern) VALUES ('Anime_Web_Tier_05_SubsPlease', '\b(SubsPlease)\b');
INSERT OR IGNORE INTO regular_expressions (name, pattern) VALUES ('Anime_Web_Tier_05_URANIME', '\b(URANIME)\b');
INSERT OR IGNORE INTO regular_expressions (name, pattern) VALUES ('Anime_Web_Tier_05_ZigZag', '\[ZigZag\]|-ZigZab');
INSERT OR IGNORE INTO custom_format_conditions (custom_format_name, name, type, arr_type, negate, required) VALUES ('Anime Web Tier 05', 'WEBDL', 'source', 'sonarr', 0, 0);
INSERT OR IGNORE INTO custom_format_conditions (custom_format_name, name, type, arr_type, negate, required) VALUES ('Anime Web Tier 05', 'WEBRIP', 'source', 'sonarr', 0, 0);
INSERT OR IGNORE INTO custom_format_conditions (custom_format_name, name, type, arr_type, negate, required) VALUES ('Anime Web Tier 05', 'WEB', 'source', 'sonarr', 0, 0);
INSERT OR IGNORE INTO custom_format_conditions (custom_format_name, name, type, arr_type, negate, required) VALUES ('Anime Web Tier 05', 'BlueLobster', 'pattern', 'sonarr', 0, 0);
INSERT OR IGNORE INTO custom_format_conditions (custom_format_name, name, type, arr_type, negate, required) VALUES ('Anime Web Tier 05', 'GST', 'pattern', 'sonarr', 0, 0);
INSERT OR IGNORE INTO custom_format_conditions (custom_format_name, name, type, arr_type, negate, required) VALUES ('Anime Web Tier 05', 'HorribleRips', 'pattern', 'sonarr', 0, 0);
INSERT OR IGNORE INTO custom_format_conditions (custom_format_name, name, type, arr_type, negate, required) VALUES ('Anime Web Tier 05', 'HorribleSubs', 'pattern', 'sonarr', 0, 0);
INSERT OR IGNORE INTO custom_format_conditions (custom_format_name, name, type, arr_type, negate, required) VALUES ('Anime Web Tier 05', 'KAN3D2M', 'pattern', 'sonarr', 0, 0);
INSERT OR IGNORE INTO custom_format_conditions (custom_format_name, name, type, arr_type, negate, required) VALUES ('Anime Web Tier 05', 'KiyoshiStar', 'pattern', 'sonarr', 0, 0);
INSERT OR IGNORE INTO custom_format_conditions (custom_format_name, name, type, arr_type, negate, required) VALUES ('Anime Web Tier 05', 'Lia', 'pattern', 'sonarr', 0, 0);
INSERT OR IGNORE INTO custom_format_conditions (custom_format_name, name, type, arr_type, negate, required) VALUES ('Anime Web Tier 05', 'NanDesuKa', 'pattern', 'sonarr', 0, 0);
INSERT OR IGNORE INTO custom_format_conditions (custom_format_name, name, type, arr_type, negate, required) VALUES ('Anime Web Tier 05', 'PlayWeb', 'pattern', 'sonarr', 0, 0);
INSERT OR IGNORE INTO custom_format_conditions (custom_format_name, name, type, arr_type, negate, required) VALUES ('Anime Web Tier 05', 'SobsPlease', 'pattern', 'sonarr', 0, 0);
INSERT OR IGNORE INTO custom_format_conditions (custom_format_name, name, type, arr_type, negate, required) VALUES ('Anime Web Tier 05', 'Some-Stuffs', 'pattern', 'sonarr', 0, 0);
INSERT OR IGNORE INTO custom_format_conditions (custom_format_name, name, type, arr_type, negate, required) VALUES ('Anime Web Tier 05', 'SubsPlease', 'pattern', 'sonarr', 0, 0);
INSERT OR IGNORE INTO custom_format_conditions (custom_format_name, name, type, arr_type, negate, required) VALUES ('Anime Web Tier 05', 'URANIME', 'pattern', 'sonarr', 0, 0);
INSERT OR IGNORE INTO custom_format_conditions (custom_format_name, name, type, arr_type, negate, required) VALUES ('Anime Web Tier 05', 'ZigZag', 'pattern', 'sonarr', 0, 0);

INSERT OR IGNORE INTO custom_formats (name, description, include_in_rename) VALUES ('Anime Web Tier 06', 'dc262f88d74c651b12e9d90b39f6c753', 0);
INSERT OR IGNORE INTO condition_patterns (custom_format_name, condition_name, regular_expression_name) VALUES ('Anime Web Tier 06', '9volt', 'Anime_Web_Tier_06_9volt');
INSERT OR IGNORE INTO condition_patterns (custom_format_name, condition_name, regular_expression_name) VALUES ('Anime Web Tier 06', 'Asenshi', 'Anime_Web_Tier_06_Asenshi');
INSERT OR IGNORE INTO condition_patterns (custom_format_name, condition_name, regular_expression_name) VALUES ('Anime Web Tier 06', 'Chihiro', 'Anime_Web_Tier_06_Chihiro');
INSERT OR IGNORE INTO condition_patterns (custom_format_name, condition_name, regular_expression_name) VALUES ('Anime Web Tier 06', 'Commie', 'Anime_Web_Tier_06_Commie');
INSERT OR IGNORE INTO condition_patterns (custom_format_name, condition_name, regular_expression_name) VALUES ('Anime Web Tier 06', 'DameDesuYo', 'Anime_Web_Tier_06_DameDesuYo');
INSERT OR IGNORE INTO condition_patterns (custom_format_name, condition_name, regular_expression_name) VALUES ('Anime Web Tier 06', 'Doki', 'Anime_Web_Tier_06_Doki');
INSERT OR IGNORE INTO condition_patterns (custom_format_name, condition_name, regular_expression_name) VALUES ('Anime Web Tier 06', 'GJM', 'Anime_Web_Tier_06_GJM');
INSERT OR IGNORE INTO condition_patterns (custom_format_name, condition_name, regular_expression_name) VALUES ('Anime Web Tier 06', 'Kaleido', 'Anime_Web_Tier_06_Kaleido');
INSERT OR IGNORE INTO condition_patterns (custom_format_name, condition_name, regular_expression_name) VALUES ('Anime Web Tier 06', 'Kantai', 'Anime_Web_Tier_06_Kantai');
INSERT OR IGNORE INTO condition_patterns (custom_format_name, condition_name, regular_expression_name) VALUES ('Anime Web Tier 06', 'KawaSubs', 'Anime_Web_Tier_06_KawaSubs');
INSERT OR IGNORE INTO condition_patterns (custom_format_name, condition_name, regular_expression_name) VALUES ('Anime Web Tier 06', 'Tsundere', 'Anime_Web_Tier_06_Tsundere');
INSERT OR IGNORE INTO condition_sources (custom_format_name, condition_name, source) VALUES ('Anime Web Tier 06', 'WEBDL', 'TELECINE');
INSERT OR IGNORE INTO condition_sources (custom_format_name, condition_name, source) VALUES ('Anime Web Tier 06', 'WEBRIP', 'WORKPRINT');
INSERT OR IGNORE INTO condition_sources (custom_format_name, condition_name, source) VALUES ('Anime Web Tier 06', 'WEB', 'CAM');
INSERT OR IGNORE INTO regular_expressions (name, pattern) VALUES ('Anime_Web_Tier_06_9volt', '\b(9volt)\b');
INSERT OR IGNORE INTO regular_expressions (name, pattern) VALUES ('Anime_Web_Tier_06_Asenshi', '\b(Asenshi)\b');
INSERT OR IGNORE INTO regular_expressions (name, pattern) VALUES ('Anime_Web_Tier_06_Chihiro', '\[Chihiro\]|-Chihiro\b');
INSERT OR IGNORE INTO regular_expressions (name, pattern) VALUES ('Anime_Web_Tier_06_Commie', '\b(Commie)\b');
INSERT OR IGNORE INTO regular_expressions (name, pattern) VALUES ('Anime_Web_Tier_06_DameDesuYo', '\b(DameDesuYo)\b');
INSERT OR IGNORE INTO regular_expressions (name, pattern) VALUES ('Anime_Web_Tier_06_Doki', '\[Doki\]|-Doki\b');
INSERT OR IGNORE INTO regular_expressions (name, pattern) VALUES ('Anime_Web_Tier_06_GJM', '\b(GJM)\b');
INSERT OR IGNORE INTO regular_expressions (name, pattern) VALUES ('Anime_Web_Tier_06_Kaleido', '\b(Kaleido)\b');
INSERT OR IGNORE INTO regular_expressions (name, pattern) VALUES ('Anime_Web_Tier_06_Kantai', '\[Kantai\]|-Kantai\b');
INSERT OR IGNORE INTO regular_expressions (name, pattern) VALUES ('Anime_Web_Tier_06_KawaSubs', '\b(KawaSubs)\b');
INSERT OR IGNORE INTO regular_expressions (name, pattern) VALUES ('Anime_Web_Tier_06_Tsundere', '\[Tsundere\]|-Tsundere(?!-)\b');
INSERT OR IGNORE INTO custom_format_conditions (custom_format_name, name, type, arr_type, negate, required) VALUES ('Anime Web Tier 06', 'WEBDL', 'source', 'sonarr', 0, 0);
INSERT OR IGNORE INTO custom_format_conditions (custom_format_name, name, type, arr_type, negate, required) VALUES ('Anime Web Tier 06', 'WEBRIP', 'source', 'sonarr', 0, 0);
INSERT OR IGNORE INTO custom_format_conditions (custom_format_name, name, type, arr_type, negate, required) VALUES ('Anime Web Tier 06', 'WEB', 'source', 'sonarr', 0, 0);
INSERT OR IGNORE INTO custom_format_conditions (custom_format_name, name, type, arr_type, negate, required) VALUES ('Anime Web Tier 06', '9volt', 'pattern', 'sonarr', 0, 0);
INSERT OR IGNORE INTO custom_format_conditions (custom_format_name, name, type, arr_type, negate, required) VALUES ('Anime Web Tier 06', 'Asenshi', 'pattern', 'sonarr', 0, 0);
INSERT OR IGNORE INTO custom_format_conditions (custom_format_name, name, type, arr_type, negate, required) VALUES ('Anime Web Tier 06', 'Chihiro', 'pattern', 'sonarr', 0, 0);
INSERT OR IGNORE INTO custom_format_conditions (custom_format_name, name, type, arr_type, negate, required) VALUES ('Anime Web Tier 06', 'Commie', 'pattern', 'sonarr', 0, 0);
INSERT OR IGNORE INTO custom_format_conditions (custom_format_name, name, type, arr_type, negate, required) VALUES ('Anime Web Tier 06', 'DameDesuYo', 'pattern', 'sonarr', 0, 0);
INSERT OR IGNORE INTO custom_format_conditions (custom_format_name, name, type, arr_type, negate, required) VALUES ('Anime Web Tier 06', 'Doki', 'pattern', 'sonarr', 0, 0);
INSERT OR IGNORE INTO custom_format_conditions (custom_format_name, name, type, arr_type, negate, required) VALUES ('Anime Web Tier 06', 'GJM', 'pattern', 'sonarr', 0, 0);
INSERT OR IGNORE INTO custom_format_conditions (custom_format_name, name, type, arr_type, negate, required) VALUES ('Anime Web Tier 06', 'Kaleido', 'pattern', 'sonarr', 0, 0);
INSERT OR IGNORE INTO custom_format_conditions (custom_format_name, name, type, arr_type, negate, required) VALUES ('Anime Web Tier 06', 'Kantai', 'pattern', 'sonarr', 0, 0);
INSERT OR IGNORE INTO custom_format_conditions (custom_format_name, name, type, arr_type, negate, required) VALUES ('Anime Web Tier 06', 'KawaSubs', 'pattern', 'sonarr', 0, 0);
INSERT OR IGNORE INTO custom_format_conditions (custom_format_name, name, type, arr_type, negate, required) VALUES ('Anime Web Tier 06', 'Tsundere', 'pattern', 'sonarr', 0, 0);

INSERT OR IGNORE INTO custom_formats (name, description, include_in_rename) VALUES ('ATMOS (undefined)', 'b6fbafa7942952a13e17e2b1152b539a', 0);
INSERT OR IGNORE INTO condition_patterns (custom_format_name, condition_name, regular_expression_name) VALUES ('ATMOS (undefined)', 'ATMOS', 'ATMOS_(undefined)_ATMOS');
INSERT OR IGNORE INTO condition_patterns (custom_format_name, condition_name, regular_expression_name) VALUES ('ATMOS (undefined)', 'Not AAC', 'ATMOS_(undefined)_Not_AAC');
INSERT OR IGNORE INTO condition_patterns (custom_format_name, condition_name, regular_expression_name) VALUES ('ATMOS (undefined)', 'Not Basic Dolby Digital ', 'ATMOS_(undefined)_Not_Basic_Dolby_Digital_');
INSERT OR IGNORE INTO condition_patterns (custom_format_name, condition_name, regular_expression_name) VALUES ('ATMOS (undefined)', 'Not Dolby Digital Plus', 'ATMOS_(undefined)_Not_Dolby_Digital_Plus');
INSERT OR IGNORE INTO condition_patterns (custom_format_name, condition_name, regular_expression_name) VALUES ('ATMOS (undefined)', 'Not DTS', 'ATMOS_(undefined)_Not_DTS');
INSERT OR IGNORE INTO condition_patterns (custom_format_name, condition_name, regular_expression_name) VALUES ('ATMOS (undefined)', 'Not FLAC', 'ATMOS_(undefined)_Not_FLAC');
INSERT OR IGNORE INTO condition_patterns (custom_format_name, condition_name, regular_expression_name) VALUES ('ATMOS (undefined)', 'Not PCM', 'ATMOS_(undefined)_Not_PCM');
INSERT OR IGNORE INTO condition_patterns (custom_format_name, condition_name, regular_expression_name) VALUES ('ATMOS (undefined)', 'Not TrueHD', 'ATMOS_(undefined)_Not_TrueHD');
INSERT OR IGNORE INTO regular_expressions (name, pattern) VALUES ('ATMOS_(undefined)_ATMOS', '\bATMOS(\b|\d)');
INSERT OR IGNORE INTO regular_expressions (name, pattern) VALUES ('ATMOS_(undefined)_Not_AAC', '\bAAC(\b|\d)');
INSERT OR IGNORE INTO regular_expressions (name, pattern) VALUES ('ATMOS_(undefined)_Not_Basic_Dolby_Digital_', '\bDD[^a-z+]|(?<!e-)\b(ac-?3)\b');
INSERT OR IGNORE INTO regular_expressions (name, pattern) VALUES ('ATMOS_(undefined)_Not_Dolby_Digital_Plus', '\bDD[P+]|\b(e[-_. ]?ac-?3)\b');
INSERT OR IGNORE INTO regular_expressions (name, pattern) VALUES ('ATMOS_(undefined)_Not_DTS', '\bDTS(\b|\d)');
INSERT OR IGNORE INTO regular_expressions (name, pattern) VALUES ('ATMOS_(undefined)_Not_FLAC', '\bFLAC(\b|\d)');
INSERT OR IGNORE INTO regular_expressions (name, pattern) VALUES ('ATMOS_(undefined)_Not_PCM', '\b(l?)PCM(\b|\d)');
INSERT OR IGNORE INTO regular_expressions (name, pattern) VALUES ('ATMOS_(undefined)_Not_TrueHD', 'True[ .-]?HD');
INSERT OR IGNORE INTO custom_format_conditions (custom_format_name, name, type, arr_type, negate, required) VALUES ('ATMOS (undefined)', 'ATMOS', 'pattern', 'sonarr', 0, 1);
INSERT OR IGNORE INTO custom_format_conditions (custom_format_name, name, type, arr_type, negate, required) VALUES ('ATMOS (undefined)', 'Not AAC', 'pattern', 'sonarr', 1, 1);
INSERT OR IGNORE INTO custom_format_conditions (custom_format_name, name, type, arr_type, negate, required) VALUES ('ATMOS (undefined)', 'Not Basic Dolby Digital ', 'pattern', 'sonarr', 1, 1);
INSERT OR IGNORE INTO custom_format_conditions (custom_format_name, name, type, arr_type, negate, required) VALUES ('ATMOS (undefined)', 'Not Dolby Digital Plus', 'pattern', 'sonarr', 1, 1);
INSERT OR IGNORE INTO custom_format_conditions (custom_format_name, name, type, arr_type, negate, required) VALUES ('ATMOS (undefined)', 'Not DTS', 'pattern', 'sonarr', 1, 1);
INSERT OR IGNORE INTO custom_format_conditions (custom_format_name, name, type, arr_type, negate, required) VALUES ('ATMOS (undefined)', 'Not FLAC', 'pattern', 'sonarr', 1, 1);
INSERT OR IGNORE INTO custom_format_conditions (custom_format_name, name, type, arr_type, negate, required) VALUES ('ATMOS (undefined)', 'Not PCM', 'pattern', 'sonarr', 1, 1);
INSERT OR IGNORE INTO custom_format_conditions (custom_format_name, name, type, arr_type, negate, required) VALUES ('ATMOS (undefined)', 'Not TrueHD', 'pattern', 'sonarr', 1, 1);

INSERT OR IGNORE INTO custom_formats (name, description, include_in_rename) VALUES ('ATV', 'd9e511921c8cedc7282e291b0209cdc5', 1);
INSERT OR IGNORE INTO condition_patterns (custom_format_name, condition_name, regular_expression_name) VALUES ('ATV', 'Apple TV', 'ATV_Apple_TV');
INSERT OR IGNORE INTO condition_sources (custom_format_name, condition_name, source) VALUES ('ATV', 'WEBDL', 'TELECINE');
INSERT OR IGNORE INTO condition_sources (custom_format_name, condition_name, source) VALUES ('ATV', 'WEBRIP', 'WORKPRINT');
INSERT OR IGNORE INTO regular_expressions (name, pattern) VALUES ('ATV_Apple_TV', '\b(ATV)\b');
INSERT OR IGNORE INTO custom_format_conditions (custom_format_name, name, type, arr_type, negate, required) VALUES ('ATV', 'Apple TV', 'pattern', 'sonarr', 0, 1);
INSERT OR IGNORE INTO custom_format_conditions (custom_format_name, name, type, arr_type, negate, required) VALUES ('ATV', 'WEBDL', 'source', 'sonarr', 0, 0);
INSERT OR IGNORE INTO custom_format_conditions (custom_format_name, name, type, arr_type, negate, required) VALUES ('ATV', 'WEBRIP', 'source', 'sonarr', 0, 0);

INSERT OR IGNORE INTO custom_formats (name, description, include_in_rename) VALUES ('ATVP', 'f67c9ca88f463a48346062e8ad07713f', 1);
INSERT OR IGNORE INTO condition_patterns (custom_format_name, condition_name, regular_expression_name) VALUES ('ATVP', 'Apple TV', 'ATVP_Apple_TV');
INSERT OR IGNORE INTO condition_sources (custom_format_name, condition_name, source) VALUES ('ATVP', 'WEBDL', 'TELECINE');
INSERT OR IGNORE INTO condition_sources (custom_format_name, condition_name, source) VALUES ('ATVP', 'WEBRIP', 'WORKPRINT');
INSERT OR IGNORE INTO regular_expressions (name, pattern) VALUES ('ATVP_Apple_TV', '\b(atvp|aptv|Apple TV\+)\b');
INSERT OR IGNORE INTO custom_format_conditions (custom_format_name, name, type, arr_type, negate, required) VALUES ('ATVP', 'Apple TV', 'pattern', 'sonarr', 0, 1);
INSERT OR IGNORE INTO custom_format_conditions (custom_format_name, name, type, arr_type, negate, required) VALUES ('ATVP', 'WEBDL', 'source', 'sonarr', 0, 0);
INSERT OR IGNORE INTO custom_format_conditions (custom_format_name, name, type, arr_type, negate, required) VALUES ('ATVP', 'WEBRIP', 'source', 'sonarr', 0, 0);

INSERT OR IGNORE INTO custom_formats (name, description, include_in_rename) VALUES ('AUBC', 'e6e299075e22ac8f541f722254c8350a', 1);
INSERT OR IGNORE INTO condition_patterns (custom_format_name, condition_name, regular_expression_name) VALUES ('AUBC', 'AUBC', 'AUBC_AUBC');
INSERT OR IGNORE INTO condition_sources (custom_format_name, condition_name, source) VALUES ('AUBC', 'WEBDL', 'TELECINE');
INSERT OR IGNORE INTO condition_sources (custom_format_name, condition_name, source) VALUES ('AUBC', 'WEBRIP', 'WORKPRINT');
INSERT OR IGNORE INTO regular_expressions (name, pattern) VALUES ('AUBC_AUBC', '\b(AUBC)\b');
INSERT OR IGNORE INTO custom_format_conditions (custom_format_name, name, type, arr_type, negate, required) VALUES ('AUBC', 'AUBC', 'pattern', 'sonarr', 0, 1);
INSERT OR IGNORE INTO custom_format_conditions (custom_format_name, name, type, arr_type, negate, required) VALUES ('AUBC', 'WEBDL', 'source', 'sonarr', 0, 0);
INSERT OR IGNORE INTO custom_format_conditions (custom_format_name, name, type, arr_type, negate, required) VALUES ('AUBC', 'WEBRIP', 'source', 'sonarr', 0, 0);

INSERT OR IGNORE INTO custom_formats (name, description, include_in_rename) VALUES ('AV1', '15a05bc7c1a36e2b57fd628f8977e2fc', 0);
INSERT OR IGNORE INTO condition_patterns (custom_format_name, condition_name, regular_expression_name) VALUES ('AV1', 'AV1', 'AV1_AV1');
INSERT OR IGNORE INTO regular_expressions (name, pattern) VALUES ('AV1_AV1', '\bAV1\b');
INSERT OR IGNORE INTO custom_format_conditions (custom_format_name, name, type, arr_type, negate, required) VALUES ('AV1', 'AV1', 'pattern', 'sonarr', 0, 1);

INSERT OR IGNORE INTO custom_formats (name, description, include_in_rename) VALUES ('Bad Dual Groups', '32b367365729d530ca1c124a0b180c64', 0);
INSERT OR IGNORE INTO condition_patterns (custom_format_name, condition_name, regular_expression_name) VALUES ('Bad Dual Groups', 'alfaHD', 'Bad_Dual_Groups_alfaHD');
INSERT OR IGNORE INTO condition_patterns (custom_format_name, condition_name, regular_expression_name) VALUES ('Bad Dual Groups', 'BAT', 'Bad_Dual_Groups_BAT');
INSERT OR IGNORE INTO condition_patterns (custom_format_name, condition_name, regular_expression_name) VALUES ('Bad Dual Groups', 'BiOMA', 'Bad_Dual_Groups_BiOMA');
INSERT OR IGNORE INTO condition_patterns (custom_format_name, condition_name, regular_expression_name) VALUES ('Bad Dual Groups', 'BlackBit', 'Bad_Dual_Groups_BlackBit');
INSERT OR IGNORE INTO condition_patterns (custom_format_name, condition_name, regular_expression_name) VALUES ('Bad Dual Groups', 'BNd', 'Bad_Dual_Groups_BNd');
INSERT OR IGNORE INTO condition_patterns (custom_format_name, condition_name, regular_expression_name) VALUES ('Bad Dual Groups', 'CAA', 'Bad_Dual_Groups_CAA');
INSERT OR IGNORE INTO condition_patterns (custom_format_name, condition_name, regular_expression_name) VALUES ('Bad Dual Groups', 'Cory', 'Bad_Dual_Groups_Cory');
INSERT OR IGNORE INTO condition_patterns (custom_format_name, condition_name, regular_expression_name) VALUES ('Bad Dual Groups', 'EXTREME', 'Bad_Dual_Groups_EXTREME');
INSERT OR IGNORE INTO condition_patterns (custom_format_name, condition_name, regular_expression_name) VALUES ('Bad Dual Groups', 'FF', 'Bad_Dual_Groups_FF');
INSERT OR IGNORE INTO condition_patterns (custom_format_name, condition_name, regular_expression_name) VALUES ('Bad Dual Groups', 'FOXX', 'Bad_Dual_Groups_FOXX');
INSERT OR IGNORE INTO condition_patterns (custom_format_name, condition_name, regular_expression_name) VALUES ('Bad Dual Groups', 'G4RiS', 'Bad_Dual_Groups_G4RiS');
INSERT OR IGNORE INTO condition_patterns (custom_format_name, condition_name, regular_expression_name) VALUES ('Bad Dual Groups', 'GUEIRA', 'Bad_Dual_Groups_GUEIRA');
INSERT OR IGNORE INTO condition_patterns (custom_format_name, condition_name, regular_expression_name) VALUES ('Bad Dual Groups', 'LCD', 'Bad_Dual_Groups_LCD');
INSERT OR IGNORE INTO condition_patterns (custom_format_name, condition_name, regular_expression_name) VALUES ('Bad Dual Groups', 'N3G4N', 'Bad_Dual_Groups_N3G4N');
INSERT OR IGNORE INTO condition_patterns (custom_format_name, condition_name, regular_expression_name) VALUES ('Bad Dual Groups', 'PD', 'Bad_Dual_Groups_PD');
INSERT OR IGNORE INTO condition_patterns (custom_format_name, condition_name, regular_expression_name) VALUES ('Bad Dual Groups', 'PTHome', 'Bad_Dual_Groups_PTHome');
INSERT OR IGNORE INTO condition_patterns (custom_format_name, condition_name, regular_expression_name) VALUES ('Bad Dual Groups', 'RiPER', 'Bad_Dual_Groups_RiPER');
INSERT OR IGNORE INTO condition_patterns (custom_format_name, condition_name, regular_expression_name) VALUES ('Bad Dual Groups', 'RK', 'Bad_Dual_Groups_RK');
INSERT OR IGNORE INTO condition_patterns (custom_format_name, condition_name, regular_expression_name) VALUES ('Bad Dual Groups', 'SiGLA', 'Bad_Dual_Groups_SiGLA');
INSERT OR IGNORE INTO condition_patterns (custom_format_name, condition_name, regular_expression_name) VALUES ('Bad Dual Groups', 'Tars', 'Bad_Dual_Groups_Tars');
INSERT OR IGNORE INTO condition_patterns (custom_format_name, condition_name, regular_expression_name) VALUES ('Bad Dual Groups', 'tokar86a', 'Bad_Dual_Groups_tokar86a');
INSERT OR IGNORE INTO condition_patterns (custom_format_name, condition_name, regular_expression_name) VALUES ('Bad Dual Groups', 'TURG', 'Bad_Dual_Groups_TURG');
INSERT OR IGNORE INTO condition_patterns (custom_format_name, condition_name, regular_expression_name) VALUES ('Bad Dual Groups', 'vnlls', 'Bad_Dual_Groups_vnlls');
INSERT OR IGNORE INTO condition_patterns (custom_format_name, condition_name, regular_expression_name) VALUES ('Bad Dual Groups', 'WTV', 'Bad_Dual_Groups_WTV');
INSERT OR IGNORE INTO condition_patterns (custom_format_name, condition_name, regular_expression_name) VALUES ('Bad Dual Groups', 'Yatogam1', 'Bad_Dual_Groups_Yatogam1');
INSERT OR IGNORE INTO condition_patterns (custom_format_name, condition_name, regular_expression_name) VALUES ('Bad Dual Groups', 'YusukeFLA', 'Bad_Dual_Groups_YusukeFLA');
INSERT OR IGNORE INTO condition_patterns (custom_format_name, condition_name, regular_expression_name) VALUES ('Bad Dual Groups', 'ZigZag', 'Bad_Dual_Groups_ZigZag');
INSERT OR IGNORE INTO condition_patterns (custom_format_name, condition_name, regular_expression_name) VALUES ('Bad Dual Groups', 'ZNM', 'Bad_Dual_Groups_ZNM');
INSERT OR IGNORE INTO regular_expressions (name, pattern) VALUES ('Bad_Dual_Groups_alfaHD', '^(alfaHD.*)$');
INSERT OR IGNORE INTO regular_expressions (name, pattern) VALUES ('Bad_Dual_Groups_BAT', '^(BAT)$');
INSERT OR IGNORE INTO regular_expressions (name, pattern) VALUES ('Bad_Dual_Groups_BiOMA', '^(BiOMA)$');
INSERT OR IGNORE INTO regular_expressions (name, pattern) VALUES ('Bad_Dual_Groups_BlackBit', '^(BlackBit)$');
INSERT OR IGNORE INTO regular_expressions (name, pattern) VALUES ('Bad_Dual_Groups_BNd', '^(BNd)$');
INSERT OR IGNORE INTO regular_expressions (name, pattern) VALUES ('Bad_Dual_Groups_CAA', '^(C\.A\.A)$');
INSERT OR IGNORE INTO regular_expressions (name, pattern) VALUES ('Bad_Dual_Groups_Cory', '^(Cory)$');
INSERT OR IGNORE INTO regular_expressions (name, pattern) VALUES ('Bad_Dual_Groups_EXTREME', '^(EXTREME)$');
INSERT OR IGNORE INTO regular_expressions (name, pattern) VALUES ('Bad_Dual_Groups_FF', '^(FF)$');
INSERT OR IGNORE INTO regular_expressions (name, pattern) VALUES ('Bad_Dual_Groups_FOXX', '^(FOXX)$');
INSERT OR IGNORE INTO regular_expressions (name, pattern) VALUES ('Bad_Dual_Groups_G4RiS', '^(G4RiS)$');
INSERT OR IGNORE INTO regular_expressions (name, pattern) VALUES ('Bad_Dual_Groups_GUEIRA', '^(GUEIRA)$');
INSERT OR IGNORE INTO regular_expressions (name, pattern) VALUES ('Bad_Dual_Groups_LCD', '^(LCD)$');
INSERT OR IGNORE INTO regular_expressions (name, pattern) VALUES ('Bad_Dual_Groups_N3G4N', '^(N3G4N)$');
INSERT OR IGNORE INTO regular_expressions (name, pattern) VALUES ('Bad_Dual_Groups_PD', '^(PD)$');
INSERT OR IGNORE INTO regular_expressions (name, pattern) VALUES ('Bad_Dual_Groups_PTHome', '^(PTHome)$');
INSERT OR IGNORE INTO regular_expressions (name, pattern) VALUES ('Bad_Dual_Groups_RiPER', '^(RiPER)$');
INSERT OR IGNORE INTO regular_expressions (name, pattern) VALUES ('Bad_Dual_Groups_RK', '^(RK)$');
INSERT OR IGNORE INTO regular_expressions (name, pattern) VALUES ('Bad_Dual_Groups_SiGLA', '^(SiGLA)$');
INSERT OR IGNORE INTO regular_expressions (name, pattern) VALUES ('Bad_Dual_Groups_Tars', '^(Tars)$');
INSERT OR IGNORE INTO regular_expressions (name, pattern) VALUES ('Bad_Dual_Groups_tokar86a', '^(tokar86a)$');
INSERT OR IGNORE INTO regular_expressions (name, pattern) VALUES ('Bad_Dual_Groups_TURG', '^(TURG)$');
INSERT OR IGNORE INTO regular_expressions (name, pattern) VALUES ('Bad_Dual_Groups_vnlls', '^(vnlls)$');
INSERT OR IGNORE INTO regular_expressions (name, pattern) VALUES ('Bad_Dual_Groups_WTV', '^(WTV)$');
INSERT OR IGNORE INTO regular_expressions (name, pattern) VALUES ('Bad_Dual_Groups_Yatogam1', '^(Yatogam1)$');
INSERT OR IGNORE INTO regular_expressions (name, pattern) VALUES ('Bad_Dual_Groups_YusukeFLA', '^(YusukeFLA)$');
INSERT OR IGNORE INTO regular_expressions (name, pattern) VALUES ('Bad_Dual_Groups_ZigZag', '^(ZigZag)$');
INSERT OR IGNORE INTO regular_expressions (name, pattern) VALUES ('Bad_Dual_Groups_ZNM', '^(ZNM)$');
INSERT OR IGNORE INTO custom_format_conditions (custom_format_name, name, type, arr_type, negate, required) VALUES ('Bad Dual Groups', 'alfaHD', 'pattern', 'sonarr', 0, 0);
INSERT OR IGNORE INTO custom_format_conditions (custom_format_name, name, type, arr_type, negate, required) VALUES ('Bad Dual Groups', 'BAT', 'pattern', 'sonarr', 0, 0);
INSERT OR IGNORE INTO custom_format_conditions (custom_format_name, name, type, arr_type, negate, required) VALUES ('Bad Dual Groups', 'BiOMA', 'pattern', 'sonarr', 0, 0);
INSERT OR IGNORE INTO custom_format_conditions (custom_format_name, name, type, arr_type, negate, required) VALUES ('Bad Dual Groups', 'BlackBit', 'pattern', 'sonarr', 0, 0);
INSERT OR IGNORE INTO custom_format_conditions (custom_format_name, name, type, arr_type, negate, required) VALUES ('Bad Dual Groups', 'BNd', 'pattern', 'sonarr', 0, 0);
INSERT OR IGNORE INTO custom_format_conditions (custom_format_name, name, type, arr_type, negate, required) VALUES ('Bad Dual Groups', 'CAA', 'pattern', 'sonarr', 0, 0);
INSERT OR IGNORE INTO custom_format_conditions (custom_format_name, name, type, arr_type, negate, required) VALUES ('Bad Dual Groups', 'Cory', 'pattern', 'sonarr', 0, 0);
INSERT OR IGNORE INTO custom_format_conditions (custom_format_name, name, type, arr_type, negate, required) VALUES ('Bad Dual Groups', 'EXTREME', 'pattern', 'sonarr', 0, 0);
INSERT OR IGNORE INTO custom_format_conditions (custom_format_name, name, type, arr_type, negate, required) VALUES ('Bad Dual Groups', 'FF', 'pattern', 'sonarr', 0, 0);
INSERT OR IGNORE INTO custom_format_conditions (custom_format_name, name, type, arr_type, negate, required) VALUES ('Bad Dual Groups', 'FOXX', 'pattern', 'sonarr', 0, 0);
INSERT OR IGNORE INTO custom_format_conditions (custom_format_name, name, type, arr_type, negate, required) VALUES ('Bad Dual Groups', 'G4RiS', 'pattern', 'sonarr', 0, 0);
INSERT OR IGNORE INTO custom_format_conditions (custom_format_name, name, type, arr_type, negate, required) VALUES ('Bad Dual Groups', 'GUEIRA', 'pattern', 'sonarr', 0, 0);
INSERT OR IGNORE INTO custom_format_conditions (custom_format_name, name, type, arr_type, negate, required) VALUES ('Bad Dual Groups', 'LCD', 'pattern', 'sonarr', 0, 0);
INSERT OR IGNORE INTO custom_format_conditions (custom_format_name, name, type, arr_type, negate, required) VALUES ('Bad Dual Groups', 'N3G4N', 'pattern', 'sonarr', 0, 0);
INSERT OR IGNORE INTO custom_format_conditions (custom_format_name, name, type, arr_type, negate, required) VALUES ('Bad Dual Groups', 'PD', 'pattern', 'sonarr', 0, 0);
INSERT OR IGNORE INTO custom_format_conditions (custom_format_name, name, type, arr_type, negate, required) VALUES ('Bad Dual Groups', 'PTHome', 'pattern', 'sonarr', 0, 0);
INSERT OR IGNORE INTO custom_format_conditions (custom_format_name, name, type, arr_type, negate, required) VALUES ('Bad Dual Groups', 'RiPER', 'pattern', 'sonarr', 0, 0);
INSERT OR IGNORE INTO custom_format_conditions (custom_format_name, name, type, arr_type, negate, required) VALUES ('Bad Dual Groups', 'RK', 'pattern', 'sonarr', 0, 0);
INSERT OR IGNORE INTO custom_format_conditions (custom_format_name, name, type, arr_type, negate, required) VALUES ('Bad Dual Groups', 'SiGLA', 'pattern', 'sonarr', 0, 0);
INSERT OR IGNORE INTO custom_format_conditions (custom_format_name, name, type, arr_type, negate, required) VALUES ('Bad Dual Groups', 'Tars', 'pattern', 'sonarr', 0, 0);
INSERT OR IGNORE INTO custom_format_conditions (custom_format_name, name, type, arr_type, negate, required) VALUES ('Bad Dual Groups', 'tokar86a', 'pattern', 'sonarr', 0, 0);
INSERT OR IGNORE INTO custom_format_conditions (custom_format_name, name, type, arr_type, negate, required) VALUES ('Bad Dual Groups', 'TURG', 'pattern', 'sonarr', 0, 0);
INSERT OR IGNORE INTO custom_format_conditions (custom_format_name, name, type, arr_type, negate, required) VALUES ('Bad Dual Groups', 'vnlls', 'pattern', 'sonarr', 0, 0);
INSERT OR IGNORE INTO custom_format_conditions (custom_format_name, name, type, arr_type, negate, required) VALUES ('Bad Dual Groups', 'WTV', 'pattern', 'sonarr', 0, 0);
INSERT OR IGNORE INTO custom_format_conditions (custom_format_name, name, type, arr_type, negate, required) VALUES ('Bad Dual Groups', 'Yatogam1', 'pattern', 'sonarr', 0, 0);
INSERT OR IGNORE INTO custom_format_conditions (custom_format_name, name, type, arr_type, negate, required) VALUES ('Bad Dual Groups', 'YusukeFLA', 'pattern', 'sonarr', 0, 0);
INSERT OR IGNORE INTO custom_format_conditions (custom_format_name, name, type, arr_type, negate, required) VALUES ('Bad Dual Groups', 'ZigZag', 'pattern', 'sonarr', 0, 0);
INSERT OR IGNORE INTO custom_format_conditions (custom_format_name, name, type, arr_type, negate, required) VALUES ('Bad Dual Groups', 'ZNM', 'pattern', 'sonarr', 0, 0);

INSERT OR IGNORE INTO custom_formats (name, description, include_in_rename) VALUES ('B-Global', '7dd31f3dee6d2ef8eeaa156e23c3857e', 1);
INSERT OR IGNORE INTO condition_patterns (custom_format_name, condition_name, regular_expression_name) VALUES ('B-Global', 'B-Global', 'B-Global_B-Global');
INSERT OR IGNORE INTO condition_sources (custom_format_name, condition_name, source) VALUES ('B-Global', 'WEBDL', 'TELECINE');
INSERT OR IGNORE INTO condition_sources (custom_format_name, condition_name, source) VALUES ('B-Global', 'WEBRIP', 'WORKPRINT');
INSERT OR IGNORE INTO condition_sources (custom_format_name, condition_name, source) VALUES ('B-Global', 'WEB', 'CAM');
INSERT OR IGNORE INTO regular_expressions (name, pattern) VALUES ('B-Global_B-Global', '\b(B[ .-]?Global)\b');
INSERT OR IGNORE INTO custom_format_conditions (custom_format_name, name, type, arr_type, negate, required) VALUES ('B-Global', 'WEBDL', 'source', 'sonarr', 0, 0);
INSERT OR IGNORE INTO custom_format_conditions (custom_format_name, name, type, arr_type, negate, required) VALUES ('B-Global', 'WEBRIP', 'source', 'sonarr', 0, 0);
INSERT OR IGNORE INTO custom_format_conditions (custom_format_name, name, type, arr_type, negate, required) VALUES ('B-Global', 'WEB', 'source', 'sonarr', 0, 0);
INSERT OR IGNORE INTO custom_format_conditions (custom_format_name, name, type, arr_type, negate, required) VALUES ('B-Global', 'B-Global', 'pattern', 'sonarr', 0, 1);

INSERT OR IGNORE INTO custom_formats (name, description, include_in_rename) VALUES ('Bilibili', '4c67ff059210182b59cdd41697b8cb08', 1);
INSERT OR IGNORE INTO condition_patterns (custom_format_name, condition_name, regular_expression_name) VALUES ('Bilibili', 'Bilibili', 'Bilibili_Bilibili');
INSERT OR IGNORE INTO condition_sources (custom_format_name, condition_name, source) VALUES ('Bilibili', 'WEBDL', 'TELECINE');
INSERT OR IGNORE INTO condition_sources (custom_format_name, condition_name, source) VALUES ('Bilibili', 'WEBRIP', 'WORKPRINT');
INSERT OR IGNORE INTO condition_sources (custom_format_name, condition_name, source) VALUES ('Bilibili', 'WEB', 'CAM');
INSERT OR IGNORE INTO regular_expressions (name, pattern) VALUES ('Bilibili_Bilibili', '\b(Bili(bili)?)\b');
INSERT OR IGNORE INTO custom_format_conditions (custom_format_name, name, type, arr_type, negate, required) VALUES ('Bilibili', 'WEBDL', 'source', 'sonarr', 0, 0);
INSERT OR IGNORE INTO custom_format_conditions (custom_format_name, name, type, arr_type, negate, required) VALUES ('Bilibili', 'WEBRIP', 'source', 'sonarr', 0, 0);
INSERT OR IGNORE INTO custom_format_conditions (custom_format_name, name, type, arr_type, negate, required) VALUES ('Bilibili', 'WEB', 'source', 'sonarr', 0, 0);
INSERT OR IGNORE INTO custom_format_conditions (custom_format_name, name, type, arr_type, negate, required) VALUES ('Bilibili', 'Bilibili', 'pattern', 'sonarr', 0, 1);

INSERT OR IGNORE INTO custom_formats (name, description, include_in_rename) VALUES ('BR-DISK (BTN)', '6f808933a71bd9666531610cb8c059cc', 0);
INSERT OR IGNORE INTO condition_patterns (custom_format_name, condition_name, regular_expression_name) VALUES ('BR-DISK (BTN)', 'BR-DISK', 'BR-DISK_(BTN)_BR-DISK');
INSERT OR IGNORE INTO regular_expressions (name, pattern) VALUES ('BR-DISK_(BTN)_BR-DISK', '^(?!.*\b((?<!HD[._ -]|HD)DVD|BDRip|720p|MKV|XviD|WMV|d3g|(BD)?REMUX|^(?=.*1080p)(?=.*HEVC)|[x][-_. ]?26[45]|German.*[DM]L|((?<=\d{4}).*German.*([DM]L)?)(?=.*\b(AVC|HEVC|VC[-_. ]?1|MVC|MPEG[-_. ]?2)\b))\b)(((?=.*\b(Blu[-_. ]?ray|BD|HD[-_. ]?DVD)\b)(?=.*\b(AVC|HEVC|VC[-_. ]?1|MVC|MPEG[-_. ]?2|BDMV|ISO|H[ ._-]?26[45])\b))|^((?=.*\b(((?=.*\b((.*_)?COMPLETE.*|Dis[ck])\b)(?=.*(Blu[-_. ]?ray|HD[-_. ]?DVD)))|3D[-_. ]?BD|BR[-_. ]?DISK|Full[-_. ]?Blu[-_. ]?ray|^((?=.*((BD|UHD)[-_. ]?(25|50|66|100|ISO)))))))).*');
INSERT OR IGNORE INTO custom_format_conditions (custom_format_name, name, type, arr_type, negate, required) VALUES ('BR-DISK (BTN)', 'BR-DISK', 'pattern', 'sonarr', 0, 1);

INSERT OR IGNORE INTO custom_formats (name, description, include_in_rename) VALUES ('BR-DISK', '85c61753df5da1fb2aab6f2a47426b09', 0);
INSERT OR IGNORE INTO condition_patterns (custom_format_name, condition_name, regular_expression_name) VALUES ('BR-DISK', 'BR-DISK', 'BR-DISK_BR-DISK');
INSERT OR IGNORE INTO regular_expressions (name, pattern) VALUES ('BR-DISK_BR-DISK', '^(?!.*\b((?<!HD[._ -]|HD)DVD|BDRip|720p|MKV|XviD|WMV|d3g|(BD)?REMUX|^(?=.*1080p)(?=.*HEVC)|[xh][-_. ]?26[45]|German.*[DM]L|((?<=\d{4}).*German.*([DM]L)?)(?=.*\b(AVC|HEVC|VC[-_. ]?1|MVC|MPEG[-_. ]?2)\b))\b)(((?=.*\b(Blu[-_. ]?ray|BD|HD[-_. ]?DVD)\b)(?=.*\b(AVC|HEVC|VC[-_. ]?1|MVC|MPEG[-_. ]?2|BDMV|ISO)\b))|^((?=.*\b(((?=.*\b((.*_)?COMPLETE.*|Dis[ck])\b)(?=.*(Blu[-_. ]?ray|HD[-_. ]?DVD)))|3D[-_. ]?BD|BR[-_. ]?DISK|Full[-_. ]?Blu[-_. ]?ray|^((?=.*((BD|UHD)[-_. ]?(25|50|66|100|ISO)))))))).*');
INSERT OR IGNORE INTO custom_format_conditions (custom_format_name, name, type, arr_type, negate, required) VALUES ('BR-DISK', 'BR-DISK', 'pattern', 'sonarr', 0, 1);

INSERT OR IGNORE INTO custom_formats (name, description, include_in_rename) VALUES ('CBC', 'defb0b4c8b3f6a15927c0f14c6e69c94', 1);
INSERT OR IGNORE INTO condition_patterns (custom_format_name, condition_name, regular_expression_name) VALUES ('CBC', 'CBC', 'CBC_CBC');
INSERT OR IGNORE INTO condition_sources (custom_format_name, condition_name, source) VALUES ('CBC', 'WEBDL', 'TELECINE');
INSERT OR IGNORE INTO condition_sources (custom_format_name, condition_name, source) VALUES ('CBC', 'WEBRIP', 'WORKPRINT');
INSERT OR IGNORE INTO regular_expressions (name, pattern) VALUES ('CBC_CBC', '\b(CBC)\b');
INSERT OR IGNORE INTO custom_format_conditions (custom_format_name, name, type, arr_type, negate, required) VALUES ('CBC', 'CBC', 'pattern', 'sonarr', 0, 1);
INSERT OR IGNORE INTO custom_format_conditions (custom_format_name, name, type, arr_type, negate, required) VALUES ('CBC', 'WEBDL', 'source', 'sonarr', 0, 0);
INSERT OR IGNORE INTO custom_format_conditions (custom_format_name, name, type, arr_type, negate, required) VALUES ('CBC', 'WEBRIP', 'source', 'sonarr', 0, 0);

INSERT OR IGNORE INTO custom_formats (name, description, include_in_rename) VALUES ('CC', '77a7b25585c18af08f60b1547bb9b4fb', 1);
INSERT OR IGNORE INTO condition_patterns (custom_format_name, condition_name, regular_expression_name) VALUES ('CC', 'Comedy Central', 'CC_Comedy_Central');
INSERT OR IGNORE INTO condition_patterns (custom_format_name, condition_name, regular_expression_name) VALUES ('CC', 'CC Rename', 'CC_CC_Rename');
INSERT OR IGNORE INTO condition_sources (custom_format_name, condition_name, source) VALUES ('CC', 'WEBDL', 'TELECINE');
INSERT OR IGNORE INTO condition_sources (custom_format_name, condition_name, source) VALUES ('CC', 'WEBRIP', 'WORKPRINT');
INSERT OR IGNORE INTO regular_expressions (name, pattern) VALUES ('CC_Comedy_Central', '\b(CC)\b[ ._-]web[ ._-]?(dl|rip)?\b');
INSERT OR IGNORE INTO regular_expressions (name, pattern) VALUES ('CC_CC_Rename', '\[(CC)\b|\b(CC)\]');
INSERT OR IGNORE INTO custom_format_conditions (custom_format_name, name, type, arr_type, negate, required) VALUES ('CC', 'Comedy Central', 'pattern', 'sonarr', 0, 0);
INSERT OR IGNORE INTO custom_format_conditions (custom_format_name, name, type, arr_type, negate, required) VALUES ('CC', 'CC Rename', 'pattern', 'sonarr', 0, 0);
INSERT OR IGNORE INTO custom_format_conditions (custom_format_name, name, type, arr_type, negate, required) VALUES ('CC', 'WEBDL', 'source', 'sonarr', 0, 0);
INSERT OR IGNORE INTO custom_format_conditions (custom_format_name, name, type, arr_type, negate, required) VALUES ('CC', 'WEBRIP', 'source', 'sonarr', 0, 0);

INSERT OR IGNORE INTO custom_formats (name, description, include_in_rename) VALUES ('CR', '3e0b26604165f463f3e8e192261e7284', 1);
INSERT OR IGNORE INTO condition_patterns (custom_format_name, condition_name, regular_expression_name) VALUES ('CR', 'Crunchyroll', 'CR_Crunchyroll');
INSERT OR IGNORE INTO condition_sources (custom_format_name, condition_name, source) VALUES ('CR', 'WEBDL', 'TELECINE');
INSERT OR IGNORE INTO condition_sources (custom_format_name, condition_name, source) VALUES ('CR', 'WEBRIP', 'WORKPRINT');
INSERT OR IGNORE INTO condition_sources (custom_format_name, condition_name, source) VALUES ('CR', 'WEB', 'CAM');
INSERT OR IGNORE INTO regular_expressions (name, pattern) VALUES ('CR_Crunchyroll', '\b(C(runchy)?[ .-]?R(oll)?)\b');
INSERT OR IGNORE INTO custom_format_conditions (custom_format_name, name, type, arr_type, negate, required) VALUES ('CR', 'WEBDL', 'source', 'sonarr', 0, 0);
INSERT OR IGNORE INTO custom_format_conditions (custom_format_name, name, type, arr_type, negate, required) VALUES ('CR', 'WEBRIP', 'source', 'sonarr', 0, 0);
INSERT OR IGNORE INTO custom_format_conditions (custom_format_name, name, type, arr_type, negate, required) VALUES ('CR', 'WEB', 'source', 'sonarr', 0, 0);
INSERT OR IGNORE INTO custom_format_conditions (custom_format_name, name, type, arr_type, negate, required) VALUES ('CR', 'Crunchyroll', 'pattern', 'sonarr', 0, 1);

INSERT OR IGNORE INTO custom_formats (name, description, include_in_rename) VALUES ('CRAV', '4e9a630db98d5391aec1368a0256e2fe', 1);
INSERT OR IGNORE INTO condition_patterns (custom_format_name, condition_name, regular_expression_name) VALUES ('CRAV', 'Crave', 'CRAV_Crave');
INSERT OR IGNORE INTO condition_patterns (custom_format_name, condition_name, regular_expression_name) VALUES ('CRAV', 'Crave Rename', 'CRAV_Crave_Rename');
INSERT OR IGNORE INTO condition_sources (custom_format_name, condition_name, source) VALUES ('CRAV', 'WEBDL', 'TELECINE');
INSERT OR IGNORE INTO condition_sources (custom_format_name, condition_name, source) VALUES ('CRAV', 'WEBRIP', 'WORKPRINT');
INSERT OR IGNORE INTO regular_expressions (name, pattern) VALUES ('CRAV_Crave', '\b(crav(e)?)\b[ ._-]web[ ._-]?(dl|rip)?\b');
INSERT OR IGNORE INTO regular_expressions (name, pattern) VALUES ('CRAV_Crave_Rename', '\[(CRAV)\b|\b(CRAV)\]');
INSERT OR IGNORE INTO custom_format_conditions (custom_format_name, name, type, arr_type, negate, required) VALUES ('CRAV', 'Crave', 'pattern', 'sonarr', 0, 0);
INSERT OR IGNORE INTO custom_format_conditions (custom_format_name, name, type, arr_type, negate, required) VALUES ('CRAV', 'Crave Rename', 'pattern', 'sonarr', 0, 0);
INSERT OR IGNORE INTO custom_format_conditions (custom_format_name, name, type, arr_type, negate, required) VALUES ('CRAV', 'WEBDL', 'source', 'sonarr', 0, 0);
INSERT OR IGNORE INTO custom_format_conditions (custom_format_name, name, type, arr_type, negate, required) VALUES ('CRAV', 'WEBRIP', 'source', 'sonarr', 0, 0);

INSERT OR IGNORE INTO custom_formats (name, description, include_in_rename) VALUES ('DCU', '36b72f59f4ea20aad9316f475f2d9fbb', 1);
INSERT OR IGNORE INTO condition_patterns (custom_format_name, condition_name, regular_expression_name) VALUES ('DCU', 'DC Universe', 'DCU_DC_Universe');
INSERT OR IGNORE INTO condition_sources (custom_format_name, condition_name, source) VALUES ('DCU', 'WEBDL', 'TELECINE');
INSERT OR IGNORE INTO condition_sources (custom_format_name, condition_name, source) VALUES ('DCU', 'WEBRIP', 'WORKPRINT');
INSERT OR IGNORE INTO regular_expressions (name, pattern) VALUES ('DCU_DC_Universe', '\b(dcu|DC Universe)\b');
INSERT OR IGNORE INTO custom_format_conditions (custom_format_name, name, type, arr_type, negate, required) VALUES ('DCU', 'DC Universe', 'pattern', 'sonarr', 0, 1);
INSERT OR IGNORE INTO custom_format_conditions (custom_format_name, name, type, arr_type, negate, required) VALUES ('DCU', 'WEBDL', 'source', 'sonarr', 0, 0);
INSERT OR IGNORE INTO custom_format_conditions (custom_format_name, name, type, arr_type, negate, required) VALUES ('DCU', 'WEBRIP', 'source', 'sonarr', 0, 0);

INSERT OR IGNORE INTO custom_formats (name, description, include_in_rename) VALUES ('DD', 'dbe00161b08a25ac6154c55f95e6318d', 0);
INSERT OR IGNORE INTO condition_patterns (custom_format_name, condition_name, regular_expression_name) VALUES ('DD', 'Basic Dolby Digital', 'DD_Basic_Dolby_Digital');
INSERT OR IGNORE INTO condition_patterns (custom_format_name, condition_name, regular_expression_name) VALUES ('DD', 'Not Dolby Digital Plus', 'DD_Not_Dolby_Digital_Plus');
INSERT OR IGNORE INTO condition_patterns (custom_format_name, condition_name, regular_expression_name) VALUES ('DD', 'Not TrueHDATMOS', 'DD_Not_TrueHDATMOS');
INSERT OR IGNORE INTO condition_patterns (custom_format_name, condition_name, regular_expression_name) VALUES ('DD', 'Not DTS', 'DD_Not_DTS');
INSERT OR IGNORE INTO condition_patterns (custom_format_name, condition_name, regular_expression_name) VALUES ('DD', 'Not FLAC', 'DD_Not_FLAC');
INSERT OR IGNORE INTO condition_patterns (custom_format_name, condition_name, regular_expression_name) VALUES ('DD', 'Not AAC', 'DD_Not_AAC');
INSERT OR IGNORE INTO condition_patterns (custom_format_name, condition_name, regular_expression_name) VALUES ('DD', 'Not PCM', 'DD_Not_PCM');
INSERT OR IGNORE INTO regular_expressions (name, pattern) VALUES ('DD_Basic_Dolby_Digital', '\bDD[^a-z+]|(?<!e-)\b(ac-?3)\b');
INSERT OR IGNORE INTO regular_expressions (name, pattern) VALUES ('DD_Not_Dolby_Digital_Plus', '\bDD[P+]|\b(e[-_. ]?ac-?3)\b');
INSERT OR IGNORE INTO regular_expressions (name, pattern) VALUES ('DD_Not_TrueHDATMOS', 'True[ .-]?HD|\bATMOS(\b|\d)');
INSERT OR IGNORE INTO regular_expressions (name, pattern) VALUES ('DD_Not_DTS', '\bDTS(\b|\d)');
INSERT OR IGNORE INTO regular_expressions (name, pattern) VALUES ('DD_Not_FLAC', '\bFLAC(\b|\d)');
INSERT OR IGNORE INTO regular_expressions (name, pattern) VALUES ('DD_Not_AAC', '\bAAC(\b|\d)');
INSERT OR IGNORE INTO regular_expressions (name, pattern) VALUES ('DD_Not_PCM', '\b(l?)PCM(\b|\d)');
INSERT OR IGNORE INTO custom_format_conditions (custom_format_name, name, type, arr_type, negate, required) VALUES ('DD', 'Basic Dolby Digital', 'pattern', 'sonarr', 0, 1);
INSERT OR IGNORE INTO custom_format_conditions (custom_format_name, name, type, arr_type, negate, required) VALUES ('DD', 'Not Dolby Digital Plus', 'pattern', 'sonarr', 1, 1);
INSERT OR IGNORE INTO custom_format_conditions (custom_format_name, name, type, arr_type, negate, required) VALUES ('DD', 'Not TrueHDATMOS', 'pattern', 'sonarr', 1, 1);
INSERT OR IGNORE INTO custom_format_conditions (custom_format_name, name, type, arr_type, negate, required) VALUES ('DD', 'Not DTS', 'pattern', 'sonarr', 1, 1);
INSERT OR IGNORE INTO custom_format_conditions (custom_format_name, name, type, arr_type, negate, required) VALUES ('DD', 'Not FLAC', 'pattern', 'sonarr', 1, 1);
INSERT OR IGNORE INTO custom_format_conditions (custom_format_name, name, type, arr_type, negate, required) VALUES ('DD', 'Not AAC', 'pattern', 'sonarr', 1, 1);
INSERT OR IGNORE INTO custom_format_conditions (custom_format_name, name, type, arr_type, negate, required) VALUES ('DD', 'Not PCM', 'pattern', 'sonarr', 1, 1);

INSERT OR IGNORE INTO custom_formats (name, description, include_in_rename) VALUES ('DD+ ATMOS', '4232a509ce60c4e208d13825b7c06264', 0);
INSERT OR IGNORE INTO condition_patterns (custom_format_name, condition_name, regular_expression_name) VALUES ('DD+ ATMOS', 'Dolby Digital Plus', 'DD+_ATMOS_Dolby_Digital_Plus');
INSERT OR IGNORE INTO condition_patterns (custom_format_name, condition_name, regular_expression_name) VALUES ('DD+ ATMOS', 'ATMOS', 'DD+_ATMOS_ATMOS');
INSERT OR IGNORE INTO condition_patterns (custom_format_name, condition_name, regular_expression_name) VALUES ('DD+ ATMOS', 'Not TrueHD', 'DD+_ATMOS_Not_TrueHD');
INSERT OR IGNORE INTO condition_patterns (custom_format_name, condition_name, regular_expression_name) VALUES ('DD+ ATMOS', 'Not DTS', 'DD+_ATMOS_Not_DTS');
INSERT OR IGNORE INTO condition_patterns (custom_format_name, condition_name, regular_expression_name) VALUES ('DD+ ATMOS', 'Not Basic Dolby Digital ', 'DD+_ATMOS_Not_Basic_Dolby_Digital_');
INSERT OR IGNORE INTO condition_patterns (custom_format_name, condition_name, regular_expression_name) VALUES ('DD+ ATMOS', 'Not FLAC', 'DD+_ATMOS_Not_FLAC');
INSERT OR IGNORE INTO condition_patterns (custom_format_name, condition_name, regular_expression_name) VALUES ('DD+ ATMOS', 'Not AAC', 'DD+_ATMOS_Not_AAC');
INSERT OR IGNORE INTO condition_patterns (custom_format_name, condition_name, regular_expression_name) VALUES ('DD+ ATMOS', 'Not PCM', 'DD+_ATMOS_Not_PCM');
INSERT OR IGNORE INTO regular_expressions (name, pattern) VALUES ('DD+_ATMOS_Dolby_Digital_Plus', '\bDD[P+]|\b(e[-_. ]?ac-?3)\b');
INSERT OR IGNORE INTO regular_expressions (name, pattern) VALUES ('DD+_ATMOS_ATMOS', '\b(ATMOS|DDPA)(\b|\d)');
INSERT OR IGNORE INTO regular_expressions (name, pattern) VALUES ('DD+_ATMOS_Not_TrueHD', 'True[ .-]?HD');
INSERT OR IGNORE INTO regular_expressions (name, pattern) VALUES ('DD+_ATMOS_Not_DTS', '\bDTS(\b|\d)');
INSERT OR IGNORE INTO regular_expressions (name, pattern) VALUES ('DD+_ATMOS_Not_Basic_Dolby_Digital_', '\bDD[^a-z+]|(?<!e-)\b(ac-?3)\b');
INSERT OR IGNORE INTO regular_expressions (name, pattern) VALUES ('DD+_ATMOS_Not_FLAC', '\bFLAC(\b|\d)');
INSERT OR IGNORE INTO regular_expressions (name, pattern) VALUES ('DD+_ATMOS_Not_AAC', '\bAAC(\b|\d)');
INSERT OR IGNORE INTO regular_expressions (name, pattern) VALUES ('DD+_ATMOS_Not_PCM', '\b(l?)PCM(\b|\d)');
INSERT OR IGNORE INTO custom_format_conditions (custom_format_name, name, type, arr_type, negate, required) VALUES ('DD+ ATMOS', 'Dolby Digital Plus', 'pattern', 'sonarr', 0, 1);
INSERT OR IGNORE INTO custom_format_conditions (custom_format_name, name, type, arr_type, negate, required) VALUES ('DD+ ATMOS', 'ATMOS', 'pattern', 'sonarr', 0, 1);
INSERT OR IGNORE INTO custom_format_conditions (custom_format_name, name, type, arr_type, negate, required) VALUES ('DD+ ATMOS', 'Not TrueHD', 'pattern', 'sonarr', 1, 1);
INSERT OR IGNORE INTO custom_format_conditions (custom_format_name, name, type, arr_type, negate, required) VALUES ('DD+ ATMOS', 'Not DTS', 'pattern', 'sonarr', 1, 1);
INSERT OR IGNORE INTO custom_format_conditions (custom_format_name, name, type, arr_type, negate, required) VALUES ('DD+ ATMOS', 'Not Basic Dolby Digital ', 'pattern', 'sonarr', 1, 1);
INSERT OR IGNORE INTO custom_format_conditions (custom_format_name, name, type, arr_type, negate, required) VALUES ('DD+ ATMOS', 'Not FLAC', 'pattern', 'sonarr', 1, 1);
INSERT OR IGNORE INTO custom_format_conditions (custom_format_name, name, type, arr_type, negate, required) VALUES ('DD+ ATMOS', 'Not AAC', 'pattern', 'sonarr', 1, 1);
INSERT OR IGNORE INTO custom_format_conditions (custom_format_name, name, type, arr_type, negate, required) VALUES ('DD+ ATMOS', 'Not PCM', 'pattern', 'sonarr', 1, 1);

INSERT OR IGNORE INTO custom_formats (name, description, include_in_rename) VALUES ('DD+', '63487786a8b01b7f20dd2bc90dd4a477', 0);
INSERT OR IGNORE INTO condition_patterns (custom_format_name, condition_name, regular_expression_name) VALUES ('DD+', 'Dolby Digital Plus', 'DD+_Dolby_Digital_Plus');
INSERT OR IGNORE INTO condition_patterns (custom_format_name, condition_name, regular_expression_name) VALUES ('DD+', 'Not TrueHDATMOS', 'DD+_Not_TrueHDATMOS');
INSERT OR IGNORE INTO condition_patterns (custom_format_name, condition_name, regular_expression_name) VALUES ('DD+', 'Not DTS', 'DD+_Not_DTS');
INSERT OR IGNORE INTO condition_patterns (custom_format_name, condition_name, regular_expression_name) VALUES ('DD+', 'Not FLAC', 'DD+_Not_FLAC');
INSERT OR IGNORE INTO condition_patterns (custom_format_name, condition_name, regular_expression_name) VALUES ('DD+', 'Not AAC', 'DD+_Not_AAC');
INSERT OR IGNORE INTO condition_patterns (custom_format_name, condition_name, regular_expression_name) VALUES ('DD+', 'Not PCM', 'DD+_Not_PCM');
INSERT OR IGNORE INTO regular_expressions (name, pattern) VALUES ('DD+_Dolby_Digital_Plus', '\bDD[P+](?!A)|\b(e[-_. ]?ac-?3)\b');
INSERT OR IGNORE INTO regular_expressions (name, pattern) VALUES ('DD+_Not_TrueHDATMOS', '\b(True[ .-]?HD|ATMOS|DDPA)(\b|\d)');
INSERT OR IGNORE INTO regular_expressions (name, pattern) VALUES ('DD+_Not_DTS', '\bDTS(\b|\d)');
INSERT OR IGNORE INTO regular_expressions (name, pattern) VALUES ('DD+_Not_FLAC', '\bFLAC(\b|\d)');
INSERT OR IGNORE INTO regular_expressions (name, pattern) VALUES ('DD+_Not_AAC', '\bAAC(\b|\d)');
INSERT OR IGNORE INTO regular_expressions (name, pattern) VALUES ('DD+_Not_PCM', '\b(l?)PCM(\b|\d)');
INSERT OR IGNORE INTO custom_format_conditions (custom_format_name, name, type, arr_type, negate, required) VALUES ('DD+', 'Dolby Digital Plus', 'pattern', 'sonarr', 0, 1);
INSERT OR IGNORE INTO custom_format_conditions (custom_format_name, name, type, arr_type, negate, required) VALUES ('DD+', 'Not TrueHDATMOS', 'pattern', 'sonarr', 1, 1);
INSERT OR IGNORE INTO custom_format_conditions (custom_format_name, name, type, arr_type, negate, required) VALUES ('DD+', 'Not DTS', 'pattern', 'sonarr', 1, 1);
INSERT OR IGNORE INTO custom_format_conditions (custom_format_name, name, type, arr_type, negate, required) VALUES ('DD+', 'Not FLAC', 'pattern', 'sonarr', 1, 1);
INSERT OR IGNORE INTO custom_format_conditions (custom_format_name, name, type, arr_type, negate, required) VALUES ('DD+', 'Not AAC', 'pattern', 'sonarr', 1, 1);
INSERT OR IGNORE INTO custom_format_conditions (custom_format_name, name, type, arr_type, negate, required) VALUES ('DD+', 'Not PCM', 'pattern', 'sonarr', 1, 1);

INSERT OR IGNORE INTO custom_formats (name, description, include_in_rename) VALUES ('DSCP', 'dc5f2bb0e0262155b5fedd0f6c5d2b55', 1);
INSERT OR IGNORE INTO condition_patterns (custom_format_name, condition_name, regular_expression_name) VALUES ('DSCP', 'Discovery', 'DSCP_Discovery');
INSERT OR IGNORE INTO condition_patterns (custom_format_name, condition_name, regular_expression_name) VALUES ('DSCP', 'DSCP Rename', 'DSCP_DSCP_Rename');
INSERT OR IGNORE INTO condition_sources (custom_format_name, condition_name, source) VALUES ('DSCP', 'WEBDL', 'TELECINE');
INSERT OR IGNORE INTO condition_sources (custom_format_name, condition_name, source) VALUES ('DSCP', 'WEBRIP', 'WORKPRINT');
INSERT OR IGNORE INTO regular_expressions (name, pattern) VALUES ('DSCP_Discovery', '\b((dscp|dcp|disc)\b|dscv\+?)[ ._-]web[ ._-]?(dl|rip)?\b');
INSERT OR IGNORE INTO regular_expressions (name, pattern) VALUES ('DSCP_DSCP_Rename', '\[(DSCP)\b|\b(DSCP)\]');
INSERT OR IGNORE INTO custom_format_conditions (custom_format_name, name, type, arr_type, negate, required) VALUES ('DSCP', 'Discovery', 'pattern', 'sonarr', 0, 0);
INSERT OR IGNORE INTO custom_format_conditions (custom_format_name, name, type, arr_type, negate, required) VALUES ('DSCP', 'DSCP Rename', 'pattern', 'sonarr', 0, 0);
INSERT OR IGNORE INTO custom_format_conditions (custom_format_name, name, type, arr_type, negate, required) VALUES ('DSCP', 'WEBDL', 'source', 'sonarr', 0, 0);
INSERT OR IGNORE INTO custom_format_conditions (custom_format_name, name, type, arr_type, negate, required) VALUES ('DSCP', 'WEBRIP', 'source', 'sonarr', 0, 0);

INSERT OR IGNORE INTO custom_formats (name, description, include_in_rename) VALUES ('DSNP', '89358767a60cc28783cdc3d0be9388a4', 1);
INSERT OR IGNORE INTO condition_patterns (custom_format_name, condition_name, regular_expression_name) VALUES ('DSNP', 'Disney', 'DSNP_Disney');
INSERT OR IGNORE INTO condition_sources (custom_format_name, condition_name, source) VALUES ('DSNP', 'WEBDL', 'TELECINE');
INSERT OR IGNORE INTO condition_sources (custom_format_name, condition_name, source) VALUES ('DSNP', 'WEBRIP', 'WORKPRINT');
INSERT OR IGNORE INTO regular_expressions (name, pattern) VALUES ('DSNP_Disney', '\b(dsnp|dsny|disney|Disney\+)\b');
INSERT OR IGNORE INTO custom_format_conditions (custom_format_name, name, type, arr_type, negate, required) VALUES ('DSNP', 'Disney', 'pattern', 'sonarr', 0, 1);
INSERT OR IGNORE INTO custom_format_conditions (custom_format_name, name, type, arr_type, negate, required) VALUES ('DSNP', 'WEBDL', 'source', 'sonarr', 0, 0);
INSERT OR IGNORE INTO custom_format_conditions (custom_format_name, name, type, arr_type, negate, required) VALUES ('DSNP', 'WEBRIP', 'source', 'sonarr', 0, 0);

INSERT OR IGNORE INTO custom_formats (name, description, include_in_rename) VALUES ('DTS-ES', 'c1a25cd67b5d2e08287c957b1eb903ec', 0);
INSERT OR IGNORE INTO condition_patterns (custom_format_name, condition_name, regular_expression_name) VALUES ('DTS-ES', 'DTS-ES', 'DTS-ES_DTS-ES');
INSERT OR IGNORE INTO condition_patterns (custom_format_name, condition_name, regular_expression_name) VALUES ('DTS-ES', 'Not TrueHDATMOS', 'DTS-ES_Not_TrueHDATMOS');
INSERT OR IGNORE INTO condition_patterns (custom_format_name, condition_name, regular_expression_name) VALUES ('DTS-ES', 'Not Dolby Digital Plus', 'DTS-ES_Not_Dolby_Digital_Plus');
INSERT OR IGNORE INTO condition_patterns (custom_format_name, condition_name, regular_expression_name) VALUES ('DTS-ES', 'Not Basic DTS', 'DTS-ES_Not_Basic_DTS');
INSERT OR IGNORE INTO condition_patterns (custom_format_name, condition_name, regular_expression_name) VALUES ('DTS-ES', 'Not Basic Dolby Digital ', 'DTS-ES_Not_Basic_Dolby_Digital_');
INSERT OR IGNORE INTO condition_patterns (custom_format_name, condition_name, regular_expression_name) VALUES ('DTS-ES', 'Not DTS X', 'DTS-ES_Not_DTS_X');
INSERT OR IGNORE INTO condition_patterns (custom_format_name, condition_name, regular_expression_name) VALUES ('DTS-ES', 'Not FLAC', 'DTS-ES_Not_FLAC');
INSERT OR IGNORE INTO condition_patterns (custom_format_name, condition_name, regular_expression_name) VALUES ('DTS-ES', 'Not AAC', 'DTS-ES_Not_AAC');
INSERT OR IGNORE INTO condition_patterns (custom_format_name, condition_name, regular_expression_name) VALUES ('DTS-ES', 'Not PCM', 'DTS-ES_Not_PCM');
INSERT OR IGNORE INTO regular_expressions (name, pattern) VALUES ('DTS-ES_DTS-ES', 'dts[-. ]?es\b');
INSERT OR IGNORE INTO regular_expressions (name, pattern) VALUES ('DTS-ES_Not_TrueHDATMOS', 'True[ .-]?HD|\bATMOS(\b|\d)');
INSERT OR IGNORE INTO regular_expressions (name, pattern) VALUES ('DTS-ES_Not_Dolby_Digital_Plus', '\bDD[P+]|\b(e[-_. ]?ac-?3)\b');
INSERT OR IGNORE INTO regular_expressions (name, pattern) VALUES ('DTS-ES_Not_Basic_DTS', 'DTS[ .]?[1-9]');
INSERT OR IGNORE INTO regular_expressions (name, pattern) VALUES ('DTS-ES_Not_Basic_Dolby_Digital_', '\bDD[^a-z+]|(?<!e-)\b(ac-?3)\b');
INSERT OR IGNORE INTO regular_expressions (name, pattern) VALUES ('DTS-ES_Not_DTS_X', '\b(dts[-_.: ]?x7?)\b(?![-_. ]?(26[456]))');
INSERT OR IGNORE INTO regular_expressions (name, pattern) VALUES ('DTS-ES_Not_FLAC', '\bFLAC(\b|\d)');
INSERT OR IGNORE INTO regular_expressions (name, pattern) VALUES ('DTS-ES_Not_AAC', '\bAAC(\b|\d)');
INSERT OR IGNORE INTO regular_expressions (name, pattern) VALUES ('DTS-ES_Not_PCM', '\b(l?)PCM(\b|\d)');
INSERT OR IGNORE INTO custom_format_conditions (custom_format_name, name, type, arr_type, negate, required) VALUES ('DTS-ES', 'DTS-ES', 'pattern', 'sonarr', 0, 1);
INSERT OR IGNORE INTO custom_format_conditions (custom_format_name, name, type, arr_type, negate, required) VALUES ('DTS-ES', 'Not TrueHDATMOS', 'pattern', 'sonarr', 1, 1);
INSERT OR IGNORE INTO custom_format_conditions (custom_format_name, name, type, arr_type, negate, required) VALUES ('DTS-ES', 'Not Dolby Digital Plus', 'pattern', 'sonarr', 1, 1);
INSERT OR IGNORE INTO custom_format_conditions (custom_format_name, name, type, arr_type, negate, required) VALUES ('DTS-ES', 'Not Basic DTS', 'pattern', 'sonarr', 1, 1);
INSERT OR IGNORE INTO custom_format_conditions (custom_format_name, name, type, arr_type, negate, required) VALUES ('DTS-ES', 'Not Basic Dolby Digital ', 'pattern', 'sonarr', 1, 1);
INSERT OR IGNORE INTO custom_format_conditions (custom_format_name, name, type, arr_type, negate, required) VALUES ('DTS-ES', 'Not DTS X', 'pattern', 'sonarr', 1, 1);
INSERT OR IGNORE INTO custom_format_conditions (custom_format_name, name, type, arr_type, negate, required) VALUES ('DTS-ES', 'Not FLAC', 'pattern', 'sonarr', 1, 1);
INSERT OR IGNORE INTO custom_format_conditions (custom_format_name, name, type, arr_type, negate, required) VALUES ('DTS-ES', 'Not AAC', 'pattern', 'sonarr', 1, 1);
INSERT OR IGNORE INTO custom_format_conditions (custom_format_name, name, type, arr_type, negate, required) VALUES ('DTS-ES', 'Not PCM', 'pattern', 'sonarr', 1, 1);

INSERT OR IGNORE INTO custom_formats (name, description, include_in_rename) VALUES ('DTS-HD HRA', 'cfa5fbd8f02a86fc55d8d223d06a5e1f', 0);
INSERT OR IGNORE INTO condition_patterns (custom_format_name, condition_name, regular_expression_name) VALUES ('DTS-HD HRA', 'DTS-HD HRA', 'DTS-HD_HRA_DTS-HD_HRA');
INSERT OR IGNORE INTO condition_patterns (custom_format_name, condition_name, regular_expression_name) VALUES ('DTS-HD HRA', 'Not TrueHDATMOS', 'DTS-HD_HRA_Not_TrueHDATMOS');
INSERT OR IGNORE INTO condition_patterns (custom_format_name, condition_name, regular_expression_name) VALUES ('DTS-HD HRA', 'Not Dolby Digital Plus', 'DTS-HD_HRA_Not_Dolby_Digital_Plus');
INSERT OR IGNORE INTO condition_patterns (custom_format_name, condition_name, regular_expression_name) VALUES ('DTS-HD HRA', 'Not Basic DTS', 'DTS-HD_HRA_Not_Basic_DTS');
INSERT OR IGNORE INTO condition_patterns (custom_format_name, condition_name, regular_expression_name) VALUES ('DTS-HD HRA', 'Not Basic Dolby Digital ', 'DTS-HD_HRA_Not_Basic_Dolby_Digital_');
INSERT OR IGNORE INTO condition_patterns (custom_format_name, condition_name, regular_expression_name) VALUES ('DTS-HD HRA', 'Not DTS X', 'DTS-HD_HRA_Not_DTS_X');
INSERT OR IGNORE INTO condition_patterns (custom_format_name, condition_name, regular_expression_name) VALUES ('DTS-HD HRA', 'Not FLAC', 'DTS-HD_HRA_Not_FLAC');
INSERT OR IGNORE INTO condition_patterns (custom_format_name, condition_name, regular_expression_name) VALUES ('DTS-HD HRA', 'Not AAC', 'DTS-HD_HRA_Not_AAC');
INSERT OR IGNORE INTO condition_patterns (custom_format_name, condition_name, regular_expression_name) VALUES ('DTS-HD HRA', 'Not PCM', 'DTS-HD_HRA_Not_PCM');
INSERT OR IGNORE INTO condition_patterns (custom_format_name, condition_name, regular_expression_name) VALUES ('DTS-HD HRA', 'Not DTS-ES', 'DTS-HD_HRA_Not_DTS-ES');
INSERT OR IGNORE INTO condition_patterns (custom_format_name, condition_name, regular_expression_name) VALUES ('DTS-HD HRA', 'Not 61 Surround', 'DTS-HD_HRA_Not_61_Surround');
INSERT OR IGNORE INTO regular_expressions (name, pattern) VALUES ('DTS-HD_HRA_DTS-HD_HRA', 'dts[-. ]?(hd[. ]?)?(hra?|hi\b)');
INSERT OR IGNORE INTO regular_expressions (name, pattern) VALUES ('DTS-HD_HRA_Not_TrueHDATMOS', 'True[ .-]?HD|\bATMOS(\b|\d)');
INSERT OR IGNORE INTO regular_expressions (name, pattern) VALUES ('DTS-HD_HRA_Not_Dolby_Digital_Plus', '\bDD[P+]|\b(e[-_. ]?ac-?3)\b');
INSERT OR IGNORE INTO regular_expressions (name, pattern) VALUES ('DTS-HD_HRA_Not_Basic_DTS', 'DTS[ .]?[1-9]');
INSERT OR IGNORE INTO regular_expressions (name, pattern) VALUES ('DTS-HD_HRA_Not_Basic_Dolby_Digital_', '\bDD[^a-z+]|(?<!e-)\b(ac-?3)\b');
INSERT OR IGNORE INTO regular_expressions (name, pattern) VALUES ('DTS-HD_HRA_Not_DTS_X', '\b(dts[-_.: ]?x7?)\b(?![-_. ]?(26[456]))');
INSERT OR IGNORE INTO regular_expressions (name, pattern) VALUES ('DTS-HD_HRA_Not_FLAC', '\bFLAC(\b|\d)');
INSERT OR IGNORE INTO regular_expressions (name, pattern) VALUES ('DTS-HD_HRA_Not_AAC', '\bAAC(\b|\d)');
INSERT OR IGNORE INTO regular_expressions (name, pattern) VALUES ('DTS-HD_HRA_Not_PCM', '\b(l?)PCM(\b|\d)');
INSERT OR IGNORE INTO regular_expressions (name, pattern) VALUES ('DTS-HD_HRA_Not_DTS-ES', 'dts.?es');
INSERT OR IGNORE INTO regular_expressions (name, pattern) VALUES ('DTS-HD_HRA_Not_61_Surround', '[^0-9]6[ .][0-1]');
INSERT OR IGNORE INTO custom_format_conditions (custom_format_name, name, type, arr_type, negate, required) VALUES ('DTS-HD HRA', 'DTS-HD HRA', 'pattern', 'sonarr', 0, 1);
INSERT OR IGNORE INTO custom_format_conditions (custom_format_name, name, type, arr_type, negate, required) VALUES ('DTS-HD HRA', 'Not TrueHDATMOS', 'pattern', 'sonarr', 1, 1);
INSERT OR IGNORE INTO custom_format_conditions (custom_format_name, name, type, arr_type, negate, required) VALUES ('DTS-HD HRA', 'Not Dolby Digital Plus', 'pattern', 'sonarr', 1, 1);
INSERT OR IGNORE INTO custom_format_conditions (custom_format_name, name, type, arr_type, negate, required) VALUES ('DTS-HD HRA', 'Not Basic DTS', 'pattern', 'sonarr', 1, 1);
INSERT OR IGNORE INTO custom_format_conditions (custom_format_name, name, type, arr_type, negate, required) VALUES ('DTS-HD HRA', 'Not Basic Dolby Digital ', 'pattern', 'sonarr', 1, 1);
INSERT OR IGNORE INTO custom_format_conditions (custom_format_name, name, type, arr_type, negate, required) VALUES ('DTS-HD HRA', 'Not DTS X', 'pattern', 'sonarr', 1, 1);
INSERT OR IGNORE INTO custom_format_conditions (custom_format_name, name, type, arr_type, negate, required) VALUES ('DTS-HD HRA', 'Not FLAC', 'pattern', 'sonarr', 1, 1);
INSERT OR IGNORE INTO custom_format_conditions (custom_format_name, name, type, arr_type, negate, required) VALUES ('DTS-HD HRA', 'Not AAC', 'pattern', 'sonarr', 1, 1);
INSERT OR IGNORE INTO custom_format_conditions (custom_format_name, name, type, arr_type, negate, required) VALUES ('DTS-HD HRA', 'Not PCM', 'pattern', 'sonarr', 1, 1);
INSERT OR IGNORE INTO custom_format_conditions (custom_format_name, name, type, arr_type, negate, required) VALUES ('DTS-HD HRA', 'Not DTS-ES', 'pattern', 'sonarr', 1, 1);
INSERT OR IGNORE INTO custom_format_conditions (custom_format_name, name, type, arr_type, negate, required) VALUES ('DTS-HD HRA', 'Not 61 Surround', 'pattern', 'sonarr', 1, 1);

INSERT OR IGNORE INTO custom_formats (name, description, include_in_rename) VALUES ('DTS-HD MA', 'c429417a57ea8c41d57e6990a8b0033f', 0);
INSERT OR IGNORE INTO condition_patterns (custom_format_name, condition_name, regular_expression_name) VALUES ('DTS-HD MA', 'DTS-HD MA', 'DTS-HD_MA_DTS-HD_MA');
INSERT OR IGNORE INTO condition_patterns (custom_format_name, condition_name, regular_expression_name) VALUES ('DTS-HD MA', 'Not TrueHDATMOS', 'DTS-HD_MA_Not_TrueHDATMOS');
INSERT OR IGNORE INTO condition_patterns (custom_format_name, condition_name, regular_expression_name) VALUES ('DTS-HD MA', 'Not Dolby Digital Plus', 'DTS-HD_MA_Not_Dolby_Digital_Plus');
INSERT OR IGNORE INTO condition_patterns (custom_format_name, condition_name, regular_expression_name) VALUES ('DTS-HD MA', 'Not Basic Dolby Digital ', 'DTS-HD_MA_Not_Basic_Dolby_Digital_');
INSERT OR IGNORE INTO condition_patterns (custom_format_name, condition_name, regular_expression_name) VALUES ('DTS-HD MA', 'Not DTS X', 'DTS-HD_MA_Not_DTS_X');
INSERT OR IGNORE INTO condition_patterns (custom_format_name, condition_name, regular_expression_name) VALUES ('DTS-HD MA', 'Not FLAC', 'DTS-HD_MA_Not_FLAC');
INSERT OR IGNORE INTO condition_patterns (custom_format_name, condition_name, regular_expression_name) VALUES ('DTS-HD MA', 'Not AAC', 'DTS-HD_MA_Not_AAC');
INSERT OR IGNORE INTO condition_patterns (custom_format_name, condition_name, regular_expression_name) VALUES ('DTS-HD MA', 'Not PCM', 'DTS-HD_MA_Not_PCM');
INSERT OR IGNORE INTO condition_patterns (custom_format_name, condition_name, regular_expression_name) VALUES ('DTS-HD MA', 'Not DTS-HD HRAES', 'DTS-HD_MA_Not_DTS-HD_HRAES');
INSERT OR IGNORE INTO regular_expressions (name, pattern) VALUES ('DTS-HD_MA_DTS-HD_MA', '\b(dts[-_. ]?(ma|hd([-_. ]?ma)?|xll))(\b|\d)');
INSERT OR IGNORE INTO regular_expressions (name, pattern) VALUES ('DTS-HD_MA_Not_TrueHDATMOS', 'True[ .-]?HD|\bATMOS(\b|\d)');
INSERT OR IGNORE INTO regular_expressions (name, pattern) VALUES ('DTS-HD_MA_Not_Dolby_Digital_Plus', '\bDD[P+]|\b(e[-_. ]?ac-?3)\b');
INSERT OR IGNORE INTO regular_expressions (name, pattern) VALUES ('DTS-HD_MA_Not_Basic_Dolby_Digital_', '\bDD[^a-z+]|(?<!e-)\b(ac-?3)\b');
INSERT OR IGNORE INTO regular_expressions (name, pattern) VALUES ('DTS-HD_MA_Not_DTS_X', '\b(dts[-_.: ]?x7?)\b(?![-_. ]?(26[456]))');
INSERT OR IGNORE INTO regular_expressions (name, pattern) VALUES ('DTS-HD_MA_Not_FLAC', '\bFLAC(\b|\d)');
INSERT OR IGNORE INTO regular_expressions (name, pattern) VALUES ('DTS-HD_MA_Not_AAC', '\bAAC(\b|\d)');
INSERT OR IGNORE INTO regular_expressions (name, pattern) VALUES ('DTS-HD_MA_Not_PCM', '\b(l?)PCM(\b|\d)');
INSERT OR IGNORE INTO regular_expressions (name, pattern) VALUES ('DTS-HD_MA_Not_DTS-HD_HRAES', 'dts[-. ]?(es|(hd[. ]?)?(hr|hi))');
INSERT OR IGNORE INTO custom_format_conditions (custom_format_name, name, type, arr_type, negate, required) VALUES ('DTS-HD MA', 'DTS-HD MA', 'pattern', 'sonarr', 0, 1);
INSERT OR IGNORE INTO custom_format_conditions (custom_format_name, name, type, arr_type, negate, required) VALUES ('DTS-HD MA', 'Not TrueHDATMOS', 'pattern', 'sonarr', 1, 1);
INSERT OR IGNORE INTO custom_format_conditions (custom_format_name, name, type, arr_type, negate, required) VALUES ('DTS-HD MA', 'Not Dolby Digital Plus', 'pattern', 'sonarr', 1, 1);
INSERT OR IGNORE INTO custom_format_conditions (custom_format_name, name, type, arr_type, negate, required) VALUES ('DTS-HD MA', 'Not Basic Dolby Digital ', 'pattern', 'sonarr', 1, 1);
INSERT OR IGNORE INTO custom_format_conditions (custom_format_name, name, type, arr_type, negate, required) VALUES ('DTS-HD MA', 'Not DTS X', 'pattern', 'sonarr', 1, 1);
INSERT OR IGNORE INTO custom_format_conditions (custom_format_name, name, type, arr_type, negate, required) VALUES ('DTS-HD MA', 'Not FLAC', 'pattern', 'sonarr', 1, 1);
INSERT OR IGNORE INTO custom_format_conditions (custom_format_name, name, type, arr_type, negate, required) VALUES ('DTS-HD MA', 'Not AAC', 'pattern', 'sonarr', 1, 1);
INSERT OR IGNORE INTO custom_format_conditions (custom_format_name, name, type, arr_type, negate, required) VALUES ('DTS-HD MA', 'Not PCM', 'pattern', 'sonarr', 1, 1);
INSERT OR IGNORE INTO custom_format_conditions (custom_format_name, name, type, arr_type, negate, required) VALUES ('DTS-HD MA', 'Not DTS-HD HRAES', 'pattern', 'sonarr', 1, 1);

INSERT OR IGNORE INTO custom_formats (name, description, include_in_rename) VALUES ('DTS X', '9d00418ba386a083fbf4d58235fc37ef', 0);
INSERT OR IGNORE INTO condition_patterns (custom_format_name, condition_name, regular_expression_name) VALUES ('DTS X', 'DTS X', 'DTS_X_DTS_X');
INSERT OR IGNORE INTO condition_patterns (custom_format_name, condition_name, regular_expression_name) VALUES ('DTS X', 'Not Basic DTS', 'DTS_X_Not_Basic_DTS');
INSERT OR IGNORE INTO condition_patterns (custom_format_name, condition_name, regular_expression_name) VALUES ('DTS X', 'Not Basic Dolby Digital', 'DTS_X_Not_Basic_Dolby_Digital');
INSERT OR IGNORE INTO condition_patterns (custom_format_name, condition_name, regular_expression_name) VALUES ('DTS X', 'Not Dolby Digital Plus', 'DTS_X_Not_Dolby_Digital_Plus');
INSERT OR IGNORE INTO condition_patterns (custom_format_name, condition_name, regular_expression_name) VALUES ('DTS X', 'Not TrueHDATMOS', 'DTS_X_Not_TrueHDATMOS');
INSERT OR IGNORE INTO condition_patterns (custom_format_name, condition_name, regular_expression_name) VALUES ('DTS X', 'Not FLAC', 'DTS_X_Not_FLAC');
INSERT OR IGNORE INTO condition_patterns (custom_format_name, condition_name, regular_expression_name) VALUES ('DTS X', 'Not AAC', 'DTS_X_Not_AAC');
INSERT OR IGNORE INTO condition_patterns (custom_format_name, condition_name, regular_expression_name) VALUES ('DTS X', 'Not PCM', 'DTS_X_Not_PCM');
INSERT OR IGNORE INTO regular_expressions (name, pattern) VALUES ('DTS_X_DTS_X', '\b(dts[-_.: ]?x7?)\b(?![-_. ]?(26[456]))');
INSERT OR IGNORE INTO regular_expressions (name, pattern) VALUES ('DTS_X_Not_Basic_DTS', 'DTS[ .]?[1-9]');
INSERT OR IGNORE INTO regular_expressions (name, pattern) VALUES ('DTS_X_Not_Basic_Dolby_Digital', '\bDD[^a-z+]|(?<!e-)\b(ac-?3)\b');
INSERT OR IGNORE INTO regular_expressions (name, pattern) VALUES ('DTS_X_Not_Dolby_Digital_Plus', '\bDD[P+]|\b(e[-_. ]?ac-?3)\b');
INSERT OR IGNORE INTO regular_expressions (name, pattern) VALUES ('DTS_X_Not_TrueHDATMOS', 'True[ .-]?HD|\bATMOS(\b|\d)');
INSERT OR IGNORE INTO regular_expressions (name, pattern) VALUES ('DTS_X_Not_FLAC', '\bFLAC(\b|\d)');
INSERT OR IGNORE INTO regular_expressions (name, pattern) VALUES ('DTS_X_Not_AAC', '\bAAC(\b|\d)');
INSERT OR IGNORE INTO regular_expressions (name, pattern) VALUES ('DTS_X_Not_PCM', '\b(l?)PCM(\b|\d)');
INSERT OR IGNORE INTO custom_format_conditions (custom_format_name, name, type, arr_type, negate, required) VALUES ('DTS X', 'DTS X', 'pattern', 'sonarr', 0, 1);
INSERT OR IGNORE INTO custom_format_conditions (custom_format_name, name, type, arr_type, negate, required) VALUES ('DTS X', 'Not Basic DTS', 'pattern', 'sonarr', 1, 1);
INSERT OR IGNORE INTO custom_format_conditions (custom_format_name, name, type, arr_type, negate, required) VALUES ('DTS X', 'Not Basic Dolby Digital', 'pattern', 'sonarr', 1, 1);
INSERT OR IGNORE INTO custom_format_conditions (custom_format_name, name, type, arr_type, negate, required) VALUES ('DTS X', 'Not Dolby Digital Plus', 'pattern', 'sonarr', 1, 1);
INSERT OR IGNORE INTO custom_format_conditions (custom_format_name, name, type, arr_type, negate, required) VALUES ('DTS X', 'Not TrueHDATMOS', 'pattern', 'sonarr', 1, 1);
INSERT OR IGNORE INTO custom_format_conditions (custom_format_name, name, type, arr_type, negate, required) VALUES ('DTS X', 'Not FLAC', 'pattern', 'sonarr', 1, 1);
INSERT OR IGNORE INTO custom_format_conditions (custom_format_name, name, type, arr_type, negate, required) VALUES ('DTS X', 'Not AAC', 'pattern', 'sonarr', 1, 1);
INSERT OR IGNORE INTO custom_format_conditions (custom_format_name, name, type, arr_type, negate, required) VALUES ('DTS X', 'Not PCM', 'pattern', 'sonarr', 1, 1);

INSERT OR IGNORE INTO custom_formats (name, description, include_in_rename) VALUES ('DTS', '5964f2a8b3be407d083498e4459d05d0', 0);
INSERT OR IGNORE INTO condition_patterns (custom_format_name, condition_name, regular_expression_name) VALUES ('DTS', 'Basic DTS', 'DTS_Basic_DTS');
INSERT OR IGNORE INTO condition_patterns (custom_format_name, condition_name, regular_expression_name) VALUES ('DTS', 'Not DTS-HD', 'DTS_Not_DTS-HD');
INSERT OR IGNORE INTO condition_patterns (custom_format_name, condition_name, regular_expression_name) VALUES ('DTS', 'Not DTS-HD HRAES', 'DTS_Not_DTS-HD_HRAES');
INSERT OR IGNORE INTO condition_patterns (custom_format_name, condition_name, regular_expression_name) VALUES ('DTS', 'Not Dolby Digital Plus', 'DTS_Not_Dolby_Digital_Plus');
INSERT OR IGNORE INTO condition_patterns (custom_format_name, condition_name, regular_expression_name) VALUES ('DTS', 'Not TrueHDATMOS', 'DTS_Not_TrueHDATMOS');
INSERT OR IGNORE INTO condition_patterns (custom_format_name, condition_name, regular_expression_name) VALUES ('DTS', 'Not Basic Dolby Digital', 'DTS_Not_Basic_Dolby_Digital');
INSERT OR IGNORE INTO condition_patterns (custom_format_name, condition_name, regular_expression_name) VALUES ('DTS', 'Not DTS X', 'DTS_Not_DTS_X');
INSERT OR IGNORE INTO condition_patterns (custom_format_name, condition_name, regular_expression_name) VALUES ('DTS', 'Not FLAC', 'DTS_Not_FLAC');
INSERT OR IGNORE INTO condition_patterns (custom_format_name, condition_name, regular_expression_name) VALUES ('DTS', 'Not AAC', 'DTS_Not_AAC');
INSERT OR IGNORE INTO condition_patterns (custom_format_name, condition_name, regular_expression_name) VALUES ('DTS', 'Not PCM', 'DTS_Not_PCM');
INSERT OR IGNORE INTO regular_expressions (name, pattern) VALUES ('DTS_Basic_DTS', '\bDTS(\b|\d)');
INSERT OR IGNORE INTO regular_expressions (name, pattern) VALUES ('DTS_Not_DTS-HD', '\b(dts[-_. ]?(ma|hd([-_. ]?ma)?|xll))(\b|\d)');
INSERT OR IGNORE INTO regular_expressions (name, pattern) VALUES ('DTS_Not_DTS-HD_HRAES', 'dts[-. ]?(es|(hd[. ]?)?(hr|hi))');
INSERT OR IGNORE INTO regular_expressions (name, pattern) VALUES ('DTS_Not_Dolby_Digital_Plus', '\bDD[P+]|\b(e[-_. ]?ac-?3)\b');
INSERT OR IGNORE INTO regular_expressions (name, pattern) VALUES ('DTS_Not_TrueHDATMOS', 'True[ .-]?HD|\bATMOS(\b|\d)');
INSERT OR IGNORE INTO regular_expressions (name, pattern) VALUES ('DTS_Not_Basic_Dolby_Digital', '\bDD[^a-z+]|(?<!e-)\b(ac-?3)\b');
INSERT OR IGNORE INTO regular_expressions (name, pattern) VALUES ('DTS_Not_DTS_X', '\b(dts[-_.: ]?x7?)\b(?![-_. ]?(26[456]))');
INSERT OR IGNORE INTO regular_expressions (name, pattern) VALUES ('DTS_Not_FLAC', '\bFLAC(\b|\d)');
INSERT OR IGNORE INTO regular_expressions (name, pattern) VALUES ('DTS_Not_AAC', '\bAAC(\b|\d)');
INSERT OR IGNORE INTO regular_expressions (name, pattern) VALUES ('DTS_Not_PCM', '\b(l?)PCM(\b|\d)');
INSERT OR IGNORE INTO custom_format_conditions (custom_format_name, name, type, arr_type, negate, required) VALUES ('DTS', 'Basic DTS', 'pattern', 'sonarr', 0, 1);
INSERT OR IGNORE INTO custom_format_conditions (custom_format_name, name, type, arr_type, negate, required) VALUES ('DTS', 'Not DTS-HD', 'pattern', 'sonarr', 1, 1);
INSERT OR IGNORE INTO custom_format_conditions (custom_format_name, name, type, arr_type, negate, required) VALUES ('DTS', 'Not DTS-HD HRAES', 'pattern', 'sonarr', 1, 1);
INSERT OR IGNORE INTO custom_format_conditions (custom_format_name, name, type, arr_type, negate, required) VALUES ('DTS', 'Not Dolby Digital Plus', 'pattern', 'sonarr', 1, 1);
INSERT OR IGNORE INTO custom_format_conditions (custom_format_name, name, type, arr_type, negate, required) VALUES ('DTS', 'Not TrueHDATMOS', 'pattern', 'sonarr', 1, 1);
INSERT OR IGNORE INTO custom_format_conditions (custom_format_name, name, type, arr_type, negate, required) VALUES ('DTS', 'Not Basic Dolby Digital', 'pattern', 'sonarr', 1, 1);
INSERT OR IGNORE INTO custom_format_conditions (custom_format_name, name, type, arr_type, negate, required) VALUES ('DTS', 'Not DTS X', 'pattern', 'sonarr', 1, 1);
INSERT OR IGNORE INTO custom_format_conditions (custom_format_name, name, type, arr_type, negate, required) VALUES ('DTS', 'Not FLAC', 'pattern', 'sonarr', 1, 1);
INSERT OR IGNORE INTO custom_format_conditions (custom_format_name, name, type, arr_type, negate, required) VALUES ('DTS', 'Not AAC', 'pattern', 'sonarr', 1, 1);
INSERT OR IGNORE INTO custom_format_conditions (custom_format_name, name, type, arr_type, negate, required) VALUES ('DTS', 'Not PCM', 'pattern', 'sonarr', 1, 1);

INSERT OR IGNORE INTO custom_formats (name, description, include_in_rename) VALUES ('Dubs Only', '9c14d194486c4014d422adc64092d794', 0);
INSERT OR IGNORE INTO condition_patterns (custom_format_name, condition_name, regular_expression_name) VALUES ('Dubs Only', 'Dubbed', 'Dubs_Only_Dubbed');
INSERT OR IGNORE INTO condition_patterns (custom_format_name, condition_name, regular_expression_name) VALUES ('Dubs Only', 'Golumpa', 'Dubs_Only_Golumpa');
INSERT OR IGNORE INTO condition_patterns (custom_format_name, condition_name, regular_expression_name) VALUES ('Dubs Only', 'KaiDubs Not Dual Audio', 'Dubs_Only_KaiDubs_Not_Dual_Audio');
INSERT OR IGNORE INTO condition_patterns (custom_format_name, condition_name, regular_expression_name) VALUES ('Dubs Only', 'KamiFS', 'Dubs_Only_KamiFS');
INSERT OR IGNORE INTO condition_patterns (custom_format_name, condition_name, regular_expression_name) VALUES ('Dubs Only', 'KS Not Dual Audio', 'Dubs_Only_KS_Not_Dual_Audio');
INSERT OR IGNORE INTO condition_patterns (custom_format_name, condition_name, regular_expression_name) VALUES ('Dubs Only', 'torenter69', 'Dubs_Only_torenter69');
INSERT OR IGNORE INTO condition_patterns (custom_format_name, condition_name, regular_expression_name) VALUES ('Dubs Only', 'Yameii', 'Dubs_Only_Yameii');
INSERT OR IGNORE INTO regular_expressions (name, pattern) VALUES ('Dubs_Only_Dubbed', '^(?!.*(Dual|Multi)[-_. ]?Audio).*((?<!multi-)\b(dub(bed)?)\b|(funi|eng(lish)?)_?dub)');
INSERT OR IGNORE INTO regular_expressions (name, pattern) VALUES ('Dubs_Only_Golumpa', '\b(Golumpa)\b');
INSERT OR IGNORE INTO regular_expressions (name, pattern) VALUES ('Dubs_Only_KaiDubs_Not_Dual_Audio', '^(?!.*(dual[ ._-]?audio|[([]dual[])]|(JA|ZH|KO)\+EN|EN\+(JA|ZH|KO))).*\b(KaiDubs)\b');
INSERT OR IGNORE INTO regular_expressions (name, pattern) VALUES ('Dubs_Only_KamiFS', '\b(KamiFS)\b');
INSERT OR IGNORE INTO regular_expressions (name, pattern) VALUES ('Dubs_Only_KS_Not_Dual_Audio', '^(?!.*(dual[ ._-]?audio|[([]dual[])]|(JA|ZH|KO)\+EN|EN\+(JA|ZH|KO))).*\bKS\b');
INSERT OR IGNORE INTO regular_expressions (name, pattern) VALUES ('Dubs_Only_torenter69', '\b(torenter69)\b');
INSERT OR IGNORE INTO regular_expressions (name, pattern) VALUES ('Dubs_Only_Yameii', '\[Yameii\]|-Yameii\b');
INSERT OR IGNORE INTO custom_format_conditions (custom_format_name, name, type, arr_type, negate, required) VALUES ('Dubs Only', 'Dubbed', 'pattern', 'sonarr', 0, 0);
INSERT OR IGNORE INTO custom_format_conditions (custom_format_name, name, type, arr_type, negate, required) VALUES ('Dubs Only', 'Golumpa', 'pattern', 'sonarr', 0, 0);
INSERT OR IGNORE INTO custom_format_conditions (custom_format_name, name, type, arr_type, negate, required) VALUES ('Dubs Only', 'KaiDubs Not Dual Audio', 'pattern', 'sonarr', 0, 0);
INSERT OR IGNORE INTO custom_format_conditions (custom_format_name, name, type, arr_type, negate, required) VALUES ('Dubs Only', 'KamiFS', 'pattern', 'sonarr', 0, 0);
INSERT OR IGNORE INTO custom_format_conditions (custom_format_name, name, type, arr_type, negate, required) VALUES ('Dubs Only', 'KS Not Dual Audio', 'pattern', 'sonarr', 0, 0);
INSERT OR IGNORE INTO custom_format_conditions (custom_format_name, name, type, arr_type, negate, required) VALUES ('Dubs Only', 'torenter69', 'pattern', 'sonarr', 0, 0);
INSERT OR IGNORE INTO custom_format_conditions (custom_format_name, name, type, arr_type, negate, required) VALUES ('Dubs Only', 'Yameii', 'pattern', 'sonarr', 0, 0);

INSERT OR IGNORE INTO custom_formats (name, description, include_in_rename) VALUES ('DV Boost', '7c3a61a9c6cb04f52f1544be6d44a026', 0);
INSERT OR IGNORE INTO condition_patterns (custom_format_name, condition_name, regular_expression_name) VALUES ('DV Boost', 'DV', 'DV_Boost_DV');
INSERT OR IGNORE INTO regular_expressions (name, pattern) VALUES ('DV_Boost_DV', '\b(dv|dovi|dolby[ .]?v(ision)?)\b');
INSERT OR IGNORE INTO custom_format_conditions (custom_format_name, name, type, arr_type, negate, required) VALUES ('DV Boost', 'DV', 'pattern', 'sonarr', 0, 0);

INSERT OR IGNORE INTO custom_formats (name, description, include_in_rename) VALUES ('DV (Disk)', 'ef4963043b0987f8485bc9106f16db38', 0);
INSERT OR IGNORE INTO condition_patterns (custom_format_name, condition_name, regular_expression_name) VALUES ('DV (Disk)', 'FraMeSToR', 'DV_(Disk)_FraMeSToR');
INSERT OR IGNORE INTO condition_patterns (custom_format_name, condition_name, regular_expression_name) VALUES ('DV (Disk)', 'DV', 'DV_(Disk)_DV');
INSERT OR IGNORE INTO condition_patterns (custom_format_name, condition_name, regular_expression_name) VALUES ('DV (Disk)', 'No FANRES', 'DV_(Disk)_No_FANRES');
INSERT OR IGNORE INTO condition_patterns (custom_format_name, condition_name, regular_expression_name) VALUES ('DV (Disk)', 'Not Hybrid', 'DV_(Disk)_Not_Hybrid');
INSERT OR IGNORE INTO condition_patterns (custom_format_name, condition_name, regular_expression_name) VALUES ('DV (Disk)', 'Not Hybrid Release Group', 'DV_(Disk)_Not_Hybrid_Release_Group');
INSERT OR IGNORE INTO regular_expressions (name, pattern) VALUES ('DV_(Disk)_FraMeSToR', '\b(FraMeSToR)\b');
INSERT OR IGNORE INTO regular_expressions (name, pattern) VALUES ('DV_(Disk)_DV', '\b(dv|dovi|dolby[ .]?v(ision)?)\b');
INSERT OR IGNORE INTO regular_expressions (name, pattern) VALUES ('DV_(Disk)_No_FANRES', '\b(FANRES)\b');
INSERT OR IGNORE INTO regular_expressions (name, pattern) VALUES ('DV_(Disk)_Not_Hybrid', '\bhybrid(\b|\d)');
INSERT OR IGNORE INTO regular_expressions (name, pattern) VALUES ('DV_(Disk)_Not_Hybrid_Release_Group', '-HYBRID');
INSERT OR IGNORE INTO custom_format_conditions (custom_format_name, name, type, arr_type, negate, required) VALUES ('DV (Disk)', 'FraMeSToR', 'pattern', 'sonarr', 0, 1);
INSERT OR IGNORE INTO custom_format_conditions (custom_format_name, name, type, arr_type, negate, required) VALUES ('DV (Disk)', 'DV', 'pattern', 'sonarr', 0, 1);
INSERT OR IGNORE INTO custom_format_conditions (custom_format_name, name, type, arr_type, negate, required) VALUES ('DV (Disk)', 'No FANRES', 'pattern', 'sonarr', 1, 1);
INSERT OR IGNORE INTO custom_format_conditions (custom_format_name, name, type, arr_type, negate, required) VALUES ('DV (Disk)', 'Not Hybrid', 'pattern', 'sonarr', 1, 1);
INSERT OR IGNORE INTO custom_format_conditions (custom_format_name, name, type, arr_type, negate, required) VALUES ('DV (Disk)', 'Not Hybrid Release Group', 'pattern', 'sonarr', 1, 1);

INSERT OR IGNORE INTO custom_formats (name, description, include_in_rename) VALUES ('DV (w/o HDR fallback)', '9b27ab6498ec0f31a3353992e19434ca', 0);
INSERT OR IGNORE INTO condition_patterns (custom_format_name, condition_name, regular_expression_name) VALUES ('DV (w/o HDR fallback)', 'Dolby Vision', 'DV_(w/o_HDR_fallback)_Dolby_Vision');
INSERT OR IGNORE INTO condition_patterns (custom_format_name, condition_name, regular_expression_name) VALUES ('DV (w/o HDR fallback)', 'Not RlsGrp', 'DV_(w/o_HDR_fallback)_Not_RlsGrp');
INSERT OR IGNORE INTO condition_patterns (custom_format_name, condition_name, regular_expression_name) VALUES ('DV (w/o HDR fallback)', 'Not HDR', 'DV_(w/o_HDR_fallback)_Not_HDR');
INSERT OR IGNORE INTO condition_patterns (custom_format_name, condition_name, regular_expression_name) VALUES ('DV (w/o HDR fallback)', 'Not Hulu', 'DV_(w/o_HDR_fallback)_Not_Hulu');
INSERT OR IGNORE INTO condition_sources (custom_format_name, condition_name, source) VALUES ('DV (w/o HDR fallback)', 'WEBDL', 'TELECINE');
INSERT OR IGNORE INTO condition_sources (custom_format_name, condition_name, source) VALUES ('DV (w/o HDR fallback)', 'WEBRIP', 'WORKPRINT');
INSERT OR IGNORE INTO regular_expressions (name, pattern) VALUES ('DV_(w/o_HDR_fallback)_Dolby_Vision', '\b(dv|dovi|dolby[ .]?v(ision)?)\b');
INSERT OR IGNORE INTO regular_expressions (name, pattern) VALUES ('DV_(w/o_HDR_fallback)_Not_RlsGrp', '\b(Flights)\b');
INSERT OR IGNORE INTO regular_expressions (name, pattern) VALUES ('DV_(w/o_HDR_fallback)_Not_HDR', '\bHDR(\b|\d)');
INSERT OR IGNORE INTO regular_expressions (name, pattern) VALUES ('DV_(w/o_HDR_fallback)_Not_Hulu', '\b(hulu)\b');
INSERT OR IGNORE INTO custom_format_conditions (custom_format_name, name, type, arr_type, negate, required) VALUES ('DV (w/o HDR fallback)', 'Dolby Vision', 'pattern', 'sonarr', 0, 1);
INSERT OR IGNORE INTO custom_format_conditions (custom_format_name, name, type, arr_type, negate, required) VALUES ('DV (w/o HDR fallback)', 'WEBDL', 'source', 'sonarr', 0, 0);
INSERT OR IGNORE INTO custom_format_conditions (custom_format_name, name, type, arr_type, negate, required) VALUES ('DV (w/o HDR fallback)', 'WEBRIP', 'source', 'sonarr', 0, 0);
INSERT OR IGNORE INTO custom_format_conditions (custom_format_name, name, type, arr_type, negate, required) VALUES ('DV (w/o HDR fallback)', 'Not RlsGrp', 'pattern', 'sonarr', 1, 1);
INSERT OR IGNORE INTO custom_format_conditions (custom_format_name, name, type, arr_type, negate, required) VALUES ('DV (w/o HDR fallback)', 'Not HDR', 'pattern', 'sonarr', 1, 1);
INSERT OR IGNORE INTO custom_format_conditions (custom_format_name, name, type, arr_type, negate, required) VALUES ('DV (w/o HDR fallback)', 'Not Hulu', 'pattern', 'sonarr', 1, 1);

INSERT OR IGNORE INTO custom_formats (name, description, include_in_rename) VALUES ('Extras', 'fbcb31d8dabd2a319072b84fc0b7249c', 0);
INSERT OR IGNORE INTO condition_patterns (custom_format_name, condition_name, regular_expression_name) VALUES ('Extras', 'Extras', 'Extras_Extras');
INSERT OR IGNORE INTO regular_expressions (name, pattern) VALUES ('Extras_Extras', '(?<=\bS\d+\b).*\b(Extras|Bonus|Extended[ ._-]Clip)\b');
INSERT OR IGNORE INTO custom_format_conditions (custom_format_name, name, type, arr_type, negate, required) VALUES ('Extras', 'Extras', 'pattern', 'sonarr', 0, 1);

INSERT OR IGNORE INTO custom_formats (name, description, include_in_rename) VALUES ('FanSUB', '84f0acbda9c0c9de783894fb66df25aa', 0);
INSERT OR IGNORE INTO condition_patterns (custom_format_name, condition_name, regular_expression_name) VALUES ('FanSUB', 'FanSUB', 'FanSUB_FanSUB');
INSERT OR IGNORE INTO regular_expressions (name, pattern) VALUES ('FanSUB_FanSUB', '\b(FanSUB)\b');
INSERT OR IGNORE INTO custom_format_conditions (custom_format_name, name, type, arr_type, negate, required) VALUES ('FanSUB', 'FanSUB', 'pattern', 'sonarr', 0, 1);

INSERT OR IGNORE INTO custom_formats (name, description, include_in_rename) VALUES ('FastSUB', 'ea0bb4b6ba388992fad1092703b5ff7b', 0);
INSERT OR IGNORE INTO condition_patterns (custom_format_name, condition_name, regular_expression_name) VALUES ('FastSUB', 'FastSUB', 'FastSUB_FastSUB');
INSERT OR IGNORE INTO regular_expressions (name, pattern) VALUES ('FastSUB_FastSUB', '\b(FastSUB)\b');
INSERT OR IGNORE INTO custom_format_conditions (custom_format_name, name, type, arr_type, negate, required) VALUES ('FastSUB', 'FastSUB', 'pattern', 'sonarr', 0, 1);

INSERT OR IGNORE INTO custom_formats (name, description, include_in_rename) VALUES ('FLAC', '851bd64e04c9374c51102be3dd9ae4cc', 0);
INSERT OR IGNORE INTO condition_patterns (custom_format_name, condition_name, regular_expression_name) VALUES ('FLAC', 'FLAC', 'FLAC_FLAC');
INSERT OR IGNORE INTO condition_patterns (custom_format_name, condition_name, regular_expression_name) VALUES ('FLAC', 'Not PCM', 'FLAC_Not_PCM');
INSERT OR IGNORE INTO condition_patterns (custom_format_name, condition_name, regular_expression_name) VALUES ('FLAC', 'Not AAC', 'FLAC_Not_AAC');
INSERT OR IGNORE INTO condition_patterns (custom_format_name, condition_name, regular_expression_name) VALUES ('FLAC', 'Not DTS', 'FLAC_Not_DTS');
INSERT OR IGNORE INTO condition_patterns (custom_format_name, condition_name, regular_expression_name) VALUES ('FLAC', 'Not TrueHDATMOS', 'FLAC_Not_TrueHDATMOS');
INSERT OR IGNORE INTO condition_patterns (custom_format_name, condition_name, regular_expression_name) VALUES ('FLAC', 'Not Basic Dolby Digital', 'FLAC_Not_Basic_Dolby_Digital');
INSERT OR IGNORE INTO condition_patterns (custom_format_name, condition_name, regular_expression_name) VALUES ('FLAC', 'Not Dolby Digital Plus ', 'FLAC_Not_Dolby_Digital_Plus_');
INSERT OR IGNORE INTO regular_expressions (name, pattern) VALUES ('FLAC_FLAC', '\bFLAC(\b|\d)');
INSERT OR IGNORE INTO regular_expressions (name, pattern) VALUES ('FLAC_Not_PCM', '\b(l?)PCM(\b|\d)');
INSERT OR IGNORE INTO regular_expressions (name, pattern) VALUES ('FLAC_Not_AAC', '\bAAC(\b|\d)');
INSERT OR IGNORE INTO regular_expressions (name, pattern) VALUES ('FLAC_Not_DTS', '\bDTS(\b|\d)');
INSERT OR IGNORE INTO regular_expressions (name, pattern) VALUES ('FLAC_Not_TrueHDATMOS', 'True[ .-]?HD|\bATMOS(\b|\d)');
INSERT OR IGNORE INTO regular_expressions (name, pattern) VALUES ('FLAC_Not_Basic_Dolby_Digital', '\bDD[^a-z+]|(?<!e-)\b(ac-?3)\b');
INSERT OR IGNORE INTO regular_expressions (name, pattern) VALUES ('FLAC_Not_Dolby_Digital_Plus_', '\bDD[P+]|\b(e[-_. ]?ac-?3)\b');
INSERT OR IGNORE INTO custom_format_conditions (custom_format_name, name, type, arr_type, negate, required) VALUES ('FLAC', 'FLAC', 'pattern', 'sonarr', 0, 1);
INSERT OR IGNORE INTO custom_format_conditions (custom_format_name, name, type, arr_type, negate, required) VALUES ('FLAC', 'Not PCM', 'pattern', 'sonarr', 1, 1);
INSERT OR IGNORE INTO custom_format_conditions (custom_format_name, name, type, arr_type, negate, required) VALUES ('FLAC', 'Not AAC', 'pattern', 'sonarr', 1, 1);
INSERT OR IGNORE INTO custom_format_conditions (custom_format_name, name, type, arr_type, negate, required) VALUES ('FLAC', 'Not DTS', 'pattern', 'sonarr', 1, 1);
INSERT OR IGNORE INTO custom_format_conditions (custom_format_name, name, type, arr_type, negate, required) VALUES ('FLAC', 'Not TrueHDATMOS', 'pattern', 'sonarr', 1, 1);
INSERT OR IGNORE INTO custom_format_conditions (custom_format_name, name, type, arr_type, negate, required) VALUES ('FLAC', 'Not Basic Dolby Digital', 'pattern', 'sonarr', 1, 1);
INSERT OR IGNORE INTO custom_format_conditions (custom_format_name, name, type, arr_type, negate, required) VALUES ('FLAC', 'Not Dolby Digital Plus ', 'pattern', 'sonarr', 1, 1);

INSERT OR IGNORE INTO custom_formats (name, description, include_in_rename) VALUES ('FLUX', '5d9fd1b1e06cd8a475462f40214b7df6', 0);
INSERT OR IGNORE INTO condition_patterns (custom_format_name, condition_name, regular_expression_name) VALUES ('FLUX', 'FLUX', 'FLUX_FLUX');
INSERT OR IGNORE INTO regular_expressions (name, pattern) VALUES ('FLUX_FLUX', '^(FLUX)$');
INSERT OR IGNORE INTO custom_format_conditions (custom_format_name, name, type, arr_type, negate, required) VALUES ('FLUX', 'FLUX', 'pattern', 'sonarr', 0, 1);

INSERT OR IGNORE INTO custom_formats (name, description, include_in_rename) VALUES ('FOD', '7be9c0572d8cd4f81785dacf7e85985e', 1);
INSERT OR IGNORE INTO condition_patterns (custom_format_name, condition_name, regular_expression_name) VALUES ('FOD', 'FOD', 'FOD_FOD');
INSERT OR IGNORE INTO condition_sources (custom_format_name, condition_name, source) VALUES ('FOD', 'WEBDL', 'TELECINE');
INSERT OR IGNORE INTO condition_sources (custom_format_name, condition_name, source) VALUES ('FOD', 'WEBRIP', 'WORKPRINT');
INSERT OR IGNORE INTO regular_expressions (name, pattern) VALUES ('FOD_FOD', '\b(fod)\b');
INSERT OR IGNORE INTO custom_format_conditions (custom_format_name, name, type, arr_type, negate, required) VALUES ('FOD', 'FOD', 'pattern', 'sonarr', 0, 1);
INSERT OR IGNORE INTO custom_format_conditions (custom_format_name, name, type, arr_type, negate, required) VALUES ('FOD', 'WEBDL', 'source', 'sonarr', 0, 0);
INSERT OR IGNORE INTO custom_format_conditions (custom_format_name, name, type, arr_type, negate, required) VALUES ('FOD', 'WEBRIP', 'source', 'sonarr', 0, 0);

INSERT OR IGNORE INTO custom_formats (name, description, include_in_rename) VALUES ('FreeLeech', 'd7c747094a7c65f4c2de083c24899e8b', 0);
INSERT OR IGNORE INTO condition_indexer_flags (custom_format_name, condition_name, flag) VALUES ('FreeLeech', 'FreeLeech', '1');
INSERT OR IGNORE INTO custom_format_conditions (custom_format_name, name, type, arr_type, negate, required) VALUES ('FreeLeech', 'FreeLeech', 'indexer_flag', 'sonarr', 0, 0);

INSERT OR IGNORE INTO custom_formats (name, description, include_in_rename) VALUES ('ADN', 'd54cd2bf1326287275b56bccedb72ee2', 1);
INSERT OR IGNORE INTO condition_patterns (custom_format_name, condition_name, regular_expression_name) VALUES ('ADN', 'ADN', 'ADN_ADN');
INSERT OR IGNORE INTO condition_sources (custom_format_name, condition_name, source) VALUES ('ADN', 'WEBDL', 'TELECINE');
INSERT OR IGNORE INTO condition_sources (custom_format_name, condition_name, source) VALUES ('ADN', 'WEBRIP', 'WORKPRINT');
INSERT OR IGNORE INTO condition_sources (custom_format_name, condition_name, source) VALUES ('ADN', 'WEB', 'CAM');
INSERT OR IGNORE INTO regular_expressions (name, pattern) VALUES ('ADN_ADN', '\b(ADN)\b');
INSERT OR IGNORE INTO custom_format_conditions (custom_format_name, name, type, arr_type, negate, required) VALUES ('ADN', 'WEBDL', 'source', 'sonarr', 0, 0);
INSERT OR IGNORE INTO custom_format_conditions (custom_format_name, name, type, arr_type, negate, required) VALUES ('ADN', 'WEBRIP', 'source', 'sonarr', 0, 0);
INSERT OR IGNORE INTO custom_format_conditions (custom_format_name, name, type, arr_type, negate, required) VALUES ('ADN', 'WEB', 'source', 'sonarr', 0, 0);
INSERT OR IGNORE INTO custom_format_conditions (custom_format_name, name, type, arr_type, negate, required) VALUES ('ADN', 'ADN', 'pattern', 'sonarr', 0, 1);

INSERT OR IGNORE INTO custom_formats (name, description, include_in_rename) VALUES ('FR Anime FanSub', '44b6c964dad997577d793fd004a39224', 0);
INSERT OR IGNORE INTO condition_patterns (custom_format_name, condition_name, regular_expression_name) VALUES ('FR Anime FanSub', 'Anime-Heart', 'FR_Anime_FanSub_Anime-Heart');
INSERT OR IGNORE INTO condition_patterns (custom_format_name, condition_name, regular_expression_name) VALUES ('FR Anime FanSub', 'Kaerizaki-Fansub', 'FR_Anime_FanSub_Kaerizaki-Fansub');
INSERT OR IGNORE INTO condition_patterns (custom_format_name, condition_name, regular_expression_name) VALUES ('FR Anime FanSub', 'Natsumi-no-Sekai', 'FR_Anime_FanSub_Natsumi-no-Sekai');
INSERT OR IGNORE INTO condition_patterns (custom_format_name, condition_name, regular_expression_name) VALUES ('FR Anime FanSub', 'NekoYu', 'FR_Anime_FanSub_NekoYu');
INSERT OR IGNORE INTO condition_patterns (custom_format_name, condition_name, regular_expression_name) VALUES ('FR Anime FanSub', 'Onii-ChanSub', 'FR_Anime_FanSub_Onii-ChanSub');
INSERT OR IGNORE INTO condition_patterns (custom_format_name, condition_name, regular_expression_name) VALUES ('FR Anime FanSub', 'Owlolf', 'FR_Anime_FanSub_Owlolf');
INSERT OR IGNORE INTO condition_patterns (custom_format_name, condition_name, regular_expression_name) VALUES ('FR Anime FanSub', 'Pikari-Teshima', 'FR_Anime_FanSub_Pikari-Teshima');
INSERT OR IGNORE INTO condition_patterns (custom_format_name, condition_name, regular_expression_name) VALUES ('FR Anime FanSub', 'Seimeisen', 'FR_Anime_FanSub_Seimeisen');
INSERT OR IGNORE INTO condition_patterns (custom_format_name, condition_name, regular_expression_name) VALUES ('FR Anime FanSub', 'Team Arcedo', 'FR_Anime_FanSub_Team_Arcedo');
INSERT OR IGNORE INTO condition_patterns (custom_format_name, condition_name, regular_expression_name) VALUES ('FR Anime FanSub', 'Yarashii', 'FR_Anime_FanSub_Yarashii');
INSERT OR IGNORE INTO condition_patterns (custom_format_name, condition_name, regular_expression_name) VALUES ('FR Anime FanSub', 'Yangire-Raws', 'FR_Anime_FanSub_Yangire-Raws');
INSERT OR IGNORE INTO condition_patterns (custom_format_name, condition_name, regular_expression_name) VALUES ('FR Anime FanSub', 'Kaoru Hana FR KHFR', 'FR_Anime_FanSub_Kaoru_Hana_FR_KHFR');
INSERT OR IGNORE INTO regular_expressions (name, pattern) VALUES ('FR_Anime_FanSub_Anime-Heart', '\b(Anime[ .-]?Heart)\b');
INSERT OR IGNORE INTO regular_expressions (name, pattern) VALUES ('FR_Anime_FanSub_Kaerizaki-Fansub', '\b(Kaerizaki[ .-]?Fansub)\b');
INSERT OR IGNORE INTO regular_expressions (name, pattern) VALUES ('FR_Anime_FanSub_Natsumi-no-Sekai', '\b(Natsumi[ .-]?no[ .-]?Sekai)\b');
INSERT OR IGNORE INTO regular_expressions (name, pattern) VALUES ('FR_Anime_FanSub_NekoYu', '\b(NekoYu\''?)\b');
INSERT OR IGNORE INTO regular_expressions (name, pattern) VALUES ('FR_Anime_FanSub_Onii-ChanSub', '\b(Onii[ .-]?ChanSub)\b');
INSERT OR IGNORE INTO regular_expressions (name, pattern) VALUES ('FR_Anime_FanSub_Owlolf', '\b(Owlolf)\b');
INSERT OR IGNORE INTO regular_expressions (name, pattern) VALUES ('FR_Anime_FanSub_Pikari-Teshima', '\b(Pikari[ .-]?Teshima)\b');
INSERT OR IGNORE INTO regular_expressions (name, pattern) VALUES ('FR_Anime_FanSub_Seimeisen', '\b(Seimeisen)\b');
INSERT OR IGNORE INTO regular_expressions (name, pattern) VALUES ('FR_Anime_FanSub_Team_Arcedo', '\b((Team[ .-])?Arcedo)\b');
INSERT OR IGNORE INTO regular_expressions (name, pattern) VALUES ('FR_Anime_FanSub_Yarashii', '\b(Yarashii)\b');
INSERT OR IGNORE INTO regular_expressions (name, pattern) VALUES ('FR_Anime_FanSub_Yangire-Raws', '\b(Yangire[ .-]?Raws)\b');
INSERT OR IGNORE INTO regular_expressions (name, pattern) VALUES ('FR_Anime_FanSub_Kaoru_Hana_FR_KHFR', '\b(KHFR)\b');
INSERT OR IGNORE INTO custom_format_conditions (custom_format_name, name, type, arr_type, negate, required) VALUES ('FR Anime FanSub', 'Anime-Heart', 'pattern', 'sonarr', 0, 0);
INSERT OR IGNORE INTO custom_format_conditions (custom_format_name, name, type, arr_type, negate, required) VALUES ('FR Anime FanSub', 'Kaerizaki-Fansub', 'pattern', 'sonarr', 0, 0);
INSERT OR IGNORE INTO custom_format_conditions (custom_format_name, name, type, arr_type, negate, required) VALUES ('FR Anime FanSub', 'Natsumi-no-Sekai', 'pattern', 'sonarr', 0, 0);
INSERT OR IGNORE INTO custom_format_conditions (custom_format_name, name, type, arr_type, negate, required) VALUES ('FR Anime FanSub', 'NekoYu', 'pattern', 'sonarr', 0, 0);
INSERT OR IGNORE INTO custom_format_conditions (custom_format_name, name, type, arr_type, negate, required) VALUES ('FR Anime FanSub', 'Onii-ChanSub', 'pattern', 'sonarr', 0, 0);
INSERT OR IGNORE INTO custom_format_conditions (custom_format_name, name, type, arr_type, negate, required) VALUES ('FR Anime FanSub', 'Owlolf', 'pattern', 'sonarr', 0, 0);
INSERT OR IGNORE INTO custom_format_conditions (custom_format_name, name, type, arr_type, negate, required) VALUES ('FR Anime FanSub', 'Pikari-Teshima', 'pattern', 'sonarr', 0, 0);
INSERT OR IGNORE INTO custom_format_conditions (custom_format_name, name, type, arr_type, negate, required) VALUES ('FR Anime FanSub', 'Seimeisen', 'pattern', 'sonarr', 0, 0);
INSERT OR IGNORE INTO custom_format_conditions (custom_format_name, name, type, arr_type, negate, required) VALUES ('FR Anime FanSub', 'Team Arcedo', 'pattern', 'sonarr', 0, 0);
INSERT OR IGNORE INTO custom_format_conditions (custom_format_name, name, type, arr_type, negate, required) VALUES ('FR Anime FanSub', 'Yarashii', 'pattern', 'sonarr', 0, 0);
INSERT OR IGNORE INTO custom_format_conditions (custom_format_name, name, type, arr_type, negate, required) VALUES ('FR Anime FanSub', 'Yangire-Raws', 'pattern', 'sonarr', 0, 0);
INSERT OR IGNORE INTO custom_format_conditions (custom_format_name, name, type, arr_type, negate, required) VALUES ('FR Anime FanSub', 'Kaoru Hana FR KHFR', 'pattern', 'sonarr', 0, 0);

INSERT OR IGNORE INTO custom_formats (name, description, include_in_rename) VALUES ('FR Anime Tier 01', 'db13a377f7afb29975ea39470434d2ef', 0);
INSERT OR IGNORE INTO condition_patterns (custom_format_name, condition_name, regular_expression_name) VALUES ('FR Anime Tier 01', 'Darki', 'FR_Anime_Tier_01_Darki');
INSERT OR IGNORE INTO condition_patterns (custom_format_name, condition_name, regular_expression_name) VALUES ('FR Anime Tier 01', 'Delivroozzi', 'FR_Anime_Tier_01_Delivroozzi');
INSERT OR IGNORE INTO condition_patterns (custom_format_name, condition_name, regular_expression_name) VALUES ('FR Anime Tier 01', 'Fuceo', 'FR_Anime_Tier_01_Fuceo');
INSERT OR IGNORE INTO condition_patterns (custom_format_name, condition_name, regular_expression_name) VALUES ('FR Anime Tier 01', 'Good Job Alexis', 'FR_Anime_Tier_01_Good_Job_Alexis');
INSERT OR IGNORE INTO condition_patterns (custom_format_name, condition_name, regular_expression_name) VALUES ('FR Anime Tier 01', 'Punisher694', 'FR_Anime_Tier_01_Punisher694');
INSERT OR IGNORE INTO condition_patterns (custom_format_name, condition_name, regular_expression_name) VALUES ('FR Anime Tier 01', 'SR-71', 'FR_Anime_Tier_01_SR-71');
INSERT OR IGNORE INTO condition_patterns (custom_format_name, condition_name, regular_expression_name) VALUES ('FR Anime Tier 01', 'T3KASHi', 'FR_Anime_Tier_01_T3KASHi');
INSERT OR IGNORE INTO condition_patterns (custom_format_name, condition_name, regular_expression_name) VALUES ('FR Anime Tier 01', 'TANOSHii', 'FR_Anime_Tier_01_TANOSHii');
INSERT OR IGNORE INTO condition_patterns (custom_format_name, condition_name, regular_expression_name) VALUES ('FR Anime Tier 01', 'Tsundere-Raws', 'FR_Anime_Tier_01_Tsundere-Raws');
INSERT OR IGNORE INTO regular_expressions (name, pattern) VALUES ('FR_Anime_Tier_01_Darki', '\b(Darki)\b');
INSERT OR IGNORE INTO regular_expressions (name, pattern) VALUES ('FR_Anime_Tier_01_Delivroozzi', '\b(Delivroozzi)\b');
INSERT OR IGNORE INTO regular_expressions (name, pattern) VALUES ('FR_Anime_Tier_01_Fuceo', '\b(Fuceo)\b');
INSERT OR IGNORE INTO regular_expressions (name, pattern) VALUES ('FR_Anime_Tier_01_Good_Job_Alexis', '\b(Good[ .-]?(Job|Rip|Sub)!?[ .-]?Alexis)\b');
INSERT OR IGNORE INTO regular_expressions (name, pattern) VALUES ('FR_Anime_Tier_01_Punisher694', '\b(Punisher694)\b');
INSERT OR IGNORE INTO regular_expressions (name, pattern) VALUES ('FR_Anime_Tier_01_SR-71', '\b(SR-71)\b');
INSERT OR IGNORE INTO regular_expressions (name, pattern) VALUES ('FR_Anime_Tier_01_T3KASHi', '\b(T3KASHi)\b');
INSERT OR IGNORE INTO regular_expressions (name, pattern) VALUES ('FR_Anime_Tier_01_TANOSHii', '\b(-TANOSHii)\b');
INSERT OR IGNORE INTO regular_expressions (name, pattern) VALUES ('FR_Anime_Tier_01_Tsundere-Raws', '\b(Tsundere[ .-]?Raws)\b');
INSERT OR IGNORE INTO custom_format_conditions (custom_format_name, name, type, arr_type, negate, required) VALUES ('FR Anime Tier 01', 'Darki', 'pattern', 'sonarr', 0, 0);
INSERT OR IGNORE INTO custom_format_conditions (custom_format_name, name, type, arr_type, negate, required) VALUES ('FR Anime Tier 01', 'Delivroozzi', 'pattern', 'sonarr', 0, 0);
INSERT OR IGNORE INTO custom_format_conditions (custom_format_name, name, type, arr_type, negate, required) VALUES ('FR Anime Tier 01', 'Fuceo', 'pattern', 'sonarr', 0, 0);
INSERT OR IGNORE INTO custom_format_conditions (custom_format_name, name, type, arr_type, negate, required) VALUES ('FR Anime Tier 01', 'Good Job Alexis', 'pattern', 'sonarr', 0, 0);
INSERT OR IGNORE INTO custom_format_conditions (custom_format_name, name, type, arr_type, negate, required) VALUES ('FR Anime Tier 01', 'Punisher694', 'pattern', 'sonarr', 0, 0);
INSERT OR IGNORE INTO custom_format_conditions (custom_format_name, name, type, arr_type, negate, required) VALUES ('FR Anime Tier 01', 'SR-71', 'pattern', 'sonarr', 0, 0);
INSERT OR IGNORE INTO custom_format_conditions (custom_format_name, name, type, arr_type, negate, required) VALUES ('FR Anime Tier 01', 'T3KASHi', 'pattern', 'sonarr', 0, 0);
INSERT OR IGNORE INTO custom_format_conditions (custom_format_name, name, type, arr_type, negate, required) VALUES ('FR Anime Tier 01', 'TANOSHii', 'pattern', 'sonarr', 0, 0);
INSERT OR IGNORE INTO custom_format_conditions (custom_format_name, name, type, arr_type, negate, required) VALUES ('FR Anime Tier 01', 'Tsundere-Raws', 'pattern', 'sonarr', 0, 0);

INSERT OR IGNORE INTO custom_formats (name, description, include_in_rename) VALUES ('FR Anime Tier 02', '4e6134a384dbc0ef166234cc0e45d26d', 0);
INSERT OR IGNORE INTO condition_patterns (custom_format_name, condition_name, regular_expression_name) VALUES ('FR Anime Tier 02', 'Aoi-Project', 'FR_Anime_Tier_02_Aoi-Project');
INSERT OR IGNORE INTO condition_patterns (custom_format_name, condition_name, regular_expression_name) VALUES ('FR Anime Tier 02', 'Elecman', 'FR_Anime_Tier_02_Elecman');
INSERT OR IGNORE INTO condition_patterns (custom_format_name, condition_name, regular_expression_name) VALUES ('FR Anime Tier 02', 'FUJiSAN', 'FR_Anime_Tier_02_FUJiSAN');
INSERT OR IGNORE INTO condition_patterns (custom_format_name, condition_name, regular_expression_name) VALUES ('FR Anime Tier 02', 'GundamGuy', 'FR_Anime_Tier_02_GundamGuy');
INSERT OR IGNORE INTO condition_patterns (custom_format_name, condition_name, regular_expression_name) VALUES ('FR Anime Tier 02', 'IssouCorp', 'FR_Anime_Tier_02_IssouCorp');
INSERT OR IGNORE INTO condition_patterns (custom_format_name, condition_name, regular_expression_name) VALUES ('FR Anime Tier 02', 'KAF', 'FR_Anime_Tier_02_KAF');
INSERT OR IGNORE INTO condition_patterns (custom_format_name, condition_name, regular_expression_name) VALUES ('FR Anime Tier 02', 'Nagutos', 'FR_Anime_Tier_02_Nagutos');
INSERT OR IGNORE INTO condition_patterns (custom_format_name, condition_name, regular_expression_name) VALUES ('FR Anime Tier 02', 'OECUF', 'FR_Anime_Tier_02_OECUF');
INSERT OR IGNORE INTO condition_patterns (custom_format_name, condition_name, regular_expression_name) VALUES ('FR Anime Tier 02', 'XSPITFIRE911', 'FR_Anime_Tier_02_XSPITFIRE911');
INSERT OR IGNORE INTO regular_expressions (name, pattern) VALUES ('FR_Anime_Tier_02_Aoi-Project', '\b(Aoi[ .-]?Project)\b');
INSERT OR IGNORE INTO regular_expressions (name, pattern) VALUES ('FR_Anime_Tier_02_Elecman', '\b(Elecman)\b');
INSERT OR IGNORE INTO regular_expressions (name, pattern) VALUES ('FR_Anime_Tier_02_FUJiSAN', '\b(FUJiSAN)\b');
INSERT OR IGNORE INTO regular_expressions (name, pattern) VALUES ('FR_Anime_Tier_02_GundamGuy', '\b(GundamGuy)\b');
INSERT OR IGNORE INTO regular_expressions (name, pattern) VALUES ('FR_Anime_Tier_02_IssouCorp', '\b(IssouCorp)\b');
INSERT OR IGNORE INTO regular_expressions (name, pattern) VALUES ('FR_Anime_Tier_02_KAF', '\b(KAF)\b');
INSERT OR IGNORE INTO regular_expressions (name, pattern) VALUES ('FR_Anime_Tier_02_Nagutos', '\b(Nagutos)\b');
INSERT OR IGNORE INTO regular_expressions (name, pattern) VALUES ('FR_Anime_Tier_02_OECUF', '\b(OECUF)\b');
INSERT OR IGNORE INTO regular_expressions (name, pattern) VALUES ('FR_Anime_Tier_02_XSPITFIRE911', '\b(XSPITFIRE911)\b');
INSERT OR IGNORE INTO custom_format_conditions (custom_format_name, name, type, arr_type, negate, required) VALUES ('FR Anime Tier 02', 'Aoi-Project', 'pattern', 'sonarr', 0, 0);
INSERT OR IGNORE INTO custom_format_conditions (custom_format_name, name, type, arr_type, negate, required) VALUES ('FR Anime Tier 02', 'Elecman', 'pattern', 'sonarr', 0, 0);
INSERT OR IGNORE INTO custom_format_conditions (custom_format_name, name, type, arr_type, negate, required) VALUES ('FR Anime Tier 02', 'FUJiSAN', 'pattern', 'sonarr', 0, 0);
INSERT OR IGNORE INTO custom_format_conditions (custom_format_name, name, type, arr_type, negate, required) VALUES ('FR Anime Tier 02', 'GundamGuy', 'pattern', 'sonarr', 0, 0);
INSERT OR IGNORE INTO custom_format_conditions (custom_format_name, name, type, arr_type, negate, required) VALUES ('FR Anime Tier 02', 'IssouCorp', 'pattern', 'sonarr', 0, 0);
INSERT OR IGNORE INTO custom_format_conditions (custom_format_name, name, type, arr_type, negate, required) VALUES ('FR Anime Tier 02', 'KAF', 'pattern', 'sonarr', 0, 0);
INSERT OR IGNORE INTO custom_format_conditions (custom_format_name, name, type, arr_type, negate, required) VALUES ('FR Anime Tier 02', 'Nagutos', 'pattern', 'sonarr', 0, 0);
INSERT OR IGNORE INTO custom_format_conditions (custom_format_name, name, type, arr_type, negate, required) VALUES ('FR Anime Tier 02', 'OECUF', 'pattern', 'sonarr', 0, 0);
INSERT OR IGNORE INTO custom_format_conditions (custom_format_name, name, type, arr_type, negate, required) VALUES ('FR Anime Tier 02', 'XSPITFIRE911', 'pattern', 'sonarr', 0, 0);

INSERT OR IGNORE INTO custom_formats (name, description, include_in_rename) VALUES ('FR Anime Tier 03', 'db34d4357937fbfe89b63ba095f22155', 0);
INSERT OR IGNORE INTO condition_patterns (custom_format_name, condition_name, regular_expression_name) VALUES ('FR Anime Tier 03', 'BLV', 'FR_Anime_Tier_03_BLV');
INSERT OR IGNORE INTO condition_patterns (custom_format_name, condition_name, regular_expression_name) VALUES ('FR Anime Tier 03', 'D3T3R10R1TY', 'FR_Anime_Tier_03_D3T3R10R1TY');
INSERT OR IGNORE INTO condition_patterns (custom_format_name, condition_name, regular_expression_name) VALUES ('FR Anime Tier 03', 'Galactic', 'FR_Anime_Tier_03_Galactic');
INSERT OR IGNORE INTO condition_patterns (custom_format_name, condition_name, regular_expression_name) VALUES ('FR Anime Tier 03', 'HANAMi', 'FR_Anime_Tier_03_HANAMi');
INSERT OR IGNORE INTO condition_patterns (custom_format_name, condition_name, regular_expression_name) VALUES ('FR Anime Tier 03', 'kazuizui', 'FR_Anime_Tier_03_kazuizui');
INSERT OR IGNORE INTO condition_patterns (custom_format_name, condition_name, regular_expression_name) VALUES ('FR Anime Tier 03', 'KHAYA', 'FR_Anime_Tier_03_KHAYA');
INSERT OR IGNORE INTO condition_patterns (custom_format_name, condition_name, regular_expression_name) VALUES ('FR Anime Tier 03', 'KushEnthusiast', 'FR_Anime_Tier_03_KushEnthusiast');
INSERT OR IGNORE INTO condition_patterns (custom_format_name, condition_name, regular_expression_name) VALUES ('FR Anime Tier 03', 'matheousse', 'FR_Anime_Tier_03_matheousse');
INSERT OR IGNORE INTO condition_patterns (custom_format_name, condition_name, regular_expression_name) VALUES ('FR Anime Tier 03', 'Monkey-DLulu', 'FR_Anime_Tier_03_Monkey-DLulu');
INSERT OR IGNORE INTO condition_patterns (custom_format_name, condition_name, regular_expression_name) VALUES ('FR Anime Tier 03', 'NeoSG', 'FR_Anime_Tier_03_NeoSG');
INSERT OR IGNORE INTO condition_patterns (custom_format_name, condition_name, regular_expression_name) VALUES ('FR Anime Tier 03', 'RONiN', 'FR_Anime_Tier_03_RONiN');
INSERT OR IGNORE INTO condition_patterns (custom_format_name, condition_name, regular_expression_name) VALUES ('FR Anime Tier 03', 'TheFantastics', 'FR_Anime_Tier_03_TheFantastics');
INSERT OR IGNORE INTO condition_patterns (custom_format_name, condition_name, regular_expression_name) VALUES ('FR Anime Tier 03', 'TTN', 'FR_Anime_Tier_03_TTN');
INSERT OR IGNORE INTO regular_expressions (name, pattern) VALUES ('FR_Anime_Tier_03_BLV', '\b(BLV)\b');
INSERT OR IGNORE INTO regular_expressions (name, pattern) VALUES ('FR_Anime_Tier_03_D3T3R10R1TY', '\b(D3T3R10R1TY)\b');
INSERT OR IGNORE INTO regular_expressions (name, pattern) VALUES ('FR_Anime_Tier_03_Galactic', '\b(Galactic)\b');
INSERT OR IGNORE INTO regular_expressions (name, pattern) VALUES ('FR_Anime_Tier_03_HANAMi', '\b(HANAMi)\b');
INSERT OR IGNORE INTO regular_expressions (name, pattern) VALUES ('FR_Anime_Tier_03_kazuizui', '\b(kazui(zui)?)\b');
INSERT OR IGNORE INTO regular_expressions (name, pattern) VALUES ('FR_Anime_Tier_03_KHAYA', '\b(KHAYA)\b');
INSERT OR IGNORE INTO regular_expressions (name, pattern) VALUES ('FR_Anime_Tier_03_KushEnthusiast', '\b(KushEnthusiast)\b');
INSERT OR IGNORE INTO regular_expressions (name, pattern) VALUES ('FR_Anime_Tier_03_matheousse', '\b(matheousse)\b');
INSERT OR IGNORE INTO regular_expressions (name, pattern) VALUES ('FR_Anime_Tier_03_Monkey-DLulu', '\b(Monkey[ .-]?D[ .-]?Lulu)\b');
INSERT OR IGNORE INTO regular_expressions (name, pattern) VALUES ('FR_Anime_Tier_03_NeoSG', '\b(NeoSG)\b');
INSERT OR IGNORE INTO regular_expressions (name, pattern) VALUES ('FR_Anime_Tier_03_RONiN', '\b(RONiN)\b');
INSERT OR IGNORE INTO regular_expressions (name, pattern) VALUES ('FR_Anime_Tier_03_TheFantastics', '\b(TheFantastics)\b');
INSERT OR IGNORE INTO regular_expressions (name, pattern) VALUES ('FR_Anime_Tier_03_TTN', '\b(TTN)\b');
INSERT OR IGNORE INTO custom_format_conditions (custom_format_name, name, type, arr_type, negate, required) VALUES ('FR Anime Tier 03', 'BLV', 'pattern', 'sonarr', 0, 0);
INSERT OR IGNORE INTO custom_format_conditions (custom_format_name, name, type, arr_type, negate, required) VALUES ('FR Anime Tier 03', 'D3T3R10R1TY', 'pattern', 'sonarr', 0, 0);
INSERT OR IGNORE INTO custom_format_conditions (custom_format_name, name, type, arr_type, negate, required) VALUES ('FR Anime Tier 03', 'Galactic', 'pattern', 'sonarr', 0, 0);
INSERT OR IGNORE INTO custom_format_conditions (custom_format_name, name, type, arr_type, negate, required) VALUES ('FR Anime Tier 03', 'HANAMi', 'pattern', 'sonarr', 0, 0);
INSERT OR IGNORE INTO custom_format_conditions (custom_format_name, name, type, arr_type, negate, required) VALUES ('FR Anime Tier 03', 'kazuizui', 'pattern', 'sonarr', 0, 0);
INSERT OR IGNORE INTO custom_format_conditions (custom_format_name, name, type, arr_type, negate, required) VALUES ('FR Anime Tier 03', 'KHAYA', 'pattern', 'sonarr', 0, 0);
INSERT OR IGNORE INTO custom_format_conditions (custom_format_name, name, type, arr_type, negate, required) VALUES ('FR Anime Tier 03', 'KushEnthusiast', 'pattern', 'sonarr', 0, 0);
INSERT OR IGNORE INTO custom_format_conditions (custom_format_name, name, type, arr_type, negate, required) VALUES ('FR Anime Tier 03', 'matheousse', 'pattern', 'sonarr', 0, 0);
INSERT OR IGNORE INTO custom_format_conditions (custom_format_name, name, type, arr_type, negate, required) VALUES ('FR Anime Tier 03', 'Monkey-DLulu', 'pattern', 'sonarr', 0, 0);
INSERT OR IGNORE INTO custom_format_conditions (custom_format_name, name, type, arr_type, negate, required) VALUES ('FR Anime Tier 03', 'NeoSG', 'pattern', 'sonarr', 0, 0);
INSERT OR IGNORE INTO custom_format_conditions (custom_format_name, name, type, arr_type, negate, required) VALUES ('FR Anime Tier 03', 'RONiN', 'pattern', 'sonarr', 0, 0);
INSERT OR IGNORE INTO custom_format_conditions (custom_format_name, name, type, arr_type, negate, required) VALUES ('FR Anime Tier 03', 'TheFantastics', 'pattern', 'sonarr', 0, 0);
INSERT OR IGNORE INTO custom_format_conditions (custom_format_name, name, type, arr_type, negate, required) VALUES ('FR Anime Tier 03', 'TTN', 'pattern', 'sonarr', 0, 0);

INSERT OR IGNORE INTO custom_formats (name, description, include_in_rename) VALUES ('AUViO', 'b0d6195c23ae254932da00512db7e8a8', 1);
INSERT OR IGNORE INTO condition_patterns (custom_format_name, condition_name, regular_expression_name) VALUES ('AUViO', 'AUViO', 'AUViO_AUViO');
INSERT OR IGNORE INTO condition_patterns (custom_format_name, condition_name, regular_expression_name) VALUES ('AUViO', 'Radio Tlvision Belge Francophone', 'AUViO_Radio_Tlvision_Belge_Francophone');
INSERT OR IGNORE INTO condition_sources (custom_format_name, condition_name, source) VALUES ('AUViO', 'WEBDL', 'TELECINE');
INSERT OR IGNORE INTO condition_sources (custom_format_name, condition_name, source) VALUES ('AUViO', 'WEBRIP', 'WORKPRINT');
INSERT OR IGNORE INTO regular_expressions (name, pattern) VALUES ('AUViO_AUViO', '\b(AUVIO)\b');
INSERT OR IGNORE INTO regular_expressions (name, pattern) VALUES ('AUViO_Radio_Tlvision_Belge_Francophone', '\b(RTBF)\b');
INSERT OR IGNORE INTO custom_format_conditions (custom_format_name, name, type, arr_type, negate, required) VALUES ('AUViO', 'WEBDL', 'source', 'sonarr', 0, 0);
INSERT OR IGNORE INTO custom_format_conditions (custom_format_name, name, type, arr_type, negate, required) VALUES ('AUViO', 'WEBRIP', 'source', 'sonarr', 0, 0);
INSERT OR IGNORE INTO custom_format_conditions (custom_format_name, name, type, arr_type, negate, required) VALUES ('AUViO', 'AUViO', 'pattern', 'sonarr', 0, 0);
INSERT OR IGNORE INTO custom_format_conditions (custom_format_name, name, type, arr_type, negate, required) VALUES ('AUViO', 'Radio Tlvision Belge Francophone', 'pattern', 'sonarr', 0, 0);

INSERT OR IGNORE INTO custom_formats (name, description, include_in_rename) VALUES ('FR HD Bluray Tier 01', 'd844321db5e126d2e7e46152f0706532', 0);
INSERT OR IGNORE INTO condition_patterns (custom_format_name, condition_name, regular_expression_name) VALUES ('FR HD Bluray Tier 01', 'ARK01', 'FR_HD_Bluray_Tier_01_ARK01');
INSERT OR IGNORE INTO condition_patterns (custom_format_name, condition_name, regular_expression_name) VALUES ('FR HD Bluray Tier 01', 'BONBON', 'FR_HD_Bluray_Tier_01_BONBON');
INSERT OR IGNORE INTO condition_patterns (custom_format_name, condition_name, regular_expression_name) VALUES ('FR HD Bluray Tier 01', 'FRATERNiTY', 'FR_HD_Bluray_Tier_01_FRATERNiTY');
INSERT OR IGNORE INTO condition_patterns (custom_format_name, condition_name, regular_expression_name) VALUES ('FR HD Bluray Tier 01', 'FTMVHD', 'FR_HD_Bluray_Tier_01_FTMVHD');
INSERT OR IGNORE INTO condition_patterns (custom_format_name, condition_name, regular_expression_name) VALUES ('FR HD Bluray Tier 01', 'HeavyWeight', 'FR_HD_Bluray_Tier_01_HeavyWeight');
INSERT OR IGNORE INTO condition_patterns (custom_format_name, condition_name, regular_expression_name) VALUES ('FR HD Bluray Tier 01', 'Psaro', 'FR_HD_Bluray_Tier_01_Psaro');
INSERT OR IGNORE INTO condition_sources (custom_format_name, condition_name, source) VALUES ('FR HD Bluray Tier 01', 'BLURAY', 'TV');
INSERT OR IGNORE INTO condition_sources (custom_format_name, condition_name, source) VALUES ('FR HD Bluray Tier 01', 'Not REMUX', 'WEBDL');
INSERT OR IGNORE INTO condition_resolutions (custom_format_name, condition_name, resolution) VALUES ('FR HD Bluray Tier 01', 'Not 2160p', '2160');
INSERT OR IGNORE INTO regular_expressions (name, pattern) VALUES ('FR_HD_Bluray_Tier_01_ARK01', '^(ARK01)$');
INSERT OR IGNORE INTO regular_expressions (name, pattern) VALUES ('FR_HD_Bluray_Tier_01_BONBON', '^(BONBON)$');
INSERT OR IGNORE INTO regular_expressions (name, pattern) VALUES ('FR_HD_Bluray_Tier_01_FRATERNiTY', '^(FRATERNiTY)$');
INSERT OR IGNORE INTO regular_expressions (name, pattern) VALUES ('FR_HD_Bluray_Tier_01_FTMVHD', '^(FTMVHD)$');
INSERT OR IGNORE INTO regular_expressions (name, pattern) VALUES ('FR_HD_Bluray_Tier_01_HeavyWeight', '^(HeavyWeight)$');
INSERT OR IGNORE INTO regular_expressions (name, pattern) VALUES ('FR_HD_Bluray_Tier_01_Psaro', '^(Psaro)$');
INSERT OR IGNORE INTO custom_format_conditions (custom_format_name, name, type, arr_type, negate, required) VALUES ('FR HD Bluray Tier 01', 'BLURAY', 'source', 'sonarr', 0, 1);
INSERT OR IGNORE INTO custom_format_conditions (custom_format_name, name, type, arr_type, negate, required) VALUES ('FR HD Bluray Tier 01', 'Not REMUX', 'source', 'sonarr', 1, 1);
INSERT OR IGNORE INTO custom_format_conditions (custom_format_name, name, type, arr_type, negate, required) VALUES ('FR HD Bluray Tier 01', 'Not 2160p', 'resolution', 'sonarr', 1, 1);
INSERT OR IGNORE INTO custom_format_conditions (custom_format_name, name, type, arr_type, negate, required) VALUES ('FR HD Bluray Tier 01', 'ARK01', 'pattern', 'sonarr', 0, 0);
INSERT OR IGNORE INTO custom_format_conditions (custom_format_name, name, type, arr_type, negate, required) VALUES ('FR HD Bluray Tier 01', 'BONBON', 'pattern', 'sonarr', 0, 0);
INSERT OR IGNORE INTO custom_format_conditions (custom_format_name, name, type, arr_type, negate, required) VALUES ('FR HD Bluray Tier 01', 'FRATERNiTY', 'pattern', 'sonarr', 0, 0);
INSERT OR IGNORE INTO custom_format_conditions (custom_format_name, name, type, arr_type, negate, required) VALUES ('FR HD Bluray Tier 01', 'FTMVHD', 'pattern', 'sonarr', 0, 0);
INSERT OR IGNORE INTO custom_format_conditions (custom_format_name, name, type, arr_type, negate, required) VALUES ('FR HD Bluray Tier 01', 'HeavyWeight', 'pattern', 'sonarr', 0, 0);
INSERT OR IGNORE INTO custom_format_conditions (custom_format_name, name, type, arr_type, negate, required) VALUES ('FR HD Bluray Tier 01', 'Psaro', 'pattern', 'sonarr', 0, 0);

INSERT OR IGNORE INTO custom_formats (name, description, include_in_rename) VALUES ('FR LQ', '3ba797e5dc13af4b8d9bb25e83d90de2', 0);
INSERT OR IGNORE INTO condition_patterns (custom_format_name, condition_name, regular_expression_name) VALUES ('FR LQ', 'AdsWatermarks', 'FR_LQ_AdsWatermarks');
INSERT OR IGNORE INTO condition_patterns (custom_format_name, condition_name, regular_expression_name) VALUES ('FR LQ', 'BadFalse releases', 'FR_LQ_BadFalse_releases');
INSERT OR IGNORE INTO condition_patterns (custom_format_name, condition_name, regular_expression_name) VALUES ('FR LQ', 'DeTAGReTAG', 'FR_LQ_DeTAGReTAG');
INSERT OR IGNORE INTO condition_patterns (custom_format_name, condition_name, regular_expression_name) VALUES ('FR LQ', 'Other reasons', 'FR_LQ_Other_reasons');
INSERT OR IGNORE INTO regular_expressions (name, pattern) VALUES ('FR_LQ_AdsWatermarks', '\b(Bandix|CZ\d+|EXTREME|GA(|I)A|HMiDiMADRiDi|Hush|KILLERMIX|LiBERTAD|LTa?TM|MONiCO|NEWCINE|R(PZ|ZP)|ShowFR|VERCLAM|ViKi47|Wawa-?(city|mania|porno)?|ZW)\b');
INSERT OR IGNORE INTO regular_expressions (name, pattern) VALUES ('FR_LQ_BadFalse_releases', '\b(ACOOL|AlioZ|ASPHiXiAS|AViTECH|AZAZE|Balibalo|BLABLASTREAM|DDLFRENCH(ORG)?|FERVEX|FReeZeR|GHOSTSPiRiT|GHZ|GLaDOS|GZR|HEVCBay|JiHeff|KR4K3N|Matmatha|MKVXTEAM|Monchat|NLX5|NOMAD|NORRIS|PiCKLES|PREUMS|qctimb3rlandqc|ReBoT|ROLLED|SCREEN|SHiFT|SKRiN|TicaDow|Tokushi|Tonyk|TOXIC|TUTUTE|UNiKORN|Zombie)\b');
INSERT OR IGNORE INTO regular_expressions (name, pattern) VALUES ('FR_LQ_DeTAGReTAG', '\b((Cpasbien|CPB)|ANONA|AT|bigZT|Boheme|BOL|CINeHD|Cortex91|DOLL4R|Dread[ .-]?Team|Dropse|EZTV([ ._-]re)?|FGT|Firetown|FUN|HDMIDIMADRIDI|JetAnime|L-?O-?L|NewZT|NG|RARBG|STVFRV|SubZero|T9|Time2Watch|TIREXO|Torrent9|WebAnime|YIFY|YTS|ZONE|ZT)\b');
INSERT OR IGNORE INTO regular_expressions (name, pattern) VALUES ('FR_LQ_Other_reasons', '\b(AKLHD|ARKRiL|BossBaby|Champion9|Copycomic|CR4ZYTiME|EASPORTS|EliteT|FUNKKY|FZTeam|GOBO2S|HD2|LION|LMPS|LNA3d|MACK4|MeMyl|METALLIKA|MGD|Moorea81|Moviz|Muxman|Mystic|MZC|MZi?SYS|N3TFL1X|NoelMaison|nutella|OMERTA|Papaya|PIKACHU|PULSE|Q7|RELiC|SANCTUAIRE|SHARKS|SP3CTR|Spow|STR4NGE|TeamSuW|TORRiD|TSN999|TVPSLO|Upmix|VATFER|Wakanim|WaNeZt|WINCHESTER|WITA)\b');
INSERT OR IGNORE INTO custom_format_conditions (custom_format_name, name, type, arr_type, negate, required) VALUES ('FR LQ', 'AdsWatermarks', 'pattern', 'sonarr', 0, 0);
INSERT OR IGNORE INTO custom_format_conditions (custom_format_name, name, type, arr_type, negate, required) VALUES ('FR LQ', 'BadFalse releases', 'pattern', 'sonarr', 0, 0);
INSERT OR IGNORE INTO custom_format_conditions (custom_format_name, name, type, arr_type, negate, required) VALUES ('FR LQ', 'DeTAGReTAG', 'pattern', 'sonarr', 0, 0);
INSERT OR IGNORE INTO custom_format_conditions (custom_format_name, name, type, arr_type, negate, required) VALUES ('FR LQ', 'Other reasons', 'pattern', 'sonarr', 0, 0);

INSERT OR IGNORE INTO custom_formats (name, description, include_in_rename) VALUES ('MyCANAL', 'f27d46a831e6b16fa3fee2c4e5d10984', 1);
INSERT OR IGNORE INTO condition_patterns (custom_format_name, condition_name, regular_expression_name) VALUES ('MyCANAL', 'CANAL', 'MyCANAL_CANAL');
INSERT OR IGNORE INTO condition_patterns (custom_format_name, condition_name, regular_expression_name) VALUES ('MyCANAL', 'MyCANAL', 'MyCANAL_MyCANAL');
INSERT OR IGNORE INTO condition_patterns (custom_format_name, condition_name, regular_expression_name) VALUES ('MyCANAL', 'Not MyCanal RlsGrp', 'MyCANAL_Not_MyCanal_RlsGrp');
INSERT OR IGNORE INTO condition_sources (custom_format_name, condition_name, source) VALUES ('MyCANAL', 'WEBDL', 'TELECINE');
INSERT OR IGNORE INTO condition_sources (custom_format_name, condition_name, source) VALUES ('MyCANAL', 'WEBRIP', 'WORKPRINT');
INSERT OR IGNORE INTO regular_expressions (name, pattern) VALUES ('MyCANAL_CANAL', '\b(C(?:anal)?[ .-]?(Plus|\+))[ .]');
INSERT OR IGNORE INTO regular_expressions (name, pattern) VALUES ('MyCANAL_MyCANAL', '\b(MyCANAL)\b');
INSERT OR IGNORE INTO regular_expressions (name, pattern) VALUES ('MyCANAL_Not_MyCanal_RlsGrp', '\b(MyCanal)\b');
INSERT OR IGNORE INTO custom_format_conditions (custom_format_name, name, type, arr_type, negate, required) VALUES ('MyCANAL', 'WEBDL', 'source', 'sonarr', 0, 0);
INSERT OR IGNORE INTO custom_format_conditions (custom_format_name, name, type, arr_type, negate, required) VALUES ('MyCANAL', 'WEBRIP', 'source', 'sonarr', 0, 0);
INSERT OR IGNORE INTO custom_format_conditions (custom_format_name, name, type, arr_type, negate, required) VALUES ('MyCANAL', 'CANAL', 'pattern', 'sonarr', 0, 0);
INSERT OR IGNORE INTO custom_format_conditions (custom_format_name, name, type, arr_type, negate, required) VALUES ('MyCANAL', 'MyCANAL', 'pattern', 'sonarr', 0, 0);
INSERT OR IGNORE INTO custom_format_conditions (custom_format_name, name, type, arr_type, negate, required) VALUES ('MyCANAL', 'Not MyCanal RlsGrp', 'pattern', 'sonarr', 1, 1);

INSERT OR IGNORE INTO custom_formats (name, description, include_in_rename) VALUES ('FR Remux Tier 01', 'b8e91cc8fb2bd96468fab74730c30d18', 0);
INSERT OR IGNORE INTO condition_patterns (custom_format_name, condition_name, regular_expression_name) VALUES ('FR Remux Tier 01', 'FtLi', 'FR_Remux_Tier_01_FtLi');
INSERT OR IGNORE INTO condition_patterns (custom_format_name, condition_name, regular_expression_name) VALUES ('FR Remux Tier 01', 'Goldenyann', 'FR_Remux_Tier_01_Goldenyann');
INSERT OR IGNORE INTO condition_patterns (custom_format_name, condition_name, regular_expression_name) VALUES ('FR Remux Tier 01', 'HDForever', 'FR_Remux_Tier_01_HDForever');
INSERT OR IGNORE INTO condition_patterns (custom_format_name, condition_name, regular_expression_name) VALUES ('FR Remux Tier 01', 'HeavyWeight', 'FR_Remux_Tier_01_HeavyWeight');
INSERT OR IGNORE INTO condition_patterns (custom_format_name, condition_name, regular_expression_name) VALUES ('FR Remux Tier 01', 'ONLY', 'FR_Remux_Tier_01_ONLY');
INSERT OR IGNORE INTO condition_patterns (custom_format_name, condition_name, regular_expression_name) VALUES ('FR Remux Tier 01', 'Psaro', 'FR_Remux_Tier_01_Psaro');
INSERT OR IGNORE INTO condition_patterns (custom_format_name, condition_name, regular_expression_name) VALUES ('FR Remux Tier 01', 'TyrellCorp', 'FR_Remux_Tier_01_TyrellCorp');
INSERT OR IGNORE INTO condition_sources (custom_format_name, condition_name, source) VALUES ('FR Remux Tier 01', 'Remux', 'WEBDL');
INSERT OR IGNORE INTO regular_expressions (name, pattern) VALUES ('FR_Remux_Tier_01_FtLi', '^(FtLi)$');
INSERT OR IGNORE INTO regular_expressions (name, pattern) VALUES ('FR_Remux_Tier_01_Goldenyann', '^(Goldenyann)$');
INSERT OR IGNORE INTO regular_expressions (name, pattern) VALUES ('FR_Remux_Tier_01_HDForever', '^(HDForever)$');
INSERT OR IGNORE INTO regular_expressions (name, pattern) VALUES ('FR_Remux_Tier_01_HeavyWeight', '^(HeavyWeight)$');
INSERT OR IGNORE INTO regular_expressions (name, pattern) VALUES ('FR_Remux_Tier_01_ONLY', '^(ONLY)$');
INSERT OR IGNORE INTO regular_expressions (name, pattern) VALUES ('FR_Remux_Tier_01_Psaro', '^(Psaro)$');
INSERT OR IGNORE INTO regular_expressions (name, pattern) VALUES ('FR_Remux_Tier_01_TyrellCorp', '^(TyrellCorp)$');
INSERT OR IGNORE INTO custom_format_conditions (custom_format_name, name, type, arr_type, negate, required) VALUES ('FR Remux Tier 01', 'Remux', 'source', 'sonarr', 0, 1);
INSERT OR IGNORE INTO custom_format_conditions (custom_format_name, name, type, arr_type, negate, required) VALUES ('FR Remux Tier 01', 'FtLi', 'pattern', 'sonarr', 0, 0);
INSERT OR IGNORE INTO custom_format_conditions (custom_format_name, name, type, arr_type, negate, required) VALUES ('FR Remux Tier 01', 'Goldenyann', 'pattern', 'sonarr', 0, 0);
INSERT OR IGNORE INTO custom_format_conditions (custom_format_name, name, type, arr_type, negate, required) VALUES ('FR Remux Tier 01', 'HDForever', 'pattern', 'sonarr', 0, 0);
INSERT OR IGNORE INTO custom_format_conditions (custom_format_name, name, type, arr_type, negate, required) VALUES ('FR Remux Tier 01', 'HeavyWeight', 'pattern', 'sonarr', 0, 0);
INSERT OR IGNORE INTO custom_format_conditions (custom_format_name, name, type, arr_type, negate, required) VALUES ('FR Remux Tier 01', 'ONLY', 'pattern', 'sonarr', 0, 0);
INSERT OR IGNORE INTO custom_format_conditions (custom_format_name, name, type, arr_type, negate, required) VALUES ('FR Remux Tier 01', 'Psaro', 'pattern', 'sonarr', 0, 0);
INSERT OR IGNORE INTO custom_format_conditions (custom_format_name, name, type, arr_type, negate, required) VALUES ('FR Remux Tier 01', 'TyrellCorp', 'pattern', 'sonarr', 0, 0);

INSERT OR IGNORE INTO custom_formats (name, description, include_in_rename) VALUES ('SALTO', '0455d6519a550dbf648c97b56e7231d2', 1);
INSERT OR IGNORE INTO condition_patterns (custom_format_name, condition_name, regular_expression_name) VALUES ('SALTO', 'SALTO', 'SALTO_SALTO');
INSERT OR IGNORE INTO condition_sources (custom_format_name, condition_name, source) VALUES ('SALTO', 'WEBDL', 'TELECINE');
INSERT OR IGNORE INTO condition_sources (custom_format_name, condition_name, source) VALUES ('SALTO', 'WEBRIP', 'WORKPRINT');
INSERT OR IGNORE INTO regular_expressions (name, pattern) VALUES ('SALTO_SALTO', '\b(SALTO)\b');
INSERT OR IGNORE INTO custom_format_conditions (custom_format_name, name, type, arr_type, negate, required) VALUES ('SALTO', 'WEBDL', 'source', 'sonarr', 0, 0);
INSERT OR IGNORE INTO custom_format_conditions (custom_format_name, name, type, arr_type, negate, required) VALUES ('SALTO', 'WEBRIP', 'source', 'sonarr', 0, 0);
INSERT OR IGNORE INTO custom_format_conditions (custom_format_name, name, type, arr_type, negate, required) VALUES ('SALTO', 'SALTO', 'pattern', 'sonarr', 0, 1);

INSERT OR IGNORE INTO custom_formats (name, description, include_in_rename) VALUES ('FR Scene Groups', '2f3422339d185eb227a324644a2fbfca', 0);
INSERT OR IGNORE INTO condition_patterns (custom_format_name, condition_name, regular_expression_name) VALUES ('FR Scene Groups', 'spec', 'FR_Scene_Groups_spec');
INSERT OR IGNORE INTO condition_patterns (custom_format_name, condition_name, regular_expression_name) VALUES ('FR Scene Groups', 'A', 'FR_Scene_Groups_A');
INSERT OR IGNORE INTO condition_patterns (custom_format_name, condition_name, regular_expression_name) VALUES ('FR Scene Groups', 'B', 'FR_Scene_Groups_B');
INSERT OR IGNORE INTO condition_patterns (custom_format_name, condition_name, regular_expression_name) VALUES ('FR Scene Groups', 'C', 'FR_Scene_Groups_C');
INSERT OR IGNORE INTO condition_patterns (custom_format_name, condition_name, regular_expression_name) VALUES ('FR Scene Groups', 'D', 'FR_Scene_Groups_D');
INSERT OR IGNORE INTO condition_patterns (custom_format_name, condition_name, regular_expression_name) VALUES ('FR Scene Groups', 'E', 'FR_Scene_Groups_E');
INSERT OR IGNORE INTO condition_patterns (custom_format_name, condition_name, regular_expression_name) VALUES ('FR Scene Groups', 'F', 'FR_Scene_Groups_F');
INSERT OR IGNORE INTO condition_patterns (custom_format_name, condition_name, regular_expression_name) VALUES ('FR Scene Groups', 'G', 'FR_Scene_Groups_G');
INSERT OR IGNORE INTO condition_patterns (custom_format_name, condition_name, regular_expression_name) VALUES ('FR Scene Groups', 'H', 'FR_Scene_Groups_H');
INSERT OR IGNORE INTO condition_patterns (custom_format_name, condition_name, regular_expression_name) VALUES ('FR Scene Groups', 'J', 'FR_Scene_Groups_J');
INSERT OR IGNORE INTO condition_patterns (custom_format_name, condition_name, regular_expression_name) VALUES ('FR Scene Groups', 'K', 'FR_Scene_Groups_K');
INSERT OR IGNORE INTO condition_patterns (custom_format_name, condition_name, regular_expression_name) VALUES ('FR Scene Groups', 'L', 'FR_Scene_Groups_L');
INSERT OR IGNORE INTO condition_patterns (custom_format_name, condition_name, regular_expression_name) VALUES ('FR Scene Groups', 'M', 'FR_Scene_Groups_M');
INSERT OR IGNORE INTO condition_patterns (custom_format_name, condition_name, regular_expression_name) VALUES ('FR Scene Groups', 'N', 'FR_Scene_Groups_N');
INSERT OR IGNORE INTO condition_patterns (custom_format_name, condition_name, regular_expression_name) VALUES ('FR Scene Groups', 'O', 'FR_Scene_Groups_O');
INSERT OR IGNORE INTO condition_patterns (custom_format_name, condition_name, regular_expression_name) VALUES ('FR Scene Groups', 'P', 'FR_Scene_Groups_P');
INSERT OR IGNORE INTO condition_patterns (custom_format_name, condition_name, regular_expression_name) VALUES ('FR Scene Groups', 'R', 'FR_Scene_Groups_R');
INSERT OR IGNORE INTO condition_patterns (custom_format_name, condition_name, regular_expression_name) VALUES ('FR Scene Groups', 'S', 'FR_Scene_Groups_S');
INSERT OR IGNORE INTO condition_patterns (custom_format_name, condition_name, regular_expression_name) VALUES ('FR Scene Groups', 'T', 'FR_Scene_Groups_T');
INSERT OR IGNORE INTO condition_patterns (custom_format_name, condition_name, regular_expression_name) VALUES ('FR Scene Groups', 'U', 'FR_Scene_Groups_U');
INSERT OR IGNORE INTO condition_patterns (custom_format_name, condition_name, regular_expression_name) VALUES ('FR Scene Groups', 'V', 'FR_Scene_Groups_V');
INSERT OR IGNORE INTO condition_patterns (custom_format_name, condition_name, regular_expression_name) VALUES ('FR Scene Groups', 'W', 'FR_Scene_Groups_W');
INSERT OR IGNORE INTO condition_patterns (custom_format_name, condition_name, regular_expression_name) VALUES ('FR Scene Groups', 'Z', 'FR_Scene_Groups_Z');
INSERT OR IGNORE INTO regular_expressions (name, pattern) VALUES ('FR_Scene_Groups_spec', '^(4FR)$');
INSERT OR IGNORE INTO regular_expressions (name, pattern) VALUES ('FR_Scene_Groups_A', '^(AiR3D|AiRDOCS|AiRFORCE|AiRLiNE|AiRTV|AMB3R|ANMWR|AVON|AYMO|AZR)$');
INSERT OR IGNORE INTO regular_expressions (name, pattern) VALUES ('FR_Scene_Groups_B', '^(BANKAi|BAWLS|BiPOLAR|BLACKPANTERS|BODIE|BOOLZ|BRiNK|BTT)$');
INSERT OR IGNORE INTO regular_expressions (name, pattern) VALUES ('FR_Scene_Groups_C', '^(CARAPiLS|CiELOS|CiNEMA|CMBHD|CoRa|COUAC|CRYPT0)$');
INSERT OR IGNORE INTO regular_expressions (name, pattern) VALUES ('FR_Scene_Groups_D', '^(D4KiD|DEAL|DiEBEX|DUPLI|DUSS)$');
INSERT OR IGNORE INTO regular_expressions (name, pattern) VALUES ('FR_Scene_Groups_E', '^(ENJOi|EUBDS)$');
INSERT OR IGNORE INTO regular_expressions (name, pattern) VALUES ('FR_Scene_Groups_F', '^(FHD|FiDELiO|FiDO|ForceBleue|FREAMON|FRENCHDEADPOOL2|FRiES|FUTiL|FWDHD)$');
INSERT OR IGNORE INTO regular_expressions (name, pattern) VALUES ('FR_Scene_Groups_G', '^(GHOULS|GiMBAP|GLiMMER|Goatlove)$');
INSERT OR IGNORE INTO regular_expressions (name, pattern) VALUES ('FR_Scene_Groups_H', '^(HERC|HiggsBoson|HiRoSHiMa|HYBRiS|HyDe)$');
INSERT OR IGNORE INTO regular_expressions (name, pattern) VALUES ('FR_Scene_Groups_J', '^(JMT|JoKeR|JUSTICELEAGUE)$');
INSERT OR IGNORE INTO regular_expressions (name, pattern) VALUES ('FR_Scene_Groups_K', '^(KAZETV)$');
INSERT OR IGNORE INTO regular_expressions (name, pattern) VALUES ('FR_Scene_Groups_L', '^(L0SERNiGHT|LaoZi|LeON|LOFiDEL|LOST|LOWIMDB|LUCKY|LYPSG)$');
INSERT OR IGNORE INTO regular_expressions (name, pattern) VALUES ('FR_Scene_Groups_M', '^(MAGiCAL|MANGACiTY|MAXAGAZ|MaxiBeNoul|McNULTY|MELBA|MiND|MORELAND|MUNSTER|MUxHD)$');
INSERT OR IGNORE INTO regular_expressions (name, pattern) VALUES ('FR_Scene_Groups_N', '^(N0Z00M|NERDHD|NERO|NrZ|NTK)$');
INSERT OR IGNORE INTO regular_expressions (name, pattern) VALUES ('FR_Scene_Groups_O', '^(OBSTACLE|OohLaLa|OOKAMI)$');
INSERT OR IGNORE INTO regular_expressions (name, pattern) VALUES ('FR_Scene_Groups_P', '^(PANZeR|PATHECROUTE|Penrose|PHoQUE|PiNKPANTERS|PKPTRS|PRiDEHD|PROPJOE|PURE|PUREWASTEOFBW)$');
INSERT OR IGNORE INTO regular_expressions (name, pattern) VALUES ('FR_Scene_Groups_R', '^(ROUGH|RUDE|Ryotox)$');
INSERT OR IGNORE INTO regular_expressions (name, pattern) VALUES ('FR_Scene_Groups_S', '^(SAFETY|SASHiMi|SEiGHT|SESKAPiLE|SharpHD|SHEEEiT|SHiNiGAMi(UHD)?|SiGeRiS|SILVIODANTE|SLEEPINGFOREST|SODAPOP|S4LVE|SPINE|SPOiLER|STRINGERBELL|Sunday26th|SUNRiSE)$');
INSERT OR IGNORE INTO regular_expressions (name, pattern) VALUES ('FR_Scene_Groups_T', '^(tFR|THENiGHTMAREiNHD|THiNK|THREESOME|TiMELiNE|TSuNaMi)$');
INSERT OR IGNORE INTO regular_expressions (name, pattern) VALUES ('FR_Scene_Groups_U', '^(UKDHD|UKDTV|ULSHD|Ulysse|(US)?UNSKiLLED|URY|USURY)$');
INSERT OR IGNORE INTO regular_expressions (name, pattern) VALUES ('FR_Scene_Groups_V', '^(VENUE|VFC|VoMiT)$');
INSERT OR IGNORE INTO regular_expressions (name, pattern) VALUES ('FR_Scene_Groups_W', '^(Wednesday29th)$');
INSERT OR IGNORE INTO regular_expressions (name, pattern) VALUES ('FR_Scene_Groups_Z', '^(ZEST|ZiRCON)$');
INSERT OR IGNORE INTO custom_format_conditions (custom_format_name, name, type, arr_type, negate, required) VALUES ('FR Scene Groups', 'spec', 'pattern', 'sonarr', 0, 0);
INSERT OR IGNORE INTO custom_format_conditions (custom_format_name, name, type, arr_type, negate, required) VALUES ('FR Scene Groups', 'A', 'pattern', 'sonarr', 0, 0);
INSERT OR IGNORE INTO custom_format_conditions (custom_format_name, name, type, arr_type, negate, required) VALUES ('FR Scene Groups', 'B', 'pattern', 'sonarr', 0, 0);
INSERT OR IGNORE INTO custom_format_conditions (custom_format_name, name, type, arr_type, negate, required) VALUES ('FR Scene Groups', 'C', 'pattern', 'sonarr', 0, 0);
INSERT OR IGNORE INTO custom_format_conditions (custom_format_name, name, type, arr_type, negate, required) VALUES ('FR Scene Groups', 'D', 'pattern', 'sonarr', 0, 0);
INSERT OR IGNORE INTO custom_format_conditions (custom_format_name, name, type, arr_type, negate, required) VALUES ('FR Scene Groups', 'E', 'pattern', 'sonarr', 0, 0);
INSERT OR IGNORE INTO custom_format_conditions (custom_format_name, name, type, arr_type, negate, required) VALUES ('FR Scene Groups', 'F', 'pattern', 'sonarr', 0, 0);
INSERT OR IGNORE INTO custom_format_conditions (custom_format_name, name, type, arr_type, negate, required) VALUES ('FR Scene Groups', 'G', 'pattern', 'sonarr', 0, 0);
INSERT OR IGNORE INTO custom_format_conditions (custom_format_name, name, type, arr_type, negate, required) VALUES ('FR Scene Groups', 'H', 'pattern', 'sonarr', 0, 0);
INSERT OR IGNORE INTO custom_format_conditions (custom_format_name, name, type, arr_type, negate, required) VALUES ('FR Scene Groups', 'J', 'pattern', 'sonarr', 0, 0);
INSERT OR IGNORE INTO custom_format_conditions (custom_format_name, name, type, arr_type, negate, required) VALUES ('FR Scene Groups', 'K', 'pattern', 'sonarr', 0, 0);
INSERT OR IGNORE INTO custom_format_conditions (custom_format_name, name, type, arr_type, negate, required) VALUES ('FR Scene Groups', 'L', 'pattern', 'sonarr', 0, 0);
INSERT OR IGNORE INTO custom_format_conditions (custom_format_name, name, type, arr_type, negate, required) VALUES ('FR Scene Groups', 'M', 'pattern', 'sonarr', 0, 0);
INSERT OR IGNORE INTO custom_format_conditions (custom_format_name, name, type, arr_type, negate, required) VALUES ('FR Scene Groups', 'N', 'pattern', 'sonarr', 0, 0);
INSERT OR IGNORE INTO custom_format_conditions (custom_format_name, name, type, arr_type, negate, required) VALUES ('FR Scene Groups', 'O', 'pattern', 'sonarr', 0, 0);
INSERT OR IGNORE INTO custom_format_conditions (custom_format_name, name, type, arr_type, negate, required) VALUES ('FR Scene Groups', 'P', 'pattern', 'sonarr', 0, 0);
INSERT OR IGNORE INTO custom_format_conditions (custom_format_name, name, type, arr_type, negate, required) VALUES ('FR Scene Groups', 'R', 'pattern', 'sonarr', 0, 0);
INSERT OR IGNORE INTO custom_format_conditions (custom_format_name, name, type, arr_type, negate, required) VALUES ('FR Scene Groups', 'S', 'pattern', 'sonarr', 0, 0);
INSERT OR IGNORE INTO custom_format_conditions (custom_format_name, name, type, arr_type, negate, required) VALUES ('FR Scene Groups', 'T', 'pattern', 'sonarr', 0, 0);
INSERT OR IGNORE INTO custom_format_conditions (custom_format_name, name, type, arr_type, negate, required) VALUES ('FR Scene Groups', 'U', 'pattern', 'sonarr', 0, 0);
INSERT OR IGNORE INTO custom_format_conditions (custom_format_name, name, type, arr_type, negate, required) VALUES ('FR Scene Groups', 'V', 'pattern', 'sonarr', 0, 0);
INSERT OR IGNORE INTO custom_format_conditions (custom_format_name, name, type, arr_type, negate, required) VALUES ('FR Scene Groups', 'W', 'pattern', 'sonarr', 0, 0);
INSERT OR IGNORE INTO custom_format_conditions (custom_format_name, name, type, arr_type, negate, required) VALUES ('FR Scene Groups', 'Z', 'pattern', 'sonarr', 0, 0);

INSERT OR IGNORE INTO custom_formats (name, description, include_in_rename) VALUES ('VF2', '34789ec3caa819f087e23bbf9999daf7', 1);
INSERT OR IGNORE INTO condition_patterns (custom_format_name, condition_name, regular_expression_name) VALUES ('VF2', 'VF2', 'VF2_VF2');
INSERT OR IGNORE INTO condition_patterns (custom_format_name, condition_name, regular_expression_name) VALUES ('VF2', 'Both VFF and VFQ', 'VF2_Both_VFF_and_VFQ');
INSERT OR IGNORE INTO regular_expressions (name, pattern) VALUES ('VF2_VF2', '\b(VF2)\b');
INSERT OR IGNORE INTO regular_expressions (name, pattern) VALUES ('VF2_Both_VFF_and_VFQ', '\b(VF(F|Q)[ .]VF(F|Q))\b');
INSERT OR IGNORE INTO custom_format_conditions (custom_format_name, name, type, arr_type, negate, required) VALUES ('VF2', 'VF2', 'pattern', 'sonarr', 0, 0);
INSERT OR IGNORE INTO custom_format_conditions (custom_format_name, name, type, arr_type, negate, required) VALUES ('VF2', 'Both VFF and VFQ', 'pattern', 'sonarr', 0, 0);

INSERT OR IGNORE INTO custom_formats (name, description, include_in_rename) VALUES ('VFB', '0ce1e39a4676c6692ce47935278dac76', 1);
INSERT OR IGNORE INTO condition_patterns (custom_format_name, condition_name, regular_expression_name) VALUES ('VFB', 'Belgian French', 'VFB_Belgian_French');
INSERT OR IGNORE INTO regular_expressions (name, pattern) VALUES ('VFB_Belgian_French', '\b(VFB)\b');
INSERT OR IGNORE INTO custom_format_conditions (custom_format_name, name, type, arr_type, negate, required) VALUES ('VFB', 'Belgian French', 'pattern', 'sonarr', 0, 1);

INSERT OR IGNORE INTO custom_formats (name, description, include_in_rename) VALUES ('VFF', '2c29a39a4fdfd6d258799bc4c09731b9', 1);
INSERT OR IGNORE INTO condition_patterns (custom_format_name, condition_name, regular_expression_name) VALUES ('VFF', 'TRUEFRENCH', 'VFF_TRUEFRENCH');
INSERT OR IGNORE INTO condition_patterns (custom_format_name, condition_name, regular_expression_name) VALUES ('VFF', 'Not VF2', 'VFF_Not_VF2');
INSERT OR IGNORE INTO regular_expressions (name, pattern) VALUES ('VFF_TRUEFRENCH', '\b(TRUEFRENCH|VFF)\b');
INSERT OR IGNORE INTO regular_expressions (name, pattern) VALUES ('VFF_Not_VF2', '\b(VF2|(VF(F|Q)[ .]VF(F|Q)))\b');
INSERT OR IGNORE INTO custom_format_conditions (custom_format_name, name, type, arr_type, negate, required) VALUES ('VFF', 'TRUEFRENCH', 'pattern', 'sonarr', 0, 1);
INSERT OR IGNORE INTO custom_format_conditions (custom_format_name, name, type, arr_type, negate, required) VALUES ('VFF', 'Not VF2', 'pattern', 'sonarr', 1, 1);

INSERT OR IGNORE INTO custom_formats (name, description, include_in_rename) VALUES ('VFI', 'b6816a0e1d4b64bf3550ad3b74b009b6', 1);
INSERT OR IGNORE INTO condition_patterns (custom_format_name, condition_name, regular_expression_name) VALUES ('VFI', 'French International', 'VFI_French_International');
INSERT OR IGNORE INTO regular_expressions (name, pattern) VALUES ('VFI_French_International', '\b(VFI)\b');
INSERT OR IGNORE INTO custom_format_conditions (custom_format_name, name, type, arr_type, negate, required) VALUES ('VFI', 'French International', 'pattern', 'sonarr', 0, 1);

INSERT OR IGNORE INTO custom_formats (name, description, include_in_rename) VALUES ('VFQ', '7a7f4e4f58bd1058440236d033a90b67', 1);
INSERT OR IGNORE INTO condition_patterns (custom_format_name, condition_name, regular_expression_name) VALUES ('VFQ', 'Canadian French', 'VFQ_Canadian_French');
INSERT OR IGNORE INTO condition_patterns (custom_format_name, condition_name, regular_expression_name) VALUES ('VFQ', 'Not VF2', 'VFQ_Not_VF2');
INSERT OR IGNORE INTO regular_expressions (name, pattern) VALUES ('VFQ_Canadian_French', '\b(VFQ|\d{3,4}p[ .]CAN|(?<=MULTi[ .])FR(A|ENCH))\b');
INSERT OR IGNORE INTO regular_expressions (name, pattern) VALUES ('VFQ_Not_VF2', '\b(VF2|(VF(F|Q)[ .]VF(F|Q)))\b');
INSERT OR IGNORE INTO custom_format_conditions (custom_format_name, name, type, arr_type, negate, required) VALUES ('VFQ', 'Canadian French', 'pattern', 'sonarr', 0, 1);
INSERT OR IGNORE INTO custom_format_conditions (custom_format_name, name, type, arr_type, negate, required) VALUES ('VFQ', 'Not VF2', 'pattern', 'sonarr', 1, 1);

INSERT OR IGNORE INTO custom_formats (name, description, include_in_rename) VALUES ('VOF', '7ae924ee9b2f39df3283c6c0beb8a2aa', 1);
INSERT OR IGNORE INTO condition_patterns (custom_format_name, condition_name, regular_expression_name) VALUES ('VOF', 'French Original Version', 'VOF_French_Original_Version');
INSERT OR IGNORE INTO regular_expressions (name, pattern) VALUES ('VOF_French_Original_Version', '\b(VOF)\b');
INSERT OR IGNORE INTO custom_format_conditions (custom_format_name, name, type, arr_type, negate, required) VALUES ('VOF', 'French Original Version', 'pattern', 'sonarr', 0, 1);

INSERT OR IGNORE INTO custom_formats (name, description, include_in_rename) VALUES ('VOQ', '802dd70b856c423a9b0cb7f34ac42be1', 1);
INSERT OR IGNORE INTO condition_patterns (custom_format_name, condition_name, regular_expression_name) VALUES ('VOQ', 'Quebec Original Version', 'VOQ_Quebec_Original_Version');
INSERT OR IGNORE INTO regular_expressions (name, pattern) VALUES ('VOQ_Quebec_Original_Version', '\b(VOQ)\b');
INSERT OR IGNORE INTO custom_format_conditions (custom_format_name, name, type, arr_type, negate, required) VALUES ('VOQ', 'Quebec Original Version', 'pattern', 'sonarr', 0, 1);

INSERT OR IGNORE INTO custom_formats (name, description, include_in_rename) VALUES ('VOSTFR', '07a32f77690263bb9fda1842db7e273f', 1);
INSERT OR IGNORE INTO condition_patterns (custom_format_name, condition_name, regular_expression_name) VALUES ('VOSTFR', 'VOSTFR', 'VOSTFR_VOSTFR');
INSERT OR IGNORE INTO condition_patterns (custom_format_name, condition_name, regular_expression_name) VALUES ('VOSTFR', 'SUBFRENCH', 'VOSTFR_SUBFRENCH');
INSERT OR IGNORE INTO regular_expressions (name, pattern) VALUES ('VOSTFR_VOSTFR', '\b(VOST.*?FR(E|A)?)\b');
INSERT OR IGNORE INTO regular_expressions (name, pattern) VALUES ('VOSTFR_SUBFRENCH', '\b(SUBFR(A|ENCH)?)\b');
INSERT OR IGNORE INTO custom_format_conditions (custom_format_name, name, type, arr_type, negate, required) VALUES ('VOSTFR', 'VOSTFR', 'pattern', 'sonarr', 0, 0);
INSERT OR IGNORE INTO custom_format_conditions (custom_format_name, name, type, arr_type, negate, required) VALUES ('VOSTFR', 'SUBFRENCH', 'pattern', 'sonarr', 0, 0);

INSERT OR IGNORE INTO custom_formats (name, description, include_in_rename) VALUES ('VQ', '82085412d9a53ba8d8e46fc624eb701d', 1);
INSERT OR IGNORE INTO condition_patterns (custom_format_name, condition_name, regular_expression_name) VALUES ('VQ', 'Version Qubcoise', 'VQ_Version_Qubcoise');
INSERT OR IGNORE INTO regular_expressions (name, pattern) VALUES ('VQ_Version_Qubcoise', '\b(VQ)\b');
INSERT OR IGNORE INTO custom_format_conditions (custom_format_name, name, type, arr_type, negate, required) VALUES ('VQ', 'Version Qubcoise', 'pattern', 'sonarr', 0, 1);

INSERT OR IGNORE INTO custom_formats (name, description, include_in_rename) VALUES ('FR WEB Tier 01', 'ddb8eaa9c85a549c50034d280539d54d', 0);
INSERT OR IGNORE INTO condition_patterns (custom_format_name, condition_name, regular_expression_name) VALUES ('FR WEB Tier 01', 'BONBON', 'FR_WEB_Tier_01_BONBON');
INSERT OR IGNORE INTO condition_patterns (custom_format_name, condition_name, regular_expression_name) VALUES ('FR WEB Tier 01', 'FCK', 'FR_WEB_Tier_01_FCK');
INSERT OR IGNORE INTO condition_patterns (custom_format_name, condition_name, regular_expression_name) VALUES ('FR WEB Tier 01', 'FW', 'FR_WEB_Tier_01_FW');
INSERT OR IGNORE INTO condition_patterns (custom_format_name, condition_name, regular_expression_name) VALUES ('FR WEB Tier 01', 'FRATERNiTY', 'FR_WEB_Tier_01_FRATERNiTY');
INSERT OR IGNORE INTO condition_patterns (custom_format_name, condition_name, regular_expression_name) VALUES ('FR WEB Tier 01', 'MTDK', 'FR_WEB_Tier_01_MTDK');
INSERT OR IGNORE INTO condition_patterns (custom_format_name, condition_name, regular_expression_name) VALUES ('FR WEB Tier 01', 'NoLo', 'FR_WEB_Tier_01_NoLo');
INSERT OR IGNORE INTO condition_patterns (custom_format_name, condition_name, regular_expression_name) VALUES ('FR WEB Tier 01', 'PATOPESTO', 'FR_WEB_Tier_01_PATOPESTO');
INSERT OR IGNORE INTO condition_patterns (custom_format_name, condition_name, regular_expression_name) VALUES ('FR WEB Tier 01', 'Psaro', 'FR_WEB_Tier_01_Psaro');
INSERT OR IGNORE INTO condition_patterns (custom_format_name, condition_name, regular_expression_name) VALUES ('FR WEB Tier 01', 'SUPPLY', 'FR_WEB_Tier_01_SUPPLY');
INSERT OR IGNORE INTO condition_patterns (custom_format_name, condition_name, regular_expression_name) VALUES ('FR WEB Tier 01', 'TFA', 'FR_WEB_Tier_01_TFA');
INSERT OR IGNORE INTO condition_patterns (custom_format_name, condition_name, regular_expression_name) VALUES ('FR WEB Tier 01', 'TiNA', 'FR_WEB_Tier_01_TiNA');
INSERT OR IGNORE INTO condition_sources (custom_format_name, condition_name, source) VALUES ('FR WEB Tier 01', 'WEBDL', 'TELECINE');
INSERT OR IGNORE INTO condition_sources (custom_format_name, condition_name, source) VALUES ('FR WEB Tier 01', 'WEBRIP', 'WORKPRINT');
INSERT OR IGNORE INTO regular_expressions (name, pattern) VALUES ('FR_WEB_Tier_01_BONBON', '^(BONBON)$');
INSERT OR IGNORE INTO regular_expressions (name, pattern) VALUES ('FR_WEB_Tier_01_FCK', '^(FCK)$');
INSERT OR IGNORE INTO regular_expressions (name, pattern) VALUES ('FR_WEB_Tier_01_FW', '^(FW)$');
INSERT OR IGNORE INTO regular_expressions (name, pattern) VALUES ('FR_WEB_Tier_01_FRATERNiTY', '^(FRATERNiTY)$');
INSERT OR IGNORE INTO regular_expressions (name, pattern) VALUES ('FR_WEB_Tier_01_MTDK', '^(MTDK)$');
INSERT OR IGNORE INTO regular_expressions (name, pattern) VALUES ('FR_WEB_Tier_01_NoLo', '^(NoLo)$');
INSERT OR IGNORE INTO regular_expressions (name, pattern) VALUES ('FR_WEB_Tier_01_PATOPESTO', '^(PATOPESTO)$');
INSERT OR IGNORE INTO regular_expressions (name, pattern) VALUES ('FR_WEB_Tier_01_Psaro', '^(Psaro)$');
INSERT OR IGNORE INTO regular_expressions (name, pattern) VALUES ('FR_WEB_Tier_01_SUPPLY', '^(SUPPLY)$');
INSERT OR IGNORE INTO regular_expressions (name, pattern) VALUES ('FR_WEB_Tier_01_TFA', '^(TFA)$');
INSERT OR IGNORE INTO regular_expressions (name, pattern) VALUES ('FR_WEB_Tier_01_TiNA', '^(TiNA)$');
INSERT OR IGNORE INTO custom_format_conditions (custom_format_name, name, type, arr_type, negate, required) VALUES ('FR WEB Tier 01', 'WEBDL', 'source', 'sonarr', 0, 0);
INSERT OR IGNORE INTO custom_format_conditions (custom_format_name, name, type, arr_type, negate, required) VALUES ('FR WEB Tier 01', 'WEBRIP', 'source', 'sonarr', 0, 0);
INSERT OR IGNORE INTO custom_format_conditions (custom_format_name, name, type, arr_type, negate, required) VALUES ('FR WEB Tier 01', 'BONBON', 'pattern', 'sonarr', 0, 0);
INSERT OR IGNORE INTO custom_format_conditions (custom_format_name, name, type, arr_type, negate, required) VALUES ('FR WEB Tier 01', 'FCK', 'pattern', 'sonarr', 0, 0);
INSERT OR IGNORE INTO custom_format_conditions (custom_format_name, name, type, arr_type, negate, required) VALUES ('FR WEB Tier 01', 'FW', 'pattern', 'sonarr', 0, 0);
INSERT OR IGNORE INTO custom_format_conditions (custom_format_name, name, type, arr_type, negate, required) VALUES ('FR WEB Tier 01', 'FRATERNiTY', 'pattern', 'sonarr', 0, 0);
INSERT OR IGNORE INTO custom_format_conditions (custom_format_name, name, type, arr_type, negate, required) VALUES ('FR WEB Tier 01', 'MTDK', 'pattern', 'sonarr', 0, 0);
INSERT OR IGNORE INTO custom_format_conditions (custom_format_name, name, type, arr_type, negate, required) VALUES ('FR WEB Tier 01', 'NoLo', 'pattern', 'sonarr', 0, 0);
INSERT OR IGNORE INTO custom_format_conditions (custom_format_name, name, type, arr_type, negate, required) VALUES ('FR WEB Tier 01', 'PATOPESTO', 'pattern', 'sonarr', 0, 0);
INSERT OR IGNORE INTO custom_format_conditions (custom_format_name, name, type, arr_type, negate, required) VALUES ('FR WEB Tier 01', 'Psaro', 'pattern', 'sonarr', 0, 0);
INSERT OR IGNORE INTO custom_format_conditions (custom_format_name, name, type, arr_type, negate, required) VALUES ('FR WEB Tier 01', 'SUPPLY', 'pattern', 'sonarr', 0, 0);
INSERT OR IGNORE INTO custom_format_conditions (custom_format_name, name, type, arr_type, negate, required) VALUES ('FR WEB Tier 01', 'TFA', 'pattern', 'sonarr', 0, 0);
INSERT OR IGNORE INTO custom_format_conditions (custom_format_name, name, type, arr_type, negate, required) VALUES ('FR WEB Tier 01', 'TiNA', 'pattern', 'sonarr', 0, 0);

INSERT OR IGNORE INTO custom_formats (name, description, include_in_rename) VALUES ('FR WEB Tier 02', 'a4c51febd4d8b2a0db10a3c974f21d92', 0);
INSERT OR IGNORE INTO condition_patterns (custom_format_name, condition_name, regular_expression_name) VALUES ('FR WEB Tier 02', 'COLL3CTiF', 'FR_WEB_Tier_02_COLL3CTiF');
INSERT OR IGNORE INTO condition_patterns (custom_format_name, condition_name, regular_expression_name) VALUES ('FR WEB Tier 02', 'FiND', 'FR_WEB_Tier_02_FiND');
INSERT OR IGNORE INTO condition_patterns (custom_format_name, condition_name, regular_expression_name) VALUES ('FR WEB Tier 02', 'FrIeNdS', 'FR_WEB_Tier_02_FrIeNdS');
INSERT OR IGNORE INTO condition_patterns (custom_format_name, condition_name, regular_expression_name) VALUES ('FR WEB Tier 02', 'HeavyWeight', 'FR_WEB_Tier_02_HeavyWeight');
INSERT OR IGNORE INTO condition_patterns (custom_format_name, condition_name, regular_expression_name) VALUES ('FR WEB Tier 02', 'NoNe', 'FR_WEB_Tier_02_NoNe');
INSERT OR IGNORE INTO condition_patterns (custom_format_name, condition_name, regular_expression_name) VALUES ('FR WEB Tier 02', 'pERsO', 'FR_WEB_Tier_02_pERsO');
INSERT OR IGNORE INTO condition_patterns (custom_format_name, condition_name, regular_expression_name) VALUES ('FR WEB Tier 02', 'POTO', 'FR_WEB_Tier_02_POTO');
INSERT OR IGNORE INTO condition_patterns (custom_format_name, condition_name, regular_expression_name) VALUES ('FR WEB Tier 02', 'RG', 'FR_WEB_Tier_02_RG');
INSERT OR IGNORE INTO condition_patterns (custom_format_name, condition_name, regular_expression_name) VALUES ('FR WEB Tier 02', 'RiPiT', 'FR_WEB_Tier_02_RiPiT');
INSERT OR IGNORE INTO condition_patterns (custom_format_name, condition_name, regular_expression_name) VALUES ('FR WEB Tier 02', 'TAT', 'FR_WEB_Tier_02_TAT');
INSERT OR IGNORE INTO condition_sources (custom_format_name, condition_name, source) VALUES ('FR WEB Tier 02', 'WEBDL', 'TELECINE');
INSERT OR IGNORE INTO condition_sources (custom_format_name, condition_name, source) VALUES ('FR WEB Tier 02', 'WEBRIP', 'WORKPRINT');
INSERT OR IGNORE INTO regular_expressions (name, pattern) VALUES ('FR_WEB_Tier_02_COLL3CTiF', '^(COLL3CTiF)$');
INSERT OR IGNORE INTO regular_expressions (name, pattern) VALUES ('FR_WEB_Tier_02_FiND', '^(FiND)$');
INSERT OR IGNORE INTO regular_expressions (name, pattern) VALUES ('FR_WEB_Tier_02_FrIeNdS', '^(FrIeNdS)$');
INSERT OR IGNORE INTO regular_expressions (name, pattern) VALUES ('FR_WEB_Tier_02_HeavyWeight', '^(HeavyWeight)$');
INSERT OR IGNORE INTO regular_expressions (name, pattern) VALUES ('FR_WEB_Tier_02_NoNe', '^(NoNe)$');
INSERT OR IGNORE INTO regular_expressions (name, pattern) VALUES ('FR_WEB_Tier_02_pERsO', '^(pERsO)$');
INSERT OR IGNORE INTO regular_expressions (name, pattern) VALUES ('FR_WEB_Tier_02_POTO', '^(POTO)$');
INSERT OR IGNORE INTO regular_expressions (name, pattern) VALUES ('FR_WEB_Tier_02_RG', '^(RG)$');
INSERT OR IGNORE INTO regular_expressions (name, pattern) VALUES ('FR_WEB_Tier_02_RiPiT', '^(RiPiT)$');
INSERT OR IGNORE INTO regular_expressions (name, pattern) VALUES ('FR_WEB_Tier_02_TAT', '^(TAT)$');
INSERT OR IGNORE INTO custom_format_conditions (custom_format_name, name, type, arr_type, negate, required) VALUES ('FR WEB Tier 02', 'WEBDL', 'source', 'sonarr', 0, 0);
INSERT OR IGNORE INTO custom_format_conditions (custom_format_name, name, type, arr_type, negate, required) VALUES ('FR WEB Tier 02', 'WEBRIP', 'source', 'sonarr', 0, 0);
INSERT OR IGNORE INTO custom_format_conditions (custom_format_name, name, type, arr_type, negate, required) VALUES ('FR WEB Tier 02', 'COLL3CTiF', 'pattern', 'sonarr', 0, 0);
INSERT OR IGNORE INTO custom_format_conditions (custom_format_name, name, type, arr_type, negate, required) VALUES ('FR WEB Tier 02', 'FiND', 'pattern', 'sonarr', 0, 0);
INSERT OR IGNORE INTO custom_format_conditions (custom_format_name, name, type, arr_type, negate, required) VALUES ('FR WEB Tier 02', 'FrIeNdS', 'pattern', 'sonarr', 0, 0);
INSERT OR IGNORE INTO custom_format_conditions (custom_format_name, name, type, arr_type, negate, required) VALUES ('FR WEB Tier 02', 'HeavyWeight', 'pattern', 'sonarr', 0, 0);
INSERT OR IGNORE INTO custom_format_conditions (custom_format_name, name, type, arr_type, negate, required) VALUES ('FR WEB Tier 02', 'NoNe', 'pattern', 'sonarr', 0, 0);
INSERT OR IGNORE INTO custom_format_conditions (custom_format_name, name, type, arr_type, negate, required) VALUES ('FR WEB Tier 02', 'pERsO', 'pattern', 'sonarr', 0, 0);
INSERT OR IGNORE INTO custom_format_conditions (custom_format_name, name, type, arr_type, negate, required) VALUES ('FR WEB Tier 02', 'POTO', 'pattern', 'sonarr', 0, 0);
INSERT OR IGNORE INTO custom_format_conditions (custom_format_name, name, type, arr_type, negate, required) VALUES ('FR WEB Tier 02', 'RG', 'pattern', 'sonarr', 0, 0);
INSERT OR IGNORE INTO custom_format_conditions (custom_format_name, name, type, arr_type, negate, required) VALUES ('FR WEB Tier 02', 'RiPiT', 'pattern', 'sonarr', 0, 0);
INSERT OR IGNORE INTO custom_format_conditions (custom_format_name, name, type, arr_type, negate, required) VALUES ('FR WEB Tier 02', 'TAT', 'pattern', 'sonarr', 0, 0);

INSERT OR IGNORE INTO custom_formats (name, description, include_in_rename) VALUES ('FR WEB Tier 03', 'dbfc0a4b5cb4cbd693311c4482ae9683', 0);
INSERT OR IGNORE INTO condition_patterns (custom_format_name, condition_name, regular_expression_name) VALUES ('FR WEB Tier 03', 'ARK01', 'FR_WEB_Tier_03_ARK01');
INSERT OR IGNORE INTO condition_patterns (custom_format_name, condition_name, regular_expression_name) VALUES ('FR WEB Tier 03', 'BraD', 'FR_WEB_Tier_03_BraD');
INSERT OR IGNORE INTO condition_patterns (custom_format_name, condition_name, regular_expression_name) VALUES ('FR WEB Tier 03', 'dRuIdE', 'FR_WEB_Tier_03_dRuIdE');
INSERT OR IGNORE INTO condition_patterns (custom_format_name, condition_name, regular_expression_name) VALUES ('FR WEB Tier 03', 'FTMVHD', 'FR_WEB_Tier_03_FTMVHD');
INSERT OR IGNORE INTO condition_patterns (custom_format_name, condition_name, regular_expression_name) VALUES ('FR WEB Tier 03', 'LAZARUS', 'FR_WEB_Tier_03_LAZARUS');
INSERT OR IGNORE INTO condition_patterns (custom_format_name, condition_name, regular_expression_name) VALUES ('FR WEB Tier 03', 'MYSTERiON', 'FR_WEB_Tier_03_MYSTERiON');
INSERT OR IGNORE INTO condition_patterns (custom_format_name, condition_name, regular_expression_name) VALUES ('FR WEB Tier 03', 'Scaph', 'FR_WEB_Tier_03_Scaph');
INSERT OR IGNORE INTO condition_patterns (custom_format_name, condition_name, regular_expression_name) VALUES ('FR WEB Tier 03', 'WaCkS', 'FR_WEB_Tier_03_WaCkS');
INSERT OR IGNORE INTO condition_patterns (custom_format_name, condition_name, regular_expression_name) VALUES ('FR WEB Tier 03', 'WQM', 'FR_WEB_Tier_03_WQM');
INSERT OR IGNORE INTO condition_sources (custom_format_name, condition_name, source) VALUES ('FR WEB Tier 03', 'WEBDL', 'TELECINE');
INSERT OR IGNORE INTO condition_sources (custom_format_name, condition_name, source) VALUES ('FR WEB Tier 03', 'WEBRIP', 'WORKPRINT');
INSERT OR IGNORE INTO regular_expressions (name, pattern) VALUES ('FR_WEB_Tier_03_ARK01', '^(ARK01)$');
INSERT OR IGNORE INTO regular_expressions (name, pattern) VALUES ('FR_WEB_Tier_03_BraD', '^(BraD)$');
INSERT OR IGNORE INTO regular_expressions (name, pattern) VALUES ('FR_WEB_Tier_03_dRuIdE', '^(dRuIdE)$');
INSERT OR IGNORE INTO regular_expressions (name, pattern) VALUES ('FR_WEB_Tier_03_FTMVHD', '^(FTMVHD)$');
INSERT OR IGNORE INTO regular_expressions (name, pattern) VALUES ('FR_WEB_Tier_03_LAZARUS', '^(LAZARUS)$');
INSERT OR IGNORE INTO regular_expressions (name, pattern) VALUES ('FR_WEB_Tier_03_MYSTERiON', '^(MYSTERiON)$');
INSERT OR IGNORE INTO regular_expressions (name, pattern) VALUES ('FR_WEB_Tier_03_Scaph', '^(Scaph)$');
INSERT OR IGNORE INTO regular_expressions (name, pattern) VALUES ('FR_WEB_Tier_03_WaCkS', '^(WaCkS)$');
INSERT OR IGNORE INTO regular_expressions (name, pattern) VALUES ('FR_WEB_Tier_03_WQM', '^(WQM)$');
INSERT OR IGNORE INTO custom_format_conditions (custom_format_name, name, type, arr_type, negate, required) VALUES ('FR WEB Tier 03', 'WEBDL', 'source', 'sonarr', 0, 0);
INSERT OR IGNORE INTO custom_format_conditions (custom_format_name, name, type, arr_type, negate, required) VALUES ('FR WEB Tier 03', 'WEBRIP', 'source', 'sonarr', 0, 0);
INSERT OR IGNORE INTO custom_format_conditions (custom_format_name, name, type, arr_type, negate, required) VALUES ('FR WEB Tier 03', 'ARK01', 'pattern', 'sonarr', 0, 0);
INSERT OR IGNORE INTO custom_format_conditions (custom_format_name, name, type, arr_type, negate, required) VALUES ('FR WEB Tier 03', 'BraD', 'pattern', 'sonarr', 0, 0);
INSERT OR IGNORE INTO custom_format_conditions (custom_format_name, name, type, arr_type, negate, required) VALUES ('FR WEB Tier 03', 'dRuIdE', 'pattern', 'sonarr', 0, 0);
INSERT OR IGNORE INTO custom_format_conditions (custom_format_name, name, type, arr_type, negate, required) VALUES ('FR WEB Tier 03', 'FTMVHD', 'pattern', 'sonarr', 0, 0);
INSERT OR IGNORE INTO custom_format_conditions (custom_format_name, name, type, arr_type, negate, required) VALUES ('FR WEB Tier 03', 'LAZARUS', 'pattern', 'sonarr', 0, 0);
INSERT OR IGNORE INTO custom_format_conditions (custom_format_name, name, type, arr_type, negate, required) VALUES ('FR WEB Tier 03', 'MYSTERiON', 'pattern', 'sonarr', 0, 0);
INSERT OR IGNORE INTO custom_format_conditions (custom_format_name, name, type, arr_type, negate, required) VALUES ('FR WEB Tier 03', 'Scaph', 'pattern', 'sonarr', 0, 0);
INSERT OR IGNORE INTO custom_format_conditions (custom_format_name, name, type, arr_type, negate, required) VALUES ('FR WEB Tier 03', 'WaCkS', 'pattern', 'sonarr', 0, 0);
INSERT OR IGNORE INTO custom_format_conditions (custom_format_name, name, type, arr_type, negate, required) VALUES ('FR WEB Tier 03', 'WQM', 'pattern', 'sonarr', 0, 0);

INSERT OR IGNORE INTO custom_formats (name, description, include_in_rename) VALUES ('WKN', 'e5e6405d439dcd1af90962538acd4fe0', 1);
INSERT OR IGNORE INTO condition_patterns (custom_format_name, condition_name, regular_expression_name) VALUES ('WKN', 'WKN', 'WKN_WKN');
INSERT OR IGNORE INTO condition_sources (custom_format_name, condition_name, source) VALUES ('WKN', 'WEBDL', 'TELECINE');
INSERT OR IGNORE INTO condition_sources (custom_format_name, condition_name, source) VALUES ('WKN', 'WEBRIP', 'WORKPRINT');
INSERT OR IGNORE INTO condition_sources (custom_format_name, condition_name, source) VALUES ('WKN', 'WEB', 'CAM');
INSERT OR IGNORE INTO regular_expressions (name, pattern) VALUES ('WKN_WKN', '\b(WKN|Waka(nim)?)\b');
INSERT OR IGNORE INTO custom_format_conditions (custom_format_name, name, type, arr_type, negate, required) VALUES ('WKN', 'WEBDL', 'source', 'sonarr', 0, 0);
INSERT OR IGNORE INTO custom_format_conditions (custom_format_name, name, type, arr_type, negate, required) VALUES ('WKN', 'WEBRIP', 'source', 'sonarr', 0, 0);
INSERT OR IGNORE INTO custom_format_conditions (custom_format_name, name, type, arr_type, negate, required) VALUES ('WKN', 'WEB', 'source', 'sonarr', 0, 0);
INSERT OR IGNORE INTO custom_format_conditions (custom_format_name, name, type, arr_type, negate, required) VALUES ('WKN', 'WKN', 'pattern', 'sonarr', 0, 1);

INSERT OR IGNORE INTO custom_formats (name, description, include_in_rename) VALUES ('FUNi', '1284d18e693de8efe0fe7d6b3e0b9170', 1);
INSERT OR IGNORE INTO condition_patterns (custom_format_name, condition_name, regular_expression_name) VALUES ('FUNi', 'Funimation', 'FUNi_Funimation');
INSERT OR IGNORE INTO condition_sources (custom_format_name, condition_name, source) VALUES ('FUNi', 'WEBDL', 'TELECINE');
INSERT OR IGNORE INTO condition_sources (custom_format_name, condition_name, source) VALUES ('FUNi', 'WEBRIP', 'WORKPRINT');
INSERT OR IGNORE INTO condition_sources (custom_format_name, condition_name, source) VALUES ('FUNi', 'WEB', 'CAM');
INSERT OR IGNORE INTO regular_expressions (name, pattern) VALUES ('FUNi_Funimation', '\b(FUNi(mation)?)\b');
INSERT OR IGNORE INTO custom_format_conditions (custom_format_name, name, type, arr_type, negate, required) VALUES ('FUNi', 'WEBDL', 'source', 'sonarr', 0, 0);
INSERT OR IGNORE INTO custom_format_conditions (custom_format_name, name, type, arr_type, negate, required) VALUES ('FUNi', 'WEBRIP', 'source', 'sonarr', 0, 0);
INSERT OR IGNORE INTO custom_format_conditions (custom_format_name, name, type, arr_type, negate, required) VALUES ('FUNi', 'WEB', 'source', 'sonarr', 0, 0);
INSERT OR IGNORE INTO custom_format_conditions (custom_format_name, name, type, arr_type, negate, required) VALUES ('FUNi', 'Funimation', 'pattern', 'sonarr', 0, 1);

INSERT OR IGNORE INTO custom_formats (name, description, include_in_rename) VALUES ('German 1080p Booster', '9aa0ca0d2d66b6f6ee51fc630f46cf6f', 0);
INSERT OR IGNORE INTO condition_languages (custom_format_name, condition_name, language_name, except_language) VALUES ('German 1080p Booster', 'German', '4', 0);
INSERT OR IGNORE INTO condition_languages (custom_format_name, condition_name, language_name, except_language) VALUES ('German 1080p Booster', 'Original Language', '-2', 0);
INSERT OR IGNORE INTO condition_resolutions (custom_format_name, condition_name, resolution) VALUES ('German 1080p Booster', '1080p', '1080');
INSERT OR IGNORE INTO custom_format_conditions (custom_format_name, name, type, arr_type, negate, required) VALUES ('German 1080p Booster', 'German', 'language', 'sonarr', 0, 1);
INSERT OR IGNORE INTO custom_format_conditions (custom_format_name, name, type, arr_type, negate, required) VALUES ('German 1080p Booster', 'Original Language', 'language', 'sonarr', 0, 1);
INSERT OR IGNORE INTO custom_format_conditions (custom_format_name, name, type, arr_type, negate, required) VALUES ('German 1080p Booster', '1080p', 'resolution', 'sonarr', 0, 1);

INSERT OR IGNORE INTO custom_formats (name, description, include_in_rename) VALUES ('German 2160p Booster', 'b493cd40d8a3bbf2839127a706bdb673', 0);
INSERT OR IGNORE INTO condition_languages (custom_format_name, condition_name, language_name, except_language) VALUES ('German 2160p Booster', 'German', '4', 0);
INSERT OR IGNORE INTO condition_languages (custom_format_name, condition_name, language_name, except_language) VALUES ('German 2160p Booster', 'Original Language', '-2', 0);
INSERT OR IGNORE INTO condition_resolutions (custom_format_name, condition_name, resolution) VALUES ('German 2160p Booster', '2160p', '2160');
INSERT OR IGNORE INTO custom_format_conditions (custom_format_name, name, type, arr_type, negate, required) VALUES ('German 2160p Booster', 'German', 'language', 'sonarr', 0, 1);
INSERT OR IGNORE INTO custom_format_conditions (custom_format_name, name, type, arr_type, negate, required) VALUES ('German 2160p Booster', 'Original Language', 'language', 'sonarr', 0, 1);
INSERT OR IGNORE INTO custom_format_conditions (custom_format_name, name, type, arr_type, negate, required) VALUES ('German 2160p Booster', '2160p', 'resolution', 'sonarr', 0, 1);

INSERT OR IGNORE INTO custom_formats (name, description, include_in_rename) VALUES ('German Bluray Tier 01', '7940b2fb0278f27cf4f70187f2be95d6', 0);
INSERT OR IGNORE INTO condition_patterns (custom_format_name, condition_name, regular_expression_name) VALUES ('German Bluray Tier 01', 'ZeroTwo', 'German_Bluray_Tier_01_ZeroTwo');
INSERT OR IGNORE INTO condition_patterns (custom_format_name, condition_name, regular_expression_name) VALUES ('German Bluray Tier 01', 'ZeroTwo Aliases', 'German_Bluray_Tier_01_ZeroTwo_Aliases');
INSERT OR IGNORE INTO condition_patterns (custom_format_name, condition_name, regular_expression_name) VALUES ('German Bluray Tier 01', 'TSCC', 'German_Bluray_Tier_01_TSCC');
INSERT OR IGNORE INTO condition_patterns (custom_format_name, condition_name, regular_expression_name) VALUES ('German Bluray Tier 01', 'TvR', 'German_Bluray_Tier_01_TvR');
INSERT OR IGNORE INTO condition_patterns (custom_format_name, condition_name, regular_expression_name) VALUES ('German Bluray Tier 01', 'NIMA4K', 'German_Bluray_Tier_01_NIMA4K');
INSERT OR IGNORE INTO condition_patterns (custom_format_name, condition_name, regular_expression_name) VALUES ('German Bluray Tier 01', 'TVS', 'German_Bluray_Tier_01_TVS');
INSERT OR IGNORE INTO condition_patterns (custom_format_name, condition_name, regular_expression_name) VALUES ('German Bluray Tier 01', 'PXL', 'German_Bluray_Tier_01_PXL');
INSERT OR IGNORE INTO condition_patterns (custom_format_name, condition_name, regular_expression_name) VALUES ('German Bluray Tier 01', 'CNY', 'German_Bluray_Tier_01_CNY');
INSERT OR IGNORE INTO condition_patterns (custom_format_name, condition_name, regular_expression_name) VALUES ('German Bluray Tier 01', 'WeebPinn', 'German_Bluray_Tier_01_WeebPinn');
INSERT OR IGNORE INTO condition_patterns (custom_format_name, condition_name, regular_expression_name) VALUES ('German Bluray Tier 01', 'WalterBishop', 'German_Bluray_Tier_01_WalterBishop');
INSERT OR IGNORE INTO condition_sources (custom_format_name, condition_name, source) VALUES ('German Bluray Tier 01', 'Bluray', 'TV');
INSERT OR IGNORE INTO condition_sources (custom_format_name, condition_name, source) VALUES ('German Bluray Tier 01', 'Not REMUX', 'WEBDL');
INSERT OR IGNORE INTO regular_expressions (name, pattern) VALUES ('German_Bluray_Tier_01_ZeroTwo', '^(ZeroTwo)$');
INSERT OR IGNORE INTO regular_expressions (name, pattern) VALUES ('German_Bluray_Tier_01_ZeroTwo_Aliases', '\b(BUTTERCUP|HARTZ02|XiSS|DOGPACK404|PRiNCESSDiANA|DiVA|D02KU|WAREZCX|BiTCHNUGGET)\b');
INSERT OR IGNORE INTO regular_expressions (name, pattern) VALUES ('German_Bluray_Tier_01_TSCC', '^(TSCC)$');
INSERT OR IGNORE INTO regular_expressions (name, pattern) VALUES ('German_Bluray_Tier_01_TvR', '^(TvR)$');
INSERT OR IGNORE INTO regular_expressions (name, pattern) VALUES ('German_Bluray_Tier_01_NIMA4K', '^(NIMA4K)$');
INSERT OR IGNORE INTO regular_expressions (name, pattern) VALUES ('German_Bluray_Tier_01_TVS', '^(TVS)$');
INSERT OR IGNORE INTO regular_expressions (name, pattern) VALUES ('German_Bluray_Tier_01_PXL', '^(PXL)$');
INSERT OR IGNORE INTO regular_expressions (name, pattern) VALUES ('German_Bluray_Tier_01_CNY', '^(CNY)$');
INSERT OR IGNORE INTO regular_expressions (name, pattern) VALUES ('German_Bluray_Tier_01_WeebPinn', '^(WeebPinn)$');
INSERT OR IGNORE INTO regular_expressions (name, pattern) VALUES ('German_Bluray_Tier_01_WalterBishop', '^(WalterBishop)$');
INSERT OR IGNORE INTO custom_format_conditions (custom_format_name, name, type, arr_type, negate, required) VALUES ('German Bluray Tier 01', 'ZeroTwo', 'pattern', 'sonarr', 0, 0);
INSERT OR IGNORE INTO custom_format_conditions (custom_format_name, name, type, arr_type, negate, required) VALUES ('German Bluray Tier 01', 'ZeroTwo Aliases', 'pattern', 'sonarr', 0, 0);
INSERT OR IGNORE INTO custom_format_conditions (custom_format_name, name, type, arr_type, negate, required) VALUES ('German Bluray Tier 01', 'TSCC', 'pattern', 'sonarr', 0, 0);
INSERT OR IGNORE INTO custom_format_conditions (custom_format_name, name, type, arr_type, negate, required) VALUES ('German Bluray Tier 01', 'TvR', 'pattern', 'sonarr', 0, 0);
INSERT OR IGNORE INTO custom_format_conditions (custom_format_name, name, type, arr_type, negate, required) VALUES ('German Bluray Tier 01', 'NIMA4K', 'pattern', 'sonarr', 0, 0);
INSERT OR IGNORE INTO custom_format_conditions (custom_format_name, name, type, arr_type, negate, required) VALUES ('German Bluray Tier 01', 'TVS', 'pattern', 'sonarr', 0, 0);
INSERT OR IGNORE INTO custom_format_conditions (custom_format_name, name, type, arr_type, negate, required) VALUES ('German Bluray Tier 01', 'PXL', 'pattern', 'sonarr', 0, 0);
INSERT OR IGNORE INTO custom_format_conditions (custom_format_name, name, type, arr_type, negate, required) VALUES ('German Bluray Tier 01', 'CNY', 'pattern', 'sonarr', 0, 0);
INSERT OR IGNORE INTO custom_format_conditions (custom_format_name, name, type, arr_type, negate, required) VALUES ('German Bluray Tier 01', 'WeebPinn', 'pattern', 'sonarr', 0, 0);
INSERT OR IGNORE INTO custom_format_conditions (custom_format_name, name, type, arr_type, negate, required) VALUES ('German Bluray Tier 01', 'WalterBishop', 'pattern', 'sonarr', 0, 0);
INSERT OR IGNORE INTO custom_format_conditions (custom_format_name, name, type, arr_type, negate, required) VALUES ('German Bluray Tier 01', 'Bluray', 'source', 'sonarr', 0, 1);
INSERT OR IGNORE INTO custom_format_conditions (custom_format_name, name, type, arr_type, negate, required) VALUES ('German Bluray Tier 01', 'Not REMUX', 'source', 'sonarr', 1, 1);

INSERT OR IGNORE INTO custom_formats (name, description, include_in_rename) VALUES ('German Bluray Tier 02', '83b336a90d90d6b35ca673b007f80661', 0);
INSERT OR IGNORE INTO condition_patterns (custom_format_name, condition_name, regular_expression_name) VALUES ('German Bluray Tier 02', 'VECTOR', 'German_Bluray_Tier_02_VECTOR');
INSERT OR IGNORE INTO condition_patterns (custom_format_name, condition_name, regular_expression_name) VALUES ('German Bluray Tier 02', 'MULTiPLEX', 'German_Bluray_Tier_02_MULTiPLEX');
INSERT OR IGNORE INTO condition_patterns (custom_format_name, condition_name, regular_expression_name) VALUES ('German Bluray Tier 02', 'SiXTYNiNE', 'German_Bluray_Tier_02_SiXTYNiNE');
INSERT OR IGNORE INTO condition_patterns (custom_format_name, condition_name, regular_expression_name) VALUES ('German Bluray Tier 02', 'Oergel', 'German_Bluray_Tier_02_Oergel');
INSERT OR IGNORE INTO condition_patterns (custom_format_name, condition_name, regular_expression_name) VALUES ('German Bluray Tier 02', 'ABJ', 'German_Bluray_Tier_02_ABJ');
INSERT OR IGNORE INTO condition_sources (custom_format_name, condition_name, source) VALUES ('German Bluray Tier 02', 'Bluray', 'TV');
INSERT OR IGNORE INTO condition_sources (custom_format_name, condition_name, source) VALUES ('German Bluray Tier 02', 'Not REMUX', 'WEBDL');
INSERT OR IGNORE INTO regular_expressions (name, pattern) VALUES ('German_Bluray_Tier_02_VECTOR', '^(VECTOR)$');
INSERT OR IGNORE INTO regular_expressions (name, pattern) VALUES ('German_Bluray_Tier_02_MULTiPLEX', '^(MULTiPLEX)$');
INSERT OR IGNORE INTO regular_expressions (name, pattern) VALUES ('German_Bluray_Tier_02_SiXTYNiNE', '^(SiXTYNiNE)$');
INSERT OR IGNORE INTO regular_expressions (name, pattern) VALUES ('German_Bluray_Tier_02_Oergel', '^(Oergel)$');
INSERT OR IGNORE INTO regular_expressions (name, pattern) VALUES ('German_Bluray_Tier_02_ABJ', '^(ABJ)$');
INSERT OR IGNORE INTO custom_format_conditions (custom_format_name, name, type, arr_type, negate, required) VALUES ('German Bluray Tier 02', 'VECTOR', 'pattern', 'sonarr', 0, 0);
INSERT OR IGNORE INTO custom_format_conditions (custom_format_name, name, type, arr_type, negate, required) VALUES ('German Bluray Tier 02', 'MULTiPLEX', 'pattern', 'sonarr', 0, 0);
INSERT OR IGNORE INTO custom_format_conditions (custom_format_name, name, type, arr_type, negate, required) VALUES ('German Bluray Tier 02', 'SiXTYNiNE', 'pattern', 'sonarr', 0, 0);
INSERT OR IGNORE INTO custom_format_conditions (custom_format_name, name, type, arr_type, negate, required) VALUES ('German Bluray Tier 02', 'Oergel', 'pattern', 'sonarr', 0, 0);
INSERT OR IGNORE INTO custom_format_conditions (custom_format_name, name, type, arr_type, negate, required) VALUES ('German Bluray Tier 02', 'ABJ', 'pattern', 'sonarr', 0, 0);
INSERT OR IGNORE INTO custom_format_conditions (custom_format_name, name, type, arr_type, negate, required) VALUES ('German Bluray Tier 02', 'Bluray', 'source', 'sonarr', 0, 1);
INSERT OR IGNORE INTO custom_format_conditions (custom_format_name, name, type, arr_type, negate, required) VALUES ('German Bluray Tier 02', 'Not REMUX', 'source', 'sonarr', 1, 1);

INSERT OR IGNORE INTO custom_formats (name, description, include_in_rename) VALUES ('German Bluray Tier 03', 'd8f8e1539827967e0e564833e6c08d33', 0);
INSERT OR IGNORE INTO condition_patterns (custom_format_name, condition_name, regular_expression_name) VALUES ('German Bluray Tier 03', 'RobertDeNiro', 'German_Bluray_Tier_03_RobertDeNiro');
INSERT OR IGNORE INTO condition_patterns (custom_format_name, condition_name, regular_expression_name) VALUES ('German Bluray Tier 03', 'HQC', 'German_Bluray_Tier_03_HQC');
INSERT OR IGNORE INTO condition_patterns (custom_format_name, condition_name, regular_expression_name) VALUES ('German Bluray Tier 03', 'RDR', 'German_Bluray_Tier_03_RDR');
INSERT OR IGNORE INTO condition_patterns (custom_format_name, condition_name, regular_expression_name) VALUES ('German Bluray Tier 03', 'HDSource', 'German_Bluray_Tier_03_HDSource');
INSERT OR IGNORE INTO condition_sources (custom_format_name, condition_name, source) VALUES ('German Bluray Tier 03', 'Bluray', 'TV');
INSERT OR IGNORE INTO condition_sources (custom_format_name, condition_name, source) VALUES ('German Bluray Tier 03', 'Not REMUX', 'WEBDL');
INSERT OR IGNORE INTO regular_expressions (name, pattern) VALUES ('German_Bluray_Tier_03_RobertDeNiro', '^(RobertDeNiro)$');
INSERT OR IGNORE INTO regular_expressions (name, pattern) VALUES ('German_Bluray_Tier_03_HQC', '^(HQC)$');
INSERT OR IGNORE INTO regular_expressions (name, pattern) VALUES ('German_Bluray_Tier_03_RDR', '^(RDR)$');
INSERT OR IGNORE INTO regular_expressions (name, pattern) VALUES ('German_Bluray_Tier_03_HDSource', '^(HDSource)$');
INSERT OR IGNORE INTO custom_format_conditions (custom_format_name, name, type, arr_type, negate, required) VALUES ('German Bluray Tier 03', 'RobertDeNiro', 'pattern', 'sonarr', 0, 0);
INSERT OR IGNORE INTO custom_format_conditions (custom_format_name, name, type, arr_type, negate, required) VALUES ('German Bluray Tier 03', 'HQC', 'pattern', 'sonarr', 0, 0);
INSERT OR IGNORE INTO custom_format_conditions (custom_format_name, name, type, arr_type, negate, required) VALUES ('German Bluray Tier 03', 'RDR', 'pattern', 'sonarr', 0, 0);
INSERT OR IGNORE INTO custom_format_conditions (custom_format_name, name, type, arr_type, negate, required) VALUES ('German Bluray Tier 03', 'HDSource', 'pattern', 'sonarr', 0, 0);
INSERT OR IGNORE INTO custom_format_conditions (custom_format_name, name, type, arr_type, negate, required) VALUES ('German Bluray Tier 03', 'Bluray', 'source', 'sonarr', 0, 1);
INSERT OR IGNORE INTO custom_format_conditions (custom_format_name, name, type, arr_type, negate, required) VALUES ('German Bluray Tier 03', 'Not REMUX', 'source', 'sonarr', 1, 1);

INSERT OR IGNORE INTO custom_formats (name, description, include_in_rename) VALUES ('German LQ (release title)', 'd80c9f7cd2aad50271f1bd4e53125778', 0);
INSERT OR IGNORE INTO condition_patterns (custom_format_name, condition_name, regular_expression_name) VALUES ('German LQ (release title)', 'TVS iTunesHD', 'German_LQ_(release_title)_TVS_iTunesHD');
INSERT OR IGNORE INTO condition_patterns (custom_format_name, condition_name, regular_expression_name) VALUES ('German LQ (release title)', 'Jellyfin-Plex', 'German_LQ_(release_title)_Jellyfin-Plex');
INSERT OR IGNORE INTO condition_patterns (custom_format_name, condition_name, regular_expression_name) VALUES ('German LQ (release title)', 'Double German Tag', 'German_LQ_(release_title)_Double_German_Tag');
INSERT OR IGNORE INTO regular_expressions (name, pattern) VALUES ('German_LQ_(release_title)_TVS_iTunesHD', '([._-])iTunes(?:HD|SD)?\1.+?-TVS$');
INSERT OR IGNORE INTO regular_expressions (name, pattern) VALUES ('German_LQ_(release_title)_Jellyfin-Plex', 'Jellyfin-Plex$');
INSERT OR IGNORE INTO regular_expressions (name, pattern) VALUES ('German_LQ_(release_title)_Double_German_Tag', '[._-]German[._-].+?[._-]?German$');
INSERT OR IGNORE INTO custom_format_conditions (custom_format_name, name, type, arr_type, negate, required) VALUES ('German LQ (release title)', 'TVS iTunesHD', 'pattern', 'sonarr', 0, 0);
INSERT OR IGNORE INTO custom_format_conditions (custom_format_name, name, type, arr_type, negate, required) VALUES ('German LQ (release title)', 'Jellyfin-Plex', 'pattern', 'sonarr', 0, 0);
INSERT OR IGNORE INTO custom_format_conditions (custom_format_name, name, type, arr_type, negate, required) VALUES ('German LQ (release title)', 'Double German Tag', 'pattern', 'sonarr', 0, 0);

INSERT OR IGNORE INTO custom_formats (name, description, include_in_rename) VALUES ('German LQ', 'a6a6c33d057406aaad978a6902823c35', 0);
INSERT OR IGNORE INTO condition_patterns (custom_format_name, condition_name, regular_expression_name) VALUES ('German LQ', 'PsO', 'German_LQ_PsO');
INSERT OR IGNORE INTO condition_patterns (custom_format_name, condition_name, regular_expression_name) VALUES ('German LQ', 'Cancer58', 'German_LQ_Cancer58');
INSERT OR IGNORE INTO condition_patterns (custom_format_name, condition_name, regular_expression_name) VALUES ('German LQ', 'TylorD', 'German_LQ_TylorD');
INSERT OR IGNORE INTO condition_patterns (custom_format_name, condition_name, regular_expression_name) VALUES ('German LQ', '1XBET', 'German_LQ_1XBET');
INSERT OR IGNORE INTO condition_patterns (custom_format_name, condition_name, regular_expression_name) VALUES ('German LQ', '2dead', 'German_LQ_2dead');
INSERT OR IGNORE INTO condition_patterns (custom_format_name, condition_name, regular_expression_name) VALUES ('German LQ', 'HELD', 'German_LQ_HELD');
INSERT OR IGNORE INTO condition_patterns (custom_format_name, condition_name, regular_expression_name) VALUES ('German LQ', 'kala', 'German_LQ_kala');
INSERT OR IGNORE INTO condition_patterns (custom_format_name, condition_name, regular_expression_name) VALUES ('German LQ', 'POE', 'German_LQ_POE');
INSERT OR IGNORE INTO condition_patterns (custom_format_name, condition_name, regular_expression_name) VALUES ('German LQ', 'SHOWE', 'German_LQ_SHOWE');
INSERT OR IGNORE INTO condition_patterns (custom_format_name, condition_name, regular_expression_name) VALUES ('German LQ', 'SHOWEHD', 'German_LQ_SHOWEHD');
INSERT OR IGNORE INTO condition_patterns (custom_format_name, condition_name, regular_expression_name) VALUES ('German LQ', 'ORCA88', 'German_LQ_ORCA88');
INSERT OR IGNORE INTO condition_patterns (custom_format_name, condition_name, regular_expression_name) VALUES ('German LQ', 'LuRCH', 'German_LQ_LuRCH');
INSERT OR IGNORE INTO condition_patterns (custom_format_name, condition_name, regular_expression_name) VALUES ('German LQ', 'N2D2', 'German_LQ_N2D2');
INSERT OR IGNORE INTO condition_patterns (custom_format_name, condition_name, regular_expression_name) VALUES ('German LQ', 'GETB8', 'German_LQ_GETB8');
INSERT OR IGNORE INTO condition_patterns (custom_format_name, condition_name, regular_expression_name) VALUES ('German LQ', 'TFARC', 'German_LQ_TFARC');
INSERT OR IGNORE INTO condition_patterns (custom_format_name, condition_name, regular_expression_name) VALUES ('German LQ', 'Kristallprinz', 'German_LQ_Kristallprinz');
INSERT OR IGNORE INTO condition_patterns (custom_format_name, condition_name, regular_expression_name) VALUES ('German LQ', 'LAW', 'German_LQ_LAW');
INSERT OR IGNORE INTO condition_patterns (custom_format_name, condition_name, regular_expression_name) VALUES ('German LQ', 'CTFOH', 'German_LQ_CTFOH');
INSERT OR IGNORE INTO condition_patterns (custom_format_name, condition_name, regular_expression_name) VALUES ('German LQ', 'Pendeti', 'German_LQ_Pendeti');
INSERT OR IGNORE INTO condition_patterns (custom_format_name, condition_name, regular_expression_name) VALUES ('German LQ', 'OJ', 'German_LQ_OJ');
INSERT OR IGNORE INTO condition_patterns (custom_format_name, condition_name, regular_expression_name) VALUES ('German LQ', 'PS', 'German_LQ_PS');
INSERT OR IGNORE INTO condition_patterns (custom_format_name, condition_name, regular_expression_name) VALUES ('German LQ', 'FSX', 'German_LQ_FSX');
INSERT OR IGNORE INTO condition_patterns (custom_format_name, condition_name, regular_expression_name) VALUES ('German LQ', 'EMVY', 'German_LQ_EMVY');
INSERT OR IGNORE INTO condition_patterns (custom_format_name, condition_name, regular_expression_name) VALUES ('German LQ', 'ZaidaNulled', 'German_LQ_ZaidaNulled');
INSERT OR IGNORE INTO condition_patterns (custom_format_name, condition_name, regular_expression_name) VALUES ('German LQ', 'MEGA', 'German_LQ_MEGA');
INSERT OR IGNORE INTO condition_patterns (custom_format_name, condition_name, regular_expression_name) VALUES ('German LQ', 'MBA', 'German_LQ_MBA');
INSERT OR IGNORE INTO condition_patterns (custom_format_name, condition_name, regular_expression_name) VALUES ('German LQ', 'FORMBA', 'German_LQ_FORMBA');
INSERT OR IGNORE INTO condition_patterns (custom_format_name, condition_name, regular_expression_name) VALUES ('German LQ', 'PaZ', 'German_LQ_PaZ');
INSERT OR IGNORE INTO condition_patterns (custom_format_name, condition_name, regular_expression_name) VALUES ('German LQ', 'Whistler', 'German_LQ_Whistler');
INSERT OR IGNORE INTO condition_patterns (custom_format_name, condition_name, regular_expression_name) VALUES ('German LQ', 'omikron', 'German_LQ_omikron');
INSERT OR IGNORE INTO condition_patterns (custom_format_name, condition_name, regular_expression_name) VALUES ('German LQ', 'WOTT', 'German_LQ_WOTT');
INSERT OR IGNORE INTO condition_patterns (custom_format_name, condition_name, regular_expression_name) VALUES ('German LQ', 'SunDry', 'German_LQ_SunDry');
INSERT OR IGNORE INTO condition_patterns (custom_format_name, condition_name, regular_expression_name) VALUES ('German LQ', 'PL', 'German_LQ_PL');
INSERT OR IGNORE INTO condition_patterns (custom_format_name, condition_name, regular_expression_name) VALUES ('German LQ', 'TVARCHiV', 'German_LQ_TVARCHiV');
INSERT OR IGNORE INTO condition_patterns (custom_format_name, condition_name, regular_expression_name) VALUES ('German LQ', 'P73', 'German_LQ_P73');
INSERT OR IGNORE INTO condition_patterns (custom_format_name, condition_name, regular_expression_name) VALUES ('German LQ', 'LizardSquad', 'German_LQ_LizardSquad');
INSERT OR IGNORE INTO condition_patterns (custom_format_name, condition_name, regular_expression_name) VALUES ('German LQ', 'AVTOMAT', 'German_LQ_AVTOMAT');
INSERT OR IGNORE INTO condition_patterns (custom_format_name, condition_name, regular_expression_name) VALUES ('German LQ', 'iSSEYMiYAKE', 'German_LQ_iSSEYMiYAKE');
INSERT OR IGNORE INTO condition_patterns (custom_format_name, condition_name, regular_expression_name) VALUES ('German LQ', 'TVP', 'German_LQ_TVP');
INSERT OR IGNORE INTO condition_patterns (custom_format_name, condition_name, regular_expression_name) VALUES ('German LQ', 'AIDA', 'German_LQ_AIDA');
INSERT OR IGNORE INTO condition_patterns (custom_format_name, condition_name, regular_expression_name) VALUES ('German LQ', 'UTOPiA', 'German_LQ_UTOPiA');
INSERT OR IGNORE INTO condition_patterns (custom_format_name, condition_name, regular_expression_name) VALUES ('German LQ', 'FRAGGERS', 'German_LQ_FRAGGERS');
INSERT OR IGNORE INTO regular_expressions (name, pattern) VALUES ('German_LQ_PsO', '^(PsO)$');
INSERT OR IGNORE INTO regular_expressions (name, pattern) VALUES ('German_LQ_Cancer58', '^(Cancer58)$');
INSERT OR IGNORE INTO regular_expressions (name, pattern) VALUES ('German_LQ_TylorD', '^(Tylor\.D)$');
INSERT OR IGNORE INTO regular_expressions (name, pattern) VALUES ('German_LQ_1XBET', '^(1XBET)$');
INSERT OR IGNORE INTO regular_expressions (name, pattern) VALUES ('German_LQ_2dead', '^(2dead)$');
INSERT OR IGNORE INTO regular_expressions (name, pattern) VALUES ('German_LQ_HELD', '^(HELD)$');
INSERT OR IGNORE INTO regular_expressions (name, pattern) VALUES ('German_LQ_kala', '^(kala)$');
INSERT OR IGNORE INTO regular_expressions (name, pattern) VALUES ('German_LQ_POE', '^(POE)$');
INSERT OR IGNORE INTO regular_expressions (name, pattern) VALUES ('German_LQ_SHOWE', '^(SHOWE)$');
INSERT OR IGNORE INTO regular_expressions (name, pattern) VALUES ('German_LQ_SHOWEHD', '^(SHOWEHD)$');
INSERT OR IGNORE INTO regular_expressions (name, pattern) VALUES ('German_LQ_ORCA88', '^(ORCA88)$');
INSERT OR IGNORE INTO regular_expressions (name, pattern) VALUES ('German_LQ_LuRCH', '^(LuRCH)$');
INSERT OR IGNORE INTO regular_expressions (name, pattern) VALUES ('German_LQ_N2D2', '^(N2D2)$');
INSERT OR IGNORE INTO regular_expressions (name, pattern) VALUES ('German_LQ_GETB8', '^(GETB8)$');
INSERT OR IGNORE INTO regular_expressions (name, pattern) VALUES ('German_LQ_TFARC', '^(TFARC)$');
INSERT OR IGNORE INTO regular_expressions (name, pattern) VALUES ('German_LQ_Kristallprinz', '^(Kristallprinz)$');
INSERT OR IGNORE INTO regular_expressions (name, pattern) VALUES ('German_LQ_LAW', '^(LAW)$');
INSERT OR IGNORE INTO regular_expressions (name, pattern) VALUES ('German_LQ_CTFOH', '^(CTFOH)$');
INSERT OR IGNORE INTO regular_expressions (name, pattern) VALUES ('German_LQ_Pendeti', '^(Pendeti)$');
INSERT OR IGNORE INTO regular_expressions (name, pattern) VALUES ('German_LQ_OJ', '^(OJ)$');
INSERT OR IGNORE INTO regular_expressions (name, pattern) VALUES ('German_LQ_PS', '^(PS)$');
INSERT OR IGNORE INTO regular_expressions (name, pattern) VALUES ('German_LQ_FSX', '^(FSX)$');
INSERT OR IGNORE INTO regular_expressions (name, pattern) VALUES ('German_LQ_EMVY', '^(EMVY)$');
INSERT OR IGNORE INTO regular_expressions (name, pattern) VALUES ('German_LQ_ZaidaNulled', '^(ZaidaNulled)$');
INSERT OR IGNORE INTO regular_expressions (name, pattern) VALUES ('German_LQ_MEGA', '^(MEGA)$');
INSERT OR IGNORE INTO regular_expressions (name, pattern) VALUES ('German_LQ_MBA', '^(MBA)$');
INSERT OR IGNORE INTO regular_expressions (name, pattern) VALUES ('German_LQ_FORMBA', '^(FORMBA)$');
INSERT OR IGNORE INTO regular_expressions (name, pattern) VALUES ('German_LQ_PaZ', '^(PaZ)$');
INSERT OR IGNORE INTO regular_expressions (name, pattern) VALUES ('German_LQ_Whistler', '^(Whistler)$');
INSERT OR IGNORE INTO regular_expressions (name, pattern) VALUES ('German_LQ_omikron', '^(omikron)$');
INSERT OR IGNORE INTO regular_expressions (name, pattern) VALUES ('German_LQ_WOTT', '^(WOTT)$');
INSERT OR IGNORE INTO regular_expressions (name, pattern) VALUES ('German_LQ_SunDry', '^(SunDry)$');
INSERT OR IGNORE INTO regular_expressions (name, pattern) VALUES ('German_LQ_PL', '^(PL)$');
INSERT OR IGNORE INTO regular_expressions (name, pattern) VALUES ('German_LQ_TVARCHiV', '^(TVARCHiV)$');
INSERT OR IGNORE INTO regular_expressions (name, pattern) VALUES ('German_LQ_P73', '^(P73)$');
INSERT OR IGNORE INTO regular_expressions (name, pattern) VALUES ('German_LQ_LizardSquad', '^(LizardSquad)$');
INSERT OR IGNORE INTO regular_expressions (name, pattern) VALUES ('German_LQ_AVTOMAT', '^(AVTOMAT)$');
INSERT OR IGNORE INTO regular_expressions (name, pattern) VALUES ('German_LQ_iSSEYMiYAKE', '^(iSSEYMiYAKE)$');
INSERT OR IGNORE INTO regular_expressions (name, pattern) VALUES ('German_LQ_TVP', '^(TVP)$');
INSERT OR IGNORE INTO regular_expressions (name, pattern) VALUES ('German_LQ_AIDA', '^(AIDA)$');
INSERT OR IGNORE INTO regular_expressions (name, pattern) VALUES ('German_LQ_UTOPiA', '^(UTOPiA)$');
INSERT OR IGNORE INTO regular_expressions (name, pattern) VALUES ('German_LQ_FRAGGERS', '^(FRAGGERS)$');
INSERT OR IGNORE INTO custom_format_conditions (custom_format_name, name, type, arr_type, negate, required) VALUES ('German LQ', 'PsO', 'pattern', 'sonarr', 0, 0);
INSERT OR IGNORE INTO custom_format_conditions (custom_format_name, name, type, arr_type, negate, required) VALUES ('German LQ', 'Cancer58', 'pattern', 'sonarr', 0, 0);
INSERT OR IGNORE INTO custom_format_conditions (custom_format_name, name, type, arr_type, negate, required) VALUES ('German LQ', 'TylorD', 'pattern', 'sonarr', 0, 0);
INSERT OR IGNORE INTO custom_format_conditions (custom_format_name, name, type, arr_type, negate, required) VALUES ('German LQ', '1XBET', 'pattern', 'sonarr', 0, 0);
INSERT OR IGNORE INTO custom_format_conditions (custom_format_name, name, type, arr_type, negate, required) VALUES ('German LQ', '2dead', 'pattern', 'sonarr', 0, 0);
INSERT OR IGNORE INTO custom_format_conditions (custom_format_name, name, type, arr_type, negate, required) VALUES ('German LQ', 'HELD', 'pattern', 'sonarr', 0, 0);
INSERT OR IGNORE INTO custom_format_conditions (custom_format_name, name, type, arr_type, negate, required) VALUES ('German LQ', 'kala', 'pattern', 'sonarr', 0, 0);
INSERT OR IGNORE INTO custom_format_conditions (custom_format_name, name, type, arr_type, negate, required) VALUES ('German LQ', 'POE', 'pattern', 'sonarr', 0, 0);
INSERT OR IGNORE INTO custom_format_conditions (custom_format_name, name, type, arr_type, negate, required) VALUES ('German LQ', 'SHOWE', 'pattern', 'sonarr', 0, 0);
INSERT OR IGNORE INTO custom_format_conditions (custom_format_name, name, type, arr_type, negate, required) VALUES ('German LQ', 'SHOWEHD', 'pattern', 'sonarr', 0, 0);
INSERT OR IGNORE INTO custom_format_conditions (custom_format_name, name, type, arr_type, negate, required) VALUES ('German LQ', 'ORCA88', 'pattern', 'sonarr', 0, 0);
INSERT OR IGNORE INTO custom_format_conditions (custom_format_name, name, type, arr_type, negate, required) VALUES ('German LQ', 'LuRCH', 'pattern', 'sonarr', 0, 0);
INSERT OR IGNORE INTO custom_format_conditions (custom_format_name, name, type, arr_type, negate, required) VALUES ('German LQ', 'N2D2', 'pattern', 'sonarr', 0, 0);
INSERT OR IGNORE INTO custom_format_conditions (custom_format_name, name, type, arr_type, negate, required) VALUES ('German LQ', 'GETB8', 'pattern', 'sonarr', 0, 0);
INSERT OR IGNORE INTO custom_format_conditions (custom_format_name, name, type, arr_type, negate, required) VALUES ('German LQ', 'TFARC', 'pattern', 'sonarr', 0, 0);
INSERT OR IGNORE INTO custom_format_conditions (custom_format_name, name, type, arr_type, negate, required) VALUES ('German LQ', 'Kristallprinz', 'pattern', 'sonarr', 0, 0);
INSERT OR IGNORE INTO custom_format_conditions (custom_format_name, name, type, arr_type, negate, required) VALUES ('German LQ', 'LAW', 'pattern', 'sonarr', 0, 0);
INSERT OR IGNORE INTO custom_format_conditions (custom_format_name, name, type, arr_type, negate, required) VALUES ('German LQ', 'CTFOH', 'pattern', 'sonarr', 0, 0);
INSERT OR IGNORE INTO custom_format_conditions (custom_format_name, name, type, arr_type, negate, required) VALUES ('German LQ', 'Pendeti', 'pattern', 'sonarr', 0, 0);
INSERT OR IGNORE INTO custom_format_conditions (custom_format_name, name, type, arr_type, negate, required) VALUES ('German LQ', 'OJ', 'pattern', 'sonarr', 0, 0);
INSERT OR IGNORE INTO custom_format_conditions (custom_format_name, name, type, arr_type, negate, required) VALUES ('German LQ', 'PS', 'pattern', 'sonarr', 0, 0);
INSERT OR IGNORE INTO custom_format_conditions (custom_format_name, name, type, arr_type, negate, required) VALUES ('German LQ', 'FSX', 'pattern', 'sonarr', 0, 0);
INSERT OR IGNORE INTO custom_format_conditions (custom_format_name, name, type, arr_type, negate, required) VALUES ('German LQ', 'EMVY', 'pattern', 'sonarr', 0, 0);
INSERT OR IGNORE INTO custom_format_conditions (custom_format_name, name, type, arr_type, negate, required) VALUES ('German LQ', 'ZaidaNulled', 'pattern', 'sonarr', 0, 0);
INSERT OR IGNORE INTO custom_format_conditions (custom_format_name, name, type, arr_type, negate, required) VALUES ('German LQ', 'MEGA', 'pattern', 'sonarr', 0, 0);
INSERT OR IGNORE INTO custom_format_conditions (custom_format_name, name, type, arr_type, negate, required) VALUES ('German LQ', 'MBA', 'pattern', 'sonarr', 0, 0);
INSERT OR IGNORE INTO custom_format_conditions (custom_format_name, name, type, arr_type, negate, required) VALUES ('German LQ', 'FORMBA', 'pattern', 'sonarr', 0, 0);
INSERT OR IGNORE INTO custom_format_conditions (custom_format_name, name, type, arr_type, negate, required) VALUES ('German LQ', 'PaZ', 'pattern', 'sonarr', 0, 0);
INSERT OR IGNORE INTO custom_format_conditions (custom_format_name, name, type, arr_type, negate, required) VALUES ('German LQ', 'Whistler', 'pattern', 'sonarr', 0, 0);
INSERT OR IGNORE INTO custom_format_conditions (custom_format_name, name, type, arr_type, negate, required) VALUES ('German LQ', 'omikron', 'pattern', 'sonarr', 0, 0);
INSERT OR IGNORE INTO custom_format_conditions (custom_format_name, name, type, arr_type, negate, required) VALUES ('German LQ', 'WOTT', 'pattern', 'sonarr', 0, 0);
INSERT OR IGNORE INTO custom_format_conditions (custom_format_name, name, type, arr_type, negate, required) VALUES ('German LQ', 'SunDry', 'pattern', 'sonarr', 0, 0);
INSERT OR IGNORE INTO custom_format_conditions (custom_format_name, name, type, arr_type, negate, required) VALUES ('German LQ', 'PL', 'pattern', 'sonarr', 0, 0);
INSERT OR IGNORE INTO custom_format_conditions (custom_format_name, name, type, arr_type, negate, required) VALUES ('German LQ', 'TVARCHiV', 'pattern', 'sonarr', 0, 0);
INSERT OR IGNORE INTO custom_format_conditions (custom_format_name, name, type, arr_type, negate, required) VALUES ('German LQ', 'P73', 'pattern', 'sonarr', 0, 0);
INSERT OR IGNORE INTO custom_format_conditions (custom_format_name, name, type, arr_type, negate, required) VALUES ('German LQ', 'LizardSquad', 'pattern', 'sonarr', 0, 0);
INSERT OR IGNORE INTO custom_format_conditions (custom_format_name, name, type, arr_type, negate, required) VALUES ('German LQ', 'AVTOMAT', 'pattern', 'sonarr', 0, 0);
INSERT OR IGNORE INTO custom_format_conditions (custom_format_name, name, type, arr_type, negate, required) VALUES ('German LQ', 'iSSEYMiYAKE', 'pattern', 'sonarr', 0, 0);
INSERT OR IGNORE INTO custom_format_conditions (custom_format_name, name, type, arr_type, negate, required) VALUES ('German LQ', 'TVP', 'pattern', 'sonarr', 0, 0);
INSERT OR IGNORE INTO custom_format_conditions (custom_format_name, name, type, arr_type, negate, required) VALUES ('German LQ', 'AIDA', 'pattern', 'sonarr', 0, 0);
INSERT OR IGNORE INTO custom_format_conditions (custom_format_name, name, type, arr_type, negate, required) VALUES ('German LQ', 'UTOPiA', 'pattern', 'sonarr', 0, 0);
INSERT OR IGNORE INTO custom_format_conditions (custom_format_name, name, type, arr_type, negate, required) VALUES ('German LQ', 'FRAGGERS', 'pattern', 'sonarr', 0, 0);

INSERT OR IGNORE INTO custom_formats (name, description, include_in_rename) VALUES ('German Microsized', '237eda4ef550a97da2c9d87b437e500b', 0);
INSERT OR IGNORE INTO condition_patterns (custom_format_name, condition_name, regular_expression_name) VALUES ('German Microsized', 'FuN', 'German_Microsized_FuN');
INSERT OR IGNORE INTO condition_patterns (custom_format_name, condition_name, regular_expression_name) VALUES ('German Microsized', 'w00t', 'German_Microsized_w00t');
INSERT OR IGNORE INTO condition_patterns (custom_format_name, condition_name, regular_expression_name) VALUES ('German Microsized', 'GTF', 'German_Microsized_GTF');
INSERT OR IGNORE INTO condition_patterns (custom_format_name, condition_name, regular_expression_name) VALUES ('German Microsized', 'PaTroL', 'German_Microsized_PaTroL');
INSERT OR IGNORE INTO condition_patterns (custom_format_name, condition_name, regular_expression_name) VALUES ('German Microsized', 'JellyfinPlex', 'German_Microsized_JellyfinPlex');
INSERT OR IGNORE INTO condition_patterns (custom_format_name, condition_name, regular_expression_name) VALUES ('German Microsized', 'BB', 'German_Microsized_BB');
INSERT OR IGNORE INTO condition_patterns (custom_format_name, condition_name, regular_expression_name) VALUES ('German Microsized', '266ers', 'German_Microsized_266ers');
INSERT OR IGNORE INTO regular_expressions (name, pattern) VALUES ('German_Microsized_FuN', '^(FuN)$');
INSERT OR IGNORE INTO regular_expressions (name, pattern) VALUES ('German_Microsized_w00t', '^(w00t)$');
INSERT OR IGNORE INTO regular_expressions (name, pattern) VALUES ('German_Microsized_GTF', '^(GTF)$');
INSERT OR IGNORE INTO regular_expressions (name, pattern) VALUES ('German_Microsized_PaTroL', '^(PaTroL)$');
INSERT OR IGNORE INTO regular_expressions (name, pattern) VALUES ('German_Microsized_JellyfinPlex', '^(JellyfinPlex)$');
INSERT OR IGNORE INTO regular_expressions (name, pattern) VALUES ('German_Microsized_BB', '^(BB)$');
INSERT OR IGNORE INTO regular_expressions (name, pattern) VALUES ('German_Microsized_266ers', '^(266ers)$');
INSERT OR IGNORE INTO custom_format_conditions (custom_format_name, name, type, arr_type, negate, required) VALUES ('German Microsized', 'FuN', 'pattern', 'sonarr', 0, 0);
INSERT OR IGNORE INTO custom_format_conditions (custom_format_name, name, type, arr_type, negate, required) VALUES ('German Microsized', 'w00t', 'pattern', 'sonarr', 0, 0);
INSERT OR IGNORE INTO custom_format_conditions (custom_format_name, name, type, arr_type, negate, required) VALUES ('German Microsized', 'GTF', 'pattern', 'sonarr', 0, 0);
INSERT OR IGNORE INTO custom_format_conditions (custom_format_name, name, type, arr_type, negate, required) VALUES ('German Microsized', 'PaTroL', 'pattern', 'sonarr', 0, 0);
INSERT OR IGNORE INTO custom_format_conditions (custom_format_name, name, type, arr_type, negate, required) VALUES ('German Microsized', 'JellyfinPlex', 'pattern', 'sonarr', 0, 0);
INSERT OR IGNORE INTO custom_format_conditions (custom_format_name, name, type, arr_type, negate, required) VALUES ('German Microsized', 'BB', 'pattern', 'sonarr', 0, 0);
INSERT OR IGNORE INTO custom_format_conditions (custom_format_name, name, type, arr_type, negate, required) VALUES ('German Microsized', '266ers', 'pattern', 'sonarr', 0, 0);

INSERT OR IGNORE INTO custom_formats (name, description, include_in_rename) VALUES ('German Remux Tier 01', 'da0f005f9c3edf34fc26e18dce8c6573', 0);
INSERT OR IGNORE INTO condition_patterns (custom_format_name, condition_name, regular_expression_name) VALUES ('German Remux Tier 01', 'TvR', 'German_Remux_Tier_01_TvR');
INSERT OR IGNORE INTO condition_patterns (custom_format_name, condition_name, regular_expression_name) VALUES ('German Remux Tier 01', 'pmHD', 'German_Remux_Tier_01_pmHD');
INSERT OR IGNORE INTO condition_patterns (custom_format_name, condition_name, regular_expression_name) VALUES ('German Remux Tier 01', 'NIMA4K', 'German_Remux_Tier_01_NIMA4K');
INSERT OR IGNORE INTO condition_patterns (custom_format_name, condition_name, regular_expression_name) VALUES ('German Remux Tier 01', 'QfG', 'German_Remux_Tier_01_QfG');
INSERT OR IGNORE INTO condition_patterns (custom_format_name, condition_name, regular_expression_name) VALUES ('German Remux Tier 01', 'TSCC', 'German_Remux_Tier_01_TSCC');
INSERT OR IGNORE INTO condition_sources (custom_format_name, condition_name, source) VALUES ('German Remux Tier 01', 'Remux', 'WEBDL');
INSERT OR IGNORE INTO regular_expressions (name, pattern) VALUES ('German_Remux_Tier_01_TvR', '^(TvR)$');
INSERT OR IGNORE INTO regular_expressions (name, pattern) VALUES ('German_Remux_Tier_01_pmHD', '^(pmHD)$');
INSERT OR IGNORE INTO regular_expressions (name, pattern) VALUES ('German_Remux_Tier_01_NIMA4K', '^(NIMA4K)$');
INSERT OR IGNORE INTO regular_expressions (name, pattern) VALUES ('German_Remux_Tier_01_QfG', '^(QfG)$');
INSERT OR IGNORE INTO regular_expressions (name, pattern) VALUES ('German_Remux_Tier_01_TSCC', '^(TSCC)$');
INSERT OR IGNORE INTO custom_format_conditions (custom_format_name, name, type, arr_type, negate, required) VALUES ('German Remux Tier 01', 'TvR', 'pattern', 'sonarr', 0, 0);
INSERT OR IGNORE INTO custom_format_conditions (custom_format_name, name, type, arr_type, negate, required) VALUES ('German Remux Tier 01', 'pmHD', 'pattern', 'sonarr', 0, 0);
INSERT OR IGNORE INTO custom_format_conditions (custom_format_name, name, type, arr_type, negate, required) VALUES ('German Remux Tier 01', 'NIMA4K', 'pattern', 'sonarr', 0, 0);
INSERT OR IGNORE INTO custom_format_conditions (custom_format_name, name, type, arr_type, negate, required) VALUES ('German Remux Tier 01', 'QfG', 'pattern', 'sonarr', 0, 0);
INSERT OR IGNORE INTO custom_format_conditions (custom_format_name, name, type, arr_type, negate, required) VALUES ('German Remux Tier 01', 'TSCC', 'pattern', 'sonarr', 0, 0);
INSERT OR IGNORE INTO custom_format_conditions (custom_format_name, name, type, arr_type, negate, required) VALUES ('German Remux Tier 01', 'Remux', 'source', 'sonarr', 0, 1);

INSERT OR IGNORE INTO custom_formats (name, description, include_in_rename) VALUES ('German Remux Tier 02', '6bc5ccd80a03e7abb8f556eecd174b73', 0);
INSERT OR IGNORE INTO condition_patterns (custom_format_name, condition_name, regular_expression_name) VALUES ('German Remux Tier 02', 'MULTiPLEX', 'German_Remux_Tier_02_MULTiPLEX');
INSERT OR IGNORE INTO condition_patterns (custom_format_name, condition_name, regular_expression_name) VALUES ('German Remux Tier 02', 'HQC', 'German_Remux_Tier_02_HQC');
INSERT OR IGNORE INTO condition_patterns (custom_format_name, condition_name, regular_expression_name) VALUES ('German Remux Tier 02', 'HDSource', 'German_Remux_Tier_02_HDSource');
INSERT OR IGNORE INTO condition_sources (custom_format_name, condition_name, source) VALUES ('German Remux Tier 02', 'Remux', 'WEBDL');
INSERT OR IGNORE INTO regular_expressions (name, pattern) VALUES ('German_Remux_Tier_02_MULTiPLEX', '^(MULTiPLEX)$');
INSERT OR IGNORE INTO regular_expressions (name, pattern) VALUES ('German_Remux_Tier_02_HQC', '^(HQC)$');
INSERT OR IGNORE INTO regular_expressions (name, pattern) VALUES ('German_Remux_Tier_02_HDSource', '^(HDSource)$');
INSERT OR IGNORE INTO custom_format_conditions (custom_format_name, name, type, arr_type, negate, required) VALUES ('German Remux Tier 02', 'MULTiPLEX', 'pattern', 'sonarr', 0, 0);
INSERT OR IGNORE INTO custom_format_conditions (custom_format_name, name, type, arr_type, negate, required) VALUES ('German Remux Tier 02', 'HQC', 'pattern', 'sonarr', 0, 0);
INSERT OR IGNORE INTO custom_format_conditions (custom_format_name, name, type, arr_type, negate, required) VALUES ('German Remux Tier 02', 'HDSource', 'pattern', 'sonarr', 0, 0);
INSERT OR IGNORE INTO custom_format_conditions (custom_format_name, name, type, arr_type, negate, required) VALUES ('German Remux Tier 02', 'Remux', 'source', 'sonarr', 0, 1);

INSERT OR IGNORE INTO custom_formats (name, description, include_in_rename) VALUES ('German Scene', 'c2eec878fa1989599c226ce4c287d6a7', 0);
INSERT OR IGNORE INTO condition_patterns (custom_format_name, condition_name, regular_expression_name) VALUES ('German Scene', 'DETAiLS', 'German_Scene_DETAiLS');
INSERT OR IGNORE INTO condition_patterns (custom_format_name, condition_name, regular_expression_name) VALUES ('German Scene', 'WAYNE', 'German_Scene_WAYNE');
INSERT OR IGNORE INTO condition_patterns (custom_format_name, condition_name, regular_expression_name) VALUES ('German Scene', 'WOMBAT', 'German_Scene_WOMBAT');
INSERT OR IGNORE INTO condition_patterns (custom_format_name, condition_name, regular_expression_name) VALUES ('German Scene', 'SAUERKRAUT', 'German_Scene_SAUERKRAUT');
INSERT OR IGNORE INTO condition_patterns (custom_format_name, condition_name, regular_expression_name) VALUES ('German Scene', 'WvF', 'German_Scene_WvF');
INSERT OR IGNORE INTO condition_patterns (custom_format_name, condition_name, regular_expression_name) VALUES ('German Scene', '4KCONNECTiON', 'German_Scene_4KCONNECTiON');
INSERT OR IGNORE INTO condition_patterns (custom_format_name, condition_name, regular_expression_name) VALUES ('German Scene', 'STARS', 'German_Scene_STARS');
INSERT OR IGNORE INTO condition_patterns (custom_format_name, condition_name, regular_expression_name) VALUES ('German Scene', 'AWARDS', 'German_Scene_AWARDS');
INSERT OR IGNORE INTO condition_patterns (custom_format_name, condition_name, regular_expression_name) VALUES ('German Scene', 'DMPD', 'German_Scene_DMPD');
INSERT OR IGNORE INTO condition_patterns (custom_format_name, condition_name, regular_expression_name) VALUES ('German Scene', 'EXCiTED', 'German_Scene_EXCiTED');
INSERT OR IGNORE INTO condition_patterns (custom_format_name, condition_name, regular_expression_name) VALUES ('German Scene', 'iNTENTiON', 'German_Scene_iNTENTiON');
INSERT OR IGNORE INTO condition_patterns (custom_format_name, condition_name, regular_expression_name) VALUES ('German Scene', 'JaJunge', 'German_Scene_JaJunge');
INSERT OR IGNORE INTO condition_patterns (custom_format_name, condition_name, regular_expression_name) VALUES ('German Scene', 'MGE', 'German_Scene_MGE');
INSERT OR IGNORE INTO condition_patterns (custom_format_name, condition_name, regular_expression_name) VALUES ('German Scene', 'MisFiTS', 'German_Scene_MisFiTS');
INSERT OR IGNORE INTO condition_patterns (custom_format_name, condition_name, regular_expression_name) VALUES ('German Scene', 'RUBBiSH', 'German_Scene_RUBBiSH');
INSERT OR IGNORE INTO condition_patterns (custom_format_name, condition_name, regular_expression_name) VALUES ('German Scene', 'RWP', 'German_Scene_RWP');
INSERT OR IGNORE INTO condition_patterns (custom_format_name, condition_name, regular_expression_name) VALUES ('German Scene', 'TMSF', 'German_Scene_TMSF');
INSERT OR IGNORE INTO condition_patterns (custom_format_name, condition_name, regular_expression_name) VALUES ('German Scene', 'TV4A', 'German_Scene_TV4A');
INSERT OR IGNORE INTO condition_patterns (custom_format_name, condition_name, regular_expression_name) VALUES ('German Scene', 'HAXE', 'German_Scene_HAXE');
INSERT OR IGNORE INTO condition_patterns (custom_format_name, condition_name, regular_expression_name) VALUES ('German Scene', 'muhHD', 'German_Scene_muhHD');
INSERT OR IGNORE INTO condition_patterns (custom_format_name, condition_name, regular_expression_name) VALUES ('German Scene', 'ENDSTATiON', 'German_Scene_ENDSTATiON');
INSERT OR IGNORE INTO condition_patterns (custom_format_name, condition_name, regular_expression_name) VALUES ('German Scene', 'HDARCHiV', 'German_Scene_HDARCHiV');
INSERT OR IGNORE INTO condition_patterns (custom_format_name, condition_name, regular_expression_name) VALUES ('German Scene', 'PL3X', 'German_Scene_PL3X');
INSERT OR IGNORE INTO condition_patterns (custom_format_name, condition_name, regular_expression_name) VALUES ('German Scene', 'WATCHABLE', 'German_Scene_WATCHABLE');
INSERT OR IGNORE INTO condition_patterns (custom_format_name, condition_name, regular_expression_name) VALUES ('German Scene', 'OHD', 'German_Scene_OHD');
INSERT OR IGNORE INTO condition_patterns (custom_format_name, condition_name, regular_expression_name) VALUES ('German Scene', 'ENCOUNTERS', 'German_Scene_ENCOUNTERS');
INSERT OR IGNORE INTO condition_patterns (custom_format_name, condition_name, regular_expression_name) VALUES ('German Scene', 'RSG', 'German_Scene_RSG');
INSERT OR IGNORE INTO condition_patterns (custom_format_name, condition_name, regular_expression_name) VALUES ('German Scene', 'TVNATiON', 'German_Scene_TVNATiON');
INSERT OR IGNORE INTO condition_patterns (custom_format_name, condition_name, regular_expression_name) VALUES ('German Scene', 'FENDT', 'German_Scene_FENDT');
INSERT OR IGNORE INTO condition_patterns (custom_format_name, condition_name, regular_expression_name) VALUES ('German Scene', 'ACED', 'German_Scene_ACED');
INSERT OR IGNORE INTO condition_patterns (custom_format_name, condition_name, regular_expression_name) VALUES ('German Scene', 'FKKTV', 'German_Scene_FKKTV');
INSERT OR IGNORE INTO condition_patterns (custom_format_name, condition_name, regular_expression_name) VALUES ('German Scene', 'euHD', 'German_Scene_euHD');
INSERT OR IGNORE INTO condition_patterns (custom_format_name, condition_name, regular_expression_name) VALUES ('German Scene', 'OCA', 'German_Scene_OCA');
INSERT OR IGNORE INTO condition_patterns (custom_format_name, condition_name, regular_expression_name) VALUES ('German Scene', 'RIPLEY', 'German_Scene_RIPLEY');
INSERT OR IGNORE INTO condition_patterns (custom_format_name, condition_name, regular_expression_name) VALUES ('German Scene', 'GTVG', 'German_Scene_GTVG');
INSERT OR IGNORE INTO condition_patterns (custom_format_name, condition_name, regular_expression_name) VALUES ('German Scene', 'CDP', 'German_Scene_CDP');
INSERT OR IGNORE INTO condition_patterns (custom_format_name, condition_name, regular_expression_name) VALUES ('German Scene', 'CDD', 'German_Scene_CDD');
INSERT OR IGNORE INTO condition_patterns (custom_format_name, condition_name, regular_expression_name) VALUES ('German Scene', 'RiLE', 'German_Scene_RiLE');
INSERT OR IGNORE INTO condition_patterns (custom_format_name, condition_name, regular_expression_name) VALUES ('German Scene', 'CONTRiBUTiON', 'German_Scene_CONTRiBUTiON');
INSERT OR IGNORE INTO condition_patterns (custom_format_name, condition_name, regular_expression_name) VALUES ('German Scene', 'bi0hazard', 'German_Scene_bi0hazard');
INSERT OR IGNORE INTO regular_expressions (name, pattern) VALUES ('German_Scene_DETAiLS', '^(DETAiLS)$');
INSERT OR IGNORE INTO regular_expressions (name, pattern) VALUES ('German_Scene_WAYNE', '^(WAYNE)$');
INSERT OR IGNORE INTO regular_expressions (name, pattern) VALUES ('German_Scene_WOMBAT', '^(WOMBAT)$');
INSERT OR IGNORE INTO regular_expressions (name, pattern) VALUES ('German_Scene_SAUERKRAUT', '^(SAUERKRAUT)$');
INSERT OR IGNORE INTO regular_expressions (name, pattern) VALUES ('German_Scene_WvF', '^(WvF)$');
INSERT OR IGNORE INTO regular_expressions (name, pattern) VALUES ('German_Scene_4KCONNECTiON', '^(4KCONNECTiON)$');
INSERT OR IGNORE INTO regular_expressions (name, pattern) VALUES ('German_Scene_STARS', '^(STARS)$');
INSERT OR IGNORE INTO regular_expressions (name, pattern) VALUES ('German_Scene_AWARDS', '^(AWARDS)$');
INSERT OR IGNORE INTO regular_expressions (name, pattern) VALUES ('German_Scene_DMPD', '^(DMPD)$');
INSERT OR IGNORE INTO regular_expressions (name, pattern) VALUES ('German_Scene_EXCiTED', '^(EXCiTED)$');
INSERT OR IGNORE INTO regular_expressions (name, pattern) VALUES ('German_Scene_iNTENTiON', '^(iNTENTiON)$');
INSERT OR IGNORE INTO regular_expressions (name, pattern) VALUES ('German_Scene_JaJunge', '^(JaJunge)$');
INSERT OR IGNORE INTO regular_expressions (name, pattern) VALUES ('German_Scene_MGE', '^(MGE)$');
INSERT OR IGNORE INTO regular_expressions (name, pattern) VALUES ('German_Scene_MisFiTS', '^(MisFiTS)$');
INSERT OR IGNORE INTO regular_expressions (name, pattern) VALUES ('German_Scene_RUBBiSH', '^(RUBBiSH)$');
INSERT OR IGNORE INTO regular_expressions (name, pattern) VALUES ('German_Scene_RWP', '^(RWP)$');
INSERT OR IGNORE INTO regular_expressions (name, pattern) VALUES ('German_Scene_TMSF', '^(TMSF)$');
INSERT OR IGNORE INTO regular_expressions (name, pattern) VALUES ('German_Scene_TV4A', '^(TV4A)$');
INSERT OR IGNORE INTO regular_expressions (name, pattern) VALUES ('German_Scene_HAXE', '^(HAXE)$');
INSERT OR IGNORE INTO regular_expressions (name, pattern) VALUES ('German_Scene_muhHD', '^(muhHD)$');
INSERT OR IGNORE INTO regular_expressions (name, pattern) VALUES ('German_Scene_ENDSTATiON', '^(ENDSTATiON)$');
INSERT OR IGNORE INTO regular_expressions (name, pattern) VALUES ('German_Scene_HDARCHiV', '^(HDARCHiV)$');
INSERT OR IGNORE INTO regular_expressions (name, pattern) VALUES ('German_Scene_PL3X', '^(PL3X)$');
INSERT OR IGNORE INTO regular_expressions (name, pattern) VALUES ('German_Scene_WATCHABLE', '^(WATCHABLE)$');
INSERT OR IGNORE INTO regular_expressions (name, pattern) VALUES ('German_Scene_OHD', '^(OHD)$');
INSERT OR IGNORE INTO regular_expressions (name, pattern) VALUES ('German_Scene_ENCOUNTERS', '^(ENCOUNTERS)$');
INSERT OR IGNORE INTO regular_expressions (name, pattern) VALUES ('German_Scene_RSG', '^(RSG)$');
INSERT OR IGNORE INTO regular_expressions (name, pattern) VALUES ('German_Scene_TVNATiON', '^(TVNATiON)$');
INSERT OR IGNORE INTO regular_expressions (name, pattern) VALUES ('German_Scene_FENDT', '^(FENDT)$');
INSERT OR IGNORE INTO regular_expressions (name, pattern) VALUES ('German_Scene_ACED', '^(ACED)$');
INSERT OR IGNORE INTO regular_expressions (name, pattern) VALUES ('German_Scene_FKKTV', '^(FKKTV)$');
INSERT OR IGNORE INTO regular_expressions (name, pattern) VALUES ('German_Scene_euHD', '^(euHD)$');
INSERT OR IGNORE INTO regular_expressions (name, pattern) VALUES ('German_Scene_OCA', '^(OCA)$');
INSERT OR IGNORE INTO regular_expressions (name, pattern) VALUES ('German_Scene_RIPLEY', '^(RIPLEY)$');
INSERT OR IGNORE INTO regular_expressions (name, pattern) VALUES ('German_Scene_GTVG', '^(GTVG)$');
INSERT OR IGNORE INTO regular_expressions (name, pattern) VALUES ('German_Scene_CDP', '^(CDP)$');
INSERT OR IGNORE INTO regular_expressions (name, pattern) VALUES ('German_Scene_CDD', '^(CDD)$');
INSERT OR IGNORE INTO regular_expressions (name, pattern) VALUES ('German_Scene_RiLE', '^(RiLE)$');
INSERT OR IGNORE INTO regular_expressions (name, pattern) VALUES ('German_Scene_CONTRiBUTiON', '^(CONTRiBUTiON)$');
INSERT OR IGNORE INTO regular_expressions (name, pattern) VALUES ('German_Scene_bi0hazard', '^(bi0hazard)$');
INSERT OR IGNORE INTO custom_format_conditions (custom_format_name, name, type, arr_type, negate, required) VALUES ('German Scene', 'DETAiLS', 'pattern', 'sonarr', 0, 0);
INSERT OR IGNORE INTO custom_format_conditions (custom_format_name, name, type, arr_type, negate, required) VALUES ('German Scene', 'WAYNE', 'pattern', 'sonarr', 0, 0);
INSERT OR IGNORE INTO custom_format_conditions (custom_format_name, name, type, arr_type, negate, required) VALUES ('German Scene', 'WOMBAT', 'pattern', 'sonarr', 0, 0);
INSERT OR IGNORE INTO custom_format_conditions (custom_format_name, name, type, arr_type, negate, required) VALUES ('German Scene', 'SAUERKRAUT', 'pattern', 'sonarr', 0, 0);
INSERT OR IGNORE INTO custom_format_conditions (custom_format_name, name, type, arr_type, negate, required) VALUES ('German Scene', 'WvF', 'pattern', 'sonarr', 0, 0);
INSERT OR IGNORE INTO custom_format_conditions (custom_format_name, name, type, arr_type, negate, required) VALUES ('German Scene', '4KCONNECTiON', 'pattern', 'sonarr', 0, 0);
INSERT OR IGNORE INTO custom_format_conditions (custom_format_name, name, type, arr_type, negate, required) VALUES ('German Scene', 'STARS', 'pattern', 'sonarr', 0, 0);
INSERT OR IGNORE INTO custom_format_conditions (custom_format_name, name, type, arr_type, negate, required) VALUES ('German Scene', 'AWARDS', 'pattern', 'sonarr', 0, 0);
INSERT OR IGNORE INTO custom_format_conditions (custom_format_name, name, type, arr_type, negate, required) VALUES ('German Scene', 'DMPD', 'pattern', 'sonarr', 0, 0);
INSERT OR IGNORE INTO custom_format_conditions (custom_format_name, name, type, arr_type, negate, required) VALUES ('German Scene', 'EXCiTED', 'pattern', 'sonarr', 0, 0);
INSERT OR IGNORE INTO custom_format_conditions (custom_format_name, name, type, arr_type, negate, required) VALUES ('German Scene', 'iNTENTiON', 'pattern', 'sonarr', 0, 0);
INSERT OR IGNORE INTO custom_format_conditions (custom_format_name, name, type, arr_type, negate, required) VALUES ('German Scene', 'JaJunge', 'pattern', 'sonarr', 0, 0);
INSERT OR IGNORE INTO custom_format_conditions (custom_format_name, name, type, arr_type, negate, required) VALUES ('German Scene', 'MGE', 'pattern', 'sonarr', 0, 0);
INSERT OR IGNORE INTO custom_format_conditions (custom_format_name, name, type, arr_type, negate, required) VALUES ('German Scene', 'MisFiTS', 'pattern', 'sonarr', 0, 0);
INSERT OR IGNORE INTO custom_format_conditions (custom_format_name, name, type, arr_type, negate, required) VALUES ('German Scene', 'RUBBiSH', 'pattern', 'sonarr', 0, 0);
INSERT OR IGNORE INTO custom_format_conditions (custom_format_name, name, type, arr_type, negate, required) VALUES ('German Scene', 'RWP', 'pattern', 'sonarr', 0, 0);
INSERT OR IGNORE INTO custom_format_conditions (custom_format_name, name, type, arr_type, negate, required) VALUES ('German Scene', 'TMSF', 'pattern', 'sonarr', 0, 0);
INSERT OR IGNORE INTO custom_format_conditions (custom_format_name, name, type, arr_type, negate, required) VALUES ('German Scene', 'TV4A', 'pattern', 'sonarr', 0, 0);
INSERT OR IGNORE INTO custom_format_conditions (custom_format_name, name, type, arr_type, negate, required) VALUES ('German Scene', 'HAXE', 'pattern', 'sonarr', 0, 0);
INSERT OR IGNORE INTO custom_format_conditions (custom_format_name, name, type, arr_type, negate, required) VALUES ('German Scene', 'muhHD', 'pattern', 'sonarr', 0, 0);
INSERT OR IGNORE INTO custom_format_conditions (custom_format_name, name, type, arr_type, negate, required) VALUES ('German Scene', 'ENDSTATiON', 'pattern', 'sonarr', 0, 0);
INSERT OR IGNORE INTO custom_format_conditions (custom_format_name, name, type, arr_type, negate, required) VALUES ('German Scene', 'HDARCHiV', 'pattern', 'sonarr', 0, 0);
INSERT OR IGNORE INTO custom_format_conditions (custom_format_name, name, type, arr_type, negate, required) VALUES ('German Scene', 'PL3X', 'pattern', 'sonarr', 0, 0);
INSERT OR IGNORE INTO custom_format_conditions (custom_format_name, name, type, arr_type, negate, required) VALUES ('German Scene', 'WATCHABLE', 'pattern', 'sonarr', 0, 0);
INSERT OR IGNORE INTO custom_format_conditions (custom_format_name, name, type, arr_type, negate, required) VALUES ('German Scene', 'OHD', 'pattern', 'sonarr', 0, 0);
INSERT OR IGNORE INTO custom_format_conditions (custom_format_name, name, type, arr_type, negate, required) VALUES ('German Scene', 'ENCOUNTERS', 'pattern', 'sonarr', 0, 0);
INSERT OR IGNORE INTO custom_format_conditions (custom_format_name, name, type, arr_type, negate, required) VALUES ('German Scene', 'RSG', 'pattern', 'sonarr', 0, 0);
INSERT OR IGNORE INTO custom_format_conditions (custom_format_name, name, type, arr_type, negate, required) VALUES ('German Scene', 'TVNATiON', 'pattern', 'sonarr', 0, 0);
INSERT OR IGNORE INTO custom_format_conditions (custom_format_name, name, type, arr_type, negate, required) VALUES ('German Scene', 'FENDT', 'pattern', 'sonarr', 0, 0);
INSERT OR IGNORE INTO custom_format_conditions (custom_format_name, name, type, arr_type, negate, required) VALUES ('German Scene', 'ACED', 'pattern', 'sonarr', 0, 0);
INSERT OR IGNORE INTO custom_format_conditions (custom_format_name, name, type, arr_type, negate, required) VALUES ('German Scene', 'FKKTV', 'pattern', 'sonarr', 0, 0);
INSERT OR IGNORE INTO custom_format_conditions (custom_format_name, name, type, arr_type, negate, required) VALUES ('German Scene', 'euHD', 'pattern', 'sonarr', 0, 0);
INSERT OR IGNORE INTO custom_format_conditions (custom_format_name, name, type, arr_type, negate, required) VALUES ('German Scene', 'OCA', 'pattern', 'sonarr', 0, 0);
INSERT OR IGNORE INTO custom_format_conditions (custom_format_name, name, type, arr_type, negate, required) VALUES ('German Scene', 'RIPLEY', 'pattern', 'sonarr', 0, 0);
INSERT OR IGNORE INTO custom_format_conditions (custom_format_name, name, type, arr_type, negate, required) VALUES ('German Scene', 'GTVG', 'pattern', 'sonarr', 0, 0);
INSERT OR IGNORE INTO custom_format_conditions (custom_format_name, name, type, arr_type, negate, required) VALUES ('German Scene', 'CDP', 'pattern', 'sonarr', 0, 0);
INSERT OR IGNORE INTO custom_format_conditions (custom_format_name, name, type, arr_type, negate, required) VALUES ('German Scene', 'CDD', 'pattern', 'sonarr', 0, 0);
INSERT OR IGNORE INTO custom_format_conditions (custom_format_name, name, type, arr_type, negate, required) VALUES ('German Scene', 'RiLE', 'pattern', 'sonarr', 0, 0);
INSERT OR IGNORE INTO custom_format_conditions (custom_format_name, name, type, arr_type, negate, required) VALUES ('German Scene', 'CONTRiBUTiON', 'pattern', 'sonarr', 0, 0);
INSERT OR IGNORE INTO custom_format_conditions (custom_format_name, name, type, arr_type, negate, required) VALUES ('German Scene', 'bi0hazard', 'pattern', 'sonarr', 0, 0);

INSERT OR IGNORE INTO custom_formats (name, description, include_in_rename) VALUES ('German Web Tier 01', '68be37323132b35cf333c81a2ac8fc16', 0);
INSERT OR IGNORE INTO condition_patterns (custom_format_name, condition_name, regular_expression_name) VALUES ('German Web Tier 01', 'ZeroTwo', 'German_Web_Tier_01_ZeroTwo');
INSERT OR IGNORE INTO condition_patterns (custom_format_name, condition_name, regular_expression_name) VALUES ('German Web Tier 01', 'ZeroTwo Aliases', 'German_Web_Tier_01_ZeroTwo_Aliases');
INSERT OR IGNORE INTO condition_patterns (custom_format_name, condition_name, regular_expression_name) VALUES ('German Web Tier 01', 'TSCC', 'German_Web_Tier_01_TSCC');
INSERT OR IGNORE INTO condition_patterns (custom_format_name, condition_name, regular_expression_name) VALUES ('German Web Tier 01', 'TvR', 'German_Web_Tier_01_TvR');
INSERT OR IGNORE INTO condition_patterns (custom_format_name, condition_name, regular_expression_name) VALUES ('German Web Tier 01', 'NIMA4K', 'German_Web_Tier_01_NIMA4K');
INSERT OR IGNORE INTO condition_patterns (custom_format_name, condition_name, regular_expression_name) VALUES ('German Web Tier 01', 'TVS', 'German_Web_Tier_01_TVS');
INSERT OR IGNORE INTO condition_patterns (custom_format_name, condition_name, regular_expression_name) VALUES ('German Web Tier 01', 'PXL', 'German_Web_Tier_01_PXL');
INSERT OR IGNORE INTO condition_patterns (custom_format_name, condition_name, regular_expression_name) VALUES ('German Web Tier 01', 'QfG', 'German_Web_Tier_01_QfG');
INSERT OR IGNORE INTO condition_patterns (custom_format_name, condition_name, regular_expression_name) VALUES ('German Web Tier 01', 'CNY', 'German_Web_Tier_01_CNY');
INSERT OR IGNORE INTO condition_patterns (custom_format_name, condition_name, regular_expression_name) VALUES ('German Web Tier 01', 'WeebPinn', 'German_Web_Tier_01_WeebPinn');
INSERT OR IGNORE INTO condition_patterns (custom_format_name, condition_name, regular_expression_name) VALUES ('German Web Tier 01', 'MEDiATHEK', 'German_Web_Tier_01_MEDiATHEK');
INSERT OR IGNORE INTO condition_patterns (custom_format_name, condition_name, regular_expression_name) VALUES ('German Web Tier 01', 'RiiR', 'German_Web_Tier_01_RiiR');
INSERT OR IGNORE INTO condition_patterns (custom_format_name, condition_name, regular_expression_name) VALUES ('German Web Tier 01', 'RiiR Aliases', 'German_Web_Tier_01_RiiR_Aliases');
INSERT OR IGNORE INTO condition_patterns (custom_format_name, condition_name, regular_expression_name) VALUES ('German Web Tier 01', 'WalterBishop', 'German_Web_Tier_01_WalterBishop');
INSERT OR IGNORE INTO condition_sources (custom_format_name, condition_name, source) VALUES ('German Web Tier 01', 'WebDL', 'TELECINE');
INSERT OR IGNORE INTO condition_sources (custom_format_name, condition_name, source) VALUES ('German Web Tier 01', 'WebRip', 'WORKPRINT');
INSERT OR IGNORE INTO regular_expressions (name, pattern) VALUES ('German_Web_Tier_01_ZeroTwo', '^(ZeroTwo)$');
INSERT OR IGNORE INTO regular_expressions (name, pattern) VALUES ('German_Web_Tier_01_ZeroTwo_Aliases', '\b(BUTTERCUP|HARTZ02|XiSS|DOGPACK404|PRiNCESSDiANA|DiVA|D02KU|WAREZCX|BiTCHNUGGET)\b');
INSERT OR IGNORE INTO regular_expressions (name, pattern) VALUES ('German_Web_Tier_01_TSCC', '^(TSCC)$');
INSERT OR IGNORE INTO regular_expressions (name, pattern) VALUES ('German_Web_Tier_01_TvR', '^(TvR)$');
INSERT OR IGNORE INTO regular_expressions (name, pattern) VALUES ('German_Web_Tier_01_NIMA4K', '^(NIMA4K)$');
INSERT OR IGNORE INTO regular_expressions (name, pattern) VALUES ('German_Web_Tier_01_TVS', '^(TVS)$');
INSERT OR IGNORE INTO regular_expressions (name, pattern) VALUES ('German_Web_Tier_01_PXL', '^(PXL)$');
INSERT OR IGNORE INTO regular_expressions (name, pattern) VALUES ('German_Web_Tier_01_QfG', '^(QfG)$');
INSERT OR IGNORE INTO regular_expressions (name, pattern) VALUES ('German_Web_Tier_01_CNY', '^(CNY)$');
INSERT OR IGNORE INTO regular_expressions (name, pattern) VALUES ('German_Web_Tier_01_WeebPinn', '^(WeebPinn)$');
INSERT OR IGNORE INTO regular_expressions (name, pattern) VALUES ('German_Web_Tier_01_MEDiATHEK', '^(MEDiATHEK)$');
INSERT OR IGNORE INTO regular_expressions (name, pattern) VALUES ('German_Web_Tier_01_RiiR', '^(RiiR)$');
INSERT OR IGNORE INTO regular_expressions (name, pattern) VALUES ('German_Web_Tier_01_RiiR_Aliases', '\b(TOJ)\b');
INSERT OR IGNORE INTO regular_expressions (name, pattern) VALUES ('German_Web_Tier_01_WalterBishop', '^(WalterBishop)$');
INSERT OR IGNORE INTO custom_format_conditions (custom_format_name, name, type, arr_type, negate, required) VALUES ('German Web Tier 01', 'ZeroTwo', 'pattern', 'sonarr', 0, 0);
INSERT OR IGNORE INTO custom_format_conditions (custom_format_name, name, type, arr_type, negate, required) VALUES ('German Web Tier 01', 'ZeroTwo Aliases', 'pattern', 'sonarr', 0, 0);
INSERT OR IGNORE INTO custom_format_conditions (custom_format_name, name, type, arr_type, negate, required) VALUES ('German Web Tier 01', 'TSCC', 'pattern', 'sonarr', 0, 0);
INSERT OR IGNORE INTO custom_format_conditions (custom_format_name, name, type, arr_type, negate, required) VALUES ('German Web Tier 01', 'TvR', 'pattern', 'sonarr', 0, 0);
INSERT OR IGNORE INTO custom_format_conditions (custom_format_name, name, type, arr_type, negate, required) VALUES ('German Web Tier 01', 'NIMA4K', 'pattern', 'sonarr', 0, 0);
INSERT OR IGNORE INTO custom_format_conditions (custom_format_name, name, type, arr_type, negate, required) VALUES ('German Web Tier 01', 'TVS', 'pattern', 'sonarr', 0, 0);
INSERT OR IGNORE INTO custom_format_conditions (custom_format_name, name, type, arr_type, negate, required) VALUES ('German Web Tier 01', 'PXL', 'pattern', 'sonarr', 0, 0);
INSERT OR IGNORE INTO custom_format_conditions (custom_format_name, name, type, arr_type, negate, required) VALUES ('German Web Tier 01', 'QfG', 'pattern', 'sonarr', 0, 0);
INSERT OR IGNORE INTO custom_format_conditions (custom_format_name, name, type, arr_type, negate, required) VALUES ('German Web Tier 01', 'CNY', 'pattern', 'sonarr', 0, 0);
INSERT OR IGNORE INTO custom_format_conditions (custom_format_name, name, type, arr_type, negate, required) VALUES ('German Web Tier 01', 'WeebPinn', 'pattern', 'sonarr', 0, 0);
INSERT OR IGNORE INTO custom_format_conditions (custom_format_name, name, type, arr_type, negate, required) VALUES ('German Web Tier 01', 'MEDiATHEK', 'pattern', 'sonarr', 0, 0);
INSERT OR IGNORE INTO custom_format_conditions (custom_format_name, name, type, arr_type, negate, required) VALUES ('German Web Tier 01', 'RiiR', 'pattern', 'sonarr', 0, 0);
INSERT OR IGNORE INTO custom_format_conditions (custom_format_name, name, type, arr_type, negate, required) VALUES ('German Web Tier 01', 'RiiR Aliases', 'pattern', 'sonarr', 0, 0);
INSERT OR IGNORE INTO custom_format_conditions (custom_format_name, name, type, arr_type, negate, required) VALUES ('German Web Tier 01', 'WalterBishop', 'pattern', 'sonarr', 0, 0);
INSERT OR IGNORE INTO custom_format_conditions (custom_format_name, name, type, arr_type, negate, required) VALUES ('German Web Tier 01', 'WebDL', 'source', 'sonarr', 0, 0);
INSERT OR IGNORE INTO custom_format_conditions (custom_format_name, name, type, arr_type, negate, required) VALUES ('German Web Tier 01', 'WebRip', 'source', 'sonarr', 0, 0);

INSERT OR IGNORE INTO custom_formats (name, description, include_in_rename) VALUES ('German Web Tier 02', 'f51b96a50b0e6196cb69724b7833d837', 0);
INSERT OR IGNORE INTO condition_patterns (custom_format_name, condition_name, regular_expression_name) VALUES ('German Web Tier 02', 'VECTOR', 'German_Web_Tier_02_VECTOR');
INSERT OR IGNORE INTO condition_patterns (custom_format_name, condition_name, regular_expression_name) VALUES ('German Web Tier 02', 'MULTiPLEX', 'German_Web_Tier_02_MULTiPLEX');
INSERT OR IGNORE INTO condition_patterns (custom_format_name, condition_name, regular_expression_name) VALUES ('German Web Tier 02', 'SiXTYNiNE', 'German_Web_Tier_02_SiXTYNiNE');
INSERT OR IGNORE INTO condition_patterns (custom_format_name, condition_name, regular_expression_name) VALUES ('German Web Tier 02', 'Oergel', 'German_Web_Tier_02_Oergel');
INSERT OR IGNORE INTO condition_patterns (custom_format_name, condition_name, regular_expression_name) VALUES ('German Web Tier 02', '4SF', 'German_Web_Tier_02_4SF');
INSERT OR IGNORE INTO condition_patterns (custom_format_name, condition_name, regular_expression_name) VALUES ('German Web Tier 02', '4SF Aliases', 'German_Web_Tier_02_4SF_Aliases');
INSERT OR IGNORE INTO condition_patterns (custom_format_name, condition_name, regular_expression_name) VALUES ('German Web Tier 02', 'ABJ', 'German_Web_Tier_02_ABJ');
INSERT OR IGNORE INTO condition_sources (custom_format_name, condition_name, source) VALUES ('German Web Tier 02', 'WebDL', 'TELECINE');
INSERT OR IGNORE INTO condition_sources (custom_format_name, condition_name, source) VALUES ('German Web Tier 02', 'WebRip', 'WORKPRINT');
INSERT OR IGNORE INTO regular_expressions (name, pattern) VALUES ('German_Web_Tier_02_VECTOR', '^(VECTOR)$');
INSERT OR IGNORE INTO regular_expressions (name, pattern) VALUES ('German_Web_Tier_02_MULTiPLEX', '^(MULTiPLEX)$');
INSERT OR IGNORE INTO regular_expressions (name, pattern) VALUES ('German_Web_Tier_02_SiXTYNiNE', '^(SiXTYNiNE)$');
INSERT OR IGNORE INTO regular_expressions (name, pattern) VALUES ('German_Web_Tier_02_Oergel', '^(Oergel)$');
INSERT OR IGNORE INTO regular_expressions (name, pattern) VALUES ('German_Web_Tier_02_4SF', '^(4SF)$');
INSERT OR IGNORE INTO regular_expressions (name, pattern) VALUES ('German_Web_Tier_02_4SF_Aliases', '\b(4SJ)\b');
INSERT OR IGNORE INTO regular_expressions (name, pattern) VALUES ('German_Web_Tier_02_ABJ', '^(ABJ)$');
INSERT OR IGNORE INTO custom_format_conditions (custom_format_name, name, type, arr_type, negate, required) VALUES ('German Web Tier 02', 'VECTOR', 'pattern', 'sonarr', 0, 0);
INSERT OR IGNORE INTO custom_format_conditions (custom_format_name, name, type, arr_type, negate, required) VALUES ('German Web Tier 02', 'MULTiPLEX', 'pattern', 'sonarr', 0, 0);
INSERT OR IGNORE INTO custom_format_conditions (custom_format_name, name, type, arr_type, negate, required) VALUES ('German Web Tier 02', 'SiXTYNiNE', 'pattern', 'sonarr', 0, 0);
INSERT OR IGNORE INTO custom_format_conditions (custom_format_name, name, type, arr_type, negate, required) VALUES ('German Web Tier 02', 'Oergel', 'pattern', 'sonarr', 0, 0);
INSERT OR IGNORE INTO custom_format_conditions (custom_format_name, name, type, arr_type, negate, required) VALUES ('German Web Tier 02', '4SF', 'pattern', 'sonarr', 0, 0);
INSERT OR IGNORE INTO custom_format_conditions (custom_format_name, name, type, arr_type, negate, required) VALUES ('German Web Tier 02', '4SF Aliases', 'pattern', 'sonarr', 0, 0);
INSERT OR IGNORE INTO custom_format_conditions (custom_format_name, name, type, arr_type, negate, required) VALUES ('German Web Tier 02', 'ABJ', 'pattern', 'sonarr', 0, 0);
INSERT OR IGNORE INTO custom_format_conditions (custom_format_name, name, type, arr_type, negate, required) VALUES ('German Web Tier 02', 'WebDL', 'source', 'sonarr', 0, 0);
INSERT OR IGNORE INTO custom_format_conditions (custom_format_name, name, type, arr_type, negate, required) VALUES ('German Web Tier 02', 'WebRip', 'source', 'sonarr', 0, 0);

INSERT OR IGNORE INTO custom_formats (name, description, include_in_rename) VALUES ('German Web Tier 03', 'bda67c2c0aae257308a4723d92475b86', 0);
INSERT OR IGNORE INTO condition_patterns (custom_format_name, condition_name, regular_expression_name) VALUES ('German Web Tier 03', 'RobertDeNiro', 'German_Web_Tier_03_RobertDeNiro');
INSERT OR IGNORE INTO condition_patterns (custom_format_name, condition_name, regular_expression_name) VALUES ('German Web Tier 03', 'BALENCiAGA', 'German_Web_Tier_03_BALENCiAGA');
INSERT OR IGNORE INTO condition_patterns (custom_format_name, condition_name, regular_expression_name) VALUES ('German Web Tier 03', 'HQC', 'German_Web_Tier_03_HQC');
INSERT OR IGNORE INTO condition_patterns (custom_format_name, condition_name, regular_expression_name) VALUES ('German Web Tier 03', 'HDSource', 'German_Web_Tier_03_HDSource');
INSERT OR IGNORE INTO condition_patterns (custom_format_name, condition_name, regular_expression_name) VALUES ('German Web Tier 03', 'iNCEPTION', 'German_Web_Tier_03_iNCEPTION');
INSERT OR IGNORE INTO condition_patterns (custom_format_name, condition_name, regular_expression_name) VALUES ('German Web Tier 03', 'RDR', 'German_Web_Tier_03_RDR');
INSERT OR IGNORE INTO condition_sources (custom_format_name, condition_name, source) VALUES ('German Web Tier 03', 'WebDL', 'TELECINE');
INSERT OR IGNORE INTO condition_sources (custom_format_name, condition_name, source) VALUES ('German Web Tier 03', 'WebRip', 'WORKPRINT');
INSERT OR IGNORE INTO regular_expressions (name, pattern) VALUES ('German_Web_Tier_03_RobertDeNiro', '^(RobertDeNiro)$');
INSERT OR IGNORE INTO regular_expressions (name, pattern) VALUES ('German_Web_Tier_03_BALENCiAGA', '^(BALENCiAGA)$');
INSERT OR IGNORE INTO regular_expressions (name, pattern) VALUES ('German_Web_Tier_03_HQC', '^(HQC)$');
INSERT OR IGNORE INTO regular_expressions (name, pattern) VALUES ('German_Web_Tier_03_HDSource', '^(HDSource)$');
INSERT OR IGNORE INTO regular_expressions (name, pattern) VALUES ('German_Web_Tier_03_iNCEPTION', '^(iNCEPTION)$');
INSERT OR IGNORE INTO regular_expressions (name, pattern) VALUES ('German_Web_Tier_03_RDR', '^(RDR)$');
INSERT OR IGNORE INTO custom_format_conditions (custom_format_name, name, type, arr_type, negate, required) VALUES ('German Web Tier 03', 'RobertDeNiro', 'pattern', 'sonarr', 0, 0);
INSERT OR IGNORE INTO custom_format_conditions (custom_format_name, name, type, arr_type, negate, required) VALUES ('German Web Tier 03', 'BALENCiAGA', 'pattern', 'sonarr', 0, 0);
INSERT OR IGNORE INTO custom_format_conditions (custom_format_name, name, type, arr_type, negate, required) VALUES ('German Web Tier 03', 'HQC', 'pattern', 'sonarr', 0, 0);
INSERT OR IGNORE INTO custom_format_conditions (custom_format_name, name, type, arr_type, negate, required) VALUES ('German Web Tier 03', 'HDSource', 'pattern', 'sonarr', 0, 0);
INSERT OR IGNORE INTO custom_format_conditions (custom_format_name, name, type, arr_type, negate, required) VALUES ('German Web Tier 03', 'iNCEPTION', 'pattern', 'sonarr', 0, 0);
INSERT OR IGNORE INTO custom_format_conditions (custom_format_name, name, type, arr_type, negate, required) VALUES ('German Web Tier 03', 'RDR', 'pattern', 'sonarr', 0, 0);
INSERT OR IGNORE INTO custom_format_conditions (custom_format_name, name, type, arr_type, negate, required) VALUES ('German Web Tier 03', 'WebDL', 'source', 'sonarr', 0, 0);
INSERT OR IGNORE INTO custom_format_conditions (custom_format_name, name, type, arr_type, negate, required) VALUES ('German Web Tier 03', 'WebRip', 'source', 'sonarr', 0, 0);

INSERT OR IGNORE INTO custom_formats (name, description, include_in_rename) VALUES ('HBO', '7a235133c87f7da4c8cccceca7e3c7a6', 1);
INSERT OR IGNORE INTO condition_patterns (custom_format_name, condition_name, regular_expression_name) VALUES ('HBO', 'HBO', 'HBO_HBO');
INSERT OR IGNORE INTO condition_patterns (custom_format_name, condition_name, regular_expression_name) VALUES ('HBO', 'HBO Rename', 'HBO_HBO_Rename');
INSERT OR IGNORE INTO condition_sources (custom_format_name, condition_name, source) VALUES ('HBO', 'WEBDL', 'TELECINE');
INSERT OR IGNORE INTO condition_sources (custom_format_name, condition_name, source) VALUES ('HBO', 'WEBRIP', 'WORKPRINT');
INSERT OR IGNORE INTO regular_expressions (name, pattern) VALUES ('HBO_HBO', '\b(hbo)(?![ ._-]max)\b(?=[ ._-]web[ ._-]?(dl|rip)\b)');
INSERT OR IGNORE INTO regular_expressions (name, pattern) VALUES ('HBO_HBO_Rename', '\[(HBO)\b|\b(HBO)\]');
INSERT OR IGNORE INTO custom_format_conditions (custom_format_name, name, type, arr_type, negate, required) VALUES ('HBO', 'HBO', 'pattern', 'sonarr', 0, 0);
INSERT OR IGNORE INTO custom_format_conditions (custom_format_name, name, type, arr_type, negate, required) VALUES ('HBO', 'HBO Rename', 'pattern', 'sonarr', 0, 0);
INSERT OR IGNORE INTO custom_format_conditions (custom_format_name, name, type, arr_type, negate, required) VALUES ('HBO', 'WEBDL', 'source', 'sonarr', 0, 0);
INSERT OR IGNORE INTO custom_format_conditions (custom_format_name, name, type, arr_type, negate, required) VALUES ('HBO', 'WEBRIP', 'source', 'sonarr', 0, 0);

INSERT OR IGNORE INTO custom_formats (name, description, include_in_rename) VALUES ('HD Bluray Tier 01', 'd6819cba26b1a6508138d25fb5e32293', 0);
INSERT OR IGNORE INTO condition_patterns (custom_format_name, condition_name, regular_expression_name) VALUES ('HD Bluray Tier 01', 'Chotab', 'HD_Bluray_Tier_01_Chotab');
INSERT OR IGNORE INTO condition_patterns (custom_format_name, condition_name, regular_expression_name) VALUES ('HD Bluray Tier 01', 'CtrlHD', 'HD_Bluray_Tier_01_CtrlHD');
INSERT OR IGNORE INTO condition_patterns (custom_format_name, condition_name, regular_expression_name) VALUES ('HD Bluray Tier 01', 'DON', 'HD_Bluray_Tier_01_DON');
INSERT OR IGNORE INTO condition_patterns (custom_format_name, condition_name, regular_expression_name) VALUES ('HD Bluray Tier 01', 'EbP', 'HD_Bluray_Tier_01_EbP');
INSERT OR IGNORE INTO condition_patterns (custom_format_name, condition_name, regular_expression_name) VALUES ('HD Bluray Tier 01', 'NTb', 'HD_Bluray_Tier_01_NTb');
INSERT OR IGNORE INTO condition_patterns (custom_format_name, condition_name, regular_expression_name) VALUES ('HD Bluray Tier 01', 'PTer', 'HD_Bluray_Tier_01_PTer');
INSERT OR IGNORE INTO condition_sources (custom_format_name, condition_name, source) VALUES ('HD Bluray Tier 01', 'BLURAY', 'TV');
INSERT OR IGNORE INTO condition_sources (custom_format_name, condition_name, source) VALUES ('HD Bluray Tier 01', 'Not REMUX', 'WEBDL');
INSERT OR IGNORE INTO condition_resolutions (custom_format_name, condition_name, resolution) VALUES ('HD Bluray Tier 01', 'Not 2160p', '2160');
INSERT OR IGNORE INTO regular_expressions (name, pattern) VALUES ('HD_Bluray_Tier_01_Chotab', '^(Chotab)$');
INSERT OR IGNORE INTO regular_expressions (name, pattern) VALUES ('HD_Bluray_Tier_01_CtrlHD', '^(CtrlHD)$');
INSERT OR IGNORE INTO regular_expressions (name, pattern) VALUES ('HD_Bluray_Tier_01_DON', '^(DON)$');
INSERT OR IGNORE INTO regular_expressions (name, pattern) VALUES ('HD_Bluray_Tier_01_EbP', '^(EbP)$');
INSERT OR IGNORE INTO regular_expressions (name, pattern) VALUES ('HD_Bluray_Tier_01_NTb', '^(NTb)$');
INSERT OR IGNORE INTO regular_expressions (name, pattern) VALUES ('HD_Bluray_Tier_01_PTer', '^(PTer)$');
INSERT OR IGNORE INTO custom_format_conditions (custom_format_name, name, type, arr_type, negate, required) VALUES ('HD Bluray Tier 01', 'BLURAY', 'source', 'sonarr', 0, 1);
INSERT OR IGNORE INTO custom_format_conditions (custom_format_name, name, type, arr_type, negate, required) VALUES ('HD Bluray Tier 01', 'Not REMUX', 'source', 'sonarr', 1, 1);
INSERT OR IGNORE INTO custom_format_conditions (custom_format_name, name, type, arr_type, negate, required) VALUES ('HD Bluray Tier 01', 'Not 2160p', 'resolution', 'sonarr', 1, 1);
INSERT OR IGNORE INTO custom_format_conditions (custom_format_name, name, type, arr_type, negate, required) VALUES ('HD Bluray Tier 01', 'Chotab', 'pattern', 'sonarr', 0, 0);
INSERT OR IGNORE INTO custom_format_conditions (custom_format_name, name, type, arr_type, negate, required) VALUES ('HD Bluray Tier 01', 'CtrlHD', 'pattern', 'sonarr', 0, 0);
INSERT OR IGNORE INTO custom_format_conditions (custom_format_name, name, type, arr_type, negate, required) VALUES ('HD Bluray Tier 01', 'DON', 'pattern', 'sonarr', 0, 0);
INSERT OR IGNORE INTO custom_format_conditions (custom_format_name, name, type, arr_type, negate, required) VALUES ('HD Bluray Tier 01', 'EbP', 'pattern', 'sonarr', 0, 0);
INSERT OR IGNORE INTO custom_format_conditions (custom_format_name, name, type, arr_type, negate, required) VALUES ('HD Bluray Tier 01', 'NTb', 'pattern', 'sonarr', 0, 0);
INSERT OR IGNORE INTO custom_format_conditions (custom_format_name, name, type, arr_type, negate, required) VALUES ('HD Bluray Tier 01', 'PTer', 'pattern', 'sonarr', 0, 0);

INSERT OR IGNORE INTO custom_formats (name, description, include_in_rename) VALUES ('HD Bluray Tier 02', 'c2216b7b8aa545dc1ce8388c618f8d57', 0);
INSERT OR IGNORE INTO condition_patterns (custom_format_name, condition_name, regular_expression_name) VALUES ('HD Bluray Tier 02', 'SA89', 'HD_Bluray_Tier_02_SA89');
INSERT OR IGNORE INTO condition_patterns (custom_format_name, condition_name, regular_expression_name) VALUES ('HD Bluray Tier 02', 'sbR', 'HD_Bluray_Tier_02_sbR');
INSERT OR IGNORE INTO condition_sources (custom_format_name, condition_name, source) VALUES ('HD Bluray Tier 02', 'BLURAY', 'TV');
INSERT OR IGNORE INTO condition_sources (custom_format_name, condition_name, source) VALUES ('HD Bluray Tier 02', 'Not REMUX', 'WEBDL');
INSERT OR IGNORE INTO condition_resolutions (custom_format_name, condition_name, resolution) VALUES ('HD Bluray Tier 02', 'Not 2160p', '2160');
INSERT OR IGNORE INTO regular_expressions (name, pattern) VALUES ('HD_Bluray_Tier_02_SA89', '^(SA89)$');
INSERT OR IGNORE INTO regular_expressions (name, pattern) VALUES ('HD_Bluray_Tier_02_sbR', '^(sbR)$');
INSERT OR IGNORE INTO custom_format_conditions (custom_format_name, name, type, arr_type, negate, required) VALUES ('HD Bluray Tier 02', 'BLURAY', 'source', 'sonarr', 0, 1);
INSERT OR IGNORE INTO custom_format_conditions (custom_format_name, name, type, arr_type, negate, required) VALUES ('HD Bluray Tier 02', 'Not REMUX', 'source', 'sonarr', 1, 1);
INSERT OR IGNORE INTO custom_format_conditions (custom_format_name, name, type, arr_type, negate, required) VALUES ('HD Bluray Tier 02', 'Not 2160p', 'resolution', 'sonarr', 1, 1);
INSERT OR IGNORE INTO custom_format_conditions (custom_format_name, name, type, arr_type, negate, required) VALUES ('HD Bluray Tier 02', 'SA89', 'pattern', 'sonarr', 0, 0);
INSERT OR IGNORE INTO custom_format_conditions (custom_format_name, name, type, arr_type, negate, required) VALUES ('HD Bluray Tier 02', 'sbR', 'pattern', 'sonarr', 0, 0);

INSERT OR IGNORE INTO custom_formats (name, description, include_in_rename) VALUES ('HD Streaming Boost', '218e93e5702f44a68ad9e3c6ba87d2f0', 0);
INSERT OR IGNORE INTO condition_patterns (custom_format_name, condition_name, regular_expression_name) VALUES ('HD Streaming Boost', 'Disney', 'HD_Streaming_Boost_Disney');
INSERT OR IGNORE INTO condition_sources (custom_format_name, condition_name, source) VALUES ('HD Streaming Boost', 'WEBDL', 'TELECINE');
INSERT OR IGNORE INTO condition_sources (custom_format_name, condition_name, source) VALUES ('HD Streaming Boost', 'WEBRIP', 'WORKPRINT');
INSERT OR IGNORE INTO condition_resolutions (custom_format_name, condition_name, resolution) VALUES ('HD Streaming Boost', '1080p', '1080');
INSERT OR IGNORE INTO regular_expressions (name, pattern) VALUES ('HD_Streaming_Boost_Disney', '\b(dsnp|dsny|disney|Disney\+)\b');
INSERT OR IGNORE INTO custom_format_conditions (custom_format_name, name, type, arr_type, negate, required) VALUES ('HD Streaming Boost', 'Disney', 'pattern', 'sonarr', 0, 0);
INSERT OR IGNORE INTO custom_format_conditions (custom_format_name, name, type, arr_type, negate, required) VALUES ('HD Streaming Boost', 'WEBDL', 'source', 'sonarr', 0, 0);
INSERT OR IGNORE INTO custom_format_conditions (custom_format_name, name, type, arr_type, negate, required) VALUES ('HD Streaming Boost', 'WEBRIP', 'source', 'sonarr', 0, 0);
INSERT OR IGNORE INTO custom_format_conditions (custom_format_name, name, type, arr_type, negate, required) VALUES ('HD Streaming Boost', '1080p', 'resolution', 'sonarr', 0, 1);

INSERT OR IGNORE INTO custom_formats (name, description, include_in_rename) VALUES ('HDR', '505d871304820ba7106b693be6fe4a9e', 0);
INSERT OR IGNORE INTO condition_patterns (custom_format_name, condition_name, regular_expression_name) VALUES ('HDR', 'DV With HDR10 fallback', 'HDR_DV_With_HDR10_fallback');
INSERT OR IGNORE INTO condition_patterns (custom_format_name, condition_name, regular_expression_name) VALUES ('HDR', 'HDR', 'HDR_HDR');
INSERT OR IGNORE INTO condition_patterns (custom_format_name, condition_name, regular_expression_name) VALUES ('HDR', 'HDR10', 'HDR_HDR10');
INSERT OR IGNORE INTO condition_patterns (custom_format_name, condition_name, regular_expression_name) VALUES ('HDR', 'HDR10', 'HDR_HDR10');
INSERT OR IGNORE INTO condition_patterns (custom_format_name, condition_name, regular_expression_name) VALUES ('HDR', 'HLG', 'HDR_HLG');
INSERT OR IGNORE INTO condition_patterns (custom_format_name, condition_name, regular_expression_name) VALUES ('HDR', 'PQ', 'HDR_PQ');
INSERT OR IGNORE INTO condition_patterns (custom_format_name, condition_name, regular_expression_name) VALUES ('HDR', 'RlsGrp Missing HDR', 'HDR_RlsGrp_Missing_HDR');
INSERT OR IGNORE INTO regular_expressions (name, pattern) VALUES ('HDR_DV_With_HDR10_fallback', '^(?=.*\b(dv|dovi|dolby[ .]?v(ision)?)\b)(?!(?=.*\b(WEB[ ._-]?(DL|Rip)?)\b)(?!.*\b(hulu)\b))');
INSERT OR IGNORE INTO regular_expressions (name, pattern) VALUES ('HDR_HDR', '\b(HDR)\b');
INSERT OR IGNORE INTO regular_expressions (name, pattern) VALUES ('HDR_HDR10', '\b(HDR10(?![+]|P(lus)?))');
INSERT OR IGNORE INTO regular_expressions (name, pattern) VALUES ('HDR_HDR10', '\b(HDR10(?=[+]|P(lus)?))');
INSERT OR IGNORE INTO regular_expressions (name, pattern) VALUES ('HDR_HLG', '\b(HLG)\b');
INSERT OR IGNORE INTO regular_expressions (name, pattern) VALUES ('HDR_PQ', '\b(PQ)\b');
INSERT OR IGNORE INTO regular_expressions (name, pattern) VALUES ('HDR_RlsGrp_Missing_HDR', '^(?=.*\b(FraMeSToR|HQMUX|SiCFoI)\b)(?=.*\b(2160p)\b)(?!.*\b(HDR10([+]|P(lus)?)))(?!.*\b(SDR)\b).*');
INSERT OR IGNORE INTO custom_format_conditions (custom_format_name, name, type, arr_type, negate, required) VALUES ('HDR', 'DV With HDR10 fallback', 'pattern', 'sonarr', 0, 0);
INSERT OR IGNORE INTO custom_format_conditions (custom_format_name, name, type, arr_type, negate, required) VALUES ('HDR', 'HDR', 'pattern', 'sonarr', 0, 0);
INSERT OR IGNORE INTO custom_format_conditions (custom_format_name, name, type, arr_type, negate, required) VALUES ('HDR', 'HDR10', 'pattern', 'sonarr', 0, 0);
INSERT OR IGNORE INTO custom_format_conditions (custom_format_name, name, type, arr_type, negate, required) VALUES ('HDR', 'HDR10', 'pattern', 'sonarr', 0, 0);
INSERT OR IGNORE INTO custom_format_conditions (custom_format_name, name, type, arr_type, negate, required) VALUES ('HDR', 'HLG', 'pattern', 'sonarr', 0, 0);
INSERT OR IGNORE INTO custom_format_conditions (custom_format_name, name, type, arr_type, negate, required) VALUES ('HDR', 'PQ', 'pattern', 'sonarr', 0, 0);
INSERT OR IGNORE INTO custom_format_conditions (custom_format_name, name, type, arr_type, negate, required) VALUES ('HDR', 'RlsGrp Missing HDR', 'pattern', 'sonarr', 0, 0);

INSERT OR IGNORE INTO custom_formats (name, description, include_in_rename) VALUES ('HDR10+ Boost', '0c4b99df9206d2cfac3c05ab897dd62a', 0);
INSERT OR IGNORE INTO condition_patterns (custom_format_name, condition_name, regular_expression_name) VALUES ('HDR10+ Boost', 'HDR10', 'HDR10+_Boost_HDR10');
INSERT OR IGNORE INTO regular_expressions (name, pattern) VALUES ('HDR10+_Boost_HDR10', '\b(HDR10(?=[+]|P(lus)?))');
INSERT OR IGNORE INTO custom_format_conditions (custom_format_name, name, type, arr_type, negate, required) VALUES ('HDR10+ Boost', 'HDR10', 'pattern', 'sonarr', 0, 0);

INSERT OR IGNORE INTO custom_formats (name, description, include_in_rename) VALUES ('HFR', '1bd69272e23c5e6c5b1d6c8a36fce95e', 1);
INSERT OR IGNORE INTO condition_patterns (custom_format_name, condition_name, regular_expression_name) VALUES ('HFR', 'HFR', 'HFR_HFR');
INSERT OR IGNORE INTO regular_expressions (name, pattern) VALUES ('HFR_HFR', '\b(HFR)\b');
INSERT OR IGNORE INTO custom_format_conditions (custom_format_name, name, type, arr_type, negate, required) VALUES ('HFR', 'HFR', 'pattern', 'sonarr', 0, 1);

INSERT OR IGNORE INTO custom_formats (name, description, include_in_rename) VALUES ('HIDIVE', '570b03b3145a25011bf073274a407259', 1);
INSERT OR IGNORE INTO condition_patterns (custom_format_name, condition_name, regular_expression_name) VALUES ('HIDIVE', 'HIDIVE', 'HIDIVE_HIDIVE');
INSERT OR IGNORE INTO condition_sources (custom_format_name, condition_name, source) VALUES ('HIDIVE', 'WEBDL', 'TELECINE');
INSERT OR IGNORE INTO condition_sources (custom_format_name, condition_name, source) VALUES ('HIDIVE', 'WEBRIP', 'WORKPRINT');
INSERT OR IGNORE INTO condition_sources (custom_format_name, condition_name, source) VALUES ('HIDIVE', 'WEB', 'CAM');
INSERT OR IGNORE INTO regular_expressions (name, pattern) VALUES ('HIDIVE_HIDIVE', '\b(HIDI(VE)?)\b');
INSERT OR IGNORE INTO custom_format_conditions (custom_format_name, name, type, arr_type, negate, required) VALUES ('HIDIVE', 'WEBDL', 'source', 'sonarr', 0, 0);
INSERT OR IGNORE INTO custom_format_conditions (custom_format_name, name, type, arr_type, negate, required) VALUES ('HIDIVE', 'WEBRIP', 'source', 'sonarr', 0, 0);
INSERT OR IGNORE INTO custom_format_conditions (custom_format_name, name, type, arr_type, negate, required) VALUES ('HIDIVE', 'WEB', 'source', 'sonarr', 0, 0);
INSERT OR IGNORE INTO custom_format_conditions (custom_format_name, name, type, arr_type, negate, required) VALUES ('HIDIVE', 'HIDIVE', 'pattern', 'sonarr', 0, 1);

INSERT OR IGNORE INTO custom_formats (name, description, include_in_rename) VALUES ('HMAX', 'a880d6abc21e7c16884f3ae393f84179', 1);
INSERT OR IGNORE INTO condition_patterns (custom_format_name, condition_name, regular_expression_name) VALUES ('HMAX', 'HBO Max', 'HMAX_HBO_Max');
INSERT OR IGNORE INTO condition_patterns (custom_format_name, condition_name, regular_expression_name) VALUES ('HMAX', 'HMAX Rename', 'HMAX_HMAX_Rename');
INSERT OR IGNORE INTO condition_sources (custom_format_name, condition_name, source) VALUES ('HMAX', 'WEBDL', 'TELECINE');
INSERT OR IGNORE INTO condition_sources (custom_format_name, condition_name, source) VALUES ('HMAX', 'WEBRIP', 'WORKPRINT');
INSERT OR IGNORE INTO regular_expressions (name, pattern) VALUES ('HMAX_HBO_Max', '\b(hmax|hbom|hbo[ ._-]?max)\b(?=[ ._-]web[ ._-]?(dl|rip)\b)');
INSERT OR IGNORE INTO regular_expressions (name, pattern) VALUES ('HMAX_HMAX_Rename', '\[(HMAX)\b|\b(HMAX)\]');
INSERT OR IGNORE INTO custom_format_conditions (custom_format_name, name, type, arr_type, negate, required) VALUES ('HMAX', 'HBO Max', 'pattern', 'sonarr', 0, 0);
INSERT OR IGNORE INTO custom_format_conditions (custom_format_name, name, type, arr_type, negate, required) VALUES ('HMAX', 'HMAX Rename', 'pattern', 'sonarr', 0, 0);
INSERT OR IGNORE INTO custom_format_conditions (custom_format_name, name, type, arr_type, negate, required) VALUES ('HMAX', 'WEBDL', 'source', 'sonarr', 0, 0);
INSERT OR IGNORE INTO custom_format_conditions (custom_format_name, name, type, arr_type, negate, required) VALUES ('HMAX', 'WEBRIP', 'source', 'sonarr', 0, 0);

INSERT OR IGNORE INTO custom_formats (name, description, include_in_rename) VALUES ('HTSR', '4404ad44d87ccbb82746e180713112fb', 1);
INSERT OR IGNORE INTO condition_patterns (custom_format_name, condition_name, regular_expression_name) VALUES ('HTSR', 'Hotstar', 'HTSR_Hotstar');
INSERT OR IGNORE INTO condition_sources (custom_format_name, condition_name, source) VALUES ('HTSR', 'WEBDL', 'TELECINE');
INSERT OR IGNORE INTO condition_sources (custom_format_name, condition_name, source) VALUES ('HTSR', 'WEBRIP', 'WORKPRINT');
INSERT OR IGNORE INTO regular_expressions (name, pattern) VALUES ('HTSR_Hotstar', '\b(HTSR|DSNPHS|HS)\b');
INSERT OR IGNORE INTO custom_format_conditions (custom_format_name, name, type, arr_type, negate, required) VALUES ('HTSR', 'Hotstar', 'pattern', 'sonarr', 0, 1);
INSERT OR IGNORE INTO custom_format_conditions (custom_format_name, name, type, arr_type, negate, required) VALUES ('HTSR', 'WEBDL', 'source', 'sonarr', 0, 0);
INSERT OR IGNORE INTO custom_format_conditions (custom_format_name, name, type, arr_type, negate, required) VALUES ('HTSR', 'WEBRIP', 'source', 'sonarr', 0, 0);

INSERT OR IGNORE INTO custom_formats (name, description, include_in_rename) VALUES ('HULU', 'f6cce30f1733d5c8194222a7507909bb', 1);
INSERT OR IGNORE INTO condition_patterns (custom_format_name, condition_name, regular_expression_name) VALUES ('HULU', 'Hulu', 'HULU_Hulu');
INSERT OR IGNORE INTO condition_sources (custom_format_name, condition_name, source) VALUES ('HULU', 'WEBDL', 'TELECINE');
INSERT OR IGNORE INTO condition_sources (custom_format_name, condition_name, source) VALUES ('HULU', 'WEBRIP', 'WORKPRINT');
INSERT OR IGNORE INTO regular_expressions (name, pattern) VALUES ('HULU_Hulu', '\b(hulu)\b');
INSERT OR IGNORE INTO custom_format_conditions (custom_format_name, name, type, arr_type, negate, required) VALUES ('HULU', 'Hulu', 'pattern', 'sonarr', 0, 1);
INSERT OR IGNORE INTO custom_format_conditions (custom_format_name, name, type, arr_type, negate, required) VALUES ('HULU', 'WEBDL', 'source', 'sonarr', 0, 0);
INSERT OR IGNORE INTO custom_format_conditions (custom_format_name, name, type, arr_type, negate, required) VALUES ('HULU', 'WEBRIP', 'source', 'sonarr', 0, 0);

INSERT OR IGNORE INTO custom_formats (name, description, include_in_rename) VALUES ('Hybrid', '3a4127d8aa781b44120d907f2cd62627', 1);
INSERT OR IGNORE INTO condition_patterns (custom_format_name, condition_name, regular_expression_name) VALUES ('Hybrid', 'Hybrid', 'Hybrid_Hybrid');
INSERT OR IGNORE INTO condition_patterns (custom_format_name, condition_name, regular_expression_name) VALUES ('Hybrid', 'Not Hybrid Release Group', 'Hybrid_Not_Hybrid_Release_Group');
INSERT OR IGNORE INTO condition_sources (custom_format_name, condition_name, source) VALUES ('Hybrid', 'Remux', 'WEBDL');
INSERT OR IGNORE INTO condition_sources (custom_format_name, condition_name, source) VALUES ('Hybrid', 'Bluray', 'TV');
INSERT OR IGNORE INTO regular_expressions (name, pattern) VALUES ('Hybrid_Hybrid', '\bhybrid(\b|\d)');
INSERT OR IGNORE INTO regular_expressions (name, pattern) VALUES ('Hybrid_Not_Hybrid_Release_Group', '\b(HYBRID)\b');
INSERT OR IGNORE INTO custom_format_conditions (custom_format_name, name, type, arr_type, negate, required) VALUES ('Hybrid', 'Hybrid', 'pattern', 'sonarr', 0, 0);
INSERT OR IGNORE INTO custom_format_conditions (custom_format_name, name, type, arr_type, negate, required) VALUES ('Hybrid', 'Not Hybrid Release Group', 'pattern', 'sonarr', 1, 1);
INSERT OR IGNORE INTO custom_format_conditions (custom_format_name, name, type, arr_type, negate, required) VALUES ('Hybrid', 'Remux', 'source', 'sonarr', 0, 0);
INSERT OR IGNORE INTO custom_format_conditions (custom_format_name, name, type, arr_type, negate, required) VALUES ('Hybrid', 'Bluray', 'source', 'sonarr', 0, 0);

INSERT OR IGNORE INTO custom_formats (name, description, include_in_rename) VALUES ('INTERNAL', '5ab46ff851b76c337e13e81a4353875f', 0);
INSERT OR IGNORE INTO condition_patterns (custom_format_name, condition_name, regular_expression_name) VALUES ('INTERNAL', 'INTERNAL', 'INTERNAL_INTERNAL');
INSERT OR IGNORE INTO regular_expressions (name, pattern) VALUES ('INTERNAL_INTERNAL', '\b(INTERNAL)\b');
INSERT OR IGNORE INTO custom_format_conditions (custom_format_name, name, type, arr_type, negate, required) VALUES ('INTERNAL', 'INTERNAL', 'pattern', 'sonarr', 0, 0);

INSERT OR IGNORE INTO custom_formats (name, description, include_in_rename) VALUES ('IP', 'dc503e2425126fa1d0a9ad6168c83b3f', 1);
INSERT OR IGNORE INTO condition_patterns (custom_format_name, condition_name, regular_expression_name) VALUES ('IP', 'BBC iPlayer', 'IP_BBC_iPlayer');
INSERT OR IGNORE INTO condition_sources (custom_format_name, condition_name, source) VALUES ('IP', 'WEBDL', 'TELECINE');
INSERT OR IGNORE INTO condition_sources (custom_format_name, condition_name, source) VALUES ('IP', 'WEBRIP', 'WORKPRINT');
INSERT OR IGNORE INTO regular_expressions (name, pattern) VALUES ('IP_BBC_iPlayer', '\b(ip|iplayer)\b');
INSERT OR IGNORE INTO custom_format_conditions (custom_format_name, name, type, arr_type, negate, required) VALUES ('IP', 'BBC iPlayer', 'pattern', 'sonarr', 0, 1);
INSERT OR IGNORE INTO custom_format_conditions (custom_format_name, name, type, arr_type, negate, required) VALUES ('IP', 'WEBDL', 'source', 'sonarr', 0, 0);
INSERT OR IGNORE INTO custom_format_conditions (custom_format_name, name, type, arr_type, negate, required) VALUES ('IP', 'WEBRIP', 'source', 'sonarr', 0, 0);

INSERT OR IGNORE INTO custom_formats (name, description, include_in_rename) VALUES ('iT', '0ac24a2a68a9700bcb7eeca8e5cd644c', 1);
INSERT OR IGNORE INTO condition_patterns (custom_format_name, condition_name, regular_expression_name) VALUES ('iT', 'iTunes', 'iT_iTunes');
INSERT OR IGNORE INTO condition_patterns (custom_format_name, condition_name, regular_expression_name) VALUES ('iT', 'iT Rename', 'iT_iT_Rename');
INSERT OR IGNORE INTO condition_sources (custom_format_name, condition_name, source) VALUES ('iT', 'WEBDL', 'TELECINE');
INSERT OR IGNORE INTO condition_sources (custom_format_name, condition_name, source) VALUES ('iT', 'WEBRIP', 'WORKPRINT');
INSERT OR IGNORE INTO regular_expressions (name, pattern) VALUES ('iT_iTunes', '\b(it|itunes)\b(?=[ ._-]web[ ._-]?(dl|rip)\b)');
INSERT OR IGNORE INTO regular_expressions (name, pattern) VALUES ('iT_iT_Rename', '\[(iT)\b|\b(iT)\]');
INSERT OR IGNORE INTO custom_format_conditions (custom_format_name, name, type, arr_type, negate, required) VALUES ('iT', 'iTunes', 'pattern', 'sonarr', 0, 0);
INSERT OR IGNORE INTO custom_format_conditions (custom_format_name, name, type, arr_type, negate, required) VALUES ('iT', 'iT Rename', 'pattern', 'sonarr', 0, 0);
INSERT OR IGNORE INTO custom_format_conditions (custom_format_name, name, type, arr_type, negate, required) VALUES ('iT', 'WEBDL', 'source', 'sonarr', 0, 0);
INSERT OR IGNORE INTO custom_format_conditions (custom_format_name, name, type, arr_type, negate, required) VALUES ('iT', 'WEBRIP', 'source', 'sonarr', 0, 0);

INSERT OR IGNORE INTO custom_formats (name, description, include_in_rename) VALUES ('ITVX', 'fa5a16b951004c23e980d2913694a137', 1);
INSERT OR IGNORE INTO condition_patterns (custom_format_name, condition_name, regular_expression_name) VALUES ('ITVX', 'ITVX', 'ITVX_ITVX');
INSERT OR IGNORE INTO condition_patterns (custom_format_name, condition_name, regular_expression_name) VALUES ('ITVX', 'ITVX Rename', 'ITVX_ITVX_Rename');
INSERT OR IGNORE INTO condition_sources (custom_format_name, condition_name, source) VALUES ('ITVX', 'WEBDL', 'TELECINE');
INSERT OR IGNORE INTO condition_sources (custom_format_name, condition_name, source) VALUES ('ITVX', 'WEBRIP', 'WORKPRINT');
INSERT OR IGNORE INTO regular_expressions (name, pattern) VALUES ('ITVX_ITVX', '\b(ITVX?)\b[ ._-]web[ ._-]?(dl|rip)?\b');
INSERT OR IGNORE INTO regular_expressions (name, pattern) VALUES ('ITVX_ITVX_Rename', '\[(ITVX)\b|\b(ITVX)\]');
INSERT OR IGNORE INTO custom_format_conditions (custom_format_name, name, type, arr_type, negate, required) VALUES ('ITVX', 'ITVX', 'pattern', 'sonarr', 0, 0);
INSERT OR IGNORE INTO custom_format_conditions (custom_format_name, name, type, arr_type, negate, required) VALUES ('ITVX', 'ITVX Rename', 'pattern', 'sonarr', 0, 0);
INSERT OR IGNORE INTO custom_format_conditions (custom_format_name, name, type, arr_type, negate, required) VALUES ('ITVX', 'WEBDL', 'source', 'sonarr', 0, 0);
INSERT OR IGNORE INTO custom_format_conditions (custom_format_name, name, type, arr_type, negate, required) VALUES ('ITVX', 'WEBRIP', 'source', 'sonarr', 0, 0);

INSERT OR IGNORE INTO custom_formats (name, description, include_in_rename) VALUES ('German DL (undefined)', 'c5dd0fd675f85487ad5bdf97159180bd', 0);
INSERT OR IGNORE INTO condition_patterns (custom_format_name, condition_name, regular_expression_name) VALUES ('German DL (undefined)', 'DL', 'German_DL_(undefined)_DL');
INSERT OR IGNORE INTO condition_patterns (custom_format_name, condition_name, regular_expression_name) VALUES ('German DL (undefined)', 'ML', 'German_DL_(undefined)_ML');
INSERT OR IGNORE INTO condition_languages (custom_format_name, condition_name, language_name, except_language) VALUES ('German DL (undefined)', 'NOT Original Language', '-2', 0);
INSERT OR IGNORE INTO condition_languages (custom_format_name, condition_name, language_name, except_language) VALUES ('German DL (undefined)', 'German', '4', 0);
INSERT OR IGNORE INTO regular_expressions (name, pattern) VALUES ('German_DL_(undefined)_DL', '(?<!WEB[-_. ]?)\b(DL)\b');
INSERT OR IGNORE INTO regular_expressions (name, pattern) VALUES ('German_DL_(undefined)_ML', '\b(ML)\b');
INSERT OR IGNORE INTO custom_format_conditions (custom_format_name, name, type, arr_type, negate, required) VALUES ('German DL (undefined)', 'NOT Original Language', 'language', 'sonarr', 1, 1);
INSERT OR IGNORE INTO custom_format_conditions (custom_format_name, name, type, arr_type, negate, required) VALUES ('German DL (undefined)', 'German', 'language', 'sonarr', 0, 1);
INSERT OR IGNORE INTO custom_format_conditions (custom_format_name, name, type, arr_type, negate, required) VALUES ('German DL (undefined)', 'DL', 'pattern', 'sonarr', 0, 0);
INSERT OR IGNORE INTO custom_format_conditions (custom_format_name, name, type, arr_type, negate, required) VALUES ('German DL (undefined)', 'ML', 'pattern', 'sonarr', 0, 0);

INSERT OR IGNORE INTO custom_formats (name, description, include_in_rename) VALUES ('German DL', 'ed51973a811f51985f14e2f6f290e47a', 1);
INSERT OR IGNORE INTO condition_languages (custom_format_name, condition_name, language_name, except_language) VALUES ('German DL', 'German', '4', 0);
INSERT OR IGNORE INTO condition_languages (custom_format_name, condition_name, language_name, except_language) VALUES ('German DL', 'Original Language', '-2', 0);
INSERT OR IGNORE INTO custom_format_conditions (custom_format_name, name, type, arr_type, negate, required) VALUES ('German DL', 'German', 'language', 'sonarr', 0, 1);
INSERT OR IGNORE INTO custom_format_conditions (custom_format_name, name, type, arr_type, negate, required) VALUES ('German DL', 'Original Language', 'language', 'sonarr', 0, 1);

INSERT OR IGNORE INTO custom_formats (name, description, include_in_rename) VALUES ('German', '8a9fcdbb445f2add0505926df3bb7b8a', 1);
INSERT OR IGNORE INTO condition_patterns (custom_format_name, condition_name, regular_expression_name) VALUES ('German', 'DL', 'German_DL');
INSERT OR IGNORE INTO condition_patterns (custom_format_name, condition_name, regular_expression_name) VALUES ('German', 'ML', 'German_ML');
INSERT OR IGNORE INTO condition_patterns (custom_format_name, condition_name, regular_expression_name) VALUES ('German', 'Not Subbed', 'German_Not_Subbed');
INSERT OR IGNORE INTO condition_languages (custom_format_name, condition_name, language_name, except_language) VALUES ('German', 'German', '4', 0);
INSERT OR IGNORE INTO condition_languages (custom_format_name, condition_name, language_name, except_language) VALUES ('German', 'NOT Original', '-2', 0);
INSERT OR IGNORE INTO regular_expressions (name, pattern) VALUES ('German_DL', '(?<!WEB[-_. ]?)\b(DL)\b');
INSERT OR IGNORE INTO regular_expressions (name, pattern) VALUES ('German_ML', '\b(ML)\b');
INSERT OR IGNORE INTO regular_expressions (name, pattern) VALUES ('German_Not_Subbed', '(?=.*(German|Ger))(?=.*(Sub|Multi(ple)?Sub))');
INSERT OR IGNORE INTO custom_format_conditions (custom_format_name, name, type, arr_type, negate, required) VALUES ('German', 'German', 'language', 'sonarr', 0, 1);
INSERT OR IGNORE INTO custom_format_conditions (custom_format_name, name, type, arr_type, negate, required) VALUES ('German', 'NOT Original', 'language', 'sonarr', 1, 1);
INSERT OR IGNORE INTO custom_format_conditions (custom_format_name, name, type, arr_type, negate, required) VALUES ('German', 'DL', 'pattern', 'sonarr', 1, 1);
INSERT OR IGNORE INTO custom_format_conditions (custom_format_name, name, type, arr_type, negate, required) VALUES ('German', 'ML', 'pattern', 'sonarr', 1, 1);
INSERT OR IGNORE INTO custom_format_conditions (custom_format_name, name, type, arr_type, negate, required) VALUES ('German', 'Not Subbed', 'pattern', 'sonarr', 1, 1);

INSERT OR IGNORE INTO custom_formats (name, description, include_in_rename) VALUES ('Language: Not English', '69aa1e159f97d860440b04cd6d590c4f', 0);
INSERT OR IGNORE INTO condition_languages (custom_format_name, condition_name, language_name, except_language) VALUES ('Language: Not English', 'Not English Language', '1', 0);
INSERT OR IGNORE INTO custom_format_conditions (custom_format_name, name, type, arr_type, negate, required) VALUES ('Language: Not English', 'Not English Language', 'language', 'sonarr', 1, 0);

INSERT OR IGNORE INTO custom_formats (name, description, include_in_rename) VALUES ('Language: Not French', '322fca6f8f3694acc1401ddb530fd33d', 0);
INSERT OR IGNORE INTO condition_languages (custom_format_name, condition_name, language_name, except_language) VALUES ('Language: Not French', 'Not French Language', '2', 0);
INSERT OR IGNORE INTO custom_format_conditions (custom_format_name, name, type, arr_type, negate, required) VALUES ('Language: Not French', 'Not French Language', 'language', 'sonarr', 1, 0);

INSERT OR IGNORE INTO custom_formats (name, description, include_in_rename) VALUES ('Not German or English', '133589380b89f8f8394320901529bac1', 0);
INSERT OR IGNORE INTO condition_patterns (custom_format_name, condition_name, regular_expression_name) VALUES ('Not German or English', 'Not German in Title', 'Not_German_or_English_Not_German_in_Title');
INSERT OR IGNORE INTO condition_languages (custom_format_name, condition_name, language_name, except_language) VALUES ('Not German or English', 'Not English Language', '1', 0);
INSERT OR IGNORE INTO condition_languages (custom_format_name, condition_name, language_name, except_language) VALUES ('Not German or English', 'Not German Language', '4', 0);
INSERT OR IGNORE INTO regular_expressions (name, pattern) VALUES ('Not_German_or_English_Not_German_in_Title', '(?i)\bgerman\b');
INSERT OR IGNORE INTO custom_format_conditions (custom_format_name, name, type, arr_type, negate, required) VALUES ('Not German or English', 'Not English Language', 'language', 'sonarr', 1, 1);
INSERT OR IGNORE INTO custom_format_conditions (custom_format_name, name, type, arr_type, negate, required) VALUES ('Not German or English', 'Not German Language', 'language', 'sonarr', 1, 1);
INSERT OR IGNORE INTO custom_format_conditions (custom_format_name, name, type, arr_type, negate, required) VALUES ('Not German or English', 'Not German in Title', 'pattern', 'sonarr', 1, 1);

INSERT OR IGNORE INTO custom_formats (name, description, include_in_rename) VALUES ('Language: Not Original', 'ae575f95ab639ba5d15f663bf019e3e8', 0);
INSERT OR IGNORE INTO condition_languages (custom_format_name, condition_name, language_name, except_language) VALUES ('Language: Not Original', 'Not Original Language', '-2', 0);
INSERT OR IGNORE INTO custom_format_conditions (custom_format_name, name, type, arr_type, negate, required) VALUES ('Language: Not Original', 'Not Original Language', 'language', 'sonarr', 1, 0);

INSERT OR IGNORE INTO custom_formats (name, description, include_in_rename) VALUES ('Language: Original + French', '10e77b96ae4770a7de645a91a53ce29a', 0);
INSERT OR IGNORE INTO condition_patterns (custom_format_name, condition_name, regular_expression_name) VALUES ('Language: Original + French', 'MULTi', 'Language:_Original_+_French_MULTi');
INSERT OR IGNORE INTO condition_languages (custom_format_name, condition_name, language_name, except_language) VALUES ('Language: Original + French', 'Original Language', '-2', 0);
INSERT OR IGNORE INTO condition_languages (custom_format_name, condition_name, language_name, except_language) VALUES ('Language: Original + French', 'French Language', '2', 0);
INSERT OR IGNORE INTO regular_expressions (name, pattern) VALUES ('Language:_Original_+_French_MULTi', '\b(MULTi)(\b|\d)');
INSERT OR IGNORE INTO custom_format_conditions (custom_format_name, name, type, arr_type, negate, required) VALUES ('Language: Original + French', 'Original Language', 'language', 'sonarr', 0, 1);
INSERT OR IGNORE INTO custom_format_conditions (custom_format_name, name, type, arr_type, negate, required) VALUES ('Language: Original + French', 'French Language', 'language', 'sonarr', 0, 1);
INSERT OR IGNORE INTO custom_format_conditions (custom_format_name, name, type, arr_type, negate, required) VALUES ('Language: Original + French', 'MULTi', 'pattern', 'sonarr', 0, 1);

INSERT OR IGNORE INTO custom_formats (name, description, include_in_rename) VALUES ('LQ (Release Title)', 'e2315f990da2e2cbfc9fa5b7a6fcfe48', 0);
INSERT OR IGNORE INTO condition_patterns (custom_format_name, condition_name, regular_expression_name) VALUES ('LQ (Release Title)', 'BEN THE MEN', 'LQ_(Release_Title)_BEN_THE_MEN');
INSERT OR IGNORE INTO condition_patterns (custom_format_name, condition_name, regular_expression_name) VALUES ('LQ (Release Title)', 'BiTOR 2160p', 'LQ_(Release_Title)_BiTOR_2160p');
INSERT OR IGNORE INTO condition_patterns (custom_format_name, condition_name, regular_expression_name) VALUES ('LQ (Release Title)', 'CREATiVE24', 'LQ_(Release_Title)_CREATiVE24');
INSERT OR IGNORE INTO condition_patterns (custom_format_name, condition_name, regular_expression_name) VALUES ('LQ (Release Title)', 'Feranki1980', 'LQ_(Release_Title)_Feranki1980');
INSERT OR IGNORE INTO condition_patterns (custom_format_name, condition_name, regular_expression_name) VALUES ('LQ (Release Title)', 'TeeWee', 'LQ_(Release_Title)_TeeWee');
INSERT OR IGNORE INTO regular_expressions (name, pattern) VALUES ('LQ_(Release_Title)_BEN_THE_MEN', '\b(BEN[ ._-]THE[ ._-]MEN)\b');
INSERT OR IGNORE INTO regular_expressions (name, pattern) VALUES ('LQ_(Release_Title)_BiTOR_2160p', '(?=.*?(\b2160p\b))(?=.*?(\bBiTOR\b))');
INSERT OR IGNORE INTO regular_expressions (name, pattern) VALUES ('LQ_(Release_Title)_CREATiVE24', '\b(CREATiVE24)\b');
INSERT OR IGNORE INTO regular_expressions (name, pattern) VALUES ('LQ_(Release_Title)_Feranki1980', '\b(Feranki1980)\b');
INSERT OR IGNORE INTO regular_expressions (name, pattern) VALUES ('LQ_(Release_Title)_TeeWee', '\b(TeeWee)\b');
INSERT OR IGNORE INTO custom_format_conditions (custom_format_name, name, type, arr_type, negate, required) VALUES ('LQ (Release Title)', 'BEN THE MEN', 'pattern', 'sonarr', 0, 0);
INSERT OR IGNORE INTO custom_format_conditions (custom_format_name, name, type, arr_type, negate, required) VALUES ('LQ (Release Title)', 'BiTOR 2160p', 'pattern', 'sonarr', 0, 0);
INSERT OR IGNORE INTO custom_format_conditions (custom_format_name, name, type, arr_type, negate, required) VALUES ('LQ (Release Title)', 'CREATiVE24', 'pattern', 'sonarr', 0, 0);
INSERT OR IGNORE INTO custom_format_conditions (custom_format_name, name, type, arr_type, negate, required) VALUES ('LQ (Release Title)', 'Feranki1980', 'pattern', 'sonarr', 0, 0);
INSERT OR IGNORE INTO custom_format_conditions (custom_format_name, name, type, arr_type, negate, required) VALUES ('LQ (Release Title)', 'TeeWee', 'pattern', 'sonarr', 0, 0);

INSERT OR IGNORE INTO custom_formats (name, description, include_in_rename) VALUES ('LQ', '9c11cd3f07101cdba90a2d81cf0e56b4', 0);
INSERT OR IGNORE INTO condition_patterns (custom_format_name, condition_name, regular_expression_name) VALUES ('LQ', 'BRiNK', 'LQ_BRiNK');
INSERT OR IGNORE INTO condition_patterns (custom_format_name, condition_name, regular_expression_name) VALUES ('LQ', 'BTM', 'LQ_BTM');
INSERT OR IGNORE INTO condition_patterns (custom_format_name, condition_name, regular_expression_name) VALUES ('LQ', 'CHX', 'LQ_CHX');
INSERT OR IGNORE INTO condition_patterns (custom_format_name, condition_name, regular_expression_name) VALUES ('LQ', 'CTFOH', 'LQ_CTFOH');
INSERT OR IGNORE INTO condition_patterns (custom_format_name, condition_name, regular_expression_name) VALUES ('LQ', 'd3g', 'LQ_d3g');
INSERT OR IGNORE INTO condition_patterns (custom_format_name, condition_name, regular_expression_name) VALUES ('LQ', 'DepraveD', 'LQ_DepraveD');
INSERT OR IGNORE INTO condition_patterns (custom_format_name, condition_name, regular_expression_name) VALUES ('LQ', 'EVO', 'LQ_EVO');
INSERT OR IGNORE INTO condition_patterns (custom_format_name, condition_name, regular_expression_name) VALUES ('LQ', 'Feranki1980', 'LQ_Feranki1980');
INSERT OR IGNORE INTO condition_patterns (custom_format_name, condition_name, regular_expression_name) VALUES ('LQ', 'FGT', 'LQ_FGT');
INSERT OR IGNORE INTO condition_patterns (custom_format_name, condition_name, regular_expression_name) VALUES ('LQ', 'FMD', 'LQ_FMD');
INSERT OR IGNORE INTO condition_patterns (custom_format_name, condition_name, regular_expression_name) VALUES ('LQ', 'GHOSTS', 'LQ_GHOSTS');
INSERT OR IGNORE INTO condition_patterns (custom_format_name, condition_name, regular_expression_name) VALUES ('LQ', 'HiQVE', 'LQ_HiQVE');
INSERT OR IGNORE INTO condition_patterns (custom_format_name, condition_name, regular_expression_name) VALUES ('LQ', 'iNTENSO', 'LQ_iNTENSO');
INSERT OR IGNORE INTO condition_patterns (custom_format_name, condition_name, regular_expression_name) VALUES ('LQ', 'iVy', 'LQ_iVy');
INSERT OR IGNORE INTO condition_patterns (custom_format_name, condition_name, regular_expression_name) VALUES ('LQ', 'JFF', 'LQ_JFF');
INSERT OR IGNORE INTO condition_patterns (custom_format_name, condition_name, regular_expression_name) VALUES ('LQ', 'KC', 'LQ_KC');
INSERT OR IGNORE INTO condition_patterns (custom_format_name, condition_name, regular_expression_name) VALUES ('LQ', 'MeGusta', 'LQ_MeGusta');
INSERT OR IGNORE INTO condition_patterns (custom_format_name, condition_name, regular_expression_name) VALUES ('LQ', 'nhanc3', 'LQ_nhanc3');
INSERT OR IGNORE INTO condition_patterns (custom_format_name, condition_name, regular_expression_name) VALUES ('LQ', 'OFT', 'LQ_OFT');
INSERT OR IGNORE INTO condition_patterns (custom_format_name, condition_name, regular_expression_name) VALUES ('LQ', 'Pahe', 'LQ_Pahe');
INSERT OR IGNORE INTO condition_patterns (custom_format_name, condition_name, regular_expression_name) VALUES ('LQ', 'PSA', 'LQ_PSA');
INSERT OR IGNORE INTO condition_patterns (custom_format_name, condition_name, regular_expression_name) VALUES ('LQ', 'SasukeducK', 'LQ_SasukeducK');
INSERT OR IGNORE INTO condition_patterns (custom_format_name, condition_name, regular_expression_name) VALUES ('LQ', 'SHD', 'LQ_SHD');
INSERT OR IGNORE INTO condition_patterns (custom_format_name, condition_name, regular_expression_name) VALUES ('LQ', 'ShieldBearer', 'LQ_ShieldBearer');
INSERT OR IGNORE INTO condition_patterns (custom_format_name, condition_name, regular_expression_name) VALUES ('LQ', 'TBS', 'LQ_TBS');
INSERT OR IGNORE INTO condition_patterns (custom_format_name, condition_name, regular_expression_name) VALUES ('LQ', 'TG', 'LQ_TG');
INSERT OR IGNORE INTO condition_patterns (custom_format_name, condition_name, regular_expression_name) VALUES ('LQ', 'VIDEOHOLE', 'LQ_VIDEOHOLE');
INSERT OR IGNORE INTO condition_patterns (custom_format_name, condition_name, regular_expression_name) VALUES ('LQ', 'worldmkv', 'LQ_worldmkv');
INSERT OR IGNORE INTO condition_patterns (custom_format_name, condition_name, regular_expression_name) VALUES ('LQ', 'XLF', 'LQ_XLF');
INSERT OR IGNORE INTO condition_patterns (custom_format_name, condition_name, regular_expression_name) VALUES ('LQ', 'Zero00', 'LQ_Zero00');
INSERT OR IGNORE INTO regular_expressions (name, pattern) VALUES ('LQ_BRiNK', '^(BRiNK)$');
INSERT OR IGNORE INTO regular_expressions (name, pattern) VALUES ('LQ_BTM', '^(BTM)$');
INSERT OR IGNORE INTO regular_expressions (name, pattern) VALUES ('LQ_CHX', '^(CHX)$');
INSERT OR IGNORE INTO regular_expressions (name, pattern) VALUES ('LQ_CTFOH', '^(CTFOH)$');
INSERT OR IGNORE INTO regular_expressions (name, pattern) VALUES ('LQ_d3g', '^(d3g)$');
INSERT OR IGNORE INTO regular_expressions (name, pattern) VALUES ('LQ_DepraveD', '^(DepraveD)$');
INSERT OR IGNORE INTO regular_expressions (name, pattern) VALUES ('LQ_EVO', '^(EVO)$');
INSERT OR IGNORE INTO regular_expressions (name, pattern) VALUES ('LQ_Feranki1980', '^(Feranki1980)$');
INSERT OR IGNORE INTO regular_expressions (name, pattern) VALUES ('LQ_FGT', '^(FGT)$');
INSERT OR IGNORE INTO regular_expressions (name, pattern) VALUES ('LQ_FMD', '^(FMD)$');
INSERT OR IGNORE INTO regular_expressions (name, pattern) VALUES ('LQ_GHOSTS', '^(GHOSTS)$');
INSERT OR IGNORE INTO regular_expressions (name, pattern) VALUES ('LQ_HiQVE', '^(HiQVE)$');
INSERT OR IGNORE INTO regular_expressions (name, pattern) VALUES ('LQ_iNTENSO', '^(iNTENSO)$');
INSERT OR IGNORE INTO regular_expressions (name, pattern) VALUES ('LQ_iVy', '^(iVy)$');
INSERT OR IGNORE INTO regular_expressions (name, pattern) VALUES ('LQ_JFF', '^(JFF)$');
INSERT OR IGNORE INTO regular_expressions (name, pattern) VALUES ('LQ_KC', '^(KC)$');
INSERT OR IGNORE INTO regular_expressions (name, pattern) VALUES ('LQ_MeGusta', '^(MeGusta)$');
INSERT OR IGNORE INTO regular_expressions (name, pattern) VALUES ('LQ_nhanc3', '^(nhanc3)$');
INSERT OR IGNORE INTO regular_expressions (name, pattern) VALUES ('LQ_OFT', '^(OFT)$');
INSERT OR IGNORE INTO regular_expressions (name, pattern) VALUES ('LQ_Pahe', 'Pahe(\.(ph|in))?\b');
INSERT OR IGNORE INTO regular_expressions (name, pattern) VALUES ('LQ_PSA', '^(PSA)$');
INSERT OR IGNORE INTO regular_expressions (name, pattern) VALUES ('LQ_SasukeducK', '^(SasukeducK)$');
INSERT OR IGNORE INTO regular_expressions (name, pattern) VALUES ('LQ_SHD', '^(SHD)$');
INSERT OR IGNORE INTO regular_expressions (name, pattern) VALUES ('LQ_ShieldBearer', '^(ShieldBearer)$');
INSERT OR IGNORE INTO regular_expressions (name, pattern) VALUES ('LQ_TBS', '^(TBS)$');
INSERT OR IGNORE INTO regular_expressions (name, pattern) VALUES ('LQ_TG', '^(TG)$');
INSERT OR IGNORE INTO regular_expressions (name, pattern) VALUES ('LQ_VIDEOHOLE', '^(VIDEOHOLE)$');
INSERT OR IGNORE INTO regular_expressions (name, pattern) VALUES ('LQ_worldmkv', '^(worldmkv)$');
INSERT OR IGNORE INTO regular_expressions (name, pattern) VALUES ('LQ_XLF', '^(XLF)$');
INSERT OR IGNORE INTO regular_expressions (name, pattern) VALUES ('LQ_Zero00', '^(Zero00)$');
INSERT OR IGNORE INTO custom_format_conditions (custom_format_name, name, type, arr_type, negate, required) VALUES ('LQ', 'BRiNK', 'pattern', 'sonarr', 0, 0);
INSERT OR IGNORE INTO custom_format_conditions (custom_format_name, name, type, arr_type, negate, required) VALUES ('LQ', 'BTM', 'pattern', 'sonarr', 0, 0);
INSERT OR IGNORE INTO custom_format_conditions (custom_format_name, name, type, arr_type, negate, required) VALUES ('LQ', 'CHX', 'pattern', 'sonarr', 0, 0);
INSERT OR IGNORE INTO custom_format_conditions (custom_format_name, name, type, arr_type, negate, required) VALUES ('LQ', 'CTFOH', 'pattern', 'sonarr', 0, 0);
INSERT OR IGNORE INTO custom_format_conditions (custom_format_name, name, type, arr_type, negate, required) VALUES ('LQ', 'd3g', 'pattern', 'sonarr', 0, 0);
INSERT OR IGNORE INTO custom_format_conditions (custom_format_name, name, type, arr_type, negate, required) VALUES ('LQ', 'DepraveD', 'pattern', 'sonarr', 0, 0);
INSERT OR IGNORE INTO custom_format_conditions (custom_format_name, name, type, arr_type, negate, required) VALUES ('LQ', 'EVO', 'pattern', 'sonarr', 0, 0);
INSERT OR IGNORE INTO custom_format_conditions (custom_format_name, name, type, arr_type, negate, required) VALUES ('LQ', 'Feranki1980', 'pattern', 'sonarr', 0, 0);
INSERT OR IGNORE INTO custom_format_conditions (custom_format_name, name, type, arr_type, negate, required) VALUES ('LQ', 'FGT', 'pattern', 'sonarr', 0, 0);
INSERT OR IGNORE INTO custom_format_conditions (custom_format_name, name, type, arr_type, negate, required) VALUES ('LQ', 'FMD', 'pattern', 'sonarr', 0, 0);
INSERT OR IGNORE INTO custom_format_conditions (custom_format_name, name, type, arr_type, negate, required) VALUES ('LQ', 'GHOSTS', 'pattern', 'sonarr', 0, 0);
INSERT OR IGNORE INTO custom_format_conditions (custom_format_name, name, type, arr_type, negate, required) VALUES ('LQ', 'HiQVE', 'pattern', 'sonarr', 0, 0);
INSERT OR IGNORE INTO custom_format_conditions (custom_format_name, name, type, arr_type, negate, required) VALUES ('LQ', 'iNTENSO', 'pattern', 'sonarr', 0, 0);
INSERT OR IGNORE INTO custom_format_conditions (custom_format_name, name, type, arr_type, negate, required) VALUES ('LQ', 'iVy', 'pattern', 'sonarr', 0, 0);
INSERT OR IGNORE INTO custom_format_conditions (custom_format_name, name, type, arr_type, negate, required) VALUES ('LQ', 'JFF', 'pattern', 'sonarr', 0, 0);
INSERT OR IGNORE INTO custom_format_conditions (custom_format_name, name, type, arr_type, negate, required) VALUES ('LQ', 'KC', 'pattern', 'sonarr', 0, 0);
INSERT OR IGNORE INTO custom_format_conditions (custom_format_name, name, type, arr_type, negate, required) VALUES ('LQ', 'MeGusta', 'pattern', 'sonarr', 0, 0);
INSERT OR IGNORE INTO custom_format_conditions (custom_format_name, name, type, arr_type, negate, required) VALUES ('LQ', 'nhanc3', 'pattern', 'sonarr', 0, 0);
INSERT OR IGNORE INTO custom_format_conditions (custom_format_name, name, type, arr_type, negate, required) VALUES ('LQ', 'OFT', 'pattern', 'sonarr', 0, 0);
INSERT OR IGNORE INTO custom_format_conditions (custom_format_name, name, type, arr_type, negate, required) VALUES ('LQ', 'Pahe', 'pattern', 'sonarr', 0, 0);
INSERT OR IGNORE INTO custom_format_conditions (custom_format_name, name, type, arr_type, negate, required) VALUES ('LQ', 'PSA', 'pattern', 'sonarr', 0, 0);
INSERT OR IGNORE INTO custom_format_conditions (custom_format_name, name, type, arr_type, negate, required) VALUES ('LQ', 'SasukeducK', 'pattern', 'sonarr', 0, 0);
INSERT OR IGNORE INTO custom_format_conditions (custom_format_name, name, type, arr_type, negate, required) VALUES ('LQ', 'SHD', 'pattern', 'sonarr', 0, 0);
INSERT OR IGNORE INTO custom_format_conditions (custom_format_name, name, type, arr_type, negate, required) VALUES ('LQ', 'ShieldBearer', 'pattern', 'sonarr', 0, 0);
INSERT OR IGNORE INTO custom_format_conditions (custom_format_name, name, type, arr_type, negate, required) VALUES ('LQ', 'TBS', 'pattern', 'sonarr', 0, 0);
INSERT OR IGNORE INTO custom_format_conditions (custom_format_name, name, type, arr_type, negate, required) VALUES ('LQ', 'TG', 'pattern', 'sonarr', 0, 0);
INSERT OR IGNORE INTO custom_format_conditions (custom_format_name, name, type, arr_type, negate, required) VALUES ('LQ', 'VIDEOHOLE', 'pattern', 'sonarr', 0, 0);
INSERT OR IGNORE INTO custom_format_conditions (custom_format_name, name, type, arr_type, negate, required) VALUES ('LQ', 'worldmkv', 'pattern', 'sonarr', 0, 0);
INSERT OR IGNORE INTO custom_format_conditions (custom_format_name, name, type, arr_type, negate, required) VALUES ('LQ', 'XLF', 'pattern', 'sonarr', 0, 0);
INSERT OR IGNORE INTO custom_format_conditions (custom_format_name, name, type, arr_type, negate, required) VALUES ('LQ', 'Zero00', 'pattern', 'sonarr', 0, 0);

INSERT OR IGNORE INTO custom_formats (name, description, include_in_rename) VALUES ('MAX', '81d1fbf600e2540cee87f3a23f9d3c1c', 1);
INSERT OR IGNORE INTO condition_patterns (custom_format_name, condition_name, regular_expression_name) VALUES ('MAX', 'Max', 'MAX_Max');
INSERT OR IGNORE INTO condition_patterns (custom_format_name, condition_name, regular_expression_name) VALUES ('MAX', 'MAX Rename', 'MAX_MAX_Rename');
INSERT OR IGNORE INTO condition_sources (custom_format_name, condition_name, source) VALUES ('MAX', 'WEBDL', 'TELECINE');
INSERT OR IGNORE INTO condition_sources (custom_format_name, condition_name, source) VALUES ('MAX', 'WEBRIP', 'WORKPRINT');
INSERT OR IGNORE INTO regular_expressions (name, pattern) VALUES ('MAX_Max', '\b((?<!hbo[ ._-])max)\b(?=[ ._-]web[ ._-]?(dl|rip)\b)');
INSERT OR IGNORE INTO regular_expressions (name, pattern) VALUES ('MAX_MAX_Rename', '\[(MAX)\b|\b(MAX)\]');
INSERT OR IGNORE INTO custom_format_conditions (custom_format_name, name, type, arr_type, negate, required) VALUES ('MAX', 'Max', 'pattern', 'sonarr', 0, 0);
INSERT OR IGNORE INTO custom_format_conditions (custom_format_name, name, type, arr_type, negate, required) VALUES ('MAX', 'MAX Rename', 'pattern', 'sonarr', 0, 0);
INSERT OR IGNORE INTO custom_format_conditions (custom_format_name, name, type, arr_type, negate, required) VALUES ('MAX', 'WEBDL', 'source', 'sonarr', 0, 0);
INSERT OR IGNORE INTO custom_format_conditions (custom_format_name, name, type, arr_type, negate, required) VALUES ('MAX', 'WEBRIP', 'source', 'sonarr', 0, 0);

INSERT OR IGNORE INTO custom_formats (name, description, include_in_rename) VALUES ('MP3', '3e8b714263b26f486972ee1e0fe7606c', 0);
INSERT OR IGNORE INTO condition_patterns (custom_format_name, condition_name, regular_expression_name) VALUES ('MP3', 'MP3', 'MP3_MP3');
INSERT OR IGNORE INTO regular_expressions (name, pattern) VALUES ('MP3_MP3', 'mp3');
INSERT OR IGNORE INTO custom_format_conditions (custom_format_name, name, type, arr_type, negate, required) VALUES ('MP3', 'MP3', 'pattern', 'sonarr', 0, 1);

INSERT OR IGNORE INTO custom_formats (name, description, include_in_rename) VALUES ('MPEG2', '4aee45b0868229c4fbd8bad3e315f1d0', 0);
INSERT OR IGNORE INTO condition_patterns (custom_format_name, condition_name, regular_expression_name) VALUES ('MPEG2', 'MPEG2', 'MPEG2_MPEG2');
INSERT OR IGNORE INTO regular_expressions (name, pattern) VALUES ('MPEG2_MPEG2', 'MPEG[-.]?2');
INSERT OR IGNORE INTO custom_format_conditions (custom_format_name, name, type, arr_type, negate, required) VALUES ('MPEG2', 'MPEG2', 'pattern', 'sonarr', 0, 1);

INSERT OR IGNORE INTO custom_formats (name, description, include_in_rename) VALUES ('Multi-Episode', '4a20cfb76b5f92a8ca22b894b32e71be', 0);
INSERT OR IGNORE INTO condition_patterns (custom_format_name, condition_name, regular_expression_name) VALUES ('Multi-Episode', 'Multi-Episode', 'Multi-Episode_Multi-Episode');
INSERT OR IGNORE INTO regular_expressions (name, pattern) VALUES ('Multi-Episode_Multi-Episode', '2');
INSERT OR IGNORE INTO custom_format_conditions (custom_format_name, name, type, arr_type, negate, required) VALUES ('Multi-Episode', 'Multi-Episode', 'pattern', 'sonarr', 0, 0);

INSERT OR IGNORE INTO custom_formats (name, description, include_in_rename) VALUES ('MULTi', '7ba05c6e0e14e793538174c679126996', 1);
INSERT OR IGNORE INTO condition_patterns (custom_format_name, condition_name, regular_expression_name) VALUES ('MULTi', 'Multi', 'MULTi_Multi');
INSERT OR IGNORE INTO regular_expressions (name, pattern) VALUES ('MULTi_Multi', '\b(Multi)(?![ ._-]?sub(s)?)(\b|\d)');
INSERT OR IGNORE INTO custom_format_conditions (custom_format_name, name, type, arr_type, negate, required) VALUES ('MULTi', 'Multi', 'pattern', 'sonarr', 0, 1);

INSERT OR IGNORE INTO custom_formats (name, description, include_in_rename) VALUES ('MY5', '9f72dc1059a6b277c21cee6a1f15f13f', 1);
INSERT OR IGNORE INTO condition_patterns (custom_format_name, condition_name, regular_expression_name) VALUES ('MY5', 'My5', 'MY5_My5');
INSERT OR IGNORE INTO condition_sources (custom_format_name, condition_name, source) VALUES ('MY5', 'WEBDL', 'TELECINE');
INSERT OR IGNORE INTO condition_sources (custom_format_name, condition_name, source) VALUES ('MY5', 'WEBRIP', 'WORKPRINT');
INSERT OR IGNORE INTO regular_expressions (name, pattern) VALUES ('MY5_My5', '\b(MY5)\b');
INSERT OR IGNORE INTO custom_format_conditions (custom_format_name, name, type, arr_type, negate, required) VALUES ('MY5', 'My5', 'pattern', 'sonarr', 0, 1);
INSERT OR IGNORE INTO custom_format_conditions (custom_format_name, name, type, arr_type, negate, required) VALUES ('MY5', 'WEBDL', 'source', 'sonarr', 0, 0);
INSERT OR IGNORE INTO custom_format_conditions (custom_format_name, name, type, arr_type, negate, required) VALUES ('MY5', 'WEBRIP', 'source', 'sonarr', 0, 0);

INSERT OR IGNORE INTO custom_formats (name, description, include_in_rename) VALUES ('NF', 'd34870697c9db575f17700212167be23', 1);
INSERT OR IGNORE INTO condition_patterns (custom_format_name, condition_name, regular_expression_name) VALUES ('NF', 'Netflix', 'NF_Netflix');
INSERT OR IGNORE INTO condition_sources (custom_format_name, condition_name, source) VALUES ('NF', 'WEBDL', 'TELECINE');
INSERT OR IGNORE INTO condition_sources (custom_format_name, condition_name, source) VALUES ('NF', 'WEBRIP', 'WORKPRINT');
INSERT OR IGNORE INTO regular_expressions (name, pattern) VALUES ('NF_Netflix', '\b(nf|netflix(u?hd)?)\b');
INSERT OR IGNORE INTO custom_format_conditions (custom_format_name, name, type, arr_type, negate, required) VALUES ('NF', 'Netflix', 'pattern', 'sonarr', 0, 1);
INSERT OR IGNORE INTO custom_format_conditions (custom_format_name, name, type, arr_type, negate, required) VALUES ('NF', 'WEBDL', 'source', 'sonarr', 0, 0);
INSERT OR IGNORE INTO custom_format_conditions (custom_format_name, name, type, arr_type, negate, required) VALUES ('NF', 'WEBRIP', 'source', 'sonarr', 0, 0);

INSERT OR IGNORE INTO custom_formats (name, description, include_in_rename) VALUES ('NLZ', 'b2b980877494b560443631eb1f473867', 1);
INSERT OR IGNORE INTO condition_patterns (custom_format_name, condition_name, regular_expression_name) VALUES ('NLZ', 'NLZiet', 'NLZ_NLZiet');
INSERT OR IGNORE INTO condition_sources (custom_format_name, condition_name, source) VALUES ('NLZ', 'WEBDL', 'TELECINE');
INSERT OR IGNORE INTO condition_sources (custom_format_name, condition_name, source) VALUES ('NLZ', 'WEBRIP', 'WORKPRINT');
INSERT OR IGNORE INTO regular_expressions (name, pattern) VALUES ('NLZ_NLZiet', '\b(nlz|NLZiet)\b');
INSERT OR IGNORE INTO custom_format_conditions (custom_format_name, name, type, arr_type, negate, required) VALUES ('NLZ', 'NLZiet', 'pattern', 'sonarr', 0, 1);
INSERT OR IGNORE INTO custom_format_conditions (custom_format_name, name, type, arr_type, negate, required) VALUES ('NLZ', 'WEBDL', 'source', 'sonarr', 0, 0);
INSERT OR IGNORE INTO custom_format_conditions (custom_format_name, name, type, arr_type, negate, required) VALUES ('NLZ', 'WEBRIP', 'source', 'sonarr', 0, 0);

INSERT OR IGNORE INTO custom_formats (name, description, include_in_rename) VALUES ('No-RlsGroup', '82d40da2bc6923f41e14394075dd4b03', 0);
INSERT OR IGNORE INTO condition_patterns (custom_format_name, condition_name, regular_expression_name) VALUES ('No-RlsGroup', 'No Parsed Group', 'No-RlsGroup_No_Parsed_Group');
INSERT OR IGNORE INTO regular_expressions (name, pattern) VALUES ('No-RlsGroup_No_Parsed_Group', '.');
INSERT OR IGNORE INTO custom_format_conditions (custom_format_name, name, type, arr_type, negate, required) VALUES ('No-RlsGroup', 'No Parsed Group', 'pattern', 'sonarr', 1, 0);

INSERT OR IGNORE INTO custom_formats (name, description, include_in_rename) VALUES ('NOW', 'b66a699fba6f9df91becab798d7502e5', 1);
INSERT OR IGNORE INTO condition_patterns (custom_format_name, condition_name, regular_expression_name) VALUES ('NOW', 'NOW', 'NOW_NOW');
INSERT OR IGNORE INTO condition_patterns (custom_format_name, condition_name, regular_expression_name) VALUES ('NOW', 'NOW Rename', 'NOW_NOW_Rename');
INSERT OR IGNORE INTO condition_sources (custom_format_name, condition_name, source) VALUES ('NOW', 'WEBDL', 'TELECINE');
INSERT OR IGNORE INTO condition_sources (custom_format_name, condition_name, source) VALUES ('NOW', 'WEBRIP', 'WORKPRINT');
INSERT OR IGNORE INTO regular_expressions (name, pattern) VALUES ('NOW_NOW', '\b(now)\b[ ._-]web[ ._-]?(dl|rip)?\b');
INSERT OR IGNORE INTO regular_expressions (name, pattern) VALUES ('NOW_NOW_Rename', '\[(NOW)\b|\b(NOW)\]');
INSERT OR IGNORE INTO custom_format_conditions (custom_format_name, name, type, arr_type, negate, required) VALUES ('NOW', 'NOW', 'pattern', 'sonarr', 0, 0);
INSERT OR IGNORE INTO custom_format_conditions (custom_format_name, name, type, arr_type, negate, required) VALUES ('NOW', 'NOW Rename', 'pattern', 'sonarr', 0, 0);
INSERT OR IGNORE INTO custom_format_conditions (custom_format_name, name, type, arr_type, negate, required) VALUES ('NOW', 'WEBDL', 'source', 'sonarr', 0, 0);
INSERT OR IGNORE INTO custom_format_conditions (custom_format_name, name, type, arr_type, negate, required) VALUES ('NOW', 'WEBRIP', 'source', 'sonarr', 0, 0);

INSERT OR IGNORE INTO custom_formats (name, description, include_in_rename) VALUES ('Obfuscated', 'e1a997ddb54e3ecbfe06341ad323c458', 0);
INSERT OR IGNORE INTO condition_patterns (custom_format_name, condition_name, regular_expression_name) VALUES ('Obfuscated', '4P', 'Obfuscated_4P');
INSERT OR IGNORE INTO condition_patterns (custom_format_name, condition_name, regular_expression_name) VALUES ('Obfuscated', '4Planet', 'Obfuscated_4Planet');
INSERT OR IGNORE INTO condition_patterns (custom_format_name, condition_name, regular_expression_name) VALUES ('Obfuscated', 'AsRequested', 'Obfuscated_AsRequested');
INSERT OR IGNORE INTO condition_patterns (custom_format_name, condition_name, regular_expression_name) VALUES ('Obfuscated', 'BUYMORE', 'Obfuscated_BUYMORE');
INSERT OR IGNORE INTO condition_patterns (custom_format_name, condition_name, regular_expression_name) VALUES ('Obfuscated', 'Chamele0n', 'Obfuscated_Chamele0n');
INSERT OR IGNORE INTO condition_patterns (custom_format_name, condition_name, regular_expression_name) VALUES ('Obfuscated', 'GEROV', 'Obfuscated_GEROV');
INSERT OR IGNORE INTO condition_patterns (custom_format_name, condition_name, regular_expression_name) VALUES ('Obfuscated', 'iNC0GNiTO', 'Obfuscated_iNC0GNiTO');
INSERT OR IGNORE INTO condition_patterns (custom_format_name, condition_name, regular_expression_name) VALUES ('Obfuscated', 'NZBGeek', 'Obfuscated_NZBGeek');
INSERT OR IGNORE INTO condition_patterns (custom_format_name, condition_name, regular_expression_name) VALUES ('Obfuscated', 'Obfuscated', 'Obfuscated_Obfuscated');
INSERT OR IGNORE INTO condition_patterns (custom_format_name, condition_name, regular_expression_name) VALUES ('Obfuscated', 'postbot', 'Obfuscated_postbot');
INSERT OR IGNORE INTO condition_patterns (custom_format_name, condition_name, regular_expression_name) VALUES ('Obfuscated', 'Rakuv', 'Obfuscated_Rakuv');
INSERT OR IGNORE INTO condition_patterns (custom_format_name, condition_name, regular_expression_name) VALUES ('Obfuscated', 'Scrambled', 'Obfuscated_Scrambled');
INSERT OR IGNORE INTO condition_patterns (custom_format_name, condition_name, regular_expression_name) VALUES ('Obfuscated', 'WhiteRev', 'Obfuscated_WhiteRev');
INSERT OR IGNORE INTO condition_patterns (custom_format_name, condition_name, regular_expression_name) VALUES ('Obfuscated', 'xpost', 'Obfuscated_xpost');
INSERT OR IGNORE INTO condition_patterns (custom_format_name, condition_name, regular_expression_name) VALUES ('Obfuscated', 'WRTEAM', 'Obfuscated_WRTEAM');
INSERT OR IGNORE INTO condition_patterns (custom_format_name, condition_name, regular_expression_name) VALUES ('Obfuscated', 'CAPTCHA', 'Obfuscated_CAPTCHA');
INSERT OR IGNORE INTO condition_patterns (custom_format_name, condition_name, regular_expression_name) VALUES ('Obfuscated', '_nzb', 'Obfuscated__nzb');
INSERT OR IGNORE INTO regular_expressions (name, pattern) VALUES ('Obfuscated_4P', '-4P\b');
INSERT OR IGNORE INTO regular_expressions (name, pattern) VALUES ('Obfuscated_4Planet', '-4Planet\b');
INSERT OR IGNORE INTO regular_expressions (name, pattern) VALUES ('Obfuscated_AsRequested', '-AsRequested\b');
INSERT OR IGNORE INTO regular_expressions (name, pattern) VALUES ('Obfuscated_BUYMORE', '-BUYMORE\b');
INSERT OR IGNORE INTO regular_expressions (name, pattern) VALUES ('Obfuscated_Chamele0n', '-Chamele0n\b');
INSERT OR IGNORE INTO regular_expressions (name, pattern) VALUES ('Obfuscated_GEROV', '-GEROV\b');
INSERT OR IGNORE INTO regular_expressions (name, pattern) VALUES ('Obfuscated_iNC0GNiTO', '-iNC0GNiTO\b');
INSERT OR IGNORE INTO regular_expressions (name, pattern) VALUES ('Obfuscated_NZBGeek', '-NZBGeek\b');
INSERT OR IGNORE INTO regular_expressions (name, pattern) VALUES ('Obfuscated_Obfuscated', '-Obfuscated\b');
INSERT OR IGNORE INTO regular_expressions (name, pattern) VALUES ('Obfuscated_postbot', '-postbot\b');
INSERT OR IGNORE INTO regular_expressions (name, pattern) VALUES ('Obfuscated_Rakuv', '-Rakuv\b');
INSERT OR IGNORE INTO regular_expressions (name, pattern) VALUES ('Obfuscated_Scrambled', '(?<=\bS\d+\b).*(Scrambled)\b');
INSERT OR IGNORE INTO regular_expressions (name, pattern) VALUES ('Obfuscated_WhiteRev', '-WhiteRev\b');
INSERT OR IGNORE INTO regular_expressions (name, pattern) VALUES ('Obfuscated_xpost', '-xpost\b');
INSERT OR IGNORE INTO regular_expressions (name, pattern) VALUES ('Obfuscated_WRTEAM', '-WRTEAM\b');
INSERT OR IGNORE INTO regular_expressions (name, pattern) VALUES ('Obfuscated_CAPTCHA', '-CAPTCHA\b');
INSERT OR IGNORE INTO regular_expressions (name, pattern) VALUES ('Obfuscated__nzb', '_nzb\b');
INSERT OR IGNORE INTO custom_format_conditions (custom_format_name, name, type, arr_type, negate, required) VALUES ('Obfuscated', '4P', 'pattern', 'sonarr', 0, 0);
INSERT OR IGNORE INTO custom_format_conditions (custom_format_name, name, type, arr_type, negate, required) VALUES ('Obfuscated', '4Planet', 'pattern', 'sonarr', 0, 0);
INSERT OR IGNORE INTO custom_format_conditions (custom_format_name, name, type, arr_type, negate, required) VALUES ('Obfuscated', 'AsRequested', 'pattern', 'sonarr', 0, 0);
INSERT OR IGNORE INTO custom_format_conditions (custom_format_name, name, type, arr_type, negate, required) VALUES ('Obfuscated', 'BUYMORE', 'pattern', 'sonarr', 0, 0);
INSERT OR IGNORE INTO custom_format_conditions (custom_format_name, name, type, arr_type, negate, required) VALUES ('Obfuscated', 'Chamele0n', 'pattern', 'sonarr', 0, 0);
INSERT OR IGNORE INTO custom_format_conditions (custom_format_name, name, type, arr_type, negate, required) VALUES ('Obfuscated', 'GEROV', 'pattern', 'sonarr', 0, 0);
INSERT OR IGNORE INTO custom_format_conditions (custom_format_name, name, type, arr_type, negate, required) VALUES ('Obfuscated', 'iNC0GNiTO', 'pattern', 'sonarr', 0, 0);
INSERT OR IGNORE INTO custom_format_conditions (custom_format_name, name, type, arr_type, negate, required) VALUES ('Obfuscated', 'NZBGeek', 'pattern', 'sonarr', 0, 0);
INSERT OR IGNORE INTO custom_format_conditions (custom_format_name, name, type, arr_type, negate, required) VALUES ('Obfuscated', 'Obfuscated', 'pattern', 'sonarr', 0, 0);
INSERT OR IGNORE INTO custom_format_conditions (custom_format_name, name, type, arr_type, negate, required) VALUES ('Obfuscated', 'postbot', 'pattern', 'sonarr', 0, 0);
INSERT OR IGNORE INTO custom_format_conditions (custom_format_name, name, type, arr_type, negate, required) VALUES ('Obfuscated', 'Rakuv', 'pattern', 'sonarr', 0, 0);
INSERT OR IGNORE INTO custom_format_conditions (custom_format_name, name, type, arr_type, negate, required) VALUES ('Obfuscated', 'Scrambled', 'pattern', 'sonarr', 0, 0);
INSERT OR IGNORE INTO custom_format_conditions (custom_format_name, name, type, arr_type, negate, required) VALUES ('Obfuscated', 'WhiteRev', 'pattern', 'sonarr', 0, 0);
INSERT OR IGNORE INTO custom_format_conditions (custom_format_name, name, type, arr_type, negate, required) VALUES ('Obfuscated', 'xpost', 'pattern', 'sonarr', 0, 0);
INSERT OR IGNORE INTO custom_format_conditions (custom_format_name, name, type, arr_type, negate, required) VALUES ('Obfuscated', 'WRTEAM', 'pattern', 'sonarr', 0, 0);
INSERT OR IGNORE INTO custom_format_conditions (custom_format_name, name, type, arr_type, negate, required) VALUES ('Obfuscated', 'CAPTCHA', 'pattern', 'sonarr', 0, 0);
INSERT OR IGNORE INTO custom_format_conditions (custom_format_name, name, type, arr_type, negate, required) VALUES ('Obfuscated', '_nzb', 'pattern', 'sonarr', 0, 0);

INSERT OR IGNORE INTO custom_formats (name, description, include_in_rename) VALUES ('Opus', '28f6ef16d61e2d1adfce3156ed8257e3', 0);
INSERT OR IGNORE INTO condition_patterns (custom_format_name, condition_name, regular_expression_name) VALUES ('Opus', 'Opus', 'Opus_Opus');
INSERT OR IGNORE INTO condition_patterns (custom_format_name, condition_name, regular_expression_name) VALUES ('Opus', 'Not OPUS Release Group', 'Opus_Not_OPUS_Release_Group');
INSERT OR IGNORE INTO regular_expressions (name, pattern) VALUES ('Opus_Opus', '\bOPUS(\b|\d)(?!.*[ ._-](\d{3,4}p))');
INSERT OR IGNORE INTO regular_expressions (name, pattern) VALUES ('Opus_Not_OPUS_Release_Group', 'OPUS');
INSERT OR IGNORE INTO custom_format_conditions (custom_format_name, name, type, arr_type, negate, required) VALUES ('Opus', 'Opus', 'pattern', 'sonarr', 0, 1);
INSERT OR IGNORE INTO custom_format_conditions (custom_format_name, name, type, arr_type, negate, required) VALUES ('Opus', 'Not OPUS Release Group', 'pattern', 'sonarr', 1, 1);

INSERT OR IGNORE INTO custom_formats (name, description, include_in_rename) VALUES ('OViD', 'fb1a91cdc0f26f7ca0696e0e95274645', 1);
INSERT OR IGNORE INTO condition_patterns (custom_format_name, condition_name, regular_expression_name) VALUES ('OViD', 'OViD', 'OViD_OViD');
INSERT OR IGNORE INTO condition_sources (custom_format_name, condition_name, source) VALUES ('OViD', 'WEBDL', 'TELECINE');
INSERT OR IGNORE INTO condition_sources (custom_format_name, condition_name, source) VALUES ('OViD', 'WEBRIP', 'WORKPRINT');
INSERT OR IGNORE INTO regular_expressions (name, pattern) VALUES ('OViD_OViD', '\b(ovid)\b');
INSERT OR IGNORE INTO custom_format_conditions (custom_format_name, name, type, arr_type, negate, required) VALUES ('OViD', 'OViD', 'pattern', 'sonarr', 0, 1);
INSERT OR IGNORE INTO custom_format_conditions (custom_format_name, name, type, arr_type, negate, required) VALUES ('OViD', 'WEBDL', 'source', 'sonarr', 0, 0);
INSERT OR IGNORE INTO custom_format_conditions (custom_format_name, name, type, arr_type, negate, required) VALUES ('OViD', 'WEBRIP', 'source', 'sonarr', 0, 0);

INSERT OR IGNORE INTO custom_formats (name, description, include_in_rename) VALUES ('PCM', '30f70576671ca933adbdcfc736a69718', 0);
INSERT OR IGNORE INTO condition_patterns (custom_format_name, condition_name, regular_expression_name) VALUES ('PCM', 'PCM', 'PCM_PCM');
INSERT OR IGNORE INTO condition_patterns (custom_format_name, condition_name, regular_expression_name) VALUES ('PCM', 'Not AAC', 'PCM_Not_AAC');
INSERT OR IGNORE INTO condition_patterns (custom_format_name, condition_name, regular_expression_name) VALUES ('PCM', 'Not FLAC', 'PCM_Not_FLAC');
INSERT OR IGNORE INTO condition_patterns (custom_format_name, condition_name, regular_expression_name) VALUES ('PCM', 'Not DTS', 'PCM_Not_DTS');
INSERT OR IGNORE INTO condition_patterns (custom_format_name, condition_name, regular_expression_name) VALUES ('PCM', 'Not TrueHDATMOS', 'PCM_Not_TrueHDATMOS');
INSERT OR IGNORE INTO condition_patterns (custom_format_name, condition_name, regular_expression_name) VALUES ('PCM', 'Not Basic Dolby Digital', 'PCM_Not_Basic_Dolby_Digital');
INSERT OR IGNORE INTO condition_patterns (custom_format_name, condition_name, regular_expression_name) VALUES ('PCM', 'Not Dolby Digital Plus ', 'PCM_Not_Dolby_Digital_Plus_');
INSERT OR IGNORE INTO regular_expressions (name, pattern) VALUES ('PCM_PCM', '\b(l?)PCM(\b|\d)');
INSERT OR IGNORE INTO regular_expressions (name, pattern) VALUES ('PCM_Not_AAC', '\bAAC(\b|\d)');
INSERT OR IGNORE INTO regular_expressions (name, pattern) VALUES ('PCM_Not_FLAC', '\bFLAC(\b|\d)');
INSERT OR IGNORE INTO regular_expressions (name, pattern) VALUES ('PCM_Not_DTS', '\bDTS(\b|\d)');
INSERT OR IGNORE INTO regular_expressions (name, pattern) VALUES ('PCM_Not_TrueHDATMOS', 'True[ .-]?HD|\bATMOS(\b|\d)');
INSERT OR IGNORE INTO regular_expressions (name, pattern) VALUES ('PCM_Not_Basic_Dolby_Digital', '\bDD[^a-z+]|(?<!e-)\b(ac-?3)\b');
INSERT OR IGNORE INTO regular_expressions (name, pattern) VALUES ('PCM_Not_Dolby_Digital_Plus_', '\bDD[P+]|\b(e[-_. ]?ac-?3)\b');
INSERT OR IGNORE INTO custom_format_conditions (custom_format_name, name, type, arr_type, negate, required) VALUES ('PCM', 'PCM', 'pattern', 'sonarr', 0, 1);
INSERT OR IGNORE INTO custom_format_conditions (custom_format_name, name, type, arr_type, negate, required) VALUES ('PCM', 'Not AAC', 'pattern', 'sonarr', 1, 1);
INSERT OR IGNORE INTO custom_format_conditions (custom_format_name, name, type, arr_type, negate, required) VALUES ('PCM', 'Not FLAC', 'pattern', 'sonarr', 1, 1);
INSERT OR IGNORE INTO custom_format_conditions (custom_format_name, name, type, arr_type, negate, required) VALUES ('PCM', 'Not DTS', 'pattern', 'sonarr', 1, 1);
INSERT OR IGNORE INTO custom_format_conditions (custom_format_name, name, type, arr_type, negate, required) VALUES ('PCM', 'Not TrueHDATMOS', 'pattern', 'sonarr', 1, 1);
INSERT OR IGNORE INTO custom_format_conditions (custom_format_name, name, type, arr_type, negate, required) VALUES ('PCM', 'Not Basic Dolby Digital', 'pattern', 'sonarr', 1, 1);
INSERT OR IGNORE INTO custom_format_conditions (custom_format_name, name, type, arr_type, negate, required) VALUES ('PCM', 'Not Dolby Digital Plus ', 'pattern', 'sonarr', 1, 1);

INSERT OR IGNORE INTO custom_formats (name, description, include_in_rename) VALUES ('PCOK', '1656adc6d7bb2c8cca6acfb6592db421', 1);
INSERT OR IGNORE INTO condition_patterns (custom_format_name, condition_name, regular_expression_name) VALUES ('PCOK', 'Peacock TV', 'PCOK_Peacock_TV');
INSERT OR IGNORE INTO condition_sources (custom_format_name, condition_name, source) VALUES ('PCOK', 'WEBDL', 'TELECINE');
INSERT OR IGNORE INTO condition_sources (custom_format_name, condition_name, source) VALUES ('PCOK', 'WEBRIP', 'WORKPRINT');
INSERT OR IGNORE INTO regular_expressions (name, pattern) VALUES ('PCOK_Peacock_TV', '\b(pcok|Peacock TV)\b');
INSERT OR IGNORE INTO custom_format_conditions (custom_format_name, name, type, arr_type, negate, required) VALUES ('PCOK', 'Peacock TV', 'pattern', 'sonarr', 0, 1);
INSERT OR IGNORE INTO custom_format_conditions (custom_format_name, name, type, arr_type, negate, required) VALUES ('PCOK', 'WEBDL', 'source', 'sonarr', 0, 0);
INSERT OR IGNORE INTO custom_format_conditions (custom_format_name, name, type, arr_type, negate, required) VALUES ('PCOK', 'WEBRIP', 'source', 'sonarr', 0, 0);

INSERT OR IGNORE INTO custom_formats (name, description, include_in_rename) VALUES ('PLAY', '6eb71887a8db6e783dd398446eb0e65d', 1);
INSERT OR IGNORE INTO condition_patterns (custom_format_name, condition_name, regular_expression_name) VALUES ('PLAY', 'PLAY', 'PLAY_PLAY');
INSERT OR IGNORE INTO condition_patterns (custom_format_name, condition_name, regular_expression_name) VALUES ('PLAY', 'PLAY Rename', 'PLAY_PLAY_Rename');
INSERT OR IGNORE INTO condition_sources (custom_format_name, condition_name, source) VALUES ('PLAY', 'WEBDL', 'TELECINE');
INSERT OR IGNORE INTO condition_sources (custom_format_name, condition_name, source) VALUES ('PLAY', 'WEBRIP', 'WORKPRINT');
INSERT OR IGNORE INTO regular_expressions (name, pattern) VALUES ('PLAY_PLAY', '\b(Play)\b(?=[ ._-]web[ ._-]?(dl|rip)\b)');
INSERT OR IGNORE INTO regular_expressions (name, pattern) VALUES ('PLAY_PLAY_Rename', '\[(Play)\b|\b(Play)\]');
INSERT OR IGNORE INTO custom_format_conditions (custom_format_name, name, type, arr_type, negate, required) VALUES ('PLAY', 'PLAY', 'pattern', 'sonarr', 0, 0);
INSERT OR IGNORE INTO custom_format_conditions (custom_format_name, name, type, arr_type, negate, required) VALUES ('PLAY', 'PLAY Rename', 'pattern', 'sonarr', 0, 0);
INSERT OR IGNORE INTO custom_format_conditions (custom_format_name, name, type, arr_type, negate, required) VALUES ('PLAY', 'WEBDL', 'source', 'sonarr', 0, 0);
INSERT OR IGNORE INTO custom_format_conditions (custom_format_name, name, type, arr_type, negate, required) VALUES ('PLAY', 'WEBRIP', 'source', 'sonarr', 0, 0);

INSERT OR IGNORE INTO custom_formats (name, description, include_in_rename) VALUES ('PMTP', 'c67a75ae4a1715f2bb4d492755ba4195', 1);
INSERT OR IGNORE INTO condition_patterns (custom_format_name, condition_name, regular_expression_name) VALUES ('PMTP', 'Paramount', 'PMTP_Paramount');
INSERT OR IGNORE INTO condition_sources (custom_format_name, condition_name, source) VALUES ('PMTP', 'WEBDL', 'TELECINE');
INSERT OR IGNORE INTO condition_sources (custom_format_name, condition_name, source) VALUES ('PMTP', 'WEBRIP', 'WORKPRINT');
INSERT OR IGNORE INTO regular_expressions (name, pattern) VALUES ('PMTP_Paramount', '\b(pmtp|Paramount\+)\b');
INSERT OR IGNORE INTO custom_format_conditions (custom_format_name, name, type, arr_type, negate, required) VALUES ('PMTP', 'Paramount', 'pattern', 'sonarr', 0, 1);
INSERT OR IGNORE INTO custom_format_conditions (custom_format_name, name, type, arr_type, negate, required) VALUES ('PMTP', 'WEBDL', 'source', 'sonarr', 0, 0);
INSERT OR IGNORE INTO custom_format_conditions (custom_format_name, name, type, arr_type, negate, required) VALUES ('PMTP', 'WEBRIP', 'source', 'sonarr', 0, 0);

INSERT OR IGNORE INTO custom_formats (name, description, include_in_rename) VALUES ('QIBI', '3ac5d84fce98bab1b531393e9c82f467', 1);
INSERT OR IGNORE INTO condition_patterns (custom_format_name, condition_name, regular_expression_name) VALUES ('QIBI', 'Quibi', 'QIBI_Quibi');
INSERT OR IGNORE INTO condition_sources (custom_format_name, condition_name, source) VALUES ('QIBI', 'WEBDL', 'TELECINE');
INSERT OR IGNORE INTO condition_sources (custom_format_name, condition_name, source) VALUES ('QIBI', 'WEBRIP', 'WORKPRINT');
INSERT OR IGNORE INTO regular_expressions (name, pattern) VALUES ('QIBI_Quibi', '\b(qibi|quibi)\b');
INSERT OR IGNORE INTO custom_format_conditions (custom_format_name, name, type, arr_type, negate, required) VALUES ('QIBI', 'Quibi', 'pattern', 'sonarr', 0, 1);
INSERT OR IGNORE INTO custom_format_conditions (custom_format_name, name, type, arr_type, negate, required) VALUES ('QIBI', 'WEBDL', 'source', 'sonarr', 0, 0);
INSERT OR IGNORE INTO custom_format_conditions (custom_format_name, name, type, arr_type, negate, required) VALUES ('QIBI', 'WEBRIP', 'source', 'sonarr', 0, 0);

INSERT OR IGNORE INTO custom_formats (name, description, include_in_rename) VALUES ('RED', 'c30d2958827d1867c73318a5a2957eb1', 1);
INSERT OR IGNORE INTO condition_patterns (custom_format_name, condition_name, regular_expression_name) VALUES ('RED', 'YouTube Red', 'RED_YouTube_Red');
INSERT OR IGNORE INTO condition_patterns (custom_format_name, condition_name, regular_expression_name) VALUES ('RED', 'RED Rename', 'RED_RED_Rename');
INSERT OR IGNORE INTO condition_sources (custom_format_name, condition_name, source) VALUES ('RED', 'WEBDL', 'TELECINE');
INSERT OR IGNORE INTO condition_sources (custom_format_name, condition_name, source) VALUES ('RED', 'WEBRIP', 'WORKPRINT');
INSERT OR IGNORE INTO regular_expressions (name, pattern) VALUES ('RED_YouTube_Red', '\b(red|youtube red)\b[ ._-]web[ ._-]?(dl|rip)?\b');
INSERT OR IGNORE INTO regular_expressions (name, pattern) VALUES ('RED_RED_Rename', '\[(RED)\b|\b(RED)\]');
INSERT OR IGNORE INTO custom_format_conditions (custom_format_name, name, type, arr_type, negate, required) VALUES ('RED', 'YouTube Red', 'pattern', 'sonarr', 0, 0);
INSERT OR IGNORE INTO custom_format_conditions (custom_format_name, name, type, arr_type, negate, required) VALUES ('RED', 'RED Rename', 'pattern', 'sonarr', 0, 0);
INSERT OR IGNORE INTO custom_format_conditions (custom_format_name, name, type, arr_type, negate, required) VALUES ('RED', 'WEBDL', 'source', 'sonarr', 0, 0);
INSERT OR IGNORE INTO custom_format_conditions (custom_format_name, name, type, arr_type, negate, required) VALUES ('RED', 'WEBRIP', 'source', 'sonarr', 0, 0);

INSERT OR IGNORE INTO custom_formats (name, description, include_in_rename) VALUES ('Remaster', 'b735f09d3c025cbb7d75a5d38325b73b', 0);
INSERT OR IGNORE INTO condition_patterns (custom_format_name, condition_name, regular_expression_name) VALUES ('Remaster', 'Remaster', 'Remaster_Remaster');
INSERT OR IGNORE INTO condition_patterns (custom_format_name, condition_name, regular_expression_name) VALUES ('Remaster', 'Not 4K Remaster', 'Remaster_Not_4K_Remaster');
INSERT OR IGNORE INTO regular_expressions (name, pattern) VALUES ('Remaster_Remaster', 'Remaster');
INSERT OR IGNORE INTO regular_expressions (name, pattern) VALUES ('Remaster_Not_4K_Remaster', '4K');
INSERT OR IGNORE INTO custom_format_conditions (custom_format_name, name, type, arr_type, negate, required) VALUES ('Remaster', 'Remaster', 'pattern', 'sonarr', 0, 1);
INSERT OR IGNORE INTO custom_format_conditions (custom_format_name, name, type, arr_type, negate, required) VALUES ('Remaster', 'Not 4K Remaster', 'pattern', 'sonarr', 1, 1);

INSERT OR IGNORE INTO custom_formats (name, description, include_in_rename) VALUES ('Remux Tier 01', '9965a052eb87b0d10313b1cea89eb451', 0);
INSERT OR IGNORE INTO condition_patterns (custom_format_name, condition_name, regular_expression_name) VALUES ('Remux Tier 01', 'BLURANiUM', 'Remux_Tier_01_BLURANiUM');
INSERT OR IGNORE INTO condition_patterns (custom_format_name, condition_name, regular_expression_name) VALUES ('Remux Tier 01', 'BMF', 'Remux_Tier_01_BMF');
INSERT OR IGNORE INTO condition_patterns (custom_format_name, condition_name, regular_expression_name) VALUES ('Remux Tier 01', 'FraMeSToR', 'Remux_Tier_01_FraMeSToR');
INSERT OR IGNORE INTO condition_patterns (custom_format_name, condition_name, regular_expression_name) VALUES ('Remux Tier 01', 'PmP', 'Remux_Tier_01_PmP');
INSERT OR IGNORE INTO condition_sources (custom_format_name, condition_name, source) VALUES ('Remux Tier 01', 'Remux', 'WEBDL');
INSERT OR IGNORE INTO regular_expressions (name, pattern) VALUES ('Remux_Tier_01_BLURANiUM', '^(BLURANiUM)$');
INSERT OR IGNORE INTO regular_expressions (name, pattern) VALUES ('Remux_Tier_01_BMF', '^(BMF)$');
INSERT OR IGNORE INTO regular_expressions (name, pattern) VALUES ('Remux_Tier_01_FraMeSToR', '^(FraMeSToR)$');
INSERT OR IGNORE INTO regular_expressions (name, pattern) VALUES ('Remux_Tier_01_PmP', '^(PmP)$');
INSERT OR IGNORE INTO custom_format_conditions (custom_format_name, name, type, arr_type, negate, required) VALUES ('Remux Tier 01', 'Remux', 'source', 'sonarr', 0, 1);
INSERT OR IGNORE INTO custom_format_conditions (custom_format_name, name, type, arr_type, negate, required) VALUES ('Remux Tier 01', 'BLURANiUM', 'pattern', 'sonarr', 0, 0);
INSERT OR IGNORE INTO custom_format_conditions (custom_format_name, name, type, arr_type, negate, required) VALUES ('Remux Tier 01', 'BMF', 'pattern', 'sonarr', 0, 0);
INSERT OR IGNORE INTO custom_format_conditions (custom_format_name, name, type, arr_type, negate, required) VALUES ('Remux Tier 01', 'FraMeSToR', 'pattern', 'sonarr', 0, 0);
INSERT OR IGNORE INTO custom_format_conditions (custom_format_name, name, type, arr_type, negate, required) VALUES ('Remux Tier 01', 'PmP', 'pattern', 'sonarr', 0, 0);

INSERT OR IGNORE INTO custom_formats (name, description, include_in_rename) VALUES ('Remux Tier 02', '8a1d0c3d7497e741736761a1da866a2e', 0);
INSERT OR IGNORE INTO condition_patterns (custom_format_name, condition_name, regular_expression_name) VALUES ('Remux Tier 02', '12GaugeShotgun', 'Remux_Tier_02_12GaugeShotgun');
INSERT OR IGNORE INTO condition_patterns (custom_format_name, condition_name, regular_expression_name) VALUES ('Remux Tier 02', 'decibeL', 'Remux_Tier_02_decibeL');
INSERT OR IGNORE INTO condition_patterns (custom_format_name, condition_name, regular_expression_name) VALUES ('Remux Tier 02', 'EPSiLON', 'Remux_Tier_02_EPSiLON');
INSERT OR IGNORE INTO condition_patterns (custom_format_name, condition_name, regular_expression_name) VALUES ('Remux Tier 02', 'HiFi', 'Remux_Tier_02_HiFi');
INSERT OR IGNORE INTO condition_patterns (custom_format_name, condition_name, regular_expression_name) VALUES ('Remux Tier 02', 'KRaLiMaRKo', 'Remux_Tier_02_KRaLiMaRKo');
INSERT OR IGNORE INTO condition_patterns (custom_format_name, condition_name, regular_expression_name) VALUES ('Remux Tier 02', 'playBD', 'Remux_Tier_02_playBD');
INSERT OR IGNORE INTO condition_patterns (custom_format_name, condition_name, regular_expression_name) VALUES ('Remux Tier 02', 'PTer', 'Remux_Tier_02_PTer');
INSERT OR IGNORE INTO condition_patterns (custom_format_name, condition_name, regular_expression_name) VALUES ('Remux Tier 02', 'SiCFoI', 'Remux_Tier_02_SiCFoI');
INSERT OR IGNORE INTO condition_patterns (custom_format_name, condition_name, regular_expression_name) VALUES ('Remux Tier 02', 'TRiToN', 'Remux_Tier_02_TRiToN');
INSERT OR IGNORE INTO condition_sources (custom_format_name, condition_name, source) VALUES ('Remux Tier 02', 'Remux', 'WEBDL');
INSERT OR IGNORE INTO regular_expressions (name, pattern) VALUES ('Remux_Tier_02_12GaugeShotgun', '^(12GaugeShotgun)$');
INSERT OR IGNORE INTO regular_expressions (name, pattern) VALUES ('Remux_Tier_02_decibeL', '^(decibeL)$');
INSERT OR IGNORE INTO regular_expressions (name, pattern) VALUES ('Remux_Tier_02_EPSiLON', '^(EPSiLON)$');
INSERT OR IGNORE INTO regular_expressions (name, pattern) VALUES ('Remux_Tier_02_HiFi', '^(HiFi)$');
INSERT OR IGNORE INTO regular_expressions (name, pattern) VALUES ('Remux_Tier_02_KRaLiMaRKo', '^(KRaLiMaRKo)$');
INSERT OR IGNORE INTO regular_expressions (name, pattern) VALUES ('Remux_Tier_02_playBD', '^(playBD)$');
INSERT OR IGNORE INTO regular_expressions (name, pattern) VALUES ('Remux_Tier_02_PTer', '^(PTer)$');
INSERT OR IGNORE INTO regular_expressions (name, pattern) VALUES ('Remux_Tier_02_SiCFoI', '^(SiCFoI)$');
INSERT OR IGNORE INTO regular_expressions (name, pattern) VALUES ('Remux_Tier_02_TRiToN', '^(TRiToN)$');
INSERT OR IGNORE INTO custom_format_conditions (custom_format_name, name, type, arr_type, negate, required) VALUES ('Remux Tier 02', 'Remux', 'source', 'sonarr', 0, 1);
INSERT OR IGNORE INTO custom_format_conditions (custom_format_name, name, type, arr_type, negate, required) VALUES ('Remux Tier 02', '12GaugeShotgun', 'pattern', 'sonarr', 0, 0);
INSERT OR IGNORE INTO custom_format_conditions (custom_format_name, name, type, arr_type, negate, required) VALUES ('Remux Tier 02', 'decibeL', 'pattern', 'sonarr', 0, 0);
INSERT OR IGNORE INTO custom_format_conditions (custom_format_name, name, type, arr_type, negate, required) VALUES ('Remux Tier 02', 'EPSiLON', 'pattern', 'sonarr', 0, 0);
INSERT OR IGNORE INTO custom_format_conditions (custom_format_name, name, type, arr_type, negate, required) VALUES ('Remux Tier 02', 'HiFi', 'pattern', 'sonarr', 0, 0);
INSERT OR IGNORE INTO custom_format_conditions (custom_format_name, name, type, arr_type, negate, required) VALUES ('Remux Tier 02', 'KRaLiMaRKo', 'pattern', 'sonarr', 0, 0);
INSERT OR IGNORE INTO custom_format_conditions (custom_format_name, name, type, arr_type, negate, required) VALUES ('Remux Tier 02', 'playBD', 'pattern', 'sonarr', 0, 0);
INSERT OR IGNORE INTO custom_format_conditions (custom_format_name, name, type, arr_type, negate, required) VALUES ('Remux Tier 02', 'PTer', 'pattern', 'sonarr', 0, 0);
INSERT OR IGNORE INTO custom_format_conditions (custom_format_name, name, type, arr_type, negate, required) VALUES ('Remux Tier 02', 'SiCFoI', 'pattern', 'sonarr', 0, 0);
INSERT OR IGNORE INTO custom_format_conditions (custom_format_name, name, type, arr_type, negate, required) VALUES ('Remux Tier 02', 'TRiToN', 'pattern', 'sonarr', 0, 0);

INSERT OR IGNORE INTO custom_formats (name, description, include_in_rename) VALUES ('Repack/Proper', 'ec8fa7296b64e8cd390a1600981f3923', 0);
INSERT OR IGNORE INTO condition_patterns (custom_format_name, condition_name, regular_expression_name) VALUES ('Repack/Proper', 'RepackProperRerip', 'Repack/Proper_RepackProperRerip');
INSERT OR IGNORE INTO condition_patterns (custom_format_name, condition_name, regular_expression_name) VALUES ('Repack/Proper', 'Not Higher Version RepackProper', 'Repack/Proper_Not_Higher_Version_RepackProper');
INSERT OR IGNORE INTO regular_expressions (name, pattern) VALUES ('Repack/Proper_RepackProperRerip', '\b(Repack|Proper|Rerip)\b');
INSERT OR IGNORE INTO regular_expressions (name, pattern) VALUES ('Repack/Proper_Not_Higher_Version_RepackProper', '\b((repack|proper)[23])\b|\bREAL\.(REAL\.)?(PROPER|REPACK)\b');
INSERT OR IGNORE INTO custom_format_conditions (custom_format_name, name, type, arr_type, negate, required) VALUES ('Repack/Proper', 'RepackProperRerip', 'pattern', 'sonarr', 0, 1);
INSERT OR IGNORE INTO custom_format_conditions (custom_format_name, name, type, arr_type, negate, required) VALUES ('Repack/Proper', 'Not Higher Version RepackProper', 'pattern', 'sonarr', 1, 1);

INSERT OR IGNORE INTO custom_formats (name, description, include_in_rename) VALUES ('Repack2', 'eb3d5cc0a2be0db205fb823640db6a3c', 1);
INSERT OR IGNORE INTO condition_patterns (custom_format_name, condition_name, regular_expression_name) VALUES ('Repack2', 'RepackProper 2 or REALPROPERREPACK', 'Repack2_RepackProper_2_or_REALPROPERREPACK');
INSERT OR IGNORE INTO condition_patterns (custom_format_name, condition_name, regular_expression_name) VALUES ('Repack2', 'Not RepackProper 3', 'Repack2_Not_RepackProper_3');
INSERT OR IGNORE INTO regular_expressions (name, pattern) VALUES ('Repack2_RepackProper_2_or_REALPROPERREPACK', '\b((repack|proper)2)\b|\b(REAL\.(PROPER|REPACK))\b');
INSERT OR IGNORE INTO regular_expressions (name, pattern) VALUES ('Repack2_Not_RepackProper_3', '\b((repack|proper)3)\b|\bREAL\.(REAL\.)(PROPER|REPACK)\b');
INSERT OR IGNORE INTO custom_format_conditions (custom_format_name, name, type, arr_type, negate, required) VALUES ('Repack2', 'RepackProper 2 or REALPROPERREPACK', 'pattern', 'sonarr', 0, 1);
INSERT OR IGNORE INTO custom_format_conditions (custom_format_name, name, type, arr_type, negate, required) VALUES ('Repack2', 'Not RepackProper 3', 'pattern', 'sonarr', 1, 1);

INSERT OR IGNORE INTO custom_formats (name, description, include_in_rename) VALUES ('Repack3', '44e7c4de10ae50265753082e5dc76047', 1);
INSERT OR IGNORE INTO condition_patterns (custom_format_name, condition_name, regular_expression_name) VALUES ('Repack3', 'RepackProper 3 or REALREALPROPERREPACK', 'Repack3_RepackProper_3_or_REALREALPROPERREPACK');
INSERT OR IGNORE INTO regular_expressions (name, pattern) VALUES ('Repack3_RepackProper_3_or_REALREALPROPERREPACK', '\b((repack|proper)3)\b|\b(REAL\.REAL\.(PROPER|REPACK))\b');
INSERT OR IGNORE INTO custom_format_conditions (custom_format_name, name, type, arr_type, negate, required) VALUES ('Repack3', 'RepackProper 3 or REALREALPROPERREPACK', 'pattern', 'sonarr', 0, 1);

INSERT OR IGNORE INTO custom_formats (name, description, include_in_rename) VALUES ('Retags', '06d66ab109d4d2eddb2794d21526d140', 0);
INSERT OR IGNORE INTO condition_patterns (custom_format_name, condition_name, regular_expression_name) VALUES ('Retags', 'heb', 'Retags_heb');
INSERT OR IGNORE INTO condition_patterns (custom_format_name, condition_name, regular_expression_name) VALUES ('Retags', 'eztv', 'Retags_eztv');
INSERT OR IGNORE INTO condition_patterns (custom_format_name, condition_name, regular_expression_name) VALUES ('Retags', 'rarbg', 'Retags_rarbg');
INSERT OR IGNORE INTO condition_patterns (custom_format_name, condition_name, regular_expression_name) VALUES ('Retags', 'rartv', 'Retags_rartv');
INSERT OR IGNORE INTO condition_patterns (custom_format_name, condition_name, regular_expression_name) VALUES ('Retags', 'TGx', 'Retags_TGx');
INSERT OR IGNORE INTO regular_expressions (name, pattern) VALUES ('Retags_heb', '[.]heb\b');
INSERT OR IGNORE INTO regular_expressions (name, pattern) VALUES ('Retags_eztv', '\[eztvx?[ ._-]?(io|re|to)?\]');
INSERT OR IGNORE INTO regular_expressions (name, pattern) VALUES ('Retags_rarbg', '\[rarbg\]');
INSERT OR IGNORE INTO regular_expressions (name, pattern) VALUES ('Retags_rartv', '\[rartv\]');
INSERT OR IGNORE INTO regular_expressions (name, pattern) VALUES ('Retags_TGx', '\[TGx\]');
INSERT OR IGNORE INTO custom_format_conditions (custom_format_name, name, type, arr_type, negate, required) VALUES ('Retags', 'heb', 'pattern', 'sonarr', 0, 0);
INSERT OR IGNORE INTO custom_format_conditions (custom_format_name, name, type, arr_type, negate, required) VALUES ('Retags', 'eztv', 'pattern', 'sonarr', 0, 0);
INSERT OR IGNORE INTO custom_format_conditions (custom_format_name, name, type, arr_type, negate, required) VALUES ('Retags', 'rarbg', 'pattern', 'sonarr', 0, 0);
INSERT OR IGNORE INTO custom_format_conditions (custom_format_name, name, type, arr_type, negate, required) VALUES ('Retags', 'rartv', 'pattern', 'sonarr', 0, 0);
INSERT OR IGNORE INTO custom_format_conditions (custom_format_name, name, type, arr_type, negate, required) VALUES ('Retags', 'TGx', 'pattern', 'sonarr', 0, 0);

INSERT OR IGNORE INTO custom_formats (name, description, include_in_rename) VALUES ('ROKU', 'da393fd4e2c0cce7c9dc2669c43e0593', 1);
INSERT OR IGNORE INTO condition_patterns (custom_format_name, condition_name, regular_expression_name) VALUES ('ROKU', 'ROKU', 'ROKU_ROKU');
INSERT OR IGNORE INTO condition_sources (custom_format_name, condition_name, source) VALUES ('ROKU', 'WEBDL', 'TELECINE');
INSERT OR IGNORE INTO condition_sources (custom_format_name, condition_name, source) VALUES ('ROKU', 'WEBRIP', 'WORKPRINT');
INSERT OR IGNORE INTO regular_expressions (name, pattern) VALUES ('ROKU_ROKU', '\b(ROKU)\b');
INSERT OR IGNORE INTO custom_format_conditions (custom_format_name, name, type, arr_type, negate, required) VALUES ('ROKU', 'ROKU', 'pattern', 'sonarr', 0, 1);
INSERT OR IGNORE INTO custom_format_conditions (custom_format_name, name, type, arr_type, negate, required) VALUES ('ROKU', 'WEBDL', 'source', 'sonarr', 0, 0);
INSERT OR IGNORE INTO custom_format_conditions (custom_format_name, name, type, arr_type, negate, required) VALUES ('ROKU', 'WEBRIP', 'source', 'sonarr', 0, 0);

INSERT OR IGNORE INTO custom_formats (name, description, include_in_rename) VALUES ('Scene', '1b3994c551cbb92a2c781af061f4ab44', 0);
INSERT OR IGNORE INTO condition_patterns (custom_format_name, condition_name, regular_expression_name) VALUES ('Scene', 'Scene Groups  Naming', 'Scene_Scene_Groups__Naming');
INSERT OR IGNORE INTO condition_patterns (custom_format_name, condition_name, regular_expression_name) VALUES ('Scene', 'Not INFLATEDEFLATE', 'Scene_Not_INFLATEDEFLATE');
INSERT OR IGNORE INTO condition_patterns (custom_format_name, condition_name, regular_expression_name) VALUES ('Scene', 'Not GERMAN', 'Scene_Not_GERMAN');
INSERT OR IGNORE INTO regular_expressions (name, pattern) VALUES ('Scene_Scene_Groups__Naming', '^(?=.*(\b\d{3,4}p\b).*([_. ]WEB[_. ])(?!DL)\b)|\b(-CAKES|-GGEZ|-GGWP|-GLHF|-GOSSIP|-NAISU|-KOGI|-PECULATE|-SLOT|-EDITH|-ETHEL|-ELEANOR|-B2B|-SPAMnEGGS|-FTP|-DiRT|-SYNCOPY|-BAE|-SuccessfulCrab|-NHTFS|-SURCODE|-B0MBARDIERS|-D3US|-BROTHERHOOD|-W4K|-STRiKES)');
INSERT OR IGNORE INTO regular_expressions (name, pattern) VALUES ('Scene_Not_INFLATEDEFLATE', '\b(INFLATE|DEFLATE[)\]]?)$');
INSERT OR IGNORE INTO regular_expressions (name, pattern) VALUES ('Scene_Not_GERMAN', '\b(GERMAN)$');
INSERT OR IGNORE INTO custom_format_conditions (custom_format_name, name, type, arr_type, negate, required) VALUES ('Scene', 'Scene Groups  Naming', 'pattern', 'sonarr', 0, 1);
INSERT OR IGNORE INTO custom_format_conditions (custom_format_name, name, type, arr_type, negate, required) VALUES ('Scene', 'Not INFLATEDEFLATE', 'pattern', 'sonarr', 1, 1);
INSERT OR IGNORE INTO custom_format_conditions (custom_format_name, name, type, arr_type, negate, required) VALUES ('Scene', 'Not GERMAN', 'pattern', 'sonarr', 1, 1);

INSERT OR IGNORE INTO custom_formats (name, description, include_in_rename) VALUES ('SDR (no WEBDL)', '83304f261cf516bb208c18c54c0adf97', 0);
INSERT OR IGNORE INTO condition_patterns (custom_format_name, condition_name, regular_expression_name) VALUES ('SDR (no WEBDL)', 'HDR Formats', 'SDR_(no_WEBDL)_HDR_Formats');
INSERT OR IGNORE INTO condition_patterns (custom_format_name, condition_name, regular_expression_name) VALUES ('SDR (no WEBDL)', 'SDR', 'SDR_(no_WEBDL)_SDR');
INSERT OR IGNORE INTO condition_sources (custom_format_name, condition_name, source) VALUES ('SDR (no WEBDL)', 'Not WEBDL', 'TELECINE');
INSERT OR IGNORE INTO condition_sources (custom_format_name, condition_name, source) VALUES ('SDR (no WEBDL)', 'Not WEBRip', 'WORKPRINT');
INSERT OR IGNORE INTO condition_resolutions (custom_format_name, condition_name, resolution) VALUES ('SDR (no WEBDL)', '2160p', '2160');
INSERT OR IGNORE INTO regular_expressions (name, pattern) VALUES ('SDR_(no_WEBDL)_HDR_Formats', '\bHDR(\b|\d)|\b(dv|dovi|dolby[ .]?v(ision)?)\b|\b(FraMeSToR|HQMUX|SICFoI)\b|\b(PQ)\b|\bHLG(\b|\d)');
INSERT OR IGNORE INTO regular_expressions (name, pattern) VALUES ('SDR_(no_WEBDL)_SDR', '\bSDR\b');
INSERT OR IGNORE INTO custom_format_conditions (custom_format_name, name, type, arr_type, negate, required) VALUES ('SDR (no WEBDL)', '2160p', 'resolution', 'sonarr', 0, 1);
INSERT OR IGNORE INTO custom_format_conditions (custom_format_name, name, type, arr_type, negate, required) VALUES ('SDR (no WEBDL)', 'HDR Formats', 'pattern', 'sonarr', 1, 0);
INSERT OR IGNORE INTO custom_format_conditions (custom_format_name, name, type, arr_type, negate, required) VALUES ('SDR (no WEBDL)', 'SDR', 'pattern', 'sonarr', 0, 0);
INSERT OR IGNORE INTO custom_format_conditions (custom_format_name, name, type, arr_type, negate, required) VALUES ('SDR (no WEBDL)', 'Not WEBDL', 'source', 'sonarr', 1, 1);
INSERT OR IGNORE INTO custom_format_conditions (custom_format_name, name, type, arr_type, negate, required) VALUES ('SDR (no WEBDL)', 'Not WEBRip', 'source', 'sonarr', 1, 1);

INSERT OR IGNORE INTO custom_formats (name, description, include_in_rename) VALUES ('SDR', '2016d1676f5ee13a5b7257ff86ac9a93', 0);
INSERT OR IGNORE INTO condition_patterns (custom_format_name, condition_name, regular_expression_name) VALUES ('SDR', 'HDR Formats', 'SDR_HDR_Formats');
INSERT OR IGNORE INTO condition_patterns (custom_format_name, condition_name, regular_expression_name) VALUES ('SDR', 'SDR', 'SDR_SDR');
INSERT OR IGNORE INTO condition_resolutions (custom_format_name, condition_name, resolution) VALUES ('SDR', '2160p', '2160');
INSERT OR IGNORE INTO regular_expressions (name, pattern) VALUES ('SDR_HDR_Formats', '\bHDR(\b|\d)|\b(dv|dovi|dolby[ .]?v(ision)?)\b|\b(FraMeSToR|HQMUX|SICFoI)\b|\b(PQ)\b|\bHLG(\b|\d)');
INSERT OR IGNORE INTO regular_expressions (name, pattern) VALUES ('SDR_SDR', '\bSDR\b');
INSERT OR IGNORE INTO custom_format_conditions (custom_format_name, name, type, arr_type, negate, required) VALUES ('SDR', '2160p', 'resolution', 'sonarr', 0, 1);
INSERT OR IGNORE INTO custom_format_conditions (custom_format_name, name, type, arr_type, negate, required) VALUES ('SDR', 'HDR Formats', 'pattern', 'sonarr', 1, 0);
INSERT OR IGNORE INTO custom_format_conditions (custom_format_name, name, type, arr_type, negate, required) VALUES ('SDR', 'SDR', 'pattern', 'sonarr', 0, 0);

INSERT OR IGNORE INTO custom_formats (name, description, include_in_rename) VALUES ('Season Pack', '3bc5f395426614e155e585a2f056cdf1', 0);
INSERT OR IGNORE INTO condition_patterns (custom_format_name, condition_name, regular_expression_name) VALUES ('Season Pack', 'Season Packs', 'Season_Pack_Season_Packs');
INSERT OR IGNORE INTO regular_expressions (name, pattern) VALUES ('Season_Pack_Season_Packs', '3');
INSERT OR IGNORE INTO custom_format_conditions (custom_format_name, name, type, arr_type, negate, required) VALUES ('Season Pack', 'Season Packs', 'pattern', 'sonarr', 0, 0);

INSERT OR IGNORE INTO custom_formats (name, description, include_in_rename) VALUES ('SHO', 'ae58039e1319178e6be73caab5c42166', 1);
INSERT OR IGNORE INTO condition_patterns (custom_format_name, condition_name, regular_expression_name) VALUES ('SHO', 'SHOWTIME', 'SHO_SHOWTIME');
INSERT OR IGNORE INTO condition_patterns (custom_format_name, condition_name, regular_expression_name) VALUES ('SHO', 'SHO Rename', 'SHO_SHO_Rename');
INSERT OR IGNORE INTO condition_sources (custom_format_name, condition_name, source) VALUES ('SHO', 'WEBDL', 'TELECINE');
INSERT OR IGNORE INTO condition_sources (custom_format_name, condition_name, source) VALUES ('SHO', 'WEBRIP', 'WORKPRINT');
INSERT OR IGNORE INTO regular_expressions (name, pattern) VALUES ('SHO_SHOWTIME', '\b(sho|showtime)\b[ ._-]web[ ._-]?(dl|rip)?\b');
INSERT OR IGNORE INTO regular_expressions (name, pattern) VALUES ('SHO_SHO_Rename', '\[(SHO)\b|\b(SHO)\]');
INSERT OR IGNORE INTO custom_format_conditions (custom_format_name, name, type, arr_type, negate, required) VALUES ('SHO', 'SHOWTIME', 'pattern', 'sonarr', 0, 0);
INSERT OR IGNORE INTO custom_format_conditions (custom_format_name, name, type, arr_type, negate, required) VALUES ('SHO', 'SHO Rename', 'pattern', 'sonarr', 0, 0);
INSERT OR IGNORE INTO custom_format_conditions (custom_format_name, name, type, arr_type, negate, required) VALUES ('SHO', 'WEBDL', 'source', 'sonarr', 0, 0);
INSERT OR IGNORE INTO custom_format_conditions (custom_format_name, name, type, arr_type, negate, required) VALUES ('SHO', 'WEBRIP', 'source', 'sonarr', 0, 0);

INSERT OR IGNORE INTO custom_formats (name, description, include_in_rename) VALUES ('Single Episode', 'e0c1a67f23908a55b6ae9834e8ed6727', 0);
INSERT OR IGNORE INTO condition_patterns (custom_format_name, condition_name, regular_expression_name) VALUES ('Single Episode', 'Single Episode', 'Single_Episode_Single_Episode');
INSERT OR IGNORE INTO regular_expressions (name, pattern) VALUES ('Single_Episode_Single_Episode', '1');
INSERT OR IGNORE INTO custom_format_conditions (custom_format_name, name, type, arr_type, negate, required) VALUES ('Single Episode', 'Single Episode', 'pattern', 'sonarr', 0, 0);

INSERT OR IGNORE INTO custom_formats (name, description, include_in_rename) VALUES ('STAN', '1efe8da11bfd74fbbcd4d8117ddb9213', 1);
INSERT OR IGNORE INTO condition_patterns (custom_format_name, condition_name, regular_expression_name) VALUES ('STAN', 'Stan', 'STAN_Stan');
INSERT OR IGNORE INTO condition_patterns (custom_format_name, condition_name, regular_expression_name) VALUES ('STAN', 'Stan Rename', 'STAN_Stan_Rename');
INSERT OR IGNORE INTO condition_sources (custom_format_name, condition_name, source) VALUES ('STAN', 'WEBDL', 'TELECINE');
INSERT OR IGNORE INTO condition_sources (custom_format_name, condition_name, source) VALUES ('STAN', 'WEBRIP', 'WORKPRINT');
INSERT OR IGNORE INTO regular_expressions (name, pattern) VALUES ('STAN_Stan', '\b(stan)\b[ ._-]web[ ._-]?(dl|rip)?\b');
INSERT OR IGNORE INTO regular_expressions (name, pattern) VALUES ('STAN_Stan_Rename', '\[(STAN)\b|\b(STAN)\]');
INSERT OR IGNORE INTO custom_format_conditions (custom_format_name, name, type, arr_type, negate, required) VALUES ('STAN', 'Stan', 'pattern', 'sonarr', 0, 0);
INSERT OR IGNORE INTO custom_format_conditions (custom_format_name, name, type, arr_type, negate, required) VALUES ('STAN', 'Stan Rename', 'pattern', 'sonarr', 0, 0);
INSERT OR IGNORE INTO custom_format_conditions (custom_format_name, name, type, arr_type, negate, required) VALUES ('STAN', 'WEBDL', 'source', 'sonarr', 0, 0);
INSERT OR IGNORE INTO custom_format_conditions (custom_format_name, name, type, arr_type, negate, required) VALUES ('STAN', 'WEBRIP', 'source', 'sonarr', 0, 0);

INSERT OR IGNORE INTO custom_formats (name, description, include_in_rename) VALUES ('STRP', 'fe4062eac43d4ea75955f8ae48adcf1e', 1);
INSERT OR IGNORE INTO condition_patterns (custom_format_name, condition_name, regular_expression_name) VALUES ('STRP', 'Star', 'STRP_Star');
INSERT OR IGNORE INTO condition_sources (custom_format_name, condition_name, source) VALUES ('STRP', 'WEBDL', 'TELECINE');
INSERT OR IGNORE INTO condition_sources (custom_format_name, condition_name, source) VALUES ('STRP', 'WEBRIP', 'WORKPRINT');
INSERT OR IGNORE INTO regular_expressions (name, pattern) VALUES ('STRP_Star', '\b(STRP)\b');
INSERT OR IGNORE INTO custom_format_conditions (custom_format_name, name, type, arr_type, negate, required) VALUES ('STRP', 'Star', 'pattern', 'sonarr', 0, 1);
INSERT OR IGNORE INTO custom_format_conditions (custom_format_name, name, type, arr_type, negate, required) VALUES ('STRP', 'WEBDL', 'source', 'sonarr', 0, 0);
INSERT OR IGNORE INTO custom_format_conditions (custom_format_name, name, type, arr_type, negate, required) VALUES ('STRP', 'WEBRIP', 'source', 'sonarr', 0, 0);

INSERT OR IGNORE INTO custom_formats (name, description, include_in_rename) VALUES ('SYFY', '9623c5c9cac8e939c1b9aedd32f640bf', 1);
INSERT OR IGNORE INTO condition_patterns (custom_format_name, condition_name, regular_expression_name) VALUES ('SYFY', 'SYFY', 'SYFY_SYFY');
INSERT OR IGNORE INTO condition_sources (custom_format_name, condition_name, source) VALUES ('SYFY', 'WEBDL', 'TELECINE');
INSERT OR IGNORE INTO condition_sources (custom_format_name, condition_name, source) VALUES ('SYFY', 'WEBRIP', 'WORKPRINT');
INSERT OR IGNORE INTO regular_expressions (name, pattern) VALUES ('SYFY_SYFY', '\b(SYFY)\b');
INSERT OR IGNORE INTO custom_format_conditions (custom_format_name, name, type, arr_type, negate, required) VALUES ('SYFY', 'WEBDL', 'source', 'sonarr', 0, 0);
INSERT OR IGNORE INTO custom_format_conditions (custom_format_name, name, type, arr_type, negate, required) VALUES ('SYFY', 'WEBRIP', 'source', 'sonarr', 0, 0);
INSERT OR IGNORE INTO custom_format_conditions (custom_format_name, name, type, arr_type, negate, required) VALUES ('SYFY', 'SYFY', 'pattern', 'sonarr', 0, 1);

INSERT OR IGNORE INTO custom_formats (name, description, include_in_rename) VALUES ('TrueHD ATMOS', '0d7824bb924701997f874e7ff7d4844a', 0);
INSERT OR IGNORE INTO condition_patterns (custom_format_name, condition_name, regular_expression_name) VALUES ('TrueHD ATMOS', 'TrueHD', 'TrueHD_ATMOS_TrueHD');
INSERT OR IGNORE INTO condition_patterns (custom_format_name, condition_name, regular_expression_name) VALUES ('TrueHD ATMOS', 'ATMOS', 'TrueHD_ATMOS_ATMOS');
INSERT OR IGNORE INTO condition_patterns (custom_format_name, condition_name, regular_expression_name) VALUES ('TrueHD ATMOS', 'Not Basic Dolby Digital', 'TrueHD_ATMOS_Not_Basic_Dolby_Digital');
INSERT OR IGNORE INTO condition_patterns (custom_format_name, condition_name, regular_expression_name) VALUES ('TrueHD ATMOS', 'Not Dolby Digital Plus ', 'TrueHD_ATMOS_Not_Dolby_Digital_Plus_');
INSERT OR IGNORE INTO condition_patterns (custom_format_name, condition_name, regular_expression_name) VALUES ('TrueHD ATMOS', 'Not DTS', 'TrueHD_ATMOS_Not_DTS');
INSERT OR IGNORE INTO condition_patterns (custom_format_name, condition_name, regular_expression_name) VALUES ('TrueHD ATMOS', 'Not DTS X', 'TrueHD_ATMOS_Not_DTS_X');
INSERT OR IGNORE INTO condition_patterns (custom_format_name, condition_name, regular_expression_name) VALUES ('TrueHD ATMOS', 'Not FLAC', 'TrueHD_ATMOS_Not_FLAC');
INSERT OR IGNORE INTO regular_expressions (name, pattern) VALUES ('TrueHD_ATMOS_TrueHD', 'True[ .-]?HD');
INSERT OR IGNORE INTO regular_expressions (name, pattern) VALUES ('TrueHD_ATMOS_ATMOS', '\bATMOS(\b|\d)');
INSERT OR IGNORE INTO regular_expressions (name, pattern) VALUES ('TrueHD_ATMOS_Not_Basic_Dolby_Digital', '\bDD[^a-z+]|(?<!e-)\b(ac-?3)\b');
INSERT OR IGNORE INTO regular_expressions (name, pattern) VALUES ('TrueHD_ATMOS_Not_Dolby_Digital_Plus_', '\bDD[P+]|\b(e[-_. ]?ac-?3)\b');
INSERT OR IGNORE INTO regular_expressions (name, pattern) VALUES ('TrueHD_ATMOS_Not_DTS', '\bDTS(\b|\d)');
INSERT OR IGNORE INTO regular_expressions (name, pattern) VALUES ('TrueHD_ATMOS_Not_DTS_X', '\b(dts[-_.: ]?x7?)\b(?![-_. ]?(26[456]))');
INSERT OR IGNORE INTO regular_expressions (name, pattern) VALUES ('TrueHD_ATMOS_Not_FLAC', '\bFLAC(\b|\d)');
INSERT OR IGNORE INTO custom_format_conditions (custom_format_name, name, type, arr_type, negate, required) VALUES ('TrueHD ATMOS', 'TrueHD', 'pattern', 'sonarr', 0, 1);
INSERT OR IGNORE INTO custom_format_conditions (custom_format_name, name, type, arr_type, negate, required) VALUES ('TrueHD ATMOS', 'ATMOS', 'pattern', 'sonarr', 0, 1);
INSERT OR IGNORE INTO custom_format_conditions (custom_format_name, name, type, arr_type, negate, required) VALUES ('TrueHD ATMOS', 'Not Basic Dolby Digital', 'pattern', 'sonarr', 1, 1);
INSERT OR IGNORE INTO custom_format_conditions (custom_format_name, name, type, arr_type, negate, required) VALUES ('TrueHD ATMOS', 'Not Dolby Digital Plus ', 'pattern', 'sonarr', 1, 1);
INSERT OR IGNORE INTO custom_format_conditions (custom_format_name, name, type, arr_type, negate, required) VALUES ('TrueHD ATMOS', 'Not DTS', 'pattern', 'sonarr', 1, 1);
INSERT OR IGNORE INTO custom_format_conditions (custom_format_name, name, type, arr_type, negate, required) VALUES ('TrueHD ATMOS', 'Not DTS X', 'pattern', 'sonarr', 1, 1);
INSERT OR IGNORE INTO custom_format_conditions (custom_format_name, name, type, arr_type, negate, required) VALUES ('TrueHD ATMOS', 'Not FLAC', 'pattern', 'sonarr', 1, 1);

INSERT OR IGNORE INTO custom_formats (name, description, include_in_rename) VALUES ('TrueHD', '1808e4b9cee74e064dfae3f1db99dbfe', 0);
INSERT OR IGNORE INTO condition_patterns (custom_format_name, condition_name, regular_expression_name) VALUES ('TrueHD', 'TrueHD', 'TrueHD_TrueHD');
INSERT OR IGNORE INTO condition_patterns (custom_format_name, condition_name, regular_expression_name) VALUES ('TrueHD', 'ATMOS', 'TrueHD_ATMOS');
INSERT OR IGNORE INTO condition_patterns (custom_format_name, condition_name, regular_expression_name) VALUES ('TrueHD', 'Not Dolby Digital Plus', 'TrueHD_Not_Dolby_Digital_Plus');
INSERT OR IGNORE INTO condition_patterns (custom_format_name, condition_name, regular_expression_name) VALUES ('TrueHD', 'Not DTS', 'TrueHD_Not_DTS');
INSERT OR IGNORE INTO condition_patterns (custom_format_name, condition_name, regular_expression_name) VALUES ('TrueHD', 'Not FLAC', 'TrueHD_Not_FLAC');
INSERT OR IGNORE INTO condition_patterns (custom_format_name, condition_name, regular_expression_name) VALUES ('TrueHD', 'Not Basic Dolby Digital', 'TrueHD_Not_Basic_Dolby_Digital');
INSERT OR IGNORE INTO regular_expressions (name, pattern) VALUES ('TrueHD_TrueHD', 'True[ .-]?HD');
INSERT OR IGNORE INTO regular_expressions (name, pattern) VALUES ('TrueHD_ATMOS', '\bATMOS(\b|\d)');
INSERT OR IGNORE INTO regular_expressions (name, pattern) VALUES ('TrueHD_Not_Dolby_Digital_Plus', '\bDD[P+]|\b(e[-_. ]?ac-?3)\b');
INSERT OR IGNORE INTO regular_expressions (name, pattern) VALUES ('TrueHD_Not_DTS', '\bDTS(\b|\d)');
INSERT OR IGNORE INTO regular_expressions (name, pattern) VALUES ('TrueHD_Not_FLAC', '\bFLAC(\b|\d)');
INSERT OR IGNORE INTO regular_expressions (name, pattern) VALUES ('TrueHD_Not_Basic_Dolby_Digital', '\bDD[^a-z+]|(?<!e-)\b(ac-?3)\b');
INSERT OR IGNORE INTO custom_format_conditions (custom_format_name, name, type, arr_type, negate, required) VALUES ('TrueHD', 'TrueHD', 'pattern', 'sonarr', 0, 1);
INSERT OR IGNORE INTO custom_format_conditions (custom_format_name, name, type, arr_type, negate, required) VALUES ('TrueHD', 'ATMOS', 'pattern', 'sonarr', 1, 1);
INSERT OR IGNORE INTO custom_format_conditions (custom_format_name, name, type, arr_type, negate, required) VALUES ('TrueHD', 'Not Dolby Digital Plus', 'pattern', 'sonarr', 1, 1);
INSERT OR IGNORE INTO custom_format_conditions (custom_format_name, name, type, arr_type, negate, required) VALUES ('TrueHD', 'Not DTS', 'pattern', 'sonarr', 1, 1);
INSERT OR IGNORE INTO custom_format_conditions (custom_format_name, name, type, arr_type, negate, required) VALUES ('TrueHD', 'Not FLAC', 'pattern', 'sonarr', 1, 1);
INSERT OR IGNORE INTO custom_format_conditions (custom_format_name, name, type, arr_type, negate, required) VALUES ('TrueHD', 'Not Basic Dolby Digital', 'pattern', 'sonarr', 1, 1);

INSERT OR IGNORE INTO custom_formats (name, description, include_in_rename) VALUES ('TVer', 'd100ea972d1af2150b65b1cffb80f6b5', 1);
INSERT OR IGNORE INTO condition_patterns (custom_format_name, condition_name, regular_expression_name) VALUES ('TVer', 'TVer', 'TVer_TVer');
INSERT OR IGNORE INTO condition_sources (custom_format_name, condition_name, source) VALUES ('TVer', 'WEBDL', 'TELECINE');
INSERT OR IGNORE INTO condition_sources (custom_format_name, condition_name, source) VALUES ('TVer', 'WEBRIP', 'WORKPRINT');
INSERT OR IGNORE INTO regular_expressions (name, pattern) VALUES ('TVer_TVer', '\b(tver)\b');
INSERT OR IGNORE INTO custom_format_conditions (custom_format_name, name, type, arr_type, negate, required) VALUES ('TVer', 'TVer', 'pattern', 'sonarr', 0, 1);
INSERT OR IGNORE INTO custom_format_conditions (custom_format_name, name, type, arr_type, negate, required) VALUES ('TVer', 'WEBDL', 'source', 'sonarr', 0, 0);
INSERT OR IGNORE INTO custom_format_conditions (custom_format_name, name, type, arr_type, negate, required) VALUES ('TVer', 'WEBRIP', 'source', 'sonarr', 0, 0);

INSERT OR IGNORE INTO custom_formats (name, description, include_in_rename) VALUES ('TVING', '86f8d3b8761de651aa355d46d5d8db3e', 1);
INSERT OR IGNORE INTO condition_patterns (custom_format_name, condition_name, regular_expression_name) VALUES ('TVING', 'TVING', 'TVING_TVING');
INSERT OR IGNORE INTO condition_patterns (custom_format_name, condition_name, regular_expression_name) VALUES ('TVING', 'TVING Rename', 'TVING_TVING_Rename');
INSERT OR IGNORE INTO condition_sources (custom_format_name, condition_name, source) VALUES ('TVING', 'WEBDL', 'TELECINE');
INSERT OR IGNORE INTO condition_sources (custom_format_name, condition_name, source) VALUES ('TVING', 'WEBRIP', 'WORKPRINT');
INSERT OR IGNORE INTO regular_expressions (name, pattern) VALUES ('TVING_TVING', '\b(tving)\b[ ._-]web[ ._-]?(dl|rip)?\b');
INSERT OR IGNORE INTO regular_expressions (name, pattern) VALUES ('TVING_TVING_Rename', '\[(TVING)\b|\b(TVING)\]');
INSERT OR IGNORE INTO custom_format_conditions (custom_format_name, name, type, arr_type, negate, required) VALUES ('TVING', 'TVING', 'pattern', 'sonarr', 0, 0);
INSERT OR IGNORE INTO custom_format_conditions (custom_format_name, name, type, arr_type, negate, required) VALUES ('TVING', 'TVING Rename', 'pattern', 'sonarr', 0, 0);
INSERT OR IGNORE INTO custom_format_conditions (custom_format_name, name, type, arr_type, negate, required) VALUES ('TVING', 'WEBDL', 'source', 'sonarr', 0, 0);
INSERT OR IGNORE INTO custom_format_conditions (custom_format_name, name, type, arr_type, negate, required) VALUES ('TVING', 'WEBRIP', 'source', 'sonarr', 0, 0);

INSERT OR IGNORE INTO custom_formats (name, description, include_in_rename) VALUES ('U-NEXT', '0e99e7cc719a8a73b2668c3a0c3fe10c', 1);
INSERT OR IGNORE INTO condition_patterns (custom_format_name, condition_name, regular_expression_name) VALUES ('U-NEXT', 'U-NEXT', 'U-NEXT_U-NEXT');
INSERT OR IGNORE INTO condition_sources (custom_format_name, condition_name, source) VALUES ('U-NEXT', 'WEBDL', 'TELECINE');
INSERT OR IGNORE INTO condition_sources (custom_format_name, condition_name, source) VALUES ('U-NEXT', 'WEBRIP', 'WORKPRINT');
INSERT OR IGNORE INTO regular_expressions (name, pattern) VALUES ('U-NEXT_U-NEXT', '\b(u-next)\b');
INSERT OR IGNORE INTO custom_format_conditions (custom_format_name, name, type, arr_type, negate, required) VALUES ('U-NEXT', 'U-NEXT', 'pattern', 'sonarr', 0, 1);
INSERT OR IGNORE INTO custom_format_conditions (custom_format_name, name, type, arr_type, negate, required) VALUES ('U-NEXT', 'WEBDL', 'source', 'sonarr', 0, 0);
INSERT OR IGNORE INTO custom_format_conditions (custom_format_name, name, type, arr_type, negate, required) VALUES ('U-NEXT', 'WEBRIP', 'source', 'sonarr', 0, 0);

INSERT OR IGNORE INTO custom_formats (name, description, include_in_rename) VALUES ('UHD Streaming Boost', '43b3cf48cb385cd3eac608ee6bca7f09', 0);
INSERT OR IGNORE INTO condition_patterns (custom_format_name, condition_name, regular_expression_name) VALUES ('UHD Streaming Boost', 'Disney', 'UHD_Streaming_Boost_Disney');
INSERT OR IGNORE INTO condition_patterns (custom_format_name, condition_name, regular_expression_name) VALUES ('UHD Streaming Boost', 'HBO Max', 'UHD_Streaming_Boost_HBO_Max');
INSERT OR IGNORE INTO condition_patterns (custom_format_name, condition_name, regular_expression_name) VALUES ('UHD Streaming Boost', 'HMAX Rename', 'UHD_Streaming_Boost_HMAX_Rename');
INSERT OR IGNORE INTO condition_patterns (custom_format_name, condition_name, regular_expression_name) VALUES ('UHD Streaming Boost', 'Netflix', 'UHD_Streaming_Boost_Netflix');
INSERT OR IGNORE INTO condition_sources (custom_format_name, condition_name, source) VALUES ('UHD Streaming Boost', 'WEBDL', 'TELECINE');
INSERT OR IGNORE INTO condition_sources (custom_format_name, condition_name, source) VALUES ('UHD Streaming Boost', 'WEBRIP', 'WORKPRINT');
INSERT OR IGNORE INTO condition_resolutions (custom_format_name, condition_name, resolution) VALUES ('UHD Streaming Boost', '2160p', '2160');
INSERT OR IGNORE INTO regular_expressions (name, pattern) VALUES ('UHD_Streaming_Boost_Disney', '\b(dsnp|dsny|disney|Disney\+)\b');
INSERT OR IGNORE INTO regular_expressions (name, pattern) VALUES ('UHD_Streaming_Boost_HBO_Max', '\b(hmax|hbom|hbo[ ._-]?max)\b(?=[ ._-]web[ ._-]?(dl|rip)\b)');
INSERT OR IGNORE INTO regular_expressions (name, pattern) VALUES ('UHD_Streaming_Boost_HMAX_Rename', '\[(HMAX)\b|\b(HMAX)\]');
INSERT OR IGNORE INTO regular_expressions (name, pattern) VALUES ('UHD_Streaming_Boost_Netflix', '\b(nf|netflix(u?hd)?)\b');
INSERT OR IGNORE INTO custom_format_conditions (custom_format_name, name, type, arr_type, negate, required) VALUES ('UHD Streaming Boost', 'Disney', 'pattern', 'sonarr', 0, 0);
INSERT OR IGNORE INTO custom_format_conditions (custom_format_name, name, type, arr_type, negate, required) VALUES ('UHD Streaming Boost', 'HBO Max', 'pattern', 'sonarr', 0, 0);
INSERT OR IGNORE INTO custom_format_conditions (custom_format_name, name, type, arr_type, negate, required) VALUES ('UHD Streaming Boost', 'HMAX Rename', 'pattern', 'sonarr', 0, 0);
INSERT OR IGNORE INTO custom_format_conditions (custom_format_name, name, type, arr_type, negate, required) VALUES ('UHD Streaming Boost', 'Netflix', 'pattern', 'sonarr', 0, 0);
INSERT OR IGNORE INTO custom_format_conditions (custom_format_name, name, type, arr_type, negate, required) VALUES ('UHD Streaming Boost', 'WEBDL', 'source', 'sonarr', 0, 0);
INSERT OR IGNORE INTO custom_format_conditions (custom_format_name, name, type, arr_type, negate, required) VALUES ('UHD Streaming Boost', 'WEBRIP', 'source', 'sonarr', 0, 0);
INSERT OR IGNORE INTO custom_format_conditions (custom_format_name, name, type, arr_type, negate, required) VALUES ('UHD Streaming Boost', '2160p', 'resolution', 'sonarr', 0, 1);

INSERT OR IGNORE INTO custom_formats (name, description, include_in_rename) VALUES ('Uncensored', '026d5aadd1a6b4e550b134cb6c72b3ca', 1);
INSERT OR IGNORE INTO condition_patterns (custom_format_name, condition_name, regular_expression_name) VALUES ('Uncensored', 'Uncensored', 'Uncensored_Uncensored');
INSERT OR IGNORE INTO regular_expressions (name, pattern) VALUES ('Uncensored_Uncensored', '\b(Uncut|Unrated|Uncensored|AT[-_. ]?X)\b');
INSERT OR IGNORE INTO custom_format_conditions (custom_format_name, name, type, arr_type, negate, required) VALUES ('Uncensored', 'Uncensored', 'pattern', 'sonarr', 0, 1);

INSERT OR IGNORE INTO custom_formats (name, description, include_in_rename) VALUES ('Upscaled', '23297a736ca77c0fc8e70f8edd7ee56c', 0);
INSERT OR IGNORE INTO condition_patterns (custom_format_name, condition_name, regular_expression_name) VALUES ('Upscaled', 'AI Upscales', 'Upscaled_AI_Upscales');
INSERT OR IGNORE INTO condition_patterns (custom_format_name, condition_name, regular_expression_name) VALUES ('Upscaled', 'AIUS', 'Upscaled_AIUS');
INSERT OR IGNORE INTO condition_patterns (custom_format_name, condition_name, regular_expression_name) VALUES ('Upscaled', 'Regrade', 'Upscaled_Regrade');
INSERT OR IGNORE INTO condition_patterns (custom_format_name, condition_name, regular_expression_name) VALUES ('Upscaled', 'RW', 'Upscaled_RW');
INSERT OR IGNORE INTO condition_patterns (custom_format_name, condition_name, regular_expression_name) VALUES ('Upscaled', 'TheUpscaler', 'Upscaled_TheUpscaler');
INSERT OR IGNORE INTO condition_patterns (custom_format_name, condition_name, regular_expression_name) VALUES ('Upscaled', 'Upscaled', 'Upscaled_Upscaled');
INSERT OR IGNORE INTO regular_expressions (name, pattern) VALUES ('Upscaled_AI_Upscales', '(?<=\b\d{3,4}p\b)(?=.*\b(HEVC)\b)(?=.*\b(AI)\b)');
INSERT OR IGNORE INTO regular_expressions (name, pattern) VALUES ('Upscaled_AIUS', '\b(AIUS)\b');
INSERT OR IGNORE INTO regular_expressions (name, pattern) VALUES ('Upscaled_Regrade', '\b((Upscale)?Re-?graded?)\b');
INSERT OR IGNORE INTO regular_expressions (name, pattern) VALUES ('Upscaled_RW', '\b(RW)\b');
INSERT OR IGNORE INTO regular_expressions (name, pattern) VALUES ('Upscaled_TheUpscaler', '\b(The[ ._-]?Upscaler)\b');
INSERT OR IGNORE INTO regular_expressions (name, pattern) VALUES ('Upscaled_Upscaled', '(?<=\b\d{3,4}p\b).*\b(AI[ ._-]?Enhanced|UPS(UHD)?|Upscaled?([ ._-]?UHD)?|UpRez)\b');
INSERT OR IGNORE INTO custom_format_conditions (custom_format_name, name, type, arr_type, negate, required) VALUES ('Upscaled', 'AI Upscales', 'pattern', 'sonarr', 0, 0);
INSERT OR IGNORE INTO custom_format_conditions (custom_format_name, name, type, arr_type, negate, required) VALUES ('Upscaled', 'AIUS', 'pattern', 'sonarr', 0, 0);
INSERT OR IGNORE INTO custom_format_conditions (custom_format_name, name, type, arr_type, negate, required) VALUES ('Upscaled', 'Regrade', 'pattern', 'sonarr', 0, 0);
INSERT OR IGNORE INTO custom_format_conditions (custom_format_name, name, type, arr_type, negate, required) VALUES ('Upscaled', 'RW', 'pattern', 'sonarr', 0, 0);
INSERT OR IGNORE INTO custom_format_conditions (custom_format_name, name, type, arr_type, negate, required) VALUES ('Upscaled', 'TheUpscaler', 'pattern', 'sonarr', 0, 0);
INSERT OR IGNORE INTO custom_format_conditions (custom_format_name, name, type, arr_type, negate, required) VALUES ('Upscaled', 'Upscaled', 'pattern', 'sonarr', 0, 0);

INSERT OR IGNORE INTO custom_formats (name, description, include_in_rename) VALUES ('v0', 'd2d7b8a9d39413da5f44054080e028a3', 1);
INSERT OR IGNORE INTO condition_patterns (custom_format_name, condition_name, regular_expression_name) VALUES ('v0', 'v0', 'v0_v0');
INSERT OR IGNORE INTO regular_expressions (name, pattern) VALUES ('v0_v0', '(\b|\d)(v0)\b');
INSERT OR IGNORE INTO custom_format_conditions (custom_format_name, name, type, arr_type, negate, required) VALUES ('v0', 'v0', 'pattern', 'sonarr', 0, 1);

INSERT OR IGNORE INTO custom_formats (name, description, include_in_rename) VALUES ('v1', '273bd326df95955e1b6c26527d1df89b', 1);
INSERT OR IGNORE INTO condition_patterns (custom_format_name, condition_name, regular_expression_name) VALUES ('v1', 'v1', 'v1_v1');
INSERT OR IGNORE INTO regular_expressions (name, pattern) VALUES ('v1_v1', '(\b|\d)(v1)\b');
INSERT OR IGNORE INTO custom_format_conditions (custom_format_name, name, type, arr_type, negate, required) VALUES ('v1', 'v1', 'pattern', 'sonarr', 0, 1);

INSERT OR IGNORE INTO custom_formats (name, description, include_in_rename) VALUES ('v2', '228b8ee9aa0a609463efca874524a6b8', 1);
INSERT OR IGNORE INTO condition_patterns (custom_format_name, condition_name, regular_expression_name) VALUES ('v2', 'v2', 'v2_v2');
INSERT OR IGNORE INTO regular_expressions (name, pattern) VALUES ('v2_v2', '(\b|\d)(v2)\b');
INSERT OR IGNORE INTO custom_format_conditions (custom_format_name, name, type, arr_type, negate, required) VALUES ('v2', 'v2', 'pattern', 'sonarr', 0, 1);

INSERT OR IGNORE INTO custom_formats (name, description, include_in_rename) VALUES ('v3', '0e5833d3af2cc5fa96a0c29cd4477feb', 1);
INSERT OR IGNORE INTO condition_patterns (custom_format_name, condition_name, regular_expression_name) VALUES ('v3', 'v3', 'v3_v3');
INSERT OR IGNORE INTO regular_expressions (name, pattern) VALUES ('v3_v3', '(\b|\d)(v3)\b');
INSERT OR IGNORE INTO custom_format_conditions (custom_format_name, name, type, arr_type, negate, required) VALUES ('v3', 'v3', 'pattern', 'sonarr', 0, 1);

INSERT OR IGNORE INTO custom_formats (name, description, include_in_rename) VALUES ('v4', '4fc15eeb8f2f9a749f918217d4234ad8', 1);
INSERT OR IGNORE INTO condition_patterns (custom_format_name, condition_name, regular_expression_name) VALUES ('v4', 'v4', 'v4_v4');
INSERT OR IGNORE INTO regular_expressions (name, pattern) VALUES ('v4_v4', '(\b|\d)(v4)\b');
INSERT OR IGNORE INTO custom_format_conditions (custom_format_name, name, type, arr_type, negate, required) VALUES ('v4', 'v4', 'pattern', 'sonarr', 0, 1);

INSERT OR IGNORE INTO custom_formats (name, description, include_in_rename) VALUES ('VC-1', '7470a681e6205243983c4410ee4c920f', 0);
INSERT OR IGNORE INTO condition_patterns (custom_format_name, condition_name, regular_expression_name) VALUES ('VC-1', 'VC-1', 'VC-1_VC-1');
INSERT OR IGNORE INTO regular_expressions (name, pattern) VALUES ('VC-1_VC-1', '\bVC[-_. ]?1\b');
INSERT OR IGNORE INTO custom_format_conditions (custom_format_name, name, type, arr_type, negate, required) VALUES ('VC-1', 'VC-1', 'pattern', 'sonarr', 0, 1);

INSERT OR IGNORE INTO custom_formats (name, description, include_in_rename) VALUES ('VDL', '5d2317d99af813b6529c7ebf01c83533', 1);
INSERT OR IGNORE INTO condition_patterns (custom_format_name, condition_name, regular_expression_name) VALUES ('VDL', 'Videoland', 'VDL_Videoland');
INSERT OR IGNORE INTO condition_sources (custom_format_name, condition_name, source) VALUES ('VDL', 'WEBDL', 'TELECINE');
INSERT OR IGNORE INTO condition_sources (custom_format_name, condition_name, source) VALUES ('VDL', 'WEBRIP', 'WORKPRINT');
INSERT OR IGNORE INTO regular_expressions (name, pattern) VALUES ('VDL_Videoland', '\b(vdl|Videoland)\b');
INSERT OR IGNORE INTO custom_format_conditions (custom_format_name, name, type, arr_type, negate, required) VALUES ('VDL', 'Videoland', 'pattern', 'sonarr', 0, 1);
INSERT OR IGNORE INTO custom_format_conditions (custom_format_name, name, type, arr_type, negate, required) VALUES ('VDL', 'WEBDL', 'source', 'sonarr', 0, 0);
INSERT OR IGNORE INTO custom_format_conditions (custom_format_name, name, type, arr_type, negate, required) VALUES ('VDL', 'WEBRIP', 'source', 'sonarr', 0, 0);

INSERT OR IGNORE INTO custom_formats (name, description, include_in_rename) VALUES ('VIU', '93c9d1e566dca8b34d57f5efbbf85f28', 1);
INSERT OR IGNORE INTO condition_patterns (custom_format_name, condition_name, regular_expression_name) VALUES ('VIU', 'VIU', 'VIU_VIU');
INSERT OR IGNORE INTO condition_patterns (custom_format_name, condition_name, regular_expression_name) VALUES ('VIU', 'VIU Rename', 'VIU_VIU_Rename');
INSERT OR IGNORE INTO condition_sources (custom_format_name, condition_name, source) VALUES ('VIU', 'WEBDL', 'TELECINE');
INSERT OR IGNORE INTO condition_sources (custom_format_name, condition_name, source) VALUES ('VIU', 'WEBRIP', 'WORKPRINT');
INSERT OR IGNORE INTO regular_expressions (name, pattern) VALUES ('VIU_VIU', '\b(viu)\b[ ._-]web[ ._-]?(dl|rip)?\b');
INSERT OR IGNORE INTO regular_expressions (name, pattern) VALUES ('VIU_VIU_Rename', '\[(VIU)\b|\b(VIU)\]');
INSERT OR IGNORE INTO custom_format_conditions (custom_format_name, name, type, arr_type, negate, required) VALUES ('VIU', 'VIU', 'pattern', 'sonarr', 0, 0);
INSERT OR IGNORE INTO custom_format_conditions (custom_format_name, name, type, arr_type, negate, required) VALUES ('VIU', 'VIU Rename', 'pattern', 'sonarr', 0, 0);
INSERT OR IGNORE INTO custom_format_conditions (custom_format_name, name, type, arr_type, negate, required) VALUES ('VIU', 'WEBDL', 'source', 'sonarr', 0, 0);
INSERT OR IGNORE INTO custom_format_conditions (custom_format_name, name, type, arr_type, negate, required) VALUES ('VIU', 'WEBRIP', 'source', 'sonarr', 0, 0);

INSERT OR IGNORE INTO custom_formats (name, description, include_in_rename) VALUES ('VP9', '90501962793d580d011511155c97e4e5', 0);
INSERT OR IGNORE INTO condition_patterns (custom_format_name, condition_name, regular_expression_name) VALUES ('VP9', 'VP9', 'VP9_VP9');
INSERT OR IGNORE INTO regular_expressions (name, pattern) VALUES ('VP9_VP9', '\bVP9\b');
INSERT OR IGNORE INTO custom_format_conditions (custom_format_name, name, type, arr_type, negate, required) VALUES ('VP9', 'VP9', 'pattern', 'sonarr', 0, 1);

INSERT OR IGNORE INTO custom_formats (name, description, include_in_rename) VALUES ('VRV', '44a8ee6403071dd7b8a3a8dd3fe8cb20', 1);
INSERT OR IGNORE INTO condition_patterns (custom_format_name, condition_name, regular_expression_name) VALUES ('VRV', 'VRV', 'VRV_VRV');
INSERT OR IGNORE INTO condition_sources (custom_format_name, condition_name, source) VALUES ('VRV', 'WEBDL', 'TELECINE');
INSERT OR IGNORE INTO condition_sources (custom_format_name, condition_name, source) VALUES ('VRV', 'WEBRIP', 'WORKPRINT');
INSERT OR IGNORE INTO condition_sources (custom_format_name, condition_name, source) VALUES ('VRV', 'WEB', 'CAM');
INSERT OR IGNORE INTO regular_expressions (name, pattern) VALUES ('VRV_VRV', '\b(VRV)\b');
INSERT OR IGNORE INTO custom_format_conditions (custom_format_name, name, type, arr_type, negate, required) VALUES ('VRV', 'VRV', 'pattern', 'sonarr', 0, 1);
INSERT OR IGNORE INTO custom_format_conditions (custom_format_name, name, type, arr_type, negate, required) VALUES ('VRV', 'WEBDL', 'source', 'sonarr', 0, 0);
INSERT OR IGNORE INTO custom_format_conditions (custom_format_name, name, type, arr_type, negate, required) VALUES ('VRV', 'WEBRIP', 'source', 'sonarr', 0, 0);
INSERT OR IGNORE INTO custom_format_conditions (custom_format_name, name, type, arr_type, negate, required) VALUES ('VRV', 'WEB', 'source', 'sonarr', 0, 0);

INSERT OR IGNORE INTO custom_formats (name, description, include_in_rename) VALUES ('WEB Scene', 'd0c516558625b04b363fa6c5c2c7cfd4', 0);
INSERT OR IGNORE INTO condition_patterns (custom_format_name, condition_name, regular_expression_name) VALUES ('WEB Scene', 'DEFLATE', 'WEB_Scene_DEFLATE');
INSERT OR IGNORE INTO condition_patterns (custom_format_name, condition_name, regular_expression_name) VALUES ('WEB Scene', 'INFLATE', 'WEB_Scene_INFLATE');
INSERT OR IGNORE INTO regular_expressions (name, pattern) VALUES ('WEB_Scene_DEFLATE', '^(DEFLATE)$');
INSERT OR IGNORE INTO regular_expressions (name, pattern) VALUES ('WEB_Scene_INFLATE', '^(INFLATE)$');
INSERT OR IGNORE INTO custom_format_conditions (custom_format_name, name, type, arr_type, negate, required) VALUES ('WEB Scene', 'DEFLATE', 'pattern', 'sonarr', 0, 0);
INSERT OR IGNORE INTO custom_format_conditions (custom_format_name, name, type, arr_type, negate, required) VALUES ('WEB Scene', 'INFLATE', 'pattern', 'sonarr', 0, 0);

INSERT OR IGNORE INTO custom_formats (name, description, include_in_rename) VALUES ('WEB Tier 01', 'e6258996055b9fbab7e9cb2f75819294', 0);
INSERT OR IGNORE INTO condition_patterns (custom_format_name, condition_name, regular_expression_name) VALUES ('WEB Tier 01', 'ABBiE', 'WEB_Tier_01_ABBiE');
INSERT OR IGNORE INTO condition_patterns (custom_format_name, condition_name, regular_expression_name) VALUES ('WEB Tier 01', 'AJP69', 'WEB_Tier_01_AJP69');
INSERT OR IGNORE INTO condition_patterns (custom_format_name, condition_name, regular_expression_name) VALUES ('WEB Tier 01', 'APEX', 'WEB_Tier_01_APEX');
INSERT OR IGNORE INTO condition_patterns (custom_format_name, condition_name, regular_expression_name) VALUES ('WEB Tier 01', 'CasStudio', 'WEB_Tier_01_CasStudio');
INSERT OR IGNORE INTO condition_patterns (custom_format_name, condition_name, regular_expression_name) VALUES ('WEB Tier 01', 'CRFW', 'WEB_Tier_01_CRFW');
INSERT OR IGNORE INTO condition_patterns (custom_format_name, condition_name, regular_expression_name) VALUES ('WEB Tier 01', 'CtrlHD', 'WEB_Tier_01_CtrlHD');
INSERT OR IGNORE INTO condition_patterns (custom_format_name, condition_name, regular_expression_name) VALUES ('WEB Tier 01', 'FLUX', 'WEB_Tier_01_FLUX');
INSERT OR IGNORE INTO condition_patterns (custom_format_name, condition_name, regular_expression_name) VALUES ('WEB Tier 01', 'HONE', 'WEB_Tier_01_HONE');
INSERT OR IGNORE INTO condition_patterns (custom_format_name, condition_name, regular_expression_name) VALUES ('WEB Tier 01', 'KiNGS', 'WEB_Tier_01_KiNGS');
INSERT OR IGNORE INTO condition_patterns (custom_format_name, condition_name, regular_expression_name) VALUES ('WEB Tier 01', 'Kitsune', 'WEB_Tier_01_Kitsune');
INSERT OR IGNORE INTO condition_patterns (custom_format_name, condition_name, regular_expression_name) VALUES ('WEB Tier 01', 'monkee', 'WEB_Tier_01_monkee');
INSERT OR IGNORE INTO condition_patterns (custom_format_name, condition_name, regular_expression_name) VALUES ('WEB Tier 01', 'NOSiViD', 'WEB_Tier_01_NOSiViD');
INSERT OR IGNORE INTO condition_patterns (custom_format_name, condition_name, regular_expression_name) VALUES ('WEB Tier 01', 'NTb', 'WEB_Tier_01_NTb');
INSERT OR IGNORE INTO condition_patterns (custom_format_name, condition_name, regular_expression_name) VALUES ('WEB Tier 01', 'NTG', 'WEB_Tier_01_NTG');
INSERT OR IGNORE INTO condition_patterns (custom_format_name, condition_name, regular_expression_name) VALUES ('WEB Tier 01', 'QOQ', 'WEB_Tier_01_QOQ');
INSERT OR IGNORE INTO condition_patterns (custom_format_name, condition_name, regular_expression_name) VALUES ('WEB Tier 01', 'RAWR', 'WEB_Tier_01_RAWR');
INSERT OR IGNORE INTO condition_patterns (custom_format_name, condition_name, regular_expression_name) VALUES ('WEB Tier 01', 'RTN', 'WEB_Tier_01_RTN');
INSERT OR IGNORE INTO condition_patterns (custom_format_name, condition_name, regular_expression_name) VALUES ('WEB Tier 01', 'SiC', 'WEB_Tier_01_SiC');
INSERT OR IGNORE INTO condition_patterns (custom_format_name, condition_name, regular_expression_name) VALUES ('WEB Tier 01', 'T6D', 'WEB_Tier_01_T6D');
INSERT OR IGNORE INTO condition_patterns (custom_format_name, condition_name, regular_expression_name) VALUES ('WEB Tier 01', 'TOMMY', 'WEB_Tier_01_TOMMY');
INSERT OR IGNORE INTO condition_patterns (custom_format_name, condition_name, regular_expression_name) VALUES ('WEB Tier 01', 'ViSUM', 'WEB_Tier_01_ViSUM');
INSERT OR IGNORE INTO condition_sources (custom_format_name, condition_name, source) VALUES ('WEB Tier 01', 'WEBDL', 'TELECINE');
INSERT OR IGNORE INTO condition_sources (custom_format_name, condition_name, source) VALUES ('WEB Tier 01', 'WEBRIP', 'WORKPRINT');
INSERT OR IGNORE INTO regular_expressions (name, pattern) VALUES ('WEB_Tier_01_ABBiE', '^(ABBiE)$');
INSERT OR IGNORE INTO regular_expressions (name, pattern) VALUES ('WEB_Tier_01_AJP69', '^(AJP69)$');
INSERT OR IGNORE INTO regular_expressions (name, pattern) VALUES ('WEB_Tier_01_APEX', '^(APEX|PAXA|PEXA|XEPA)$');
INSERT OR IGNORE INTO regular_expressions (name, pattern) VALUES ('WEB_Tier_01_CasStudio', '^(CasStudio)$');
INSERT OR IGNORE INTO regular_expressions (name, pattern) VALUES ('WEB_Tier_01_CRFW', '^(CRFW)$');
INSERT OR IGNORE INTO regular_expressions (name, pattern) VALUES ('WEB_Tier_01_CtrlHD', '^(CtrlHD)$');
INSERT OR IGNORE INTO regular_expressions (name, pattern) VALUES ('WEB_Tier_01_FLUX', '^(FLUX)$');
INSERT OR IGNORE INTO regular_expressions (name, pattern) VALUES ('WEB_Tier_01_HONE', '^(HONE)$');
INSERT OR IGNORE INTO regular_expressions (name, pattern) VALUES ('WEB_Tier_01_KiNGS', '^(KiNGS)$');
INSERT OR IGNORE INTO regular_expressions (name, pattern) VALUES ('WEB_Tier_01_Kitsune', '^(Kitsune)$');
INSERT OR IGNORE INTO regular_expressions (name, pattern) VALUES ('WEB_Tier_01_monkee', '^(monkee)$');
INSERT OR IGNORE INTO regular_expressions (name, pattern) VALUES ('WEB_Tier_01_NOSiViD', '^(NOSiViD)$');
INSERT OR IGNORE INTO regular_expressions (name, pattern) VALUES ('WEB_Tier_01_NTb', '^(NTb)$');
INSERT OR IGNORE INTO regular_expressions (name, pattern) VALUES ('WEB_Tier_01_NTG', '^(NTG)$');
INSERT OR IGNORE INTO regular_expressions (name, pattern) VALUES ('WEB_Tier_01_QOQ', '^(QOQ)$');
INSERT OR IGNORE INTO regular_expressions (name, pattern) VALUES ('WEB_Tier_01_RAWR', '^(RAWR)$');
INSERT OR IGNORE INTO regular_expressions (name, pattern) VALUES ('WEB_Tier_01_RTN', '^(RTN)$');
INSERT OR IGNORE INTO regular_expressions (name, pattern) VALUES ('WEB_Tier_01_SiC', '^(SiC)$');
INSERT OR IGNORE INTO regular_expressions (name, pattern) VALUES ('WEB_Tier_01_T6D', '^(T6D)$');
INSERT OR IGNORE INTO regular_expressions (name, pattern) VALUES ('WEB_Tier_01_TOMMY', '^(TOMMY)$');
INSERT OR IGNORE INTO regular_expressions (name, pattern) VALUES ('WEB_Tier_01_ViSUM', '^(ViSUM)$');
INSERT OR IGNORE INTO custom_format_conditions (custom_format_name, name, type, arr_type, negate, required) VALUES ('WEB Tier 01', 'ABBiE', 'pattern', 'sonarr', 0, 0);
INSERT OR IGNORE INTO custom_format_conditions (custom_format_name, name, type, arr_type, negate, required) VALUES ('WEB Tier 01', 'AJP69', 'pattern', 'sonarr', 0, 0);
INSERT OR IGNORE INTO custom_format_conditions (custom_format_name, name, type, arr_type, negate, required) VALUES ('WEB Tier 01', 'APEX', 'pattern', 'sonarr', 0, 0);
INSERT OR IGNORE INTO custom_format_conditions (custom_format_name, name, type, arr_type, negate, required) VALUES ('WEB Tier 01', 'CasStudio', 'pattern', 'sonarr', 0, 0);
INSERT OR IGNORE INTO custom_format_conditions (custom_format_name, name, type, arr_type, negate, required) VALUES ('WEB Tier 01', 'CRFW', 'pattern', 'sonarr', 0, 0);
INSERT OR IGNORE INTO custom_format_conditions (custom_format_name, name, type, arr_type, negate, required) VALUES ('WEB Tier 01', 'CtrlHD', 'pattern', 'sonarr', 0, 0);
INSERT OR IGNORE INTO custom_format_conditions (custom_format_name, name, type, arr_type, negate, required) VALUES ('WEB Tier 01', 'FLUX', 'pattern', 'sonarr', 0, 0);
INSERT OR IGNORE INTO custom_format_conditions (custom_format_name, name, type, arr_type, negate, required) VALUES ('WEB Tier 01', 'HONE', 'pattern', 'sonarr', 0, 0);
INSERT OR IGNORE INTO custom_format_conditions (custom_format_name, name, type, arr_type, negate, required) VALUES ('WEB Tier 01', 'KiNGS', 'pattern', 'sonarr', 0, 0);
INSERT OR IGNORE INTO custom_format_conditions (custom_format_name, name, type, arr_type, negate, required) VALUES ('WEB Tier 01', 'Kitsune', 'pattern', 'sonarr', 0, 0);
INSERT OR IGNORE INTO custom_format_conditions (custom_format_name, name, type, arr_type, negate, required) VALUES ('WEB Tier 01', 'monkee', 'pattern', 'sonarr', 0, 0);
INSERT OR IGNORE INTO custom_format_conditions (custom_format_name, name, type, arr_type, negate, required) VALUES ('WEB Tier 01', 'NOSiViD', 'pattern', 'sonarr', 0, 0);
INSERT OR IGNORE INTO custom_format_conditions (custom_format_name, name, type, arr_type, negate, required) VALUES ('WEB Tier 01', 'NTb', 'pattern', 'sonarr', 0, 0);
INSERT OR IGNORE INTO custom_format_conditions (custom_format_name, name, type, arr_type, negate, required) VALUES ('WEB Tier 01', 'NTG', 'pattern', 'sonarr', 0, 0);
INSERT OR IGNORE INTO custom_format_conditions (custom_format_name, name, type, arr_type, negate, required) VALUES ('WEB Tier 01', 'QOQ', 'pattern', 'sonarr', 0, 0);
INSERT OR IGNORE INTO custom_format_conditions (custom_format_name, name, type, arr_type, negate, required) VALUES ('WEB Tier 01', 'RAWR', 'pattern', 'sonarr', 0, 0);
INSERT OR IGNORE INTO custom_format_conditions (custom_format_name, name, type, arr_type, negate, required) VALUES ('WEB Tier 01', 'RTN', 'pattern', 'sonarr', 0, 0);
INSERT OR IGNORE INTO custom_format_conditions (custom_format_name, name, type, arr_type, negate, required) VALUES ('WEB Tier 01', 'SiC', 'pattern', 'sonarr', 0, 0);
INSERT OR IGNORE INTO custom_format_conditions (custom_format_name, name, type, arr_type, negate, required) VALUES ('WEB Tier 01', 'T6D', 'pattern', 'sonarr', 0, 0);
INSERT OR IGNORE INTO custom_format_conditions (custom_format_name, name, type, arr_type, negate, required) VALUES ('WEB Tier 01', 'TOMMY', 'pattern', 'sonarr', 0, 0);
INSERT OR IGNORE INTO custom_format_conditions (custom_format_name, name, type, arr_type, negate, required) VALUES ('WEB Tier 01', 'ViSUM', 'pattern', 'sonarr', 0, 0);
INSERT OR IGNORE INTO custom_format_conditions (custom_format_name, name, type, arr_type, negate, required) VALUES ('WEB Tier 01', 'WEBDL', 'source', 'sonarr', 0, 0);
INSERT OR IGNORE INTO custom_format_conditions (custom_format_name, name, type, arr_type, negate, required) VALUES ('WEB Tier 01', 'WEBRIP', 'source', 'sonarr', 0, 0);

INSERT OR IGNORE INTO custom_formats (name, description, include_in_rename) VALUES ('WEB Tier 02', '58790d4e2fdcd9733aa7ae68ba2bb503', 0);
INSERT OR IGNORE INTO condition_patterns (custom_format_name, condition_name, regular_expression_name) VALUES ('WEB Tier 02', '3cTWeB', 'WEB_Tier_02_3cTWeB');
INSERT OR IGNORE INTO condition_patterns (custom_format_name, condition_name, regular_expression_name) VALUES ('WEB Tier 02', 'BLUTONiUM', 'WEB_Tier_02_BLUTONiUM');
INSERT OR IGNORE INTO condition_patterns (custom_format_name, condition_name, regular_expression_name) VALUES ('WEB Tier 02', 'BTW', 'WEB_Tier_02_BTW');
INSERT OR IGNORE INTO condition_patterns (custom_format_name, condition_name, regular_expression_name) VALUES ('WEB Tier 02', 'BYNDR', 'WEB_Tier_02_BYNDR');
INSERT OR IGNORE INTO condition_patterns (custom_format_name, condition_name, regular_expression_name) VALUES ('WEB Tier 02', 'Chotab', 'WEB_Tier_02_Chotab');
INSERT OR IGNORE INTO condition_patterns (custom_format_name, condition_name, regular_expression_name) VALUES ('WEB Tier 02', 'Cinefeel', 'WEB_Tier_02_Cinefeel');
INSERT OR IGNORE INTO condition_patterns (custom_format_name, condition_name, regular_expression_name) VALUES ('WEB Tier 02', 'CiT', 'WEB_Tier_02_CiT');
INSERT OR IGNORE INTO condition_patterns (custom_format_name, condition_name, regular_expression_name) VALUES ('WEB Tier 02', 'CMRG', 'WEB_Tier_02_CMRG');
INSERT OR IGNORE INTO condition_patterns (custom_format_name, condition_name, regular_expression_name) VALUES ('WEB Tier 02', 'Coo7', 'WEB_Tier_02_Coo7');
INSERT OR IGNORE INTO condition_patterns (custom_format_name, condition_name, regular_expression_name) VALUES ('WEB Tier 02', 'dB', 'WEB_Tier_02_dB');
INSERT OR IGNORE INTO condition_patterns (custom_format_name, condition_name, regular_expression_name) VALUES ('WEB Tier 02', 'DEEP', 'WEB_Tier_02_DEEP');
INSERT OR IGNORE INTO condition_patterns (custom_format_name, condition_name, regular_expression_name) VALUES ('WEB Tier 02', 'END', 'WEB_Tier_02_END');
INSERT OR IGNORE INTO condition_patterns (custom_format_name, condition_name, regular_expression_name) VALUES ('WEB Tier 02', 'ETHiCS', 'WEB_Tier_02_ETHiCS');
INSERT OR IGNORE INTO condition_patterns (custom_format_name, condition_name, regular_expression_name) VALUES ('WEB Tier 02', 'FC', 'WEB_Tier_02_FC');
INSERT OR IGNORE INTO condition_patterns (custom_format_name, condition_name, regular_expression_name) VALUES ('WEB Tier 02', 'Flights', 'WEB_Tier_02_Flights');
INSERT OR IGNORE INTO condition_patterns (custom_format_name, condition_name, regular_expression_name) VALUES ('WEB Tier 02', 'GNOME', 'WEB_Tier_02_GNOME');
INSERT OR IGNORE INTO condition_patterns (custom_format_name, condition_name, regular_expression_name) VALUES ('WEB Tier 02', 'iJP', 'WEB_Tier_02_iJP');
INSERT OR IGNORE INTO condition_patterns (custom_format_name, condition_name, regular_expression_name) VALUES ('WEB Tier 02', 'iKA', 'WEB_Tier_02_iKA');
INSERT OR IGNORE INTO condition_patterns (custom_format_name, condition_name, regular_expression_name) VALUES ('WEB Tier 02', 'iT00NZ', 'WEB_Tier_02_iT00NZ');
INSERT OR IGNORE INTO condition_patterns (custom_format_name, condition_name, regular_expression_name) VALUES ('WEB Tier 02', 'JETIX', 'WEB_Tier_02_JETIX');
INSERT OR IGNORE INTO condition_patterns (custom_format_name, condition_name, regular_expression_name) VALUES ('WEB Tier 02', 'KHN', 'WEB_Tier_02_KHN');
INSERT OR IGNORE INTO condition_patterns (custom_format_name, condition_name, regular_expression_name) VALUES ('WEB Tier 02', 'KiMCHI', 'WEB_Tier_02_KiMCHI');
INSERT OR IGNORE INTO condition_patterns (custom_format_name, condition_name, regular_expression_name) VALUES ('WEB Tier 02', 'LAZY', 'WEB_Tier_02_LAZY');
INSERT OR IGNORE INTO condition_patterns (custom_format_name, condition_name, regular_expression_name) VALUES ('WEB Tier 02', 'MiU', 'WEB_Tier_02_MiU');
INSERT OR IGNORE INTO condition_patterns (custom_format_name, condition_name, regular_expression_name) VALUES ('WEB Tier 02', 'MZABI', 'WEB_Tier_02_MZABI');
INSERT OR IGNORE INTO condition_patterns (custom_format_name, condition_name, regular_expression_name) VALUES ('WEB Tier 02', 'NPMS', 'WEB_Tier_02_NPMS');
INSERT OR IGNORE INTO condition_patterns (custom_format_name, condition_name, regular_expression_name) VALUES ('WEB Tier 02', 'NYH', 'WEB_Tier_02_NYH');
INSERT OR IGNORE INTO condition_patterns (custom_format_name, condition_name, regular_expression_name) VALUES ('WEB Tier 02', 'orbitron', 'WEB_Tier_02_orbitron');
INSERT OR IGNORE INTO condition_patterns (custom_format_name, condition_name, regular_expression_name) VALUES ('WEB Tier 02', 'PHOENiX', 'WEB_Tier_02_PHOENiX');
INSERT OR IGNORE INTO condition_patterns (custom_format_name, condition_name, regular_expression_name) VALUES ('WEB Tier 02', 'playWEB', 'WEB_Tier_02_playWEB');
INSERT OR IGNORE INTO condition_patterns (custom_format_name, condition_name, regular_expression_name) VALUES ('WEB Tier 02', 'PSiG', 'WEB_Tier_02_PSiG');
INSERT OR IGNORE INTO condition_patterns (custom_format_name, condition_name, regular_expression_name) VALUES ('WEB Tier 02', 'ROCCaT', 'WEB_Tier_02_ROCCaT');
INSERT OR IGNORE INTO condition_patterns (custom_format_name, condition_name, regular_expression_name) VALUES ('WEB Tier 02', 'RTFM', 'WEB_Tier_02_RTFM');
INSERT OR IGNORE INTO condition_patterns (custom_format_name, condition_name, regular_expression_name) VALUES ('WEB Tier 02', 'SA89', 'WEB_Tier_02_SA89');
INSERT OR IGNORE INTO condition_patterns (custom_format_name, condition_name, regular_expression_name) VALUES ('WEB Tier 02', 'SbR', 'WEB_Tier_02_SbR');
INSERT OR IGNORE INTO condition_patterns (custom_format_name, condition_name, regular_expression_name) VALUES ('WEB Tier 02', 'SDCC', 'WEB_Tier_02_SDCC');
INSERT OR IGNORE INTO condition_patterns (custom_format_name, condition_name, regular_expression_name) VALUES ('WEB Tier 02', 'SIGMA', 'WEB_Tier_02_SIGMA');
INSERT OR IGNORE INTO condition_patterns (custom_format_name, condition_name, regular_expression_name) VALUES ('WEB Tier 02', 'SMURF', 'WEB_Tier_02_SMURF');
INSERT OR IGNORE INTO condition_patterns (custom_format_name, condition_name, regular_expression_name) VALUES ('WEB Tier 02', 'SPiRiT', 'WEB_Tier_02_SPiRiT');
INSERT OR IGNORE INTO condition_patterns (custom_format_name, condition_name, regular_expression_name) VALUES ('WEB Tier 02', 'TEPES', 'WEB_Tier_02_TEPES');
INSERT OR IGNORE INTO condition_patterns (custom_format_name, condition_name, regular_expression_name) VALUES ('WEB Tier 02', 'TVSmash', 'WEB_Tier_02_TVSmash');
INSERT OR IGNORE INTO condition_patterns (custom_format_name, condition_name, regular_expression_name) VALUES ('WEB Tier 02', 'WELP', 'WEB_Tier_02_WELP');
INSERT OR IGNORE INTO condition_patterns (custom_format_name, condition_name, regular_expression_name) VALUES ('WEB Tier 02', 'XEBEC', 'WEB_Tier_02_XEBEC');
INSERT OR IGNORE INTO condition_sources (custom_format_name, condition_name, source) VALUES ('WEB Tier 02', 'WEBDL', 'TELECINE');
INSERT OR IGNORE INTO condition_sources (custom_format_name, condition_name, source) VALUES ('WEB Tier 02', 'WEBRIP', 'WORKPRINT');
INSERT OR IGNORE INTO regular_expressions (name, pattern) VALUES ('WEB_Tier_02_3cTWeB', '^(3cTWeB)$');
INSERT OR IGNORE INTO regular_expressions (name, pattern) VALUES ('WEB_Tier_02_BLUTONiUM', '^(BLUTONiUM)$');
INSERT OR IGNORE INTO regular_expressions (name, pattern) VALUES ('WEB_Tier_02_BTW', '^(BTW)$');
INSERT OR IGNORE INTO regular_expressions (name, pattern) VALUES ('WEB_Tier_02_BYNDR', '^(BYNDR)$');
INSERT OR IGNORE INTO regular_expressions (name, pattern) VALUES ('WEB_Tier_02_Chotab', '^(Chotab)$');
INSERT OR IGNORE INTO regular_expressions (name, pattern) VALUES ('WEB_Tier_02_Cinefeel', '^(Cinefeel)$');
INSERT OR IGNORE INTO regular_expressions (name, pattern) VALUES ('WEB_Tier_02_CiT', '^(CiT)$');
INSERT OR IGNORE INTO regular_expressions (name, pattern) VALUES ('WEB_Tier_02_CMRG', '^(CMRG)$');
INSERT OR IGNORE INTO regular_expressions (name, pattern) VALUES ('WEB_Tier_02_Coo7', '^(Coo7)$');
INSERT OR IGNORE INTO regular_expressions (name, pattern) VALUES ('WEB_Tier_02_dB', '^(dB)$');
INSERT OR IGNORE INTO regular_expressions (name, pattern) VALUES ('WEB_Tier_02_DEEP', '^(DEEP)$');
INSERT OR IGNORE INTO regular_expressions (name, pattern) VALUES ('WEB_Tier_02_END', '^(END)$');
INSERT OR IGNORE INTO regular_expressions (name, pattern) VALUES ('WEB_Tier_02_ETHiCS', '^(ETHiCS)$');
INSERT OR IGNORE INTO regular_expressions (name, pattern) VALUES ('WEB_Tier_02_FC', '^(FC)$');
INSERT OR IGNORE INTO regular_expressions (name, pattern) VALUES ('WEB_Tier_02_Flights', '^(Flights)$');
INSERT OR IGNORE INTO regular_expressions (name, pattern) VALUES ('WEB_Tier_02_GNOME', '^(GNOME)$');
INSERT OR IGNORE INTO regular_expressions (name, pattern) VALUES ('WEB_Tier_02_iJP', '^(iJP)$');
INSERT OR IGNORE INTO regular_expressions (name, pattern) VALUES ('WEB_Tier_02_iKA', '^(iKA)$');
INSERT OR IGNORE INTO regular_expressions (name, pattern) VALUES ('WEB_Tier_02_iT00NZ', '^(iT00NZ)$');
INSERT OR IGNORE INTO regular_expressions (name, pattern) VALUES ('WEB_Tier_02_JETIX', '^(JETIX)$');
INSERT OR IGNORE INTO regular_expressions (name, pattern) VALUES ('WEB_Tier_02_KHN', '^(KHN)$');
INSERT OR IGNORE INTO regular_expressions (name, pattern) VALUES ('WEB_Tier_02_KiMCHI', '^(KiMCHI)$');
INSERT OR IGNORE INTO regular_expressions (name, pattern) VALUES ('WEB_Tier_02_LAZY', '^(LAZY)$');
INSERT OR IGNORE INTO regular_expressions (name, pattern) VALUES ('WEB_Tier_02_MiU', '^(MiU)$');
INSERT OR IGNORE INTO regular_expressions (name, pattern) VALUES ('WEB_Tier_02_MZABI', '^(MZABI)$');
INSERT OR IGNORE INTO regular_expressions (name, pattern) VALUES ('WEB_Tier_02_NPMS', '^(NPMS)$');
INSERT OR IGNORE INTO regular_expressions (name, pattern) VALUES ('WEB_Tier_02_NYH', '^(NYH)$');
INSERT OR IGNORE INTO regular_expressions (name, pattern) VALUES ('WEB_Tier_02_orbitron', '^(orbitron)$');
INSERT OR IGNORE INTO regular_expressions (name, pattern) VALUES ('WEB_Tier_02_PHOENiX', '^(PHOENiX)$');
INSERT OR IGNORE INTO regular_expressions (name, pattern) VALUES ('WEB_Tier_02_playWEB', '^(playWEB)$');
INSERT OR IGNORE INTO regular_expressions (name, pattern) VALUES ('WEB_Tier_02_PSiG', '^(PSiG)$');
INSERT OR IGNORE INTO regular_expressions (name, pattern) VALUES ('WEB_Tier_02_ROCCaT', '^(ROCCaT)$');
INSERT OR IGNORE INTO regular_expressions (name, pattern) VALUES ('WEB_Tier_02_RTFM', '^(RTFM)$');
INSERT OR IGNORE INTO regular_expressions (name, pattern) VALUES ('WEB_Tier_02_SA89', '^(SA89)$');
INSERT OR IGNORE INTO regular_expressions (name, pattern) VALUES ('WEB_Tier_02_SbR', '^(SbR)$');
INSERT OR IGNORE INTO regular_expressions (name, pattern) VALUES ('WEB_Tier_02_SDCC', '^(SDCC)$');
INSERT OR IGNORE INTO regular_expressions (name, pattern) VALUES ('WEB_Tier_02_SIGMA', '^(SIGMA)$');
INSERT OR IGNORE INTO regular_expressions (name, pattern) VALUES ('WEB_Tier_02_SMURF', '^(SMURF)$');
INSERT OR IGNORE INTO regular_expressions (name, pattern) VALUES ('WEB_Tier_02_SPiRiT', '^(SPiRiT)$');
INSERT OR IGNORE INTO regular_expressions (name, pattern) VALUES ('WEB_Tier_02_TEPES', '^(TEPES)$');
INSERT OR IGNORE INTO regular_expressions (name, pattern) VALUES ('WEB_Tier_02_TVSmash', '^(TVSmash)$');
INSERT OR IGNORE INTO regular_expressions (name, pattern) VALUES ('WEB_Tier_02_WELP', '^(WELP)$');
INSERT OR IGNORE INTO regular_expressions (name, pattern) VALUES ('WEB_Tier_02_XEBEC', '^(XEBEC|4KBEC|CEBEX)$');
INSERT OR IGNORE INTO custom_format_conditions (custom_format_name, name, type, arr_type, negate, required) VALUES ('WEB Tier 02', '3cTWeB', 'pattern', 'sonarr', 0, 0);
INSERT OR IGNORE INTO custom_format_conditions (custom_format_name, name, type, arr_type, negate, required) VALUES ('WEB Tier 02', 'BLUTONiUM', 'pattern', 'sonarr', 0, 0);
INSERT OR IGNORE INTO custom_format_conditions (custom_format_name, name, type, arr_type, negate, required) VALUES ('WEB Tier 02', 'BTW', 'pattern', 'sonarr', 0, 0);
INSERT OR IGNORE INTO custom_format_conditions (custom_format_name, name, type, arr_type, negate, required) VALUES ('WEB Tier 02', 'BYNDR', 'pattern', 'sonarr', 0, 0);
INSERT OR IGNORE INTO custom_format_conditions (custom_format_name, name, type, arr_type, negate, required) VALUES ('WEB Tier 02', 'Chotab', 'pattern', 'sonarr', 0, 0);
INSERT OR IGNORE INTO custom_format_conditions (custom_format_name, name, type, arr_type, negate, required) VALUES ('WEB Tier 02', 'Cinefeel', 'pattern', 'sonarr', 0, 0);
INSERT OR IGNORE INTO custom_format_conditions (custom_format_name, name, type, arr_type, negate, required) VALUES ('WEB Tier 02', 'CiT', 'pattern', 'sonarr', 0, 0);
INSERT OR IGNORE INTO custom_format_conditions (custom_format_name, name, type, arr_type, negate, required) VALUES ('WEB Tier 02', 'CMRG', 'pattern', 'sonarr', 0, 0);
INSERT OR IGNORE INTO custom_format_conditions (custom_format_name, name, type, arr_type, negate, required) VALUES ('WEB Tier 02', 'Coo7', 'pattern', 'sonarr', 0, 0);
INSERT OR IGNORE INTO custom_format_conditions (custom_format_name, name, type, arr_type, negate, required) VALUES ('WEB Tier 02', 'dB', 'pattern', 'sonarr', 0, 0);
INSERT OR IGNORE INTO custom_format_conditions (custom_format_name, name, type, arr_type, negate, required) VALUES ('WEB Tier 02', 'DEEP', 'pattern', 'sonarr', 0, 0);
INSERT OR IGNORE INTO custom_format_conditions (custom_format_name, name, type, arr_type, negate, required) VALUES ('WEB Tier 02', 'END', 'pattern', 'sonarr', 0, 0);
INSERT OR IGNORE INTO custom_format_conditions (custom_format_name, name, type, arr_type, negate, required) VALUES ('WEB Tier 02', 'ETHiCS', 'pattern', 'sonarr', 0, 0);
INSERT OR IGNORE INTO custom_format_conditions (custom_format_name, name, type, arr_type, negate, required) VALUES ('WEB Tier 02', 'FC', 'pattern', 'sonarr', 0, 0);
INSERT OR IGNORE INTO custom_format_conditions (custom_format_name, name, type, arr_type, negate, required) VALUES ('WEB Tier 02', 'Flights', 'pattern', 'sonarr', 0, 0);
INSERT OR IGNORE INTO custom_format_conditions (custom_format_name, name, type, arr_type, negate, required) VALUES ('WEB Tier 02', 'GNOME', 'pattern', 'sonarr', 0, 0);
INSERT OR IGNORE INTO custom_format_conditions (custom_format_name, name, type, arr_type, negate, required) VALUES ('WEB Tier 02', 'iJP', 'pattern', 'sonarr', 0, 0);
INSERT OR IGNORE INTO custom_format_conditions (custom_format_name, name, type, arr_type, negate, required) VALUES ('WEB Tier 02', 'iKA', 'pattern', 'sonarr', 0, 0);
INSERT OR IGNORE INTO custom_format_conditions (custom_format_name, name, type, arr_type, negate, required) VALUES ('WEB Tier 02', 'iT00NZ', 'pattern', 'sonarr', 0, 0);
INSERT OR IGNORE INTO custom_format_conditions (custom_format_name, name, type, arr_type, negate, required) VALUES ('WEB Tier 02', 'JETIX', 'pattern', 'sonarr', 0, 0);
INSERT OR IGNORE INTO custom_format_conditions (custom_format_name, name, type, arr_type, negate, required) VALUES ('WEB Tier 02', 'KHN', 'pattern', 'sonarr', 0, 0);
INSERT OR IGNORE INTO custom_format_conditions (custom_format_name, name, type, arr_type, negate, required) VALUES ('WEB Tier 02', 'KiMCHI', 'pattern', 'sonarr', 0, 0);
INSERT OR IGNORE INTO custom_format_conditions (custom_format_name, name, type, arr_type, negate, required) VALUES ('WEB Tier 02', 'LAZY', 'pattern', 'sonarr', 0, 0);
INSERT OR IGNORE INTO custom_format_conditions (custom_format_name, name, type, arr_type, negate, required) VALUES ('WEB Tier 02', 'MiU', 'pattern', 'sonarr', 0, 0);
INSERT OR IGNORE INTO custom_format_conditions (custom_format_name, name, type, arr_type, negate, required) VALUES ('WEB Tier 02', 'MZABI', 'pattern', 'sonarr', 0, 0);
INSERT OR IGNORE INTO custom_format_conditions (custom_format_name, name, type, arr_type, negate, required) VALUES ('WEB Tier 02', 'NPMS', 'pattern', 'sonarr', 0, 0);
INSERT OR IGNORE INTO custom_format_conditions (custom_format_name, name, type, arr_type, negate, required) VALUES ('WEB Tier 02', 'NYH', 'pattern', 'sonarr', 0, 0);
INSERT OR IGNORE INTO custom_format_conditions (custom_format_name, name, type, arr_type, negate, required) VALUES ('WEB Tier 02', 'orbitron', 'pattern', 'sonarr', 0, 0);
INSERT OR IGNORE INTO custom_format_conditions (custom_format_name, name, type, arr_type, negate, required) VALUES ('WEB Tier 02', 'PHOENiX', 'pattern', 'sonarr', 0, 0);
INSERT OR IGNORE INTO custom_format_conditions (custom_format_name, name, type, arr_type, negate, required) VALUES ('WEB Tier 02', 'playWEB', 'pattern', 'sonarr', 0, 0);
INSERT OR IGNORE INTO custom_format_conditions (custom_format_name, name, type, arr_type, negate, required) VALUES ('WEB Tier 02', 'PSiG', 'pattern', 'sonarr', 0, 0);
INSERT OR IGNORE INTO custom_format_conditions (custom_format_name, name, type, arr_type, negate, required) VALUES ('WEB Tier 02', 'ROCCaT', 'pattern', 'sonarr', 0, 0);
INSERT OR IGNORE INTO custom_format_conditions (custom_format_name, name, type, arr_type, negate, required) VALUES ('WEB Tier 02', 'RTFM', 'pattern', 'sonarr', 0, 0);
INSERT OR IGNORE INTO custom_format_conditions (custom_format_name, name, type, arr_type, negate, required) VALUES ('WEB Tier 02', 'SA89', 'pattern', 'sonarr', 0, 0);
INSERT OR IGNORE INTO custom_format_conditions (custom_format_name, name, type, arr_type, negate, required) VALUES ('WEB Tier 02', 'SbR', 'pattern', 'sonarr', 0, 0);
INSERT OR IGNORE INTO custom_format_conditions (custom_format_name, name, type, arr_type, negate, required) VALUES ('WEB Tier 02', 'SDCC', 'pattern', 'sonarr', 0, 0);
INSERT OR IGNORE INTO custom_format_conditions (custom_format_name, name, type, arr_type, negate, required) VALUES ('WEB Tier 02', 'SIGMA', 'pattern', 'sonarr', 0, 0);
INSERT OR IGNORE INTO custom_format_conditions (custom_format_name, name, type, arr_type, negate, required) VALUES ('WEB Tier 02', 'SMURF', 'pattern', 'sonarr', 0, 0);
INSERT OR IGNORE INTO custom_format_conditions (custom_format_name, name, type, arr_type, negate, required) VALUES ('WEB Tier 02', 'SPiRiT', 'pattern', 'sonarr', 0, 0);
INSERT OR IGNORE INTO custom_format_conditions (custom_format_name, name, type, arr_type, negate, required) VALUES ('WEB Tier 02', 'TEPES', 'pattern', 'sonarr', 0, 0);
INSERT OR IGNORE INTO custom_format_conditions (custom_format_name, name, type, arr_type, negate, required) VALUES ('WEB Tier 02', 'TVSmash', 'pattern', 'sonarr', 0, 0);
INSERT OR IGNORE INTO custom_format_conditions (custom_format_name, name, type, arr_type, negate, required) VALUES ('WEB Tier 02', 'WELP', 'pattern', 'sonarr', 0, 0);
INSERT OR IGNORE INTO custom_format_conditions (custom_format_name, name, type, arr_type, negate, required) VALUES ('WEB Tier 02', 'XEBEC', 'pattern', 'sonarr', 0, 0);
INSERT OR IGNORE INTO custom_format_conditions (custom_format_name, name, type, arr_type, negate, required) VALUES ('WEB Tier 02', 'WEBDL', 'source', 'sonarr', 0, 0);
INSERT OR IGNORE INTO custom_format_conditions (custom_format_name, name, type, arr_type, negate, required) VALUES ('WEB Tier 02', 'WEBRIP', 'source', 'sonarr', 0, 0);

INSERT OR IGNORE INTO custom_formats (name, description, include_in_rename) VALUES ('WEB Tier 03', 'd84935abd3f8556dcd51d4f27e22d0a6', 0);
INSERT OR IGNORE INTO condition_patterns (custom_format_name, condition_name, regular_expression_name) VALUES ('WEB Tier 03', 'Dooky', 'WEB_Tier_03_Dooky');
INSERT OR IGNORE INTO condition_patterns (custom_format_name, condition_name, regular_expression_name) VALUES ('WEB Tier 03', 'DRACULA', 'WEB_Tier_03_DRACULA');
INSERT OR IGNORE INTO condition_patterns (custom_format_name, condition_name, regular_expression_name) VALUES ('WEB Tier 03', 'HHWEB', 'WEB_Tier_03_HHWEB');
INSERT OR IGNORE INTO condition_patterns (custom_format_name, condition_name, regular_expression_name) VALUES ('WEB Tier 03', 'NINJACENTRAL', 'WEB_Tier_03_NINJACENTRAL');
INSERT OR IGNORE INTO condition_patterns (custom_format_name, condition_name, regular_expression_name) VALUES ('WEB Tier 03', 'SLiGNOME', 'WEB_Tier_03_SLiGNOME');
INSERT OR IGNORE INTO condition_patterns (custom_format_name, condition_name, regular_expression_name) VALUES ('WEB Tier 03', 'SwAgLaNdEr', 'WEB_Tier_03_SwAgLaNdEr');
INSERT OR IGNORE INTO condition_patterns (custom_format_name, condition_name, regular_expression_name) VALUES ('WEB Tier 03', 'T4H', 'WEB_Tier_03_T4H');
INSERT OR IGNORE INTO condition_patterns (custom_format_name, condition_name, regular_expression_name) VALUES ('WEB Tier 03', 'ViSiON', 'WEB_Tier_03_ViSiON');
INSERT OR IGNORE INTO condition_sources (custom_format_name, condition_name, source) VALUES ('WEB Tier 03', 'WEBDL', 'TELECINE');
INSERT OR IGNORE INTO condition_sources (custom_format_name, condition_name, source) VALUES ('WEB Tier 03', 'WEBRIP', 'WORKPRINT');
INSERT OR IGNORE INTO regular_expressions (name, pattern) VALUES ('WEB_Tier_03_Dooky', '^(Dooky)$');
INSERT OR IGNORE INTO regular_expressions (name, pattern) VALUES ('WEB_Tier_03_DRACULA', '^(DRACULA)$');
INSERT OR IGNORE INTO regular_expressions (name, pattern) VALUES ('WEB_Tier_03_HHWEB', '^(HHWEB)$');
INSERT OR IGNORE INTO regular_expressions (name, pattern) VALUES ('WEB_Tier_03_NINJACENTRAL', '^(NINJACENTRAL)$');
INSERT OR IGNORE INTO regular_expressions (name, pattern) VALUES ('WEB_Tier_03_SLiGNOME', '^(SLiGNOME)$');
INSERT OR IGNORE INTO regular_expressions (name, pattern) VALUES ('WEB_Tier_03_SwAgLaNdEr', '^(SwAgLaNdEr)$');
INSERT OR IGNORE INTO regular_expressions (name, pattern) VALUES ('WEB_Tier_03_T4H', '^(T4H)$');
INSERT OR IGNORE INTO regular_expressions (name, pattern) VALUES ('WEB_Tier_03_ViSiON', '^(ViSiON)$');
INSERT OR IGNORE INTO custom_format_conditions (custom_format_name, name, type, arr_type, negate, required) VALUES ('WEB Tier 03', 'WEBDL', 'source', 'sonarr', 0, 0);
INSERT OR IGNORE INTO custom_format_conditions (custom_format_name, name, type, arr_type, negate, required) VALUES ('WEB Tier 03', 'WEBRIP', 'source', 'sonarr', 0, 0);
INSERT OR IGNORE INTO custom_format_conditions (custom_format_name, name, type, arr_type, negate, required) VALUES ('WEB Tier 03', 'Dooky', 'pattern', 'sonarr', 0, 0);
INSERT OR IGNORE INTO custom_format_conditions (custom_format_name, name, type, arr_type, negate, required) VALUES ('WEB Tier 03', 'DRACULA', 'pattern', 'sonarr', 0, 0);
INSERT OR IGNORE INTO custom_format_conditions (custom_format_name, name, type, arr_type, negate, required) VALUES ('WEB Tier 03', 'HHWEB', 'pattern', 'sonarr', 0, 0);
INSERT OR IGNORE INTO custom_format_conditions (custom_format_name, name, type, arr_type, negate, required) VALUES ('WEB Tier 03', 'NINJACENTRAL', 'pattern', 'sonarr', 0, 0);
INSERT OR IGNORE INTO custom_format_conditions (custom_format_name, name, type, arr_type, negate, required) VALUES ('WEB Tier 03', 'SLiGNOME', 'pattern', 'sonarr', 0, 0);
INSERT OR IGNORE INTO custom_format_conditions (custom_format_name, name, type, arr_type, negate, required) VALUES ('WEB Tier 03', 'SwAgLaNdEr', 'pattern', 'sonarr', 0, 0);
INSERT OR IGNORE INTO custom_format_conditions (custom_format_name, name, type, arr_type, negate, required) VALUES ('WEB Tier 03', 'T4H', 'pattern', 'sonarr', 0, 0);
INSERT OR IGNORE INTO custom_format_conditions (custom_format_name, name, type, arr_type, negate, required) VALUES ('WEB Tier 03', 'ViSiON', 'pattern', 'sonarr', 0, 0);

INSERT OR IGNORE INTO custom_formats (name, description, include_in_rename) VALUES ('x264', 'cddfb4e32db826151d97352b8e37c648', 0);
INSERT OR IGNORE INTO condition_patterns (custom_format_name, condition_name, regular_expression_name) VALUES ('x264', 'xh264', 'x264_xh264');
INSERT OR IGNORE INTO condition_sources (custom_format_name, condition_name, source) VALUES ('x264', 'Not Remux', 'WEBDL');
INSERT OR IGNORE INTO regular_expressions (name, pattern) VALUES ('x264_xh264', '[xh][ ._-]?264|\bAVC(\b|\d)');
INSERT OR IGNORE INTO custom_format_conditions (custom_format_name, name, type, arr_type, negate, required) VALUES ('x264', 'xh264', 'pattern', 'sonarr', 0, 1);
INSERT OR IGNORE INTO custom_format_conditions (custom_format_name, name, type, arr_type, negate, required) VALUES ('x264', 'Not Remux', 'source', 'sonarr', 1, 1);

INSERT OR IGNORE INTO custom_formats (name, description, include_in_rename) VALUES ('x265 (HD)', '47435ece6b99a0b477caf360e79ba0bb', 0);
INSERT OR IGNORE INTO condition_patterns (custom_format_name, condition_name, regular_expression_name) VALUES ('x265 (HD)', 'x265HEVC', 'x265_(HD)_x265HEVC');
INSERT OR IGNORE INTO condition_resolutions (custom_format_name, condition_name, resolution) VALUES ('x265 (HD)', 'Not 2160p', '2160');
INSERT OR IGNORE INTO regular_expressions (name, pattern) VALUES ('x265_(HD)_x265HEVC', '[xh][ ._-]?265|\bHEVC(\b|\d)');
INSERT OR IGNORE INTO custom_format_conditions (custom_format_name, name, type, arr_type, negate, required) VALUES ('x265 (HD)', 'x265HEVC', 'pattern', 'sonarr', 0, 1);
INSERT OR IGNORE INTO custom_format_conditions (custom_format_name, name, type, arr_type, negate, required) VALUES ('x265 (HD)', 'Not 2160p', 'resolution', 'sonarr', 1, 1);

INSERT OR IGNORE INTO custom_formats (name, description, include_in_rename) VALUES ('x265 (no HDR/DV)', '9b64dff695c2115facf1b6ea59c9bd07', 0);
INSERT OR IGNORE INTO condition_patterns (custom_format_name, condition_name, regular_expression_name) VALUES ('x265 (no HDR/DV)', 'x265HEVC', 'x265_(no_HDR/DV)_x265HEVC');
INSERT OR IGNORE INTO condition_patterns (custom_format_name, condition_name, regular_expression_name) VALUES ('x265 (no HDR/DV)', 'Not HDRDV', 'x265_(no_HDR/DV)_Not_HDRDV');
INSERT OR IGNORE INTO condition_resolutions (custom_format_name, condition_name, resolution) VALUES ('x265 (no HDR/DV)', 'Not 2160p', '2160');
INSERT OR IGNORE INTO regular_expressions (name, pattern) VALUES ('x265_(no_HDR/DV)_x265HEVC', '[xh][ ._-]?265|\bHEVC(\b|\d)');
INSERT OR IGNORE INTO regular_expressions (name, pattern) VALUES ('x265_(no_HDR/DV)_Not_HDRDV', '\b(dv|dovi|dolby[ .]?v(ision)?|hdr(10(P(lus)?)?)?|pq)\b');
INSERT OR IGNORE INTO custom_format_conditions (custom_format_name, name, type, arr_type, negate, required) VALUES ('x265 (no HDR/DV)', 'x265HEVC', 'pattern', 'sonarr', 0, 1);
INSERT OR IGNORE INTO custom_format_conditions (custom_format_name, name, type, arr_type, negate, required) VALUES ('x265 (no HDR/DV)', 'Not HDRDV', 'pattern', 'sonarr', 1, 1);
INSERT OR IGNORE INTO custom_format_conditions (custom_format_name, name, type, arr_type, negate, required) VALUES ('x265 (no HDR/DV)', 'Not 2160p', 'resolution', 'sonarr', 1, 1);

INSERT OR IGNORE INTO custom_formats (name, description, include_in_rename) VALUES ('x265', 'c9eafd50846d299b862ca9bb6ea91950', 0);
INSERT OR IGNORE INTO condition_patterns (custom_format_name, condition_name, regular_expression_name) VALUES ('x265', 'xh265', 'x265_xh265');
INSERT OR IGNORE INTO condition_sources (custom_format_name, condition_name, source) VALUES ('x265', 'Not Remux', 'WEBDL');
INSERT OR IGNORE INTO regular_expressions (name, pattern) VALUES ('x265_xh265', '[xh][ ._-]?265|\bHEVC(\b|\d)');
INSERT OR IGNORE INTO custom_format_conditions (custom_format_name, name, type, arr_type, negate, required) VALUES ('x265', 'xh265', 'pattern', 'sonarr', 0, 1);
INSERT OR IGNORE INTO custom_format_conditions (custom_format_name, name, type, arr_type, negate, required) VALUES ('x265', 'Not Remux', 'source', 'sonarr', 1, 1);

INSERT OR IGNORE INTO custom_formats (name, description, include_in_rename) VALUES ('x266', '041d90b435ebd773271cea047a457a6a', 0);
INSERT OR IGNORE INTO condition_patterns (custom_format_name, condition_name, regular_expression_name) VALUES ('x266', 'xh266', 'x266_xh266');
INSERT OR IGNORE INTO condition_sources (custom_format_name, condition_name, source) VALUES ('x266', 'Not Remux', 'WEBDL');
INSERT OR IGNORE INTO regular_expressions (name, pattern) VALUES ('x266_xh266', '[xh][ ._-]?266|\bVVC(\b|\d)');
INSERT OR IGNORE INTO custom_format_conditions (custom_format_name, name, type, arr_type, negate, required) VALUES ('x266', 'xh266', 'pattern', 'sonarr', 0, 1);
INSERT OR IGNORE INTO custom_format_conditions (custom_format_name, name, type, arr_type, negate, required) VALUES ('x266', 'Not Remux', 'source', 'sonarr', 1, 1);
