-- Quality profiles (sonarr) from TRaSH Guides

INSERT OR IGNORE INTO quality_profiles (name, description, upgrades_allowed, minimum_custom_format_score, upgrade_until_score, upgrade_score_increment) VALUES ('[Anime] Remux-1080p', 'Anime Quality Profile that covers:<br>- SDTV, DVD<br>- HDTV 720p, 1080p<br>- WEBDL: 480p, 720, 1080p<br>- Bluray 480p, 576p, 720p, 1080p<br>- Remux 1080p', 1, 100, 10000, 1);
INSERT OR IGNORE INTO quality_profile_qualities (quality_profile_name, quality_name, quality_group_name, position, enabled, upgrade_until) VALUES ('[Anime] Remux-1080p', 'Unknown', NULL, 0, 0, 0);
INSERT OR IGNORE INTO quality_profile_qualities (quality_profile_name, quality_name, quality_group_name, position, enabled, upgrade_until) VALUES ('[Anime] Remux-1080p', 'Bluray-576p', NULL, 1, 0, 0);
INSERT OR IGNORE INTO quality_profile_qualities (quality_profile_name, quality_name, quality_group_name, position, enabled, upgrade_until) VALUES ('[Anime] Remux-1080p', 'Raw-HD', NULL, 2, 0, 0);
INSERT OR IGNORE INTO quality_profile_qualities (quality_profile_name, quality_name, quality_group_name, position, enabled, upgrade_until) VALUES ('[Anime] Remux-1080p', 'HDTV-2160p', NULL, 3, 0, 0);
INSERT OR IGNORE INTO quality_groups (quality_profile_name, name) VALUES ('[Anime] Remux-1080p', 'WEB 2160p');
INSERT OR IGNORE INTO quality_group_members (quality_profile_name, quality_group_name, quality_name) VALUES ('[Anime] Remux-1080p', 'WEB 2160p', 'WEBDL-2160p');
INSERT OR IGNORE INTO quality_group_members (quality_profile_name, quality_group_name, quality_name) VALUES ('[Anime] Remux-1080p', 'WEB 2160p', 'WEBRip-2160p');
INSERT OR IGNORE INTO quality_profile_qualities (quality_profile_name, quality_name, quality_group_name, position, enabled, upgrade_until) VALUES ('[Anime] Remux-1080p', NULL, 'WEB 2160p', 4, 0, 0);
INSERT OR IGNORE INTO quality_profile_qualities (quality_profile_name, quality_name, quality_group_name, position, enabled, upgrade_until) VALUES ('[Anime] Remux-1080p', 'Bluray-2160p', NULL, 5, 0, 0);
INSERT OR IGNORE INTO quality_profile_qualities (quality_profile_name, quality_name, quality_group_name, position, enabled, upgrade_until) VALUES ('[Anime] Remux-1080p', 'Bluray-2160p Remux', NULL, 6, 0, 0);
INSERT OR IGNORE INTO quality_profile_qualities (quality_profile_name, quality_name, quality_group_name, position, enabled, upgrade_until) VALUES ('[Anime] Remux-1080p', 'SDTV', NULL, 7, 1, 0);
INSERT OR IGNORE INTO quality_profile_qualities (quality_profile_name, quality_name, quality_group_name, position, enabled, upgrade_until) VALUES ('[Anime] Remux-1080p', 'DVD', NULL, 8, 1, 0);
INSERT OR IGNORE INTO quality_groups (quality_profile_name, name) VALUES ('[Anime] Remux-1080p', 'WEB 480p');
INSERT OR IGNORE INTO quality_group_members (quality_profile_name, quality_group_name, quality_name) VALUES ('[Anime] Remux-1080p', 'WEB 480p', 'WEBDL-480p');
INSERT OR IGNORE INTO quality_group_members (quality_profile_name, quality_group_name, quality_name) VALUES ('[Anime] Remux-1080p', 'WEB 480p', 'WEBRip-480p');
INSERT OR IGNORE INTO quality_profile_qualities (quality_profile_name, quality_name, quality_group_name, position, enabled, upgrade_until) VALUES ('[Anime] Remux-1080p', NULL, 'WEB 480p', 9, 1, 0);
INSERT OR IGNORE INTO quality_profile_qualities (quality_profile_name, quality_name, quality_group_name, position, enabled, upgrade_until) VALUES ('[Anime] Remux-1080p', 'Bluray-480p', NULL, 10, 1, 0);
INSERT OR IGNORE INTO quality_groups (quality_profile_name, name) VALUES ('[Anime] Remux-1080p', 'WEB 720p');
INSERT OR IGNORE INTO quality_group_members (quality_profile_name, quality_group_name, quality_name) VALUES ('[Anime] Remux-1080p', 'WEB 720p', 'WEBDL-720p');
INSERT OR IGNORE INTO quality_group_members (quality_profile_name, quality_group_name, quality_name) VALUES ('[Anime] Remux-1080p', 'WEB 720p', 'WEBRip-720p');
INSERT OR IGNORE INTO quality_group_members (quality_profile_name, quality_group_name, quality_name) VALUES ('[Anime] Remux-1080p', 'WEB 720p', 'HDTV-720p');
INSERT OR IGNORE INTO quality_profile_qualities (quality_profile_name, quality_name, quality_group_name, position, enabled, upgrade_until) VALUES ('[Anime] Remux-1080p', NULL, 'WEB 720p', 11, 1, 0);
INSERT OR IGNORE INTO quality_profile_qualities (quality_profile_name, quality_name, quality_group_name, position, enabled, upgrade_until) VALUES ('[Anime] Remux-1080p', 'Bluray-720p', NULL, 12, 1, 0);
INSERT OR IGNORE INTO quality_groups (quality_profile_name, name) VALUES ('[Anime] Remux-1080p', 'WEB 1080p');
INSERT OR IGNORE INTO quality_group_members (quality_profile_name, quality_group_name, quality_name) VALUES ('[Anime] Remux-1080p', 'WEB 1080p', 'WEBDL-1080p');
INSERT OR IGNORE INTO quality_group_members (quality_profile_name, quality_group_name, quality_name) VALUES ('[Anime] Remux-1080p', 'WEB 1080p', 'WEBRip-1080p');
INSERT OR IGNORE INTO quality_group_members (quality_profile_name, quality_group_name, quality_name) VALUES ('[Anime] Remux-1080p', 'WEB 1080p', 'HDTV-1080p');
INSERT OR IGNORE INTO quality_profile_qualities (quality_profile_name, quality_name, quality_group_name, position, enabled, upgrade_until) VALUES ('[Anime] Remux-1080p', NULL, 'WEB 1080p', 13, 1, 0);
INSERT OR IGNORE INTO quality_groups (quality_profile_name, name) VALUES ('[Anime] Remux-1080p', 'Bluray 1080p');
INSERT OR IGNORE INTO quality_group_members (quality_profile_name, quality_group_name, quality_name) VALUES ('[Anime] Remux-1080p', 'Bluray 1080p', 'Bluray-1080p');
INSERT OR IGNORE INTO quality_group_members (quality_profile_name, quality_group_name, quality_name) VALUES ('[Anime] Remux-1080p', 'Bluray 1080p', 'Bluray-1080p Remux');
INSERT OR IGNORE INTO quality_profile_qualities (quality_profile_name, quality_name, quality_group_name, position, enabled, upgrade_until) VALUES ('[Anime] Remux-1080p', NULL, 'Bluray 1080p', 14, 1, 1);
INSERT OR IGNORE INTO quality_profile_custom_formats (quality_profile_name, custom_format_name, arr_type, score) VALUES ('[Anime] Remux-1080p', 'Anime BD Tier 01', 'sonarr', 1400);
INSERT OR IGNORE INTO quality_profile_custom_formats (quality_profile_name, custom_format_name, arr_type, score) VALUES ('[Anime] Remux-1080p', 'Anime BD Tier 02', 'sonarr', 1300);
INSERT OR IGNORE INTO quality_profile_custom_formats (quality_profile_name, custom_format_name, arr_type, score) VALUES ('[Anime] Remux-1080p', 'Anime BD Tier 03', 'sonarr', 1200);
INSERT OR IGNORE INTO quality_profile_custom_formats (quality_profile_name, custom_format_name, arr_type, score) VALUES ('[Anime] Remux-1080p', 'Anime BD Tier 04', 'sonarr', 1100);
INSERT OR IGNORE INTO quality_profile_custom_formats (quality_profile_name, custom_format_name, arr_type, score) VALUES ('[Anime] Remux-1080p', 'Anime BD Tier 05', 'sonarr', 1000);
INSERT OR IGNORE INTO quality_profile_custom_formats (quality_profile_name, custom_format_name, arr_type, score) VALUES ('[Anime] Remux-1080p', 'Anime BD Tier 06', 'sonarr', 900);
INSERT OR IGNORE INTO quality_profile_custom_formats (quality_profile_name, custom_format_name, arr_type, score) VALUES ('[Anime] Remux-1080p', 'Anime BD Tier 07', 'sonarr', 800);
INSERT OR IGNORE INTO quality_profile_custom_formats (quality_profile_name, custom_format_name, arr_type, score) VALUES ('[Anime] Remux-1080p', 'Anime BD Tier 08', 'sonarr', 700);
INSERT OR IGNORE INTO quality_profile_custom_formats (quality_profile_name, custom_format_name, arr_type, score) VALUES ('[Anime] Remux-1080p', 'Anime Web Tier 01', 'sonarr', 600);
INSERT OR IGNORE INTO quality_profile_custom_formats (quality_profile_name, custom_format_name, arr_type, score) VALUES ('[Anime] Remux-1080p', 'Anime Web Tier 02', 'sonarr', 500);
INSERT OR IGNORE INTO quality_profile_custom_formats (quality_profile_name, custom_format_name, arr_type, score) VALUES ('[Anime] Remux-1080p', 'Anime Web Tier 03', 'sonarr', 400);
INSERT OR IGNORE INTO quality_profile_custom_formats (quality_profile_name, custom_format_name, arr_type, score) VALUES ('[Anime] Remux-1080p', 'Anime Web Tier 04', 'sonarr', 300);
INSERT OR IGNORE INTO quality_profile_custom_formats (quality_profile_name, custom_format_name, arr_type, score) VALUES ('[Anime] Remux-1080p', 'Anime Web Tier 05', 'sonarr', 200);
INSERT OR IGNORE INTO quality_profile_custom_formats (quality_profile_name, custom_format_name, arr_type, score) VALUES ('[Anime] Remux-1080p', 'Anime Web Tier 06', 'sonarr', 100);
INSERT OR IGNORE INTO quality_profile_custom_formats (quality_profile_name, custom_format_name, arr_type, score) VALUES ('[Anime] Remux-1080p', 'Remux Tier 01', 'sonarr', 1900);
INSERT OR IGNORE INTO quality_profile_custom_formats (quality_profile_name, custom_format_name, arr_type, score) VALUES ('[Anime] Remux-1080p', 'Remux Tier 02', 'sonarr', 1850);
INSERT OR IGNORE INTO quality_profile_custom_formats (quality_profile_name, custom_format_name, arr_type, score) VALUES ('[Anime] Remux-1080p', 'Anime Raws', 'sonarr', -10000);
INSERT OR IGNORE INTO quality_profile_custom_formats (quality_profile_name, custom_format_name, arr_type, score) VALUES ('[Anime] Remux-1080p', 'Anime LQ Groups', 'sonarr', -10000);
INSERT OR IGNORE INTO quality_profile_custom_formats (quality_profile_name, custom_format_name, arr_type, score) VALUES ('[Anime] Remux-1080p', 'AV1', 'sonarr', -10000);
INSERT OR IGNORE INTO quality_profile_custom_formats (quality_profile_name, custom_format_name, arr_type, score) VALUES ('[Anime] Remux-1080p', 'Uncensored', 'sonarr', 0);
INSERT OR IGNORE INTO quality_profile_custom_formats (quality_profile_name, custom_format_name, arr_type, score) VALUES ('[Anime] Remux-1080p', 'v0', 'sonarr', -51);
INSERT OR IGNORE INTO quality_profile_custom_formats (quality_profile_name, custom_format_name, arr_type, score) VALUES ('[Anime] Remux-1080p', 'v1', 'sonarr', 1);
INSERT OR IGNORE INTO quality_profile_custom_formats (quality_profile_name, custom_format_name, arr_type, score) VALUES ('[Anime] Remux-1080p', 'v2', 'sonarr', 2);
INSERT OR IGNORE INTO quality_profile_custom_formats (quality_profile_name, custom_format_name, arr_type, score) VALUES ('[Anime] Remux-1080p', 'v3', 'sonarr', 3);
INSERT OR IGNORE INTO quality_profile_custom_formats (quality_profile_name, custom_format_name, arr_type, score) VALUES ('[Anime] Remux-1080p', 'v4', 'sonarr', 4);
INSERT OR IGNORE INTO quality_profile_custom_formats (quality_profile_name, custom_format_name, arr_type, score) VALUES ('[Anime] Remux-1080p', '10bit', 'sonarr', 0);
INSERT OR IGNORE INTO quality_profile_custom_formats (quality_profile_name, custom_format_name, arr_type, score) VALUES ('[Anime] Remux-1080p', 'Anime Dual Audio', 'sonarr', 0);
INSERT OR IGNORE INTO quality_profile_custom_formats (quality_profile_name, custom_format_name, arr_type, score) VALUES ('[Anime] Remux-1080p', 'Dubs Only', 'sonarr', -10000);
INSERT OR IGNORE INTO quality_profile_custom_formats (quality_profile_name, custom_format_name, arr_type, score) VALUES ('[Anime] Remux-1080p', 'VOSTFR', 'sonarr', -10000);
INSERT OR IGNORE INTO quality_profile_custom_formats (quality_profile_name, custom_format_name, arr_type, score) VALUES ('[Anime] Remux-1080p', 'CR', 'sonarr', 6);
INSERT OR IGNORE INTO quality_profile_custom_formats (quality_profile_name, custom_format_name, arr_type, score) VALUES ('[Anime] Remux-1080p', 'DSNP', 'sonarr', 75);
INSERT OR IGNORE INTO quality_profile_custom_formats (quality_profile_name, custom_format_name, arr_type, score) VALUES ('[Anime] Remux-1080p', 'NF', 'sonarr', 75);
INSERT OR IGNORE INTO quality_profile_custom_formats (quality_profile_name, custom_format_name, arr_type, score) VALUES ('[Anime] Remux-1080p', 'AMZN', 'sonarr', 75);
INSERT OR IGNORE INTO quality_profile_custom_formats (quality_profile_name, custom_format_name, arr_type, score) VALUES ('[Anime] Remux-1080p', 'VRV', 'sonarr', 3);
INSERT OR IGNORE INTO quality_profile_custom_formats (quality_profile_name, custom_format_name, arr_type, score) VALUES ('[Anime] Remux-1080p', 'FUNi', 'sonarr', 2);
INSERT OR IGNORE INTO quality_profile_custom_formats (quality_profile_name, custom_format_name, arr_type, score) VALUES ('[Anime] Remux-1080p', 'ABEMA', 'sonarr', 1);
INSERT OR IGNORE INTO quality_profile_custom_formats (quality_profile_name, custom_format_name, arr_type, score) VALUES ('[Anime] Remux-1080p', 'ADN', 'sonarr', 7);
INSERT OR IGNORE INTO quality_profile_custom_formats (quality_profile_name, custom_format_name, arr_type, score) VALUES ('[Anime] Remux-1080p', 'B-Global', 'sonarr', 0);
INSERT OR IGNORE INTO quality_profile_custom_formats (quality_profile_name, custom_format_name, arr_type, score) VALUES ('[Anime] Remux-1080p', 'Bilibili', 'sonarr', 0);

INSERT OR IGNORE INTO quality_profiles (name, description, upgrades_allowed, minimum_custom_format_score, upgrade_until_score, upgrade_score_increment) VALUES ('[French MULTi.VO] HD Bluray + WEB (1080p)', 'French Quality Profile that covers:<br>- WEBDL: 720p, 1080p<br>- Bluray 720p, 1080p', 1, 0, 10000, 1);
INSERT OR IGNORE INTO quality_profile_qualities (quality_profile_name, quality_name, quality_group_name, position, enabled, upgrade_until) VALUES ('[French MULTi.VO] HD Bluray + WEB (1080p)', 'Unknown', NULL, 0, 0, 0);
INSERT OR IGNORE INTO quality_profile_qualities (quality_profile_name, quality_name, quality_group_name, position, enabled, upgrade_until) VALUES ('[French MULTi.VO] HD Bluray + WEB (1080p)', 'SDTV', NULL, 1, 0, 0);
INSERT OR IGNORE INTO quality_groups (quality_profile_name, name) VALUES ('[French MULTi.VO] HD Bluray + WEB (1080p)', 'WEB 480p');
INSERT OR IGNORE INTO quality_group_members (quality_profile_name, quality_group_name, quality_name) VALUES ('[French MULTi.VO] HD Bluray + WEB (1080p)', 'WEB 480p', 'WEBDL-480p');
INSERT OR IGNORE INTO quality_group_members (quality_profile_name, quality_group_name, quality_name) VALUES ('[French MULTi.VO] HD Bluray + WEB (1080p)', 'WEB 480p', 'WEBRip-480p');
INSERT OR IGNORE INTO quality_profile_qualities (quality_profile_name, quality_name, quality_group_name, position, enabled, upgrade_until) VALUES ('[French MULTi.VO] HD Bluray + WEB (1080p)', NULL, 'WEB 480p', 2, 0, 0);
INSERT OR IGNORE INTO quality_profile_qualities (quality_profile_name, quality_name, quality_group_name, position, enabled, upgrade_until) VALUES ('[French MULTi.VO] HD Bluray + WEB (1080p)', 'DVD', NULL, 3, 0, 0);
INSERT OR IGNORE INTO quality_profile_qualities (quality_profile_name, quality_name, quality_group_name, position, enabled, upgrade_until) VALUES ('[French MULTi.VO] HD Bluray + WEB (1080p)', 'Bluray-480p', NULL, 4, 0, 0);
INSERT OR IGNORE INTO quality_profile_qualities (quality_profile_name, quality_name, quality_group_name, position, enabled, upgrade_until) VALUES ('[French MULTi.VO] HD Bluray + WEB (1080p)', 'Bluray-576p', NULL, 5, 0, 0);
INSERT OR IGNORE INTO quality_profile_qualities (quality_profile_name, quality_name, quality_group_name, position, enabled, upgrade_until) VALUES ('[French MULTi.VO] HD Bluray + WEB (1080p)', 'HDTV-720p', NULL, 6, 0, 0);
INSERT OR IGNORE INTO quality_profile_qualities (quality_profile_name, quality_name, quality_group_name, position, enabled, upgrade_until) VALUES ('[French MULTi.VO] HD Bluray + WEB (1080p)', 'HDTV-1080p', NULL, 7, 0, 0);
INSERT OR IGNORE INTO quality_profile_qualities (quality_profile_name, quality_name, quality_group_name, position, enabled, upgrade_until) VALUES ('[French MULTi.VO] HD Bluray + WEB (1080p)', 'Raw-HD', NULL, 8, 0, 0);
INSERT OR IGNORE INTO quality_profile_qualities (quality_profile_name, quality_name, quality_group_name, position, enabled, upgrade_until) VALUES ('[French MULTi.VO] HD Bluray + WEB (1080p)', 'Bluray-1080p Remux', NULL, 9, 0, 0);
INSERT OR IGNORE INTO quality_profile_qualities (quality_profile_name, quality_name, quality_group_name, position, enabled, upgrade_until) VALUES ('[French MULTi.VO] HD Bluray + WEB (1080p)', 'HDTV-2160p', NULL, 10, 0, 0);
INSERT OR IGNORE INTO quality_groups (quality_profile_name, name) VALUES ('[French MULTi.VO] HD Bluray + WEB (1080p)', 'WEB 2160p');
INSERT OR IGNORE INTO quality_group_members (quality_profile_name, quality_group_name, quality_name) VALUES ('[French MULTi.VO] HD Bluray + WEB (1080p)', 'WEB 2160p', 'WEBDL-2160p');
INSERT OR IGNORE INTO quality_group_members (quality_profile_name, quality_group_name, quality_name) VALUES ('[French MULTi.VO] HD Bluray + WEB (1080p)', 'WEB 2160p', 'WEBRip-2160p');
INSERT OR IGNORE INTO quality_profile_qualities (quality_profile_name, quality_name, quality_group_name, position, enabled, upgrade_until) VALUES ('[French MULTi.VO] HD Bluray + WEB (1080p)', NULL, 'WEB 2160p', 11, 0, 0);
INSERT OR IGNORE INTO quality_profile_qualities (quality_profile_name, quality_name, quality_group_name, position, enabled, upgrade_until) VALUES ('[French MULTi.VO] HD Bluray + WEB (1080p)', 'Bluray-2160p', NULL, 12, 0, 0);
INSERT OR IGNORE INTO quality_profile_qualities (quality_profile_name, quality_name, quality_group_name, position, enabled, upgrade_until) VALUES ('[French MULTi.VO] HD Bluray + WEB (1080p)', 'Bluray-2160p Remux', NULL, 13, 0, 0);
INSERT OR IGNORE INTO quality_groups (quality_profile_name, name) VALUES ('[French MULTi.VO] HD Bluray + WEB (1080p)', 'Bluray|WEB 720p');
INSERT OR IGNORE INTO quality_group_members (quality_profile_name, quality_group_name, quality_name) VALUES ('[French MULTi.VO] HD Bluray + WEB (1080p)', 'Bluray|WEB 720p', 'WEBDL-720p');
INSERT OR IGNORE INTO quality_group_members (quality_profile_name, quality_group_name, quality_name) VALUES ('[French MULTi.VO] HD Bluray + WEB (1080p)', 'Bluray|WEB 720p', 'WEBRip-720p');
INSERT OR IGNORE INTO quality_group_members (quality_profile_name, quality_group_name, quality_name) VALUES ('[French MULTi.VO] HD Bluray + WEB (1080p)', 'Bluray|WEB 720p', 'Bluray-720p');
INSERT OR IGNORE INTO quality_profile_qualities (quality_profile_name, quality_name, quality_group_name, position, enabled, upgrade_until) VALUES ('[French MULTi.VO] HD Bluray + WEB (1080p)', NULL, 'Bluray|WEB 720p', 14, 1, 0);
INSERT OR IGNORE INTO quality_groups (quality_profile_name, name) VALUES ('[French MULTi.VO] HD Bluray + WEB (1080p)', 'Bluray|WEB 1080p');
INSERT OR IGNORE INTO quality_group_members (quality_profile_name, quality_group_name, quality_name) VALUES ('[French MULTi.VO] HD Bluray + WEB (1080p)', 'Bluray|WEB 1080p', 'WEBDL-1080p');
INSERT OR IGNORE INTO quality_group_members (quality_profile_name, quality_group_name, quality_name) VALUES ('[French MULTi.VO] HD Bluray + WEB (1080p)', 'Bluray|WEB 1080p', 'WEBRip-1080p');
INSERT OR IGNORE INTO quality_group_members (quality_profile_name, quality_group_name, quality_name) VALUES ('[French MULTi.VO] HD Bluray + WEB (1080p)', 'Bluray|WEB 1080p', 'Bluray-1080p');
INSERT OR IGNORE INTO quality_profile_qualities (quality_profile_name, quality_name, quality_group_name, position, enabled, upgrade_until) VALUES ('[French MULTi.VO] HD Bluray + WEB (1080p)', NULL, 'Bluray|WEB 1080p', 15, 1, 1);
INSERT OR IGNORE INTO quality_profile_custom_formats (quality_profile_name, custom_format_name, arr_type, score) VALUES ('[French MULTi.VO] HD Bluray + WEB (1080p)', 'VFF', 'sonarr', 0);
INSERT OR IGNORE INTO quality_profile_custom_formats (quality_profile_name, custom_format_name, arr_type, score) VALUES ('[French MULTi.VO] HD Bluray + WEB (1080p)', 'VOF', 'sonarr', 0);
INSERT OR IGNORE INTO quality_profile_custom_formats (quality_profile_name, custom_format_name, arr_type, score) VALUES ('[French MULTi.VO] HD Bluray + WEB (1080p)', 'VFI', 'sonarr', 0);
INSERT OR IGNORE INTO quality_profile_custom_formats (quality_profile_name, custom_format_name, arr_type, score) VALUES ('[French MULTi.VO] HD Bluray + WEB (1080p)', 'VF2', 'sonarr', 0);
INSERT OR IGNORE INTO quality_profile_custom_formats (quality_profile_name, custom_format_name, arr_type, score) VALUES ('[French MULTi.VO] HD Bluray + WEB (1080p)', 'VFQ', 'sonarr', 0);
INSERT OR IGNORE INTO quality_profile_custom_formats (quality_profile_name, custom_format_name, arr_type, score) VALUES ('[French MULTi.VO] HD Bluray + WEB (1080p)', 'VOQ', 'sonarr', 0);
INSERT OR IGNORE INTO quality_profile_custom_formats (quality_profile_name, custom_format_name, arr_type, score) VALUES ('[French MULTi.VO] HD Bluray + WEB (1080p)', 'VQ', 'sonarr', 0);
INSERT OR IGNORE INTO quality_profile_custom_formats (quality_profile_name, custom_format_name, arr_type, score) VALUES ('[French MULTi.VO] HD Bluray + WEB (1080p)', 'VFB', 'sonarr', 0);
INSERT OR IGNORE INTO quality_profile_custom_formats (quality_profile_name, custom_format_name, arr_type, score) VALUES ('[French MULTi.VO] HD Bluray + WEB (1080p)', 'Language: Not Original', 'sonarr', -10000);
INSERT OR IGNORE INTO quality_profile_custom_formats (quality_profile_name, custom_format_name, arr_type, score) VALUES ('[French MULTi.VO] HD Bluray + WEB (1080p)', 'Language: Not French', 'sonarr', 0);
INSERT OR IGNORE INTO quality_profile_custom_formats (quality_profile_name, custom_format_name, arr_type, score) VALUES ('[French MULTi.VO] HD Bluray + WEB (1080p)', 'Language: Original + French', 'sonarr', 0);
INSERT OR IGNORE INTO quality_profile_custom_formats (quality_profile_name, custom_format_name, arr_type, score) VALUES ('[French MULTi.VO] HD Bluray + WEB (1080p)', 'MULTi', 'sonarr', 0);
INSERT OR IGNORE INTO quality_profile_custom_formats (quality_profile_name, custom_format_name, arr_type, score) VALUES ('[French MULTi.VO] HD Bluray + WEB (1080p)', 'FR LQ', 'sonarr', -10000);
INSERT OR IGNORE INTO quality_profile_custom_formats (quality_profile_name, custom_format_name, arr_type, score) VALUES ('[French MULTi.VO] HD Bluray + WEB (1080p)', 'FastSUB', 'sonarr', -10000);
INSERT OR IGNORE INTO quality_profile_custom_formats (quality_profile_name, custom_format_name, arr_type, score) VALUES ('[French MULTi.VO] HD Bluray + WEB (1080p)', 'FR HD Bluray Tier 01', 'sonarr', 1800);
INSERT OR IGNORE INTO quality_profile_custom_formats (quality_profile_name, custom_format_name, arr_type, score) VALUES ('[French MULTi.VO] HD Bluray + WEB (1080p)', 'FR WEB Tier 01', 'sonarr', 1700);
INSERT OR IGNORE INTO quality_profile_custom_formats (quality_profile_name, custom_format_name, arr_type, score) VALUES ('[French MULTi.VO] HD Bluray + WEB (1080p)', 'FR WEB Tier 02', 'sonarr', 1650);
INSERT OR IGNORE INTO quality_profile_custom_formats (quality_profile_name, custom_format_name, arr_type, score) VALUES ('[French MULTi.VO] HD Bluray + WEB (1080p)', 'FR WEB Tier 03', 'sonarr', 1600);
INSERT OR IGNORE INTO quality_profile_custom_formats (quality_profile_name, custom_format_name, arr_type, score) VALUES ('[French MULTi.VO] HD Bluray + WEB (1080p)', 'FR Scene Groups', 'sonarr', 1500);
INSERT OR IGNORE INTO quality_profile_custom_formats (quality_profile_name, custom_format_name, arr_type, score) VALUES ('[French MULTi.VO] HD Bluray + WEB (1080p)', 'HD Bluray Tier 01', 'sonarr', 1800);
INSERT OR IGNORE INTO quality_profile_custom_formats (quality_profile_name, custom_format_name, arr_type, score) VALUES ('[French MULTi.VO] HD Bluray + WEB (1080p)', 'HD Bluray Tier 02', 'sonarr', 1750);
INSERT OR IGNORE INTO quality_profile_custom_formats (quality_profile_name, custom_format_name, arr_type, score) VALUES ('[French MULTi.VO] HD Bluray + WEB (1080p)', 'WEB Tier 01', 'sonarr', 1700);
INSERT OR IGNORE INTO quality_profile_custom_formats (quality_profile_name, custom_format_name, arr_type, score) VALUES ('[French MULTi.VO] HD Bluray + WEB (1080p)', 'WEB Tier 02', 'sonarr', 1650);
INSERT OR IGNORE INTO quality_profile_custom_formats (quality_profile_name, custom_format_name, arr_type, score) VALUES ('[French MULTi.VO] HD Bluray + WEB (1080p)', 'WEB Tier 03', 'sonarr', 1600);
INSERT OR IGNORE INTO quality_profile_custom_formats (quality_profile_name, custom_format_name, arr_type, score) VALUES ('[French MULTi.VO] HD Bluray + WEB (1080p)', 'WEB Scene', 'sonarr', 1600);
INSERT OR IGNORE INTO quality_profile_custom_formats (quality_profile_name, custom_format_name, arr_type, score) VALUES ('[French MULTi.VO] HD Bluray + WEB (1080p)', 'BR-DISK', 'sonarr', -10000);
INSERT OR IGNORE INTO quality_profile_custom_formats (quality_profile_name, custom_format_name, arr_type, score) VALUES ('[French MULTi.VO] HD Bluray + WEB (1080p)', 'LQ', 'sonarr', -10000);
INSERT OR IGNORE INTO quality_profile_custom_formats (quality_profile_name, custom_format_name, arr_type, score) VALUES ('[French MULTi.VO] HD Bluray + WEB (1080p)', 'LQ (Release Title)', 'sonarr', -10000);
INSERT OR IGNORE INTO quality_profile_custom_formats (quality_profile_name, custom_format_name, arr_type, score) VALUES ('[French MULTi.VO] HD Bluray + WEB (1080p)', 'Extras', 'sonarr', -10000);
INSERT OR IGNORE INTO quality_profile_custom_formats (quality_profile_name, custom_format_name, arr_type, score) VALUES ('[French MULTi.VO] HD Bluray + WEB (1080p)', 'AV1', 'sonarr', -10000);
INSERT OR IGNORE INTO quality_profile_custom_formats (quality_profile_name, custom_format_name, arr_type, score) VALUES ('[French MULTi.VO] HD Bluray + WEB (1080p)', 'Repack/Proper', 'sonarr', 5);
INSERT OR IGNORE INTO quality_profile_custom_formats (quality_profile_name, custom_format_name, arr_type, score) VALUES ('[French MULTi.VO] HD Bluray + WEB (1080p)', 'Repack2', 'sonarr', 6);
INSERT OR IGNORE INTO quality_profile_custom_formats (quality_profile_name, custom_format_name, arr_type, score) VALUES ('[French MULTi.VO] HD Bluray + WEB (1080p)', 'Repack3', 'sonarr', 7);
INSERT OR IGNORE INTO quality_profile_custom_formats (quality_profile_name, custom_format_name, arr_type, score) VALUES ('[French MULTi.VO] HD Bluray + WEB (1080p)', 'AUViO', 'sonarr', 0);
INSERT OR IGNORE INTO quality_profile_custom_formats (quality_profile_name, custom_format_name, arr_type, score) VALUES ('[French MULTi.VO] HD Bluray + WEB (1080p)', 'MyCANAL', 'sonarr', 0);
INSERT OR IGNORE INTO quality_profile_custom_formats (quality_profile_name, custom_format_name, arr_type, score) VALUES ('[French MULTi.VO] HD Bluray + WEB (1080p)', 'SALTO', 'sonarr', 0);

INSERT OR IGNORE INTO quality_profiles (name, description, upgrades_allowed, minimum_custom_format_score, upgrade_until_score, upgrade_score_increment) VALUES ('[French MULTi.VO] UHD Bluray + WEB (2160p)', 'French Quality Profile that covers:<br>- WEBDL: 1080p, 2160p<br>- Bluray 1080p, 2160p', 1, 0, 10000, 1);
INSERT OR IGNORE INTO quality_profile_qualities (quality_profile_name, quality_name, quality_group_name, position, enabled, upgrade_until) VALUES ('[French MULTi.VO] UHD Bluray + WEB (2160p)', 'Unknown', NULL, 0, 0, 0);
INSERT OR IGNORE INTO quality_profile_qualities (quality_profile_name, quality_name, quality_group_name, position, enabled, upgrade_until) VALUES ('[French MULTi.VO] UHD Bluray + WEB (2160p)', 'SDTV', NULL, 1, 0, 0);
INSERT OR IGNORE INTO quality_groups (quality_profile_name, name) VALUES ('[French MULTi.VO] UHD Bluray + WEB (2160p)', 'WEB 480p');
INSERT OR IGNORE INTO quality_group_members (quality_profile_name, quality_group_name, quality_name) VALUES ('[French MULTi.VO] UHD Bluray + WEB (2160p)', 'WEB 480p', 'WEBDL-480p');
INSERT OR IGNORE INTO quality_group_members (quality_profile_name, quality_group_name, quality_name) VALUES ('[French MULTi.VO] UHD Bluray + WEB (2160p)', 'WEB 480p', 'WEBRip-480p');
INSERT OR IGNORE INTO quality_profile_qualities (quality_profile_name, quality_name, quality_group_name, position, enabled, upgrade_until) VALUES ('[French MULTi.VO] UHD Bluray + WEB (2160p)', NULL, 'WEB 480p', 2, 0, 0);
INSERT OR IGNORE INTO quality_profile_qualities (quality_profile_name, quality_name, quality_group_name, position, enabled, upgrade_until) VALUES ('[French MULTi.VO] UHD Bluray + WEB (2160p)', 'DVD', NULL, 3, 0, 0);
INSERT OR IGNORE INTO quality_profile_qualities (quality_profile_name, quality_name, quality_group_name, position, enabled, upgrade_until) VALUES ('[French MULTi.VO] UHD Bluray + WEB (2160p)', 'Bluray-480p', NULL, 4, 0, 0);
INSERT OR IGNORE INTO quality_profile_qualities (quality_profile_name, quality_name, quality_group_name, position, enabled, upgrade_until) VALUES ('[French MULTi.VO] UHD Bluray + WEB (2160p)', 'Bluray-576p', NULL, 5, 0, 0);
INSERT OR IGNORE INTO quality_profile_qualities (quality_profile_name, quality_name, quality_group_name, position, enabled, upgrade_until) VALUES ('[French MULTi.VO] UHD Bluray + WEB (2160p)', 'HDTV-720p', NULL, 6, 0, 0);
INSERT OR IGNORE INTO quality_profile_qualities (quality_profile_name, quality_name, quality_group_name, position, enabled, upgrade_until) VALUES ('[French MULTi.VO] UHD Bluray + WEB (2160p)', 'HDTV-1080p', NULL, 7, 0, 0);
INSERT OR IGNORE INTO quality_profile_qualities (quality_profile_name, quality_name, quality_group_name, position, enabled, upgrade_until) VALUES ('[French MULTi.VO] UHD Bluray + WEB (2160p)', 'Raw-HD', NULL, 8, 0, 0);
INSERT OR IGNORE INTO quality_groups (quality_profile_name, name) VALUES ('[French MULTi.VO] UHD Bluray + WEB (2160p)', 'WEB 720p');
INSERT OR IGNORE INTO quality_group_members (quality_profile_name, quality_group_name, quality_name) VALUES ('[French MULTi.VO] UHD Bluray + WEB (2160p)', 'WEB 720p', 'WEBDL-720p');
INSERT OR IGNORE INTO quality_group_members (quality_profile_name, quality_group_name, quality_name) VALUES ('[French MULTi.VO] UHD Bluray + WEB (2160p)', 'WEB 720p', 'WEBRip-720p');
INSERT OR IGNORE INTO quality_profile_qualities (quality_profile_name, quality_name, quality_group_name, position, enabled, upgrade_until) VALUES ('[French MULTi.VO] UHD Bluray + WEB (2160p)', NULL, 'WEB 720p', 9, 0, 0);
INSERT OR IGNORE INTO quality_profile_qualities (quality_profile_name, quality_name, quality_group_name, position, enabled, upgrade_until) VALUES ('[French MULTi.VO] UHD Bluray + WEB (2160p)', 'Bluray-720p', NULL, 10, 0, 0);
INSERT OR IGNORE INTO quality_profile_qualities (quality_profile_name, quality_name, quality_group_name, position, enabled, upgrade_until) VALUES ('[French MULTi.VO] UHD Bluray + WEB (2160p)', 'Bluray-1080p Remux', NULL, 11, 0, 0);
INSERT OR IGNORE INTO quality_profile_qualities (quality_profile_name, quality_name, quality_group_name, position, enabled, upgrade_until) VALUES ('[French MULTi.VO] UHD Bluray + WEB (2160p)', 'HDTV-2160p', NULL, 12, 0, 0);
INSERT OR IGNORE INTO quality_profile_qualities (quality_profile_name, quality_name, quality_group_name, position, enabled, upgrade_until) VALUES ('[French MULTi.VO] UHD Bluray + WEB (2160p)', 'Bluray-2160p Remux', NULL, 13, 0, 0);
INSERT OR IGNORE INTO quality_groups (quality_profile_name, name) VALUES ('[French MULTi.VO] UHD Bluray + WEB (2160p)', 'Bluray|WEB 1080p');
INSERT OR IGNORE INTO quality_group_members (quality_profile_name, quality_group_name, quality_name) VALUES ('[French MULTi.VO] UHD Bluray + WEB (2160p)', 'Bluray|WEB 1080p', 'WEBDL-1080p');
INSERT OR IGNORE INTO quality_group_members (quality_profile_name, quality_group_name, quality_name) VALUES ('[French MULTi.VO] UHD Bluray + WEB (2160p)', 'Bluray|WEB 1080p', 'WEBRip-1080p');
INSERT OR IGNORE INTO quality_group_members (quality_profile_name, quality_group_name, quality_name) VALUES ('[French MULTi.VO] UHD Bluray + WEB (2160p)', 'Bluray|WEB 1080p', 'Bluray-1080p');
INSERT OR IGNORE INTO quality_profile_qualities (quality_profile_name, quality_name, quality_group_name, position, enabled, upgrade_until) VALUES ('[French MULTi.VO] UHD Bluray + WEB (2160p)', NULL, 'Bluray|WEB 1080p', 14, 1, 0);
INSERT OR IGNORE INTO quality_groups (quality_profile_name, name) VALUES ('[French MULTi.VO] UHD Bluray + WEB (2160p)', 'Bluray|WEB 2160p');
INSERT OR IGNORE INTO quality_group_members (quality_profile_name, quality_group_name, quality_name) VALUES ('[French MULTi.VO] UHD Bluray + WEB (2160p)', 'Bluray|WEB 2160p', 'WEBDL-2160p');
INSERT OR IGNORE INTO quality_group_members (quality_profile_name, quality_group_name, quality_name) VALUES ('[French MULTi.VO] UHD Bluray + WEB (2160p)', 'Bluray|WEB 2160p', 'WEBRip-2160p');
INSERT OR IGNORE INTO quality_group_members (quality_profile_name, quality_group_name, quality_name) VALUES ('[French MULTi.VO] UHD Bluray + WEB (2160p)', 'Bluray|WEB 2160p', 'Bluray-2160p');
INSERT OR IGNORE INTO quality_profile_qualities (quality_profile_name, quality_name, quality_group_name, position, enabled, upgrade_until) VALUES ('[French MULTi.VO] UHD Bluray + WEB (2160p)', NULL, 'Bluray|WEB 2160p', 15, 1, 1);
INSERT OR IGNORE INTO quality_profile_custom_formats (quality_profile_name, custom_format_name, arr_type, score) VALUES ('[French MULTi.VO] UHD Bluray + WEB (2160p)', 'VFF', 'sonarr', 0);
INSERT OR IGNORE INTO quality_profile_custom_formats (quality_profile_name, custom_format_name, arr_type, score) VALUES ('[French MULTi.VO] UHD Bluray + WEB (2160p)', 'VOF', 'sonarr', 0);
INSERT OR IGNORE INTO quality_profile_custom_formats (quality_profile_name, custom_format_name, arr_type, score) VALUES ('[French MULTi.VO] UHD Bluray + WEB (2160p)', 'VFI', 'sonarr', 0);
INSERT OR IGNORE INTO quality_profile_custom_formats (quality_profile_name, custom_format_name, arr_type, score) VALUES ('[French MULTi.VO] UHD Bluray + WEB (2160p)', 'VF2', 'sonarr', 0);
INSERT OR IGNORE INTO quality_profile_custom_formats (quality_profile_name, custom_format_name, arr_type, score) VALUES ('[French MULTi.VO] UHD Bluray + WEB (2160p)', 'VFQ', 'sonarr', 0);
INSERT OR IGNORE INTO quality_profile_custom_formats (quality_profile_name, custom_format_name, arr_type, score) VALUES ('[French MULTi.VO] UHD Bluray + WEB (2160p)', 'VOQ', 'sonarr', 0);
INSERT OR IGNORE INTO quality_profile_custom_formats (quality_profile_name, custom_format_name, arr_type, score) VALUES ('[French MULTi.VO] UHD Bluray + WEB (2160p)', 'VQ', 'sonarr', 0);
INSERT OR IGNORE INTO quality_profile_custom_formats (quality_profile_name, custom_format_name, arr_type, score) VALUES ('[French MULTi.VO] UHD Bluray + WEB (2160p)', 'VFB', 'sonarr', 0);
INSERT OR IGNORE INTO quality_profile_custom_formats (quality_profile_name, custom_format_name, arr_type, score) VALUES ('[French MULTi.VO] UHD Bluray + WEB (2160p)', 'Language: Not Original', 'sonarr', -10000);
INSERT OR IGNORE INTO quality_profile_custom_formats (quality_profile_name, custom_format_name, arr_type, score) VALUES ('[French MULTi.VO] UHD Bluray + WEB (2160p)', 'Language: Not French', 'sonarr', 0);
INSERT OR IGNORE INTO quality_profile_custom_formats (quality_profile_name, custom_format_name, arr_type, score) VALUES ('[French MULTi.VO] UHD Bluray + WEB (2160p)', 'Language: Original + French', 'sonarr', 0);
INSERT OR IGNORE INTO quality_profile_custom_formats (quality_profile_name, custom_format_name, arr_type, score) VALUES ('[French MULTi.VO] UHD Bluray + WEB (2160p)', 'MULTi', 'sonarr', 0);
INSERT OR IGNORE INTO quality_profile_custom_formats (quality_profile_name, custom_format_name, arr_type, score) VALUES ('[French MULTi.VO] UHD Bluray + WEB (2160p)', 'FR LQ', 'sonarr', -10000);
INSERT OR IGNORE INTO quality_profile_custom_formats (quality_profile_name, custom_format_name, arr_type, score) VALUES ('[French MULTi.VO] UHD Bluray + WEB (2160p)', 'FastSUB', 'sonarr', -10000);
INSERT OR IGNORE INTO quality_profile_custom_formats (quality_profile_name, custom_format_name, arr_type, score) VALUES ('[French MULTi.VO] UHD Bluray + WEB (2160p)', 'FR HD Bluray Tier 01', 'sonarr', 1800);
INSERT OR IGNORE INTO quality_profile_custom_formats (quality_profile_name, custom_format_name, arr_type, score) VALUES ('[French MULTi.VO] UHD Bluray + WEB (2160p)', 'FR WEB Tier 01', 'sonarr', 1700);
INSERT OR IGNORE INTO quality_profile_custom_formats (quality_profile_name, custom_format_name, arr_type, score) VALUES ('[French MULTi.VO] UHD Bluray + WEB (2160p)', 'FR WEB Tier 02', 'sonarr', 1650);
INSERT OR IGNORE INTO quality_profile_custom_formats (quality_profile_name, custom_format_name, arr_type, score) VALUES ('[French MULTi.VO] UHD Bluray + WEB (2160p)', 'FR WEB Tier 03', 'sonarr', 1600);
INSERT OR IGNORE INTO quality_profile_custom_formats (quality_profile_name, custom_format_name, arr_type, score) VALUES ('[French MULTi.VO] UHD Bluray + WEB (2160p)', 'FR Scene Groups', 'sonarr', 1500);
INSERT OR IGNORE INTO quality_profile_custom_formats (quality_profile_name, custom_format_name, arr_type, score) VALUES ('[French MULTi.VO] UHD Bluray + WEB (2160p)', 'HD Bluray Tier 01', 'sonarr', 1800);
INSERT OR IGNORE INTO quality_profile_custom_formats (quality_profile_name, custom_format_name, arr_type, score) VALUES ('[French MULTi.VO] UHD Bluray + WEB (2160p)', 'HD Bluray Tier 02', 'sonarr', 1750);
INSERT OR IGNORE INTO quality_profile_custom_formats (quality_profile_name, custom_format_name, arr_type, score) VALUES ('[French MULTi.VO] UHD Bluray + WEB (2160p)', 'WEB Tier 01', 'sonarr', 1700);
INSERT OR IGNORE INTO quality_profile_custom_formats (quality_profile_name, custom_format_name, arr_type, score) VALUES ('[French MULTi.VO] UHD Bluray + WEB (2160p)', 'WEB Tier 02', 'sonarr', 1650);
INSERT OR IGNORE INTO quality_profile_custom_formats (quality_profile_name, custom_format_name, arr_type, score) VALUES ('[French MULTi.VO] UHD Bluray + WEB (2160p)', 'WEB Tier 03', 'sonarr', 1600);
INSERT OR IGNORE INTO quality_profile_custom_formats (quality_profile_name, custom_format_name, arr_type, score) VALUES ('[French MULTi.VO] UHD Bluray + WEB (2160p)', 'WEB Scene', 'sonarr', 1600);
INSERT OR IGNORE INTO quality_profile_custom_formats (quality_profile_name, custom_format_name, arr_type, score) VALUES ('[French MULTi.VO] UHD Bluray + WEB (2160p)', 'BR-DISK', 'sonarr', -10000);
INSERT OR IGNORE INTO quality_profile_custom_formats (quality_profile_name, custom_format_name, arr_type, score) VALUES ('[French MULTi.VO] UHD Bluray + WEB (2160p)', 'LQ', 'sonarr', -10000);
INSERT OR IGNORE INTO quality_profile_custom_formats (quality_profile_name, custom_format_name, arr_type, score) VALUES ('[French MULTi.VO] UHD Bluray + WEB (2160p)', 'LQ (Release Title)', 'sonarr', -10000);
INSERT OR IGNORE INTO quality_profile_custom_formats (quality_profile_name, custom_format_name, arr_type, score) VALUES ('[French MULTi.VO] UHD Bluray + WEB (2160p)', 'Extras', 'sonarr', -10000);
INSERT OR IGNORE INTO quality_profile_custom_formats (quality_profile_name, custom_format_name, arr_type, score) VALUES ('[French MULTi.VO] UHD Bluray + WEB (2160p)', 'AV1', 'sonarr', -10000);
INSERT OR IGNORE INTO quality_profile_custom_formats (quality_profile_name, custom_format_name, arr_type, score) VALUES ('[French MULTi.VO] UHD Bluray + WEB (2160p)', 'Repack/Proper', 'sonarr', 5);
INSERT OR IGNORE INTO quality_profile_custom_formats (quality_profile_name, custom_format_name, arr_type, score) VALUES ('[French MULTi.VO] UHD Bluray + WEB (2160p)', 'Repack2', 'sonarr', 6);
INSERT OR IGNORE INTO quality_profile_custom_formats (quality_profile_name, custom_format_name, arr_type, score) VALUES ('[French MULTi.VO] UHD Bluray + WEB (2160p)', 'Repack3', 'sonarr', 7);
INSERT OR IGNORE INTO quality_profile_custom_formats (quality_profile_name, custom_format_name, arr_type, score) VALUES ('[French MULTi.VO] UHD Bluray + WEB (2160p)', 'UHD Streaming Boost', 'sonarr', 75);
INSERT OR IGNORE INTO quality_profile_custom_formats (quality_profile_name, custom_format_name, arr_type, score) VALUES ('[French MULTi.VO] UHD Bluray + WEB (2160p)', 'HD Streaming Boost', 'sonarr', 75);
INSERT OR IGNORE INTO quality_profile_custom_formats (quality_profile_name, custom_format_name, arr_type, score) VALUES ('[French MULTi.VO] UHD Bluray + WEB (2160p)', 'AUViO', 'sonarr', 0);
INSERT OR IGNORE INTO quality_profile_custom_formats (quality_profile_name, custom_format_name, arr_type, score) VALUES ('[French MULTi.VO] UHD Bluray + WEB (2160p)', 'MyCANAL', 'sonarr', 0);
INSERT OR IGNORE INTO quality_profile_custom_formats (quality_profile_name, custom_format_name, arr_type, score) VALUES ('[French MULTi.VO] UHD Bluray + WEB (2160p)', 'SALTO', 'sonarr', 0);

INSERT OR IGNORE INTO quality_profiles (name, description, upgrades_allowed, minimum_custom_format_score, upgrade_until_score, upgrade_score_increment) VALUES ('[German] HD Bluray + WEB', 'German Quality Profile that covers:<br>- WEBDL: 720p, 1080p<br>- Bluray: 720p, 1080p', 1, 0, 35000, 1);
INSERT OR IGNORE INTO quality_profile_qualities (quality_profile_name, quality_name, quality_group_name, position, enabled, upgrade_until) VALUES ('[German] HD Bluray + WEB', 'Unknown', NULL, 0, 0, 0);
INSERT OR IGNORE INTO quality_profile_qualities (quality_profile_name, quality_name, quality_group_name, position, enabled, upgrade_until) VALUES ('[German] HD Bluray + WEB', 'SDTV', NULL, 1, 0, 0);
INSERT OR IGNORE INTO quality_groups (quality_profile_name, name) VALUES ('[German] HD Bluray + WEB', 'WEB 480p');
INSERT OR IGNORE INTO quality_group_members (quality_profile_name, quality_group_name, quality_name) VALUES ('[German] HD Bluray + WEB', 'WEB 480p', 'WEBDL-480p');
INSERT OR IGNORE INTO quality_group_members (quality_profile_name, quality_group_name, quality_name) VALUES ('[German] HD Bluray + WEB', 'WEB 480p', 'WEBRip-480p');
INSERT OR IGNORE INTO quality_profile_qualities (quality_profile_name, quality_name, quality_group_name, position, enabled, upgrade_until) VALUES ('[German] HD Bluray + WEB', NULL, 'WEB 480p', 2, 0, 0);
INSERT OR IGNORE INTO quality_profile_qualities (quality_profile_name, quality_name, quality_group_name, position, enabled, upgrade_until) VALUES ('[German] HD Bluray + WEB', 'DVD', NULL, 3, 0, 0);
INSERT OR IGNORE INTO quality_profile_qualities (quality_profile_name, quality_name, quality_group_name, position, enabled, upgrade_until) VALUES ('[German] HD Bluray + WEB', 'Bluray-480p', NULL, 4, 0, 0);
INSERT OR IGNORE INTO quality_profile_qualities (quality_profile_name, quality_name, quality_group_name, position, enabled, upgrade_until) VALUES ('[German] HD Bluray + WEB', 'Bluray-576p', NULL, 5, 0, 0);
INSERT OR IGNORE INTO quality_profile_qualities (quality_profile_name, quality_name, quality_group_name, position, enabled, upgrade_until) VALUES ('[German] HD Bluray + WEB', 'HDTV-720p', NULL, 6, 0, 0);
INSERT OR IGNORE INTO quality_profile_qualities (quality_profile_name, quality_name, quality_group_name, position, enabled, upgrade_until) VALUES ('[German] HD Bluray + WEB', 'HDTV-1080p', NULL, 7, 0, 0);
INSERT OR IGNORE INTO quality_profile_qualities (quality_profile_name, quality_name, quality_group_name, position, enabled, upgrade_until) VALUES ('[German] HD Bluray + WEB', 'Raw-HD', NULL, 8, 0, 0);
INSERT OR IGNORE INTO quality_profile_qualities (quality_profile_name, quality_name, quality_group_name, position, enabled, upgrade_until) VALUES ('[German] HD Bluray + WEB', 'Bluray-1080p Remux', NULL, 9, 0, 0);
INSERT OR IGNORE INTO quality_profile_qualities (quality_profile_name, quality_name, quality_group_name, position, enabled, upgrade_until) VALUES ('[German] HD Bluray + WEB', 'HDTV-2160p', NULL, 10, 0, 0);
INSERT OR IGNORE INTO quality_groups (quality_profile_name, name) VALUES ('[German] HD Bluray + WEB', 'WEB 2160p');
INSERT OR IGNORE INTO quality_group_members (quality_profile_name, quality_group_name, quality_name) VALUES ('[German] HD Bluray + WEB', 'WEB 2160p', 'WEBDL-2160p');
INSERT OR IGNORE INTO quality_group_members (quality_profile_name, quality_group_name, quality_name) VALUES ('[German] HD Bluray + WEB', 'WEB 2160p', 'WEBRip-2160p');
INSERT OR IGNORE INTO quality_profile_qualities (quality_profile_name, quality_name, quality_group_name, position, enabled, upgrade_until) VALUES ('[German] HD Bluray + WEB', NULL, 'WEB 2160p', 11, 0, 0);
INSERT OR IGNORE INTO quality_profile_qualities (quality_profile_name, quality_name, quality_group_name, position, enabled, upgrade_until) VALUES ('[German] HD Bluray + WEB', 'Bluray-2160p', NULL, 12, 0, 0);
INSERT OR IGNORE INTO quality_profile_qualities (quality_profile_name, quality_name, quality_group_name, position, enabled, upgrade_until) VALUES ('[German] HD Bluray + WEB', 'Bluray-2160p Remux', NULL, 13, 0, 0);
INSERT OR IGNORE INTO quality_groups (quality_profile_name, name) VALUES ('[German] HD Bluray + WEB', 'Merged QPs');
INSERT OR IGNORE INTO quality_group_members (quality_profile_name, quality_group_name, quality_name) VALUES ('[German] HD Bluray + WEB', 'Merged QPs', 'WEBRip-720p');
INSERT OR IGNORE INTO quality_group_members (quality_profile_name, quality_group_name, quality_name) VALUES ('[German] HD Bluray + WEB', 'Merged QPs', 'WEBDL-720p');
INSERT OR IGNORE INTO quality_group_members (quality_profile_name, quality_group_name, quality_name) VALUES ('[German] HD Bluray + WEB', 'Merged QPs', 'Bluray-720p');
INSERT OR IGNORE INTO quality_group_members (quality_profile_name, quality_group_name, quality_name) VALUES ('[German] HD Bluray + WEB', 'Merged QPs', 'WEBDL-1080p');
INSERT OR IGNORE INTO quality_group_members (quality_profile_name, quality_group_name, quality_name) VALUES ('[German] HD Bluray + WEB', 'Merged QPs', 'WEBRip-1080p');
INSERT OR IGNORE INTO quality_group_members (quality_profile_name, quality_group_name, quality_name) VALUES ('[German] HD Bluray + WEB', 'Merged QPs', 'Bluray-1080p');
INSERT OR IGNORE INTO quality_profile_qualities (quality_profile_name, quality_name, quality_group_name, position, enabled, upgrade_until) VALUES ('[German] HD Bluray + WEB', NULL, 'Merged QPs', 14, 1, 1);
INSERT OR IGNORE INTO quality_profile_custom_formats (quality_profile_name, custom_format_name, arr_type, score) VALUES ('[German] HD Bluray + WEB', 'German 1080p Booster', 'sonarr', 650);
INSERT OR IGNORE INTO quality_profile_custom_formats (quality_profile_name, custom_format_name, arr_type, score) VALUES ('[German] HD Bluray + WEB', '1080p', 'sonarr', 50);
INSERT OR IGNORE INTO quality_profile_custom_formats (quality_profile_name, custom_format_name, arr_type, score) VALUES ('[German] HD Bluray + WEB', '720p', 'sonarr', 5);
INSERT OR IGNORE INTO quality_profile_custom_formats (quality_profile_name, custom_format_name, arr_type, score) VALUES ('[German] HD Bluray + WEB', 'German', 'sonarr', 10000);
INSERT OR IGNORE INTO quality_profile_custom_formats (quality_profile_name, custom_format_name, arr_type, score) VALUES ('[German] HD Bluray + WEB', 'German DL', 'sonarr', -10000);
INSERT OR IGNORE INTO quality_profile_custom_formats (quality_profile_name, custom_format_name, arr_type, score) VALUES ('[German] HD Bluray + WEB', 'German DL (undefined)', 'sonarr', 11000);
INSERT OR IGNORE INTO quality_profile_custom_formats (quality_profile_name, custom_format_name, arr_type, score) VALUES ('[German] HD Bluray + WEB', 'Not German or English', 'sonarr', -35000);
INSERT OR IGNORE INTO quality_profile_custom_formats (quality_profile_name, custom_format_name, arr_type, score) VALUES ('[German] HD Bluray + WEB', 'German Bluray Tier 01', 'sonarr', 2900);
INSERT OR IGNORE INTO quality_profile_custom_formats (quality_profile_name, custom_format_name, arr_type, score) VALUES ('[German] HD Bluray + WEB', 'German Bluray Tier 02', 'sonarr', 2650);
INSERT OR IGNORE INTO quality_profile_custom_formats (quality_profile_name, custom_format_name, arr_type, score) VALUES ('[German] HD Bluray + WEB', 'German Bluray Tier 03', 'sonarr', 2300);
INSERT OR IGNORE INTO quality_profile_custom_formats (quality_profile_name, custom_format_name, arr_type, score) VALUES ('[German] HD Bluray + WEB', 'German Web Tier 01', 'sonarr', 2100);
INSERT OR IGNORE INTO quality_profile_custom_formats (quality_profile_name, custom_format_name, arr_type, score) VALUES ('[German] HD Bluray + WEB', 'German Web Tier 02', 'sonarr', 1900);
INSERT OR IGNORE INTO quality_profile_custom_formats (quality_profile_name, custom_format_name, arr_type, score) VALUES ('[German] HD Bluray + WEB', 'German Web Tier 03', 'sonarr', 1800);
INSERT OR IGNORE INTO quality_profile_custom_formats (quality_profile_name, custom_format_name, arr_type, score) VALUES ('[German] HD Bluray + WEB', 'German Scene', 'sonarr', 1700);
INSERT OR IGNORE INTO quality_profile_custom_formats (quality_profile_name, custom_format_name, arr_type, score) VALUES ('[German] HD Bluray + WEB', 'German LQ', 'sonarr', -35000);
INSERT OR IGNORE INTO quality_profile_custom_formats (quality_profile_name, custom_format_name, arr_type, score) VALUES ('[German] HD Bluray + WEB', 'German LQ (release title)', 'sonarr', -35000);
INSERT OR IGNORE INTO quality_profile_custom_formats (quality_profile_name, custom_format_name, arr_type, score) VALUES ('[German] HD Bluray + WEB', 'German Microsized', 'sonarr', -35000);
INSERT OR IGNORE INTO quality_profile_custom_formats (quality_profile_name, custom_format_name, arr_type, score) VALUES ('[German] HD Bluray + WEB', 'HD Bluray Tier 01', 'sonarr', 1800);
INSERT OR IGNORE INTO quality_profile_custom_formats (quality_profile_name, custom_format_name, arr_type, score) VALUES ('[German] HD Bluray + WEB', 'HD Bluray Tier 02', 'sonarr', 1750);
INSERT OR IGNORE INTO quality_profile_custom_formats (quality_profile_name, custom_format_name, arr_type, score) VALUES ('[German] HD Bluray + WEB', 'WEB Tier 01', 'sonarr', 1700);
INSERT OR IGNORE INTO quality_profile_custom_formats (quality_profile_name, custom_format_name, arr_type, score) VALUES ('[German] HD Bluray + WEB', 'WEB Tier 02', 'sonarr', 1650);
INSERT OR IGNORE INTO quality_profile_custom_formats (quality_profile_name, custom_format_name, arr_type, score) VALUES ('[German] HD Bluray + WEB', 'WEB Tier 03', 'sonarr', 1600);
INSERT OR IGNORE INTO quality_profile_custom_formats (quality_profile_name, custom_format_name, arr_type, score) VALUES ('[German] HD Bluray + WEB', 'Repack/Proper', 'sonarr', 5);
INSERT OR IGNORE INTO quality_profile_custom_formats (quality_profile_name, custom_format_name, arr_type, score) VALUES ('[German] HD Bluray + WEB', 'Repack2', 'sonarr', 6);
INSERT OR IGNORE INTO quality_profile_custom_formats (quality_profile_name, custom_format_name, arr_type, score) VALUES ('[German] HD Bluray + WEB', 'Repack3', 'sonarr', 7);
INSERT OR IGNORE INTO quality_profile_custom_formats (quality_profile_name, custom_format_name, arr_type, score) VALUES ('[German] HD Bluray + WEB', 'BR-DISK', 'sonarr', -10000);
INSERT OR IGNORE INTO quality_profile_custom_formats (quality_profile_name, custom_format_name, arr_type, score) VALUES ('[German] HD Bluray + WEB', 'LQ', 'sonarr', -10000);
INSERT OR IGNORE INTO quality_profile_custom_formats (quality_profile_name, custom_format_name, arr_type, score) VALUES ('[German] HD Bluray + WEB', 'LQ (Release Title)', 'sonarr', -10000);
INSERT OR IGNORE INTO quality_profile_custom_formats (quality_profile_name, custom_format_name, arr_type, score) VALUES ('[German] HD Bluray + WEB', 'Extras', 'sonarr', -10000);
INSERT OR IGNORE INTO quality_profile_custom_formats (quality_profile_name, custom_format_name, arr_type, score) VALUES ('[German] HD Bluray + WEB', 'AV1', 'sonarr', -10000);
INSERT OR IGNORE INTO quality_profile_custom_formats (quality_profile_name, custom_format_name, arr_type, score) VALUES ('[German] HD Bluray + WEB', 'Upscaled', 'sonarr', -10000);

INSERT OR IGNORE INTO quality_profiles (name, description, upgrades_allowed, minimum_custom_format_score, upgrade_until_score, upgrade_score_increment) VALUES ('[German] HD Remux + WEB', 'German Quality Profile that covers:<br>- WEBDL: 1080p<br>- Remux: 1080p', 1, 0, 35000, 1);
INSERT OR IGNORE INTO quality_profile_qualities (quality_profile_name, quality_name, quality_group_name, position, enabled, upgrade_until) VALUES ('[German] HD Remux + WEB', 'Unknown', NULL, 0, 0, 0);
INSERT OR IGNORE INTO quality_profile_qualities (quality_profile_name, quality_name, quality_group_name, position, enabled, upgrade_until) VALUES ('[German] HD Remux + WEB', 'SDTV', NULL, 1, 0, 0);
INSERT OR IGNORE INTO quality_groups (quality_profile_name, name) VALUES ('[German] HD Remux + WEB', 'WEB 480p');
INSERT OR IGNORE INTO quality_group_members (quality_profile_name, quality_group_name, quality_name) VALUES ('[German] HD Remux + WEB', 'WEB 480p', 'WEBDL-480p');
INSERT OR IGNORE INTO quality_group_members (quality_profile_name, quality_group_name, quality_name) VALUES ('[German] HD Remux + WEB', 'WEB 480p', 'WEBRip-480p');
INSERT OR IGNORE INTO quality_profile_qualities (quality_profile_name, quality_name, quality_group_name, position, enabled, upgrade_until) VALUES ('[German] HD Remux + WEB', NULL, 'WEB 480p', 2, 0, 0);
INSERT OR IGNORE INTO quality_profile_qualities (quality_profile_name, quality_name, quality_group_name, position, enabled, upgrade_until) VALUES ('[German] HD Remux + WEB', 'DVD', NULL, 3, 0, 0);
INSERT OR IGNORE INTO quality_profile_qualities (quality_profile_name, quality_name, quality_group_name, position, enabled, upgrade_until) VALUES ('[German] HD Remux + WEB', 'Bluray-480p', NULL, 4, 0, 0);
INSERT OR IGNORE INTO quality_profile_qualities (quality_profile_name, quality_name, quality_group_name, position, enabled, upgrade_until) VALUES ('[German] HD Remux + WEB', 'Bluray-576p', NULL, 5, 0, 0);
INSERT OR IGNORE INTO quality_profile_qualities (quality_profile_name, quality_name, quality_group_name, position, enabled, upgrade_until) VALUES ('[German] HD Remux + WEB', 'HDTV-720p', NULL, 6, 0, 0);
INSERT OR IGNORE INTO quality_profile_qualities (quality_profile_name, quality_name, quality_group_name, position, enabled, upgrade_until) VALUES ('[German] HD Remux + WEB', 'HDTV-1080p', NULL, 7, 0, 0);
INSERT OR IGNORE INTO quality_profile_qualities (quality_profile_name, quality_name, quality_group_name, position, enabled, upgrade_until) VALUES ('[German] HD Remux + WEB', 'Raw-HD', NULL, 8, 0, 0);
INSERT OR IGNORE INTO quality_groups (quality_profile_name, name) VALUES ('[German] HD Remux + WEB', 'WEB 720p');
INSERT OR IGNORE INTO quality_group_members (quality_profile_name, quality_group_name, quality_name) VALUES ('[German] HD Remux + WEB', 'WEB 720p', 'WEBDL-720p');
INSERT OR IGNORE INTO quality_group_members (quality_profile_name, quality_group_name, quality_name) VALUES ('[German] HD Remux + WEB', 'WEB 720p', 'WEBRip-720p');
INSERT OR IGNORE INTO quality_profile_qualities (quality_profile_name, quality_name, quality_group_name, position, enabled, upgrade_until) VALUES ('[German] HD Remux + WEB', NULL, 'WEB 720p', 9, 0, 0);
INSERT OR IGNORE INTO quality_profile_qualities (quality_profile_name, quality_name, quality_group_name, position, enabled, upgrade_until) VALUES ('[German] HD Remux + WEB', 'Bluray-720p', NULL, 10, 0, 0);
INSERT OR IGNORE INTO quality_profile_qualities (quality_profile_name, quality_name, quality_group_name, position, enabled, upgrade_until) VALUES ('[German] HD Remux + WEB', 'Bluray-1080p', NULL, 11, 0, 0);
INSERT OR IGNORE INTO quality_profile_qualities (quality_profile_name, quality_name, quality_group_name, position, enabled, upgrade_until) VALUES ('[German] HD Remux + WEB', 'HDTV-2160p', NULL, 12, 0, 0);
INSERT OR IGNORE INTO quality_groups (quality_profile_name, name) VALUES ('[German] HD Remux + WEB', 'WEB 2160p');
INSERT OR IGNORE INTO quality_group_members (quality_profile_name, quality_group_name, quality_name) VALUES ('[German] HD Remux + WEB', 'WEB 2160p', 'WEBDL-2160p');
INSERT OR IGNORE INTO quality_group_members (quality_profile_name, quality_group_name, quality_name) VALUES ('[German] HD Remux + WEB', 'WEB 2160p', 'WEBRip-2160p');
INSERT OR IGNORE INTO quality_profile_qualities (quality_profile_name, quality_name, quality_group_name, position, enabled, upgrade_until) VALUES ('[German] HD Remux + WEB', NULL, 'WEB 2160p', 13, 0, 0);
INSERT OR IGNORE INTO quality_profile_qualities (quality_profile_name, quality_name, quality_group_name, position, enabled, upgrade_until) VALUES ('[German] HD Remux + WEB', 'Bluray-2160p', NULL, 14, 0, 0);
INSERT OR IGNORE INTO quality_profile_qualities (quality_profile_name, quality_name, quality_group_name, position, enabled, upgrade_until) VALUES ('[German] HD Remux + WEB', 'Bluray-2160p Remux', NULL, 15, 0, 0);
INSERT OR IGNORE INTO quality_groups (quality_profile_name, name) VALUES ('[German] HD Remux + WEB', 'Merged QPs');
INSERT OR IGNORE INTO quality_group_members (quality_profile_name, quality_group_name, quality_name) VALUES ('[German] HD Remux + WEB', 'Merged QPs', 'WEBDL-1080p');
INSERT OR IGNORE INTO quality_group_members (quality_profile_name, quality_group_name, quality_name) VALUES ('[German] HD Remux + WEB', 'Merged QPs', 'WEBRip-1080p');
INSERT OR IGNORE INTO quality_group_members (quality_profile_name, quality_group_name, quality_name) VALUES ('[German] HD Remux + WEB', 'Merged QPs', 'Bluray-1080p Remux');
INSERT OR IGNORE INTO quality_profile_qualities (quality_profile_name, quality_name, quality_group_name, position, enabled, upgrade_until) VALUES ('[German] HD Remux + WEB', NULL, 'Merged QPs', 16, 1, 1);
INSERT OR IGNORE INTO quality_profile_custom_formats (quality_profile_name, custom_format_name, arr_type, score) VALUES ('[German] HD Remux + WEB', 'German 1080p Booster', 'sonarr', 650);
INSERT OR IGNORE INTO quality_profile_custom_formats (quality_profile_name, custom_format_name, arr_type, score) VALUES ('[German] HD Remux + WEB', '1080p', 'sonarr', 50);
INSERT OR IGNORE INTO quality_profile_custom_formats (quality_profile_name, custom_format_name, arr_type, score) VALUES ('[German] HD Remux + WEB', '720p', 'sonarr', 5);
INSERT OR IGNORE INTO quality_profile_custom_formats (quality_profile_name, custom_format_name, arr_type, score) VALUES ('[German] HD Remux + WEB', 'German', 'sonarr', 10000);
INSERT OR IGNORE INTO quality_profile_custom_formats (quality_profile_name, custom_format_name, arr_type, score) VALUES ('[German] HD Remux + WEB', 'German DL', 'sonarr', -10000);
INSERT OR IGNORE INTO quality_profile_custom_formats (quality_profile_name, custom_format_name, arr_type, score) VALUES ('[German] HD Remux + WEB', 'German DL (undefined)', 'sonarr', 11000);
INSERT OR IGNORE INTO quality_profile_custom_formats (quality_profile_name, custom_format_name, arr_type, score) VALUES ('[German] HD Remux + WEB', 'Not German or English', 'sonarr', -35000);
INSERT OR IGNORE INTO quality_profile_custom_formats (quality_profile_name, custom_format_name, arr_type, score) VALUES ('[German] HD Remux + WEB', 'German Remux Tier 01', 'sonarr', 4000);
INSERT OR IGNORE INTO quality_profile_custom_formats (quality_profile_name, custom_format_name, arr_type, score) VALUES ('[German] HD Remux + WEB', 'German Remux Tier 02', 'sonarr', 3900);
INSERT OR IGNORE INTO quality_profile_custom_formats (quality_profile_name, custom_format_name, arr_type, score) VALUES ('[German] HD Remux + WEB', 'German Web Tier 01', 'sonarr', 2100);
INSERT OR IGNORE INTO quality_profile_custom_formats (quality_profile_name, custom_format_name, arr_type, score) VALUES ('[German] HD Remux + WEB', 'German Web Tier 02', 'sonarr', 1900);
INSERT OR IGNORE INTO quality_profile_custom_formats (quality_profile_name, custom_format_name, arr_type, score) VALUES ('[German] HD Remux + WEB', 'German Web Tier 03', 'sonarr', 1800);
INSERT OR IGNORE INTO quality_profile_custom_formats (quality_profile_name, custom_format_name, arr_type, score) VALUES ('[German] HD Remux + WEB', 'German Scene', 'sonarr', 1700);
INSERT OR IGNORE INTO quality_profile_custom_formats (quality_profile_name, custom_format_name, arr_type, score) VALUES ('[German] HD Remux + WEB', 'German LQ', 'sonarr', -35000);
INSERT OR IGNORE INTO quality_profile_custom_formats (quality_profile_name, custom_format_name, arr_type, score) VALUES ('[German] HD Remux + WEB', 'German LQ (release title)', 'sonarr', -35000);
INSERT OR IGNORE INTO quality_profile_custom_formats (quality_profile_name, custom_format_name, arr_type, score) VALUES ('[German] HD Remux + WEB', 'German Microsized', 'sonarr', -35000);
INSERT OR IGNORE INTO quality_profile_custom_formats (quality_profile_name, custom_format_name, arr_type, score) VALUES ('[German] HD Remux + WEB', 'WEB Tier 01', 'sonarr', 1700);
INSERT OR IGNORE INTO quality_profile_custom_formats (quality_profile_name, custom_format_name, arr_type, score) VALUES ('[German] HD Remux + WEB', 'WEB Tier 02', 'sonarr', 1650);
INSERT OR IGNORE INTO quality_profile_custom_formats (quality_profile_name, custom_format_name, arr_type, score) VALUES ('[German] HD Remux + WEB', 'WEB Tier 03', 'sonarr', 1600);
INSERT OR IGNORE INTO quality_profile_custom_formats (quality_profile_name, custom_format_name, arr_type, score) VALUES ('[German] HD Remux + WEB', 'Repack/Proper', 'sonarr', 5);
INSERT OR IGNORE INTO quality_profile_custom_formats (quality_profile_name, custom_format_name, arr_type, score) VALUES ('[German] HD Remux + WEB', 'Repack2', 'sonarr', 6);
INSERT OR IGNORE INTO quality_profile_custom_formats (quality_profile_name, custom_format_name, arr_type, score) VALUES ('[German] HD Remux + WEB', 'Repack3', 'sonarr', 7);
INSERT OR IGNORE INTO quality_profile_custom_formats (quality_profile_name, custom_format_name, arr_type, score) VALUES ('[German] HD Remux + WEB', 'BR-DISK', 'sonarr', -10000);
INSERT OR IGNORE INTO quality_profile_custom_formats (quality_profile_name, custom_format_name, arr_type, score) VALUES ('[German] HD Remux + WEB', 'LQ', 'sonarr', -10000);
INSERT OR IGNORE INTO quality_profile_custom_formats (quality_profile_name, custom_format_name, arr_type, score) VALUES ('[German] HD Remux + WEB', 'LQ (Release Title)', 'sonarr', -10000);
INSERT OR IGNORE INTO quality_profile_custom_formats (quality_profile_name, custom_format_name, arr_type, score) VALUES ('[German] HD Remux + WEB', 'Extras', 'sonarr', -10000);
INSERT OR IGNORE INTO quality_profile_custom_formats (quality_profile_name, custom_format_name, arr_type, score) VALUES ('[German] HD Remux + WEB', 'AV1', 'sonarr', -10000);
INSERT OR IGNORE INTO quality_profile_custom_formats (quality_profile_name, custom_format_name, arr_type, score) VALUES ('[German] HD Remux + WEB', 'Upscaled', 'sonarr', -10000);

INSERT OR IGNORE INTO quality_profiles (name, description, upgrades_allowed, minimum_custom_format_score, upgrade_until_score, upgrade_score_increment) VALUES ('[German] UHD Bluray + WEB (Alternative)', 'German Quality Profile that covers:<br>- WEBDL: 720p, 1080p, 2160p<br>- Bluray: 720p, 1080p, 2160p', 1, 0, 35000, 1);
INSERT OR IGNORE INTO quality_profile_qualities (quality_profile_name, quality_name, quality_group_name, position, enabled, upgrade_until) VALUES ('[German] UHD Bluray + WEB (Alternative)', 'Unknown', NULL, 0, 0, 0);
INSERT OR IGNORE INTO quality_profile_qualities (quality_profile_name, quality_name, quality_group_name, position, enabled, upgrade_until) VALUES ('[German] UHD Bluray + WEB (Alternative)', 'SDTV', NULL, 1, 0, 0);
INSERT OR IGNORE INTO quality_groups (quality_profile_name, name) VALUES ('[German] UHD Bluray + WEB (Alternative)', 'WEB 480p');
INSERT OR IGNORE INTO quality_group_members (quality_profile_name, quality_group_name, quality_name) VALUES ('[German] UHD Bluray + WEB (Alternative)', 'WEB 480p', 'WEBDL-480p');
INSERT OR IGNORE INTO quality_group_members (quality_profile_name, quality_group_name, quality_name) VALUES ('[German] UHD Bluray + WEB (Alternative)', 'WEB 480p', 'WEBRip-480p');
INSERT OR IGNORE INTO quality_profile_qualities (quality_profile_name, quality_name, quality_group_name, position, enabled, upgrade_until) VALUES ('[German] UHD Bluray + WEB (Alternative)', NULL, 'WEB 480p', 2, 0, 0);
INSERT OR IGNORE INTO quality_profile_qualities (quality_profile_name, quality_name, quality_group_name, position, enabled, upgrade_until) VALUES ('[German] UHD Bluray + WEB (Alternative)', 'DVD', NULL, 3, 0, 0);
INSERT OR IGNORE INTO quality_profile_qualities (quality_profile_name, quality_name, quality_group_name, position, enabled, upgrade_until) VALUES ('[German] UHD Bluray + WEB (Alternative)', 'Bluray-480p', NULL, 4, 0, 0);
INSERT OR IGNORE INTO quality_profile_qualities (quality_profile_name, quality_name, quality_group_name, position, enabled, upgrade_until) VALUES ('[German] UHD Bluray + WEB (Alternative)', 'Bluray-576p', NULL, 5, 0, 0);
INSERT OR IGNORE INTO quality_profile_qualities (quality_profile_name, quality_name, quality_group_name, position, enabled, upgrade_until) VALUES ('[German] UHD Bluray + WEB (Alternative)', 'HDTV-720p', NULL, 6, 0, 0);
INSERT OR IGNORE INTO quality_profile_qualities (quality_profile_name, quality_name, quality_group_name, position, enabled, upgrade_until) VALUES ('[German] UHD Bluray + WEB (Alternative)', 'HDTV-1080p', NULL, 7, 0, 0);
INSERT OR IGNORE INTO quality_profile_qualities (quality_profile_name, quality_name, quality_group_name, position, enabled, upgrade_until) VALUES ('[German] UHD Bluray + WEB (Alternative)', 'Raw-HD', NULL, 8, 0, 0);
INSERT OR IGNORE INTO quality_profile_qualities (quality_profile_name, quality_name, quality_group_name, position, enabled, upgrade_until) VALUES ('[German] UHD Bluray + WEB (Alternative)', 'Bluray-1080p Remux', NULL, 9, 0, 0);
INSERT OR IGNORE INTO quality_profile_qualities (quality_profile_name, quality_name, quality_group_name, position, enabled, upgrade_until) VALUES ('[German] UHD Bluray + WEB (Alternative)', 'HDTV-2160p', NULL, 10, 0, 0);
INSERT OR IGNORE INTO quality_profile_qualities (quality_profile_name, quality_name, quality_group_name, position, enabled, upgrade_until) VALUES ('[German] UHD Bluray + WEB (Alternative)', 'Bluray-2160p Remux', NULL, 11, 0, 0);
INSERT OR IGNORE INTO quality_groups (quality_profile_name, name) VALUES ('[German] UHD Bluray + WEB (Alternative)', 'Merged QPs');
INSERT OR IGNORE INTO quality_group_members (quality_profile_name, quality_group_name, quality_name) VALUES ('[German] UHD Bluray + WEB (Alternative)', 'Merged QPs', 'WEBRip-720p');
INSERT OR IGNORE INTO quality_group_members (quality_profile_name, quality_group_name, quality_name) VALUES ('[German] UHD Bluray + WEB (Alternative)', 'Merged QPs', 'WEBDL-720p');
INSERT OR IGNORE INTO quality_group_members (quality_profile_name, quality_group_name, quality_name) VALUES ('[German] UHD Bluray + WEB (Alternative)', 'Merged QPs', 'Bluray-720p');
INSERT OR IGNORE INTO quality_group_members (quality_profile_name, quality_group_name, quality_name) VALUES ('[German] UHD Bluray + WEB (Alternative)', 'Merged QPs', 'WEBDL-1080p');
INSERT OR IGNORE INTO quality_group_members (quality_profile_name, quality_group_name, quality_name) VALUES ('[German] UHD Bluray + WEB (Alternative)', 'Merged QPs', 'WEBRip-1080p');
INSERT OR IGNORE INTO quality_group_members (quality_profile_name, quality_group_name, quality_name) VALUES ('[German] UHD Bluray + WEB (Alternative)', 'Merged QPs', 'Bluray-1080p');
INSERT OR IGNORE INTO quality_group_members (quality_profile_name, quality_group_name, quality_name) VALUES ('[German] UHD Bluray + WEB (Alternative)', 'Merged QPs', 'WEBRip-2160p');
INSERT OR IGNORE INTO quality_group_members (quality_profile_name, quality_group_name, quality_name) VALUES ('[German] UHD Bluray + WEB (Alternative)', 'Merged QPs', 'WEBDL-2160p');
INSERT OR IGNORE INTO quality_group_members (quality_profile_name, quality_group_name, quality_name) VALUES ('[German] UHD Bluray + WEB (Alternative)', 'Merged QPs', 'Bluray-2160p');
INSERT OR IGNORE INTO quality_profile_qualities (quality_profile_name, quality_name, quality_group_name, position, enabled, upgrade_until) VALUES ('[German] UHD Bluray + WEB (Alternative)', NULL, 'Merged QPs', 12, 1, 1);
INSERT OR IGNORE INTO quality_profile_custom_formats (quality_profile_name, custom_format_name, arr_type, score) VALUES ('[German] UHD Bluray + WEB (Alternative)', 'German 1080p Booster', 'sonarr', 650);
INSERT OR IGNORE INTO quality_profile_custom_formats (quality_profile_name, custom_format_name, arr_type, score) VALUES ('[German] UHD Bluray + WEB (Alternative)', 'German 2160p Booster', 'sonarr', 9000);
INSERT OR IGNORE INTO quality_profile_custom_formats (quality_profile_name, custom_format_name, arr_type, score) VALUES ('[German] UHD Bluray + WEB (Alternative)', '2160p', 'sonarr', 100);
INSERT OR IGNORE INTO quality_profile_custom_formats (quality_profile_name, custom_format_name, arr_type, score) VALUES ('[German] UHD Bluray + WEB (Alternative)', '1080p', 'sonarr', 50);
INSERT OR IGNORE INTO quality_profile_custom_formats (quality_profile_name, custom_format_name, arr_type, score) VALUES ('[German] UHD Bluray + WEB (Alternative)', '720p', 'sonarr', 5);
INSERT OR IGNORE INTO quality_profile_custom_formats (quality_profile_name, custom_format_name, arr_type, score) VALUES ('[German] UHD Bluray + WEB (Alternative)', 'German', 'sonarr', 10000);
INSERT OR IGNORE INTO quality_profile_custom_formats (quality_profile_name, custom_format_name, arr_type, score) VALUES ('[German] UHD Bluray + WEB (Alternative)', 'German DL', 'sonarr', -10000);
INSERT OR IGNORE INTO quality_profile_custom_formats (quality_profile_name, custom_format_name, arr_type, score) VALUES ('[German] UHD Bluray + WEB (Alternative)', 'German DL (undefined)', 'sonarr', 11000);
INSERT OR IGNORE INTO quality_profile_custom_formats (quality_profile_name, custom_format_name, arr_type, score) VALUES ('[German] UHD Bluray + WEB (Alternative)', 'Not German or English', 'sonarr', -35000);
INSERT OR IGNORE INTO quality_profile_custom_formats (quality_profile_name, custom_format_name, arr_type, score) VALUES ('[German] UHD Bluray + WEB (Alternative)', 'German Bluray Tier 01', 'sonarr', 2900);
INSERT OR IGNORE INTO quality_profile_custom_formats (quality_profile_name, custom_format_name, arr_type, score) VALUES ('[German] UHD Bluray + WEB (Alternative)', 'German Bluray Tier 02', 'sonarr', 2650);
INSERT OR IGNORE INTO quality_profile_custom_formats (quality_profile_name, custom_format_name, arr_type, score) VALUES ('[German] UHD Bluray + WEB (Alternative)', 'German Bluray Tier 03', 'sonarr', 2300);
INSERT OR IGNORE INTO quality_profile_custom_formats (quality_profile_name, custom_format_name, arr_type, score) VALUES ('[German] UHD Bluray + WEB (Alternative)', 'German Web Tier 01', 'sonarr', 2100);
INSERT OR IGNORE INTO quality_profile_custom_formats (quality_profile_name, custom_format_name, arr_type, score) VALUES ('[German] UHD Bluray + WEB (Alternative)', 'German Web Tier 02', 'sonarr', 1900);
INSERT OR IGNORE INTO quality_profile_custom_formats (quality_profile_name, custom_format_name, arr_type, score) VALUES ('[German] UHD Bluray + WEB (Alternative)', 'German Web Tier 03', 'sonarr', 1800);
INSERT OR IGNORE INTO quality_profile_custom_formats (quality_profile_name, custom_format_name, arr_type, score) VALUES ('[German] UHD Bluray + WEB (Alternative)', 'German Scene', 'sonarr', 1700);
INSERT OR IGNORE INTO quality_profile_custom_formats (quality_profile_name, custom_format_name, arr_type, score) VALUES ('[German] UHD Bluray + WEB (Alternative)', 'HD Bluray Tier 01', 'sonarr', 1800);
INSERT OR IGNORE INTO quality_profile_custom_formats (quality_profile_name, custom_format_name, arr_type, score) VALUES ('[German] UHD Bluray + WEB (Alternative)', 'HD Bluray Tier 02', 'sonarr', 1750);
INSERT OR IGNORE INTO quality_profile_custom_formats (quality_profile_name, custom_format_name, arr_type, score) VALUES ('[German] UHD Bluray + WEB (Alternative)', 'WEB Tier 01', 'sonarr', 1700);
INSERT OR IGNORE INTO quality_profile_custom_formats (quality_profile_name, custom_format_name, arr_type, score) VALUES ('[German] UHD Bluray + WEB (Alternative)', 'WEB Tier 02', 'sonarr', 1650);
INSERT OR IGNORE INTO quality_profile_custom_formats (quality_profile_name, custom_format_name, arr_type, score) VALUES ('[German] UHD Bluray + WEB (Alternative)', 'WEB Tier 03', 'sonarr', 1600);
INSERT OR IGNORE INTO quality_profile_custom_formats (quality_profile_name, custom_format_name, arr_type, score) VALUES ('[German] UHD Bluray + WEB (Alternative)', 'German LQ', 'sonarr', -35000);
INSERT OR IGNORE INTO quality_profile_custom_formats (quality_profile_name, custom_format_name, arr_type, score) VALUES ('[German] UHD Bluray + WEB (Alternative)', 'German LQ (release title)', 'sonarr', -35000);
INSERT OR IGNORE INTO quality_profile_custom_formats (quality_profile_name, custom_format_name, arr_type, score) VALUES ('[German] UHD Bluray + WEB (Alternative)', 'German Microsized', 'sonarr', -35000);
INSERT OR IGNORE INTO quality_profile_custom_formats (quality_profile_name, custom_format_name, arr_type, score) VALUES ('[German] UHD Bluray + WEB (Alternative)', 'Repack/Proper', 'sonarr', 5);
INSERT OR IGNORE INTO quality_profile_custom_formats (quality_profile_name, custom_format_name, arr_type, score) VALUES ('[German] UHD Bluray + WEB (Alternative)', 'Repack2', 'sonarr', 6);
INSERT OR IGNORE INTO quality_profile_custom_formats (quality_profile_name, custom_format_name, arr_type, score) VALUES ('[German] UHD Bluray + WEB (Alternative)', 'Repack3', 'sonarr', 7);
INSERT OR IGNORE INTO quality_profile_custom_formats (quality_profile_name, custom_format_name, arr_type, score) VALUES ('[German] UHD Bluray + WEB (Alternative)', 'BR-DISK', 'sonarr', -10000);
INSERT OR IGNORE INTO quality_profile_custom_formats (quality_profile_name, custom_format_name, arr_type, score) VALUES ('[German] UHD Bluray + WEB (Alternative)', 'LQ', 'sonarr', -10000);
INSERT OR IGNORE INTO quality_profile_custom_formats (quality_profile_name, custom_format_name, arr_type, score) VALUES ('[German] UHD Bluray + WEB (Alternative)', 'LQ (Release Title)', 'sonarr', -10000);
INSERT OR IGNORE INTO quality_profile_custom_formats (quality_profile_name, custom_format_name, arr_type, score) VALUES ('[German] UHD Bluray + WEB (Alternative)', 'Extras', 'sonarr', -10000);
INSERT OR IGNORE INTO quality_profile_custom_formats (quality_profile_name, custom_format_name, arr_type, score) VALUES ('[German] UHD Bluray + WEB (Alternative)', 'AV1', 'sonarr', -10000);
INSERT OR IGNORE INTO quality_profile_custom_formats (quality_profile_name, custom_format_name, arr_type, score) VALUES ('[German] UHD Bluray + WEB (Alternative)', 'Upscaled', 'sonarr', -10000);

INSERT OR IGNORE INTO quality_profiles (name, description, upgrades_allowed, minimum_custom_format_score, upgrade_until_score, upgrade_score_increment) VALUES ('[German] UHD Bluray + WEB', 'German Quality Profile that covers:<br>- WEBDL: 2160p<br>- Bluray: 2160p', 1, 0, 35000, 1);
INSERT OR IGNORE INTO quality_profile_qualities (quality_profile_name, quality_name, quality_group_name, position, enabled, upgrade_until) VALUES ('[German] UHD Bluray + WEB', 'Unknown', NULL, 0, 0, 0);
INSERT OR IGNORE INTO quality_profile_qualities (quality_profile_name, quality_name, quality_group_name, position, enabled, upgrade_until) VALUES ('[German] UHD Bluray + WEB', 'SDTV', NULL, 1, 0, 0);
INSERT OR IGNORE INTO quality_groups (quality_profile_name, name) VALUES ('[German] UHD Bluray + WEB', 'WEB 480p');
INSERT OR IGNORE INTO quality_group_members (quality_profile_name, quality_group_name, quality_name) VALUES ('[German] UHD Bluray + WEB', 'WEB 480p', 'WEBDL-480p');
INSERT OR IGNORE INTO quality_group_members (quality_profile_name, quality_group_name, quality_name) VALUES ('[German] UHD Bluray + WEB', 'WEB 480p', 'WEBRip-480p');
INSERT OR IGNORE INTO quality_profile_qualities (quality_profile_name, quality_name, quality_group_name, position, enabled, upgrade_until) VALUES ('[German] UHD Bluray + WEB', NULL, 'WEB 480p', 2, 0, 0);
INSERT OR IGNORE INTO quality_profile_qualities (quality_profile_name, quality_name, quality_group_name, position, enabled, upgrade_until) VALUES ('[German] UHD Bluray + WEB', 'DVD', NULL, 3, 0, 0);
INSERT OR IGNORE INTO quality_profile_qualities (quality_profile_name, quality_name, quality_group_name, position, enabled, upgrade_until) VALUES ('[German] UHD Bluray + WEB', 'Bluray-480p', NULL, 4, 0, 0);
INSERT OR IGNORE INTO quality_profile_qualities (quality_profile_name, quality_name, quality_group_name, position, enabled, upgrade_until) VALUES ('[German] UHD Bluray + WEB', 'Bluray-576p', NULL, 5, 0, 0);
INSERT OR IGNORE INTO quality_profile_qualities (quality_profile_name, quality_name, quality_group_name, position, enabled, upgrade_until) VALUES ('[German] UHD Bluray + WEB', 'HDTV-720p', NULL, 6, 0, 0);
INSERT OR IGNORE INTO quality_profile_qualities (quality_profile_name, quality_name, quality_group_name, position, enabled, upgrade_until) VALUES ('[German] UHD Bluray + WEB', 'HDTV-1080p', NULL, 7, 0, 0);
INSERT OR IGNORE INTO quality_profile_qualities (quality_profile_name, quality_name, quality_group_name, position, enabled, upgrade_until) VALUES ('[German] UHD Bluray + WEB', 'Raw-HD', NULL, 8, 0, 0);
INSERT OR IGNORE INTO quality_groups (quality_profile_name, name) VALUES ('[German] UHD Bluray + WEB', 'WEB 720p');
INSERT OR IGNORE INTO quality_group_members (quality_profile_name, quality_group_name, quality_name) VALUES ('[German] UHD Bluray + WEB', 'WEB 720p', 'WEBDL-720p');
INSERT OR IGNORE INTO quality_group_members (quality_profile_name, quality_group_name, quality_name) VALUES ('[German] UHD Bluray + WEB', 'WEB 720p', 'WEBRip-720p');
INSERT OR IGNORE INTO quality_profile_qualities (quality_profile_name, quality_name, quality_group_name, position, enabled, upgrade_until) VALUES ('[German] UHD Bluray + WEB', NULL, 'WEB 720p', 9, 0, 0);
INSERT OR IGNORE INTO quality_profile_qualities (quality_profile_name, quality_name, quality_group_name, position, enabled, upgrade_until) VALUES ('[German] UHD Bluray + WEB', 'Bluray-720p', NULL, 10, 0, 0);
INSERT OR IGNORE INTO quality_groups (quality_profile_name, name) VALUES ('[German] UHD Bluray + WEB', 'WEB 1080p');
INSERT OR IGNORE INTO quality_group_members (quality_profile_name, quality_group_name, quality_name) VALUES ('[German] UHD Bluray + WEB', 'WEB 1080p', 'WEBDL-1080p');
INSERT OR IGNORE INTO quality_group_members (quality_profile_name, quality_group_name, quality_name) VALUES ('[German] UHD Bluray + WEB', 'WEB 1080p', 'WEBRip-1080p');
INSERT OR IGNORE INTO quality_profile_qualities (quality_profile_name, quality_name, quality_group_name, position, enabled, upgrade_until) VALUES ('[German] UHD Bluray + WEB', NULL, 'WEB 1080p', 11, 0, 0);
INSERT OR IGNORE INTO quality_profile_qualities (quality_profile_name, quality_name, quality_group_name, position, enabled, upgrade_until) VALUES ('[German] UHD Bluray + WEB', 'Bluray-1080p', NULL, 12, 0, 0);
INSERT OR IGNORE INTO quality_profile_qualities (quality_profile_name, quality_name, quality_group_name, position, enabled, upgrade_until) VALUES ('[German] UHD Bluray + WEB', 'Bluray-1080p Remux', NULL, 13, 0, 0);
INSERT OR IGNORE INTO quality_profile_qualities (quality_profile_name, quality_name, quality_group_name, position, enabled, upgrade_until) VALUES ('[German] UHD Bluray + WEB', 'HDTV-2160p', NULL, 14, 0, 0);
INSERT OR IGNORE INTO quality_profile_qualities (quality_profile_name, quality_name, quality_group_name, position, enabled, upgrade_until) VALUES ('[German] UHD Bluray + WEB', 'Bluray-2160p Remux', NULL, 15, 0, 0);
INSERT OR IGNORE INTO quality_groups (quality_profile_name, name) VALUES ('[German] UHD Bluray + WEB', 'Merged QPs');
INSERT OR IGNORE INTO quality_group_members (quality_profile_name, quality_group_name, quality_name) VALUES ('[German] UHD Bluray + WEB', 'Merged QPs', 'WEBRip-2160p');
INSERT OR IGNORE INTO quality_group_members (quality_profile_name, quality_group_name, quality_name) VALUES ('[German] UHD Bluray + WEB', 'Merged QPs', 'WEBDL-2160p');
INSERT OR IGNORE INTO quality_group_members (quality_profile_name, quality_group_name, quality_name) VALUES ('[German] UHD Bluray + WEB', 'Merged QPs', 'Bluray-2160p');
INSERT OR IGNORE INTO quality_profile_qualities (quality_profile_name, quality_name, quality_group_name, position, enabled, upgrade_until) VALUES ('[German] UHD Bluray + WEB', NULL, 'Merged QPs', 16, 1, 1);
INSERT OR IGNORE INTO quality_profile_custom_formats (quality_profile_name, custom_format_name, arr_type, score) VALUES ('[German] UHD Bluray + WEB', 'German 1080p Booster', 'sonarr', 650);
INSERT OR IGNORE INTO quality_profile_custom_formats (quality_profile_name, custom_format_name, arr_type, score) VALUES ('[German] UHD Bluray + WEB', 'German 2160p Booster', 'sonarr', 9000);
INSERT OR IGNORE INTO quality_profile_custom_formats (quality_profile_name, custom_format_name, arr_type, score) VALUES ('[German] UHD Bluray + WEB', '2160p', 'sonarr', 100);
INSERT OR IGNORE INTO quality_profile_custom_formats (quality_profile_name, custom_format_name, arr_type, score) VALUES ('[German] UHD Bluray + WEB', '1080p', 'sonarr', 50);
INSERT OR IGNORE INTO quality_profile_custom_formats (quality_profile_name, custom_format_name, arr_type, score) VALUES ('[German] UHD Bluray + WEB', '720p', 'sonarr', 5);
INSERT OR IGNORE INTO quality_profile_custom_formats (quality_profile_name, custom_format_name, arr_type, score) VALUES ('[German] UHD Bluray + WEB', 'German', 'sonarr', 10000);
INSERT OR IGNORE INTO quality_profile_custom_formats (quality_profile_name, custom_format_name, arr_type, score) VALUES ('[German] UHD Bluray + WEB', 'German DL', 'sonarr', -10000);
INSERT OR IGNORE INTO quality_profile_custom_formats (quality_profile_name, custom_format_name, arr_type, score) VALUES ('[German] UHD Bluray + WEB', 'German DL (undefined)', 'sonarr', 11000);
INSERT OR IGNORE INTO quality_profile_custom_formats (quality_profile_name, custom_format_name, arr_type, score) VALUES ('[German] UHD Bluray + WEB', 'Not German or English', 'sonarr', -35000);
INSERT OR IGNORE INTO quality_profile_custom_formats (quality_profile_name, custom_format_name, arr_type, score) VALUES ('[German] UHD Bluray + WEB', 'German Bluray Tier 01', 'sonarr', 2900);
INSERT OR IGNORE INTO quality_profile_custom_formats (quality_profile_name, custom_format_name, arr_type, score) VALUES ('[German] UHD Bluray + WEB', 'German Bluray Tier 02', 'sonarr', 2650);
INSERT OR IGNORE INTO quality_profile_custom_formats (quality_profile_name, custom_format_name, arr_type, score) VALUES ('[German] UHD Bluray + WEB', 'German Bluray Tier 03', 'sonarr', 2300);
INSERT OR IGNORE INTO quality_profile_custom_formats (quality_profile_name, custom_format_name, arr_type, score) VALUES ('[German] UHD Bluray + WEB', 'German Web Tier 01', 'sonarr', 2100);
INSERT OR IGNORE INTO quality_profile_custom_formats (quality_profile_name, custom_format_name, arr_type, score) VALUES ('[German] UHD Bluray + WEB', 'German Web Tier 02', 'sonarr', 1900);
INSERT OR IGNORE INTO quality_profile_custom_formats (quality_profile_name, custom_format_name, arr_type, score) VALUES ('[German] UHD Bluray + WEB', 'German Web Tier 03', 'sonarr', 1800);
INSERT OR IGNORE INTO quality_profile_custom_formats (quality_profile_name, custom_format_name, arr_type, score) VALUES ('[German] UHD Bluray + WEB', 'German Scene', 'sonarr', 1700);
INSERT OR IGNORE INTO quality_profile_custom_formats (quality_profile_name, custom_format_name, arr_type, score) VALUES ('[German] UHD Bluray + WEB', 'WEB Tier 01', 'sonarr', 1700);
INSERT OR IGNORE INTO quality_profile_custom_formats (quality_profile_name, custom_format_name, arr_type, score) VALUES ('[German] UHD Bluray + WEB', 'WEB Tier 02', 'sonarr', 1650);
INSERT OR IGNORE INTO quality_profile_custom_formats (quality_profile_name, custom_format_name, arr_type, score) VALUES ('[German] UHD Bluray + WEB', 'WEB Tier 03', 'sonarr', 1600);
INSERT OR IGNORE INTO quality_profile_custom_formats (quality_profile_name, custom_format_name, arr_type, score) VALUES ('[German] UHD Bluray + WEB', 'German LQ', 'sonarr', -35000);
INSERT OR IGNORE INTO quality_profile_custom_formats (quality_profile_name, custom_format_name, arr_type, score) VALUES ('[German] UHD Bluray + WEB', 'German LQ (release title)', 'sonarr', -35000);
INSERT OR IGNORE INTO quality_profile_custom_formats (quality_profile_name, custom_format_name, arr_type, score) VALUES ('[German] UHD Bluray + WEB', 'German Microsized', 'sonarr', -35000);
INSERT OR IGNORE INTO quality_profile_custom_formats (quality_profile_name, custom_format_name, arr_type, score) VALUES ('[German] UHD Bluray + WEB', 'Repack/Proper', 'sonarr', 5);
INSERT OR IGNORE INTO quality_profile_custom_formats (quality_profile_name, custom_format_name, arr_type, score) VALUES ('[German] UHD Bluray + WEB', 'Repack2', 'sonarr', 6);
INSERT OR IGNORE INTO quality_profile_custom_formats (quality_profile_name, custom_format_name, arr_type, score) VALUES ('[German] UHD Bluray + WEB', 'Repack3', 'sonarr', 7);
INSERT OR IGNORE INTO quality_profile_custom_formats (quality_profile_name, custom_format_name, arr_type, score) VALUES ('[German] UHD Bluray + WEB', 'BR-DISK', 'sonarr', -10000);
INSERT OR IGNORE INTO quality_profile_custom_formats (quality_profile_name, custom_format_name, arr_type, score) VALUES ('[German] UHD Bluray + WEB', 'LQ', 'sonarr', -10000);
INSERT OR IGNORE INTO quality_profile_custom_formats (quality_profile_name, custom_format_name, arr_type, score) VALUES ('[German] UHD Bluray + WEB', 'LQ (Release Title)', 'sonarr', -10000);
INSERT OR IGNORE INTO quality_profile_custom_formats (quality_profile_name, custom_format_name, arr_type, score) VALUES ('[German] UHD Bluray + WEB', 'Extras', 'sonarr', -10000);
INSERT OR IGNORE INTO quality_profile_custom_formats (quality_profile_name, custom_format_name, arr_type, score) VALUES ('[German] UHD Bluray + WEB', 'AV1', 'sonarr', -10000);
INSERT OR IGNORE INTO quality_profile_custom_formats (quality_profile_name, custom_format_name, arr_type, score) VALUES ('[German] UHD Bluray + WEB', 'Upscaled', 'sonarr', -10000);

INSERT OR IGNORE INTO quality_profiles (name, description, upgrades_allowed, minimum_custom_format_score, upgrade_until_score, upgrade_score_increment) VALUES ('[German] UHD Remux + WEB', 'German Quality Profile that covers:<br>- WEBDL: 2160p<br>- Remux: 2160p', 1, 0, 35000, 1);
INSERT OR IGNORE INTO quality_profile_qualities (quality_profile_name, quality_name, quality_group_name, position, enabled, upgrade_until) VALUES ('[German] UHD Remux + WEB', 'Unknown', NULL, 0, 0, 0);
INSERT OR IGNORE INTO quality_profile_qualities (quality_profile_name, quality_name, quality_group_name, position, enabled, upgrade_until) VALUES ('[German] UHD Remux + WEB', 'SDTV', NULL, 1, 0, 0);
INSERT OR IGNORE INTO quality_groups (quality_profile_name, name) VALUES ('[German] UHD Remux + WEB', 'WEB 480p');
INSERT OR IGNORE INTO quality_group_members (quality_profile_name, quality_group_name, quality_name) VALUES ('[German] UHD Remux + WEB', 'WEB 480p', 'WEBDL-480p');
INSERT OR IGNORE INTO quality_group_members (quality_profile_name, quality_group_name, quality_name) VALUES ('[German] UHD Remux + WEB', 'WEB 480p', 'WEBRip-480p');
INSERT OR IGNORE INTO quality_profile_qualities (quality_profile_name, quality_name, quality_group_name, position, enabled, upgrade_until) VALUES ('[German] UHD Remux + WEB', NULL, 'WEB 480p', 2, 0, 0);
INSERT OR IGNORE INTO quality_profile_qualities (quality_profile_name, quality_name, quality_group_name, position, enabled, upgrade_until) VALUES ('[German] UHD Remux + WEB', 'DVD', NULL, 3, 0, 0);
INSERT OR IGNORE INTO quality_profile_qualities (quality_profile_name, quality_name, quality_group_name, position, enabled, upgrade_until) VALUES ('[German] UHD Remux + WEB', 'Bluray-480p', NULL, 4, 0, 0);
INSERT OR IGNORE INTO quality_profile_qualities (quality_profile_name, quality_name, quality_group_name, position, enabled, upgrade_until) VALUES ('[German] UHD Remux + WEB', 'Bluray-576p', NULL, 5, 0, 0);
INSERT OR IGNORE INTO quality_profile_qualities (quality_profile_name, quality_name, quality_group_name, position, enabled, upgrade_until) VALUES ('[German] UHD Remux + WEB', 'HDTV-720p', NULL, 6, 0, 0);
INSERT OR IGNORE INTO quality_profile_qualities (quality_profile_name, quality_name, quality_group_name, position, enabled, upgrade_until) VALUES ('[German] UHD Remux + WEB', 'HDTV-1080p', NULL, 7, 0, 0);
INSERT OR IGNORE INTO quality_profile_qualities (quality_profile_name, quality_name, quality_group_name, position, enabled, upgrade_until) VALUES ('[German] UHD Remux + WEB', 'Raw-HD', NULL, 8, 0, 0);
INSERT OR IGNORE INTO quality_groups (quality_profile_name, name) VALUES ('[German] UHD Remux + WEB', 'WEB 720p');
INSERT OR IGNORE INTO quality_group_members (quality_profile_name, quality_group_name, quality_name) VALUES ('[German] UHD Remux + WEB', 'WEB 720p', 'WEBDL-720p');
INSERT OR IGNORE INTO quality_group_members (quality_profile_name, quality_group_name, quality_name) VALUES ('[German] UHD Remux + WEB', 'WEB 720p', 'WEBRip-720p');
INSERT OR IGNORE INTO quality_profile_qualities (quality_profile_name, quality_name, quality_group_name, position, enabled, upgrade_until) VALUES ('[German] UHD Remux + WEB', NULL, 'WEB 720p', 9, 0, 0);
INSERT OR IGNORE INTO quality_profile_qualities (quality_profile_name, quality_name, quality_group_name, position, enabled, upgrade_until) VALUES ('[German] UHD Remux + WEB', 'Bluray-720p', NULL, 10, 0, 0);
INSERT OR IGNORE INTO quality_groups (quality_profile_name, name) VALUES ('[German] UHD Remux + WEB', 'WEB 1080p');
INSERT OR IGNORE INTO quality_group_members (quality_profile_name, quality_group_name, quality_name) VALUES ('[German] UHD Remux + WEB', 'WEB 1080p', 'WEBDL-1080p');
INSERT OR IGNORE INTO quality_group_members (quality_profile_name, quality_group_name, quality_name) VALUES ('[German] UHD Remux + WEB', 'WEB 1080p', 'WEBRip-1080p');
INSERT OR IGNORE INTO quality_profile_qualities (quality_profile_name, quality_name, quality_group_name, position, enabled, upgrade_until) VALUES ('[German] UHD Remux + WEB', NULL, 'WEB 1080p', 11, 0, 0);
INSERT OR IGNORE INTO quality_profile_qualities (quality_profile_name, quality_name, quality_group_name, position, enabled, upgrade_until) VALUES ('[German] UHD Remux + WEB', 'Bluray-1080p', NULL, 12, 0, 0);
INSERT OR IGNORE INTO quality_profile_qualities (quality_profile_name, quality_name, quality_group_name, position, enabled, upgrade_until) VALUES ('[German] UHD Remux + WEB', 'Bluray-1080p Remux', NULL, 13, 0, 0);
INSERT OR IGNORE INTO quality_profile_qualities (quality_profile_name, quality_name, quality_group_name, position, enabled, upgrade_until) VALUES ('[German] UHD Remux + WEB', 'HDTV-2160p', NULL, 14, 0, 0);
INSERT OR IGNORE INTO quality_profile_qualities (quality_profile_name, quality_name, quality_group_name, position, enabled, upgrade_until) VALUES ('[German] UHD Remux + WEB', 'Bluray-2160p', NULL, 15, 0, 0);
INSERT OR IGNORE INTO quality_groups (quality_profile_name, name) VALUES ('[German] UHD Remux + WEB', 'Merged QPs');
INSERT OR IGNORE INTO quality_group_members (quality_profile_name, quality_group_name, quality_name) VALUES ('[German] UHD Remux + WEB', 'Merged QPs', 'WEBRip-2160p');
INSERT OR IGNORE INTO quality_group_members (quality_profile_name, quality_group_name, quality_name) VALUES ('[German] UHD Remux + WEB', 'Merged QPs', 'WEBDL-2160p');
INSERT OR IGNORE INTO quality_group_members (quality_profile_name, quality_group_name, quality_name) VALUES ('[German] UHD Remux + WEB', 'Merged QPs', 'Bluray-2160p Remux');
INSERT OR IGNORE INTO quality_profile_qualities (quality_profile_name, quality_name, quality_group_name, position, enabled, upgrade_until) VALUES ('[German] UHD Remux + WEB', NULL, 'Merged QPs', 16, 1, 1);
INSERT OR IGNORE INTO quality_profile_custom_formats (quality_profile_name, custom_format_name, arr_type, score) VALUES ('[German] UHD Remux + WEB', 'German 1080p Booster', 'sonarr', 650);
INSERT OR IGNORE INTO quality_profile_custom_formats (quality_profile_name, custom_format_name, arr_type, score) VALUES ('[German] UHD Remux + WEB', 'German 2160p Booster', 'sonarr', 9000);
INSERT OR IGNORE INTO quality_profile_custom_formats (quality_profile_name, custom_format_name, arr_type, score) VALUES ('[German] UHD Remux + WEB', '2160p', 'sonarr', 100);
INSERT OR IGNORE INTO quality_profile_custom_formats (quality_profile_name, custom_format_name, arr_type, score) VALUES ('[German] UHD Remux + WEB', '1080p', 'sonarr', 50);
INSERT OR IGNORE INTO quality_profile_custom_formats (quality_profile_name, custom_format_name, arr_type, score) VALUES ('[German] UHD Remux + WEB', '720p', 'sonarr', 5);
INSERT OR IGNORE INTO quality_profile_custom_formats (quality_profile_name, custom_format_name, arr_type, score) VALUES ('[German] UHD Remux + WEB', 'German', 'sonarr', 10000);
INSERT OR IGNORE INTO quality_profile_custom_formats (quality_profile_name, custom_format_name, arr_type, score) VALUES ('[German] UHD Remux + WEB', 'German DL', 'sonarr', -10000);
INSERT OR IGNORE INTO quality_profile_custom_formats (quality_profile_name, custom_format_name, arr_type, score) VALUES ('[German] UHD Remux + WEB', 'German DL (undefined)', 'sonarr', 11000);
INSERT OR IGNORE INTO quality_profile_custom_formats (quality_profile_name, custom_format_name, arr_type, score) VALUES ('[German] UHD Remux + WEB', 'Not German or English', 'sonarr', -35000);
INSERT OR IGNORE INTO quality_profile_custom_formats (quality_profile_name, custom_format_name, arr_type, score) VALUES ('[German] UHD Remux + WEB', 'German Remux Tier 01', 'sonarr', 4000);
INSERT OR IGNORE INTO quality_profile_custom_formats (quality_profile_name, custom_format_name, arr_type, score) VALUES ('[German] UHD Remux + WEB', 'German Remux Tier 02', 'sonarr', 3900);
INSERT OR IGNORE INTO quality_profile_custom_formats (quality_profile_name, custom_format_name, arr_type, score) VALUES ('[German] UHD Remux + WEB', 'German Web Tier 01', 'sonarr', 2100);
INSERT OR IGNORE INTO quality_profile_custom_formats (quality_profile_name, custom_format_name, arr_type, score) VALUES ('[German] UHD Remux + WEB', 'German Web Tier 02', 'sonarr', 1900);
INSERT OR IGNORE INTO quality_profile_custom_formats (quality_profile_name, custom_format_name, arr_type, score) VALUES ('[German] UHD Remux + WEB', 'German Web Tier 03', 'sonarr', 1800);
INSERT OR IGNORE INTO quality_profile_custom_formats (quality_profile_name, custom_format_name, arr_type, score) VALUES ('[German] UHD Remux + WEB', 'German Scene', 'sonarr', 1700);
INSERT OR IGNORE INTO quality_profile_custom_formats (quality_profile_name, custom_format_name, arr_type, score) VALUES ('[German] UHD Remux + WEB', 'WEB Tier 01', 'sonarr', 1700);
INSERT OR IGNORE INTO quality_profile_custom_formats (quality_profile_name, custom_format_name, arr_type, score) VALUES ('[German] UHD Remux + WEB', 'WEB Tier 02', 'sonarr', 1650);
INSERT OR IGNORE INTO quality_profile_custom_formats (quality_profile_name, custom_format_name, arr_type, score) VALUES ('[German] UHD Remux + WEB', 'WEB Tier 03', 'sonarr', 1600);
INSERT OR IGNORE INTO quality_profile_custom_formats (quality_profile_name, custom_format_name, arr_type, score) VALUES ('[German] UHD Remux + WEB', 'German LQ', 'sonarr', -35000);
INSERT OR IGNORE INTO quality_profile_custom_formats (quality_profile_name, custom_format_name, arr_type, score) VALUES ('[German] UHD Remux + WEB', 'German LQ (release title)', 'sonarr', -35000);
INSERT OR IGNORE INTO quality_profile_custom_formats (quality_profile_name, custom_format_name, arr_type, score) VALUES ('[German] UHD Remux + WEB', 'German Microsized', 'sonarr', -35000);
INSERT OR IGNORE INTO quality_profile_custom_formats (quality_profile_name, custom_format_name, arr_type, score) VALUES ('[German] UHD Remux + WEB', 'Repack/Proper', 'sonarr', 5);
INSERT OR IGNORE INTO quality_profile_custom_formats (quality_profile_name, custom_format_name, arr_type, score) VALUES ('[German] UHD Remux + WEB', 'Repack2', 'sonarr', 6);
INSERT OR IGNORE INTO quality_profile_custom_formats (quality_profile_name, custom_format_name, arr_type, score) VALUES ('[German] UHD Remux + WEB', 'Repack3', 'sonarr', 7);
INSERT OR IGNORE INTO quality_profile_custom_formats (quality_profile_name, custom_format_name, arr_type, score) VALUES ('[German] UHD Remux + WEB', 'BR-DISK', 'sonarr', -10000);
INSERT OR IGNORE INTO quality_profile_custom_formats (quality_profile_name, custom_format_name, arr_type, score) VALUES ('[German] UHD Remux + WEB', 'LQ', 'sonarr', -10000);
INSERT OR IGNORE INTO quality_profile_custom_formats (quality_profile_name, custom_format_name, arr_type, score) VALUES ('[German] UHD Remux + WEB', 'LQ (Release Title)', 'sonarr', -10000);
INSERT OR IGNORE INTO quality_profile_custom_formats (quality_profile_name, custom_format_name, arr_type, score) VALUES ('[German] UHD Remux + WEB', 'Extras', 'sonarr', -10000);
INSERT OR IGNORE INTO quality_profile_custom_formats (quality_profile_name, custom_format_name, arr_type, score) VALUES ('[German] UHD Remux + WEB', 'AV1', 'sonarr', -10000);
INSERT OR IGNORE INTO quality_profile_custom_formats (quality_profile_name, custom_format_name, arr_type, score) VALUES ('[German] UHD Remux + WEB', 'Upscaled', 'sonarr', -10000);

INSERT OR IGNORE INTO quality_profiles (name, description, upgrades_allowed, minimum_custom_format_score, upgrade_until_score, upgrade_score_increment) VALUES ('WEB-1080p (Alternative)', 'Quality Profile that covers:<br>- SDTV, DVD<br>- HDTV 720p, 1080p<br>- WEBDL: 480p, 720, 1080p<br>- Bluray 480p, 576p, 720p, 1080p', 1, 0, 10000, 1);
INSERT OR IGNORE INTO quality_profile_qualities (quality_profile_name, quality_name, quality_group_name, position, enabled, upgrade_until) VALUES ('WEB-1080p (Alternative)', 'Unknown', NULL, 0, 0, 0);
INSERT OR IGNORE INTO quality_profile_qualities (quality_profile_name, quality_name, quality_group_name, position, enabled, upgrade_until) VALUES ('WEB-1080p (Alternative)', 'Raw-HD', NULL, 1, 0, 0);
INSERT OR IGNORE INTO quality_profile_qualities (quality_profile_name, quality_name, quality_group_name, position, enabled, upgrade_until) VALUES ('WEB-1080p (Alternative)', 'Bluray-1080p Remux', NULL, 2, 0, 0);
INSERT OR IGNORE INTO quality_profile_qualities (quality_profile_name, quality_name, quality_group_name, position, enabled, upgrade_until) VALUES ('WEB-1080p (Alternative)', 'HDTV-2160p', NULL, 3, 0, 0);
INSERT OR IGNORE INTO quality_groups (quality_profile_name, name) VALUES ('WEB-1080p (Alternative)', 'WEB 2160p');
INSERT OR IGNORE INTO quality_group_members (quality_profile_name, quality_group_name, quality_name) VALUES ('WEB-1080p (Alternative)', 'WEB 2160p', 'WEBDL-2160p');
INSERT OR IGNORE INTO quality_group_members (quality_profile_name, quality_group_name, quality_name) VALUES ('WEB-1080p (Alternative)', 'WEB 2160p', 'WEBRip-2160p');
INSERT OR IGNORE INTO quality_profile_qualities (quality_profile_name, quality_name, quality_group_name, position, enabled, upgrade_until) VALUES ('WEB-1080p (Alternative)', NULL, 'WEB 2160p', 4, 0, 0);
INSERT OR IGNORE INTO quality_profile_qualities (quality_profile_name, quality_name, quality_group_name, position, enabled, upgrade_until) VALUES ('WEB-1080p (Alternative)', 'Bluray-2160p', NULL, 5, 0, 0);
INSERT OR IGNORE INTO quality_profile_qualities (quality_profile_name, quality_name, quality_group_name, position, enabled, upgrade_until) VALUES ('WEB-1080p (Alternative)', 'Bluray-2160p Remux', NULL, 6, 0, 0);
INSERT OR IGNORE INTO quality_profile_qualities (quality_profile_name, quality_name, quality_group_name, position, enabled, upgrade_until) VALUES ('WEB-1080p (Alternative)', 'SDTV', NULL, 7, 1, 0);
INSERT OR IGNORE INTO quality_profile_qualities (quality_profile_name, quality_name, quality_group_name, position, enabled, upgrade_until) VALUES ('WEB-1080p (Alternative)', 'DVD', NULL, 8, 1, 0);
INSERT OR IGNORE INTO quality_profile_qualities (quality_profile_name, quality_name, quality_group_name, position, enabled, upgrade_until) VALUES ('WEB-1080p (Alternative)', 'Bluray-480p', NULL, 9, 1, 0);
INSERT OR IGNORE INTO quality_groups (quality_profile_name, name) VALUES ('WEB-1080p (Alternative)', 'WEB 480p');
INSERT OR IGNORE INTO quality_group_members (quality_profile_name, quality_group_name, quality_name) VALUES ('WEB-1080p (Alternative)', 'WEB 480p', 'WEBDL-480p');
INSERT OR IGNORE INTO quality_group_members (quality_profile_name, quality_group_name, quality_name) VALUES ('WEB-1080p (Alternative)', 'WEB 480p', 'WEBRip-480p');
INSERT OR IGNORE INTO quality_profile_qualities (quality_profile_name, quality_name, quality_group_name, position, enabled, upgrade_until) VALUES ('WEB-1080p (Alternative)', NULL, 'WEB 480p', 10, 1, 0);
INSERT OR IGNORE INTO quality_profile_qualities (quality_profile_name, quality_name, quality_group_name, position, enabled, upgrade_until) VALUES ('WEB-1080p (Alternative)', 'Bluray-576p', NULL, 11, 1, 0);
INSERT OR IGNORE INTO quality_profile_qualities (quality_profile_name, quality_name, quality_group_name, position, enabled, upgrade_until) VALUES ('WEB-1080p (Alternative)', 'HDTV-720p', NULL, 12, 1, 0);
INSERT OR IGNORE INTO quality_profile_qualities (quality_profile_name, quality_name, quality_group_name, position, enabled, upgrade_until) VALUES ('WEB-1080p (Alternative)', 'Bluray-720p', NULL, 13, 1, 0);
INSERT OR IGNORE INTO quality_groups (quality_profile_name, name) VALUES ('WEB-1080p (Alternative)', 'WEB 720p');
INSERT OR IGNORE INTO quality_group_members (quality_profile_name, quality_group_name, quality_name) VALUES ('WEB-1080p (Alternative)', 'WEB 720p', 'WEBDL-720p');
INSERT OR IGNORE INTO quality_group_members (quality_profile_name, quality_group_name, quality_name) VALUES ('WEB-1080p (Alternative)', 'WEB 720p', 'WEBRip-720p');
INSERT OR IGNORE INTO quality_profile_qualities (quality_profile_name, quality_name, quality_group_name, position, enabled, upgrade_until) VALUES ('WEB-1080p (Alternative)', NULL, 'WEB 720p', 14, 1, 0);
INSERT OR IGNORE INTO quality_profile_qualities (quality_profile_name, quality_name, quality_group_name, position, enabled, upgrade_until) VALUES ('WEB-1080p (Alternative)', 'HDTV-1080p', NULL, 15, 1, 0);
INSERT OR IGNORE INTO quality_profile_qualities (quality_profile_name, quality_name, quality_group_name, position, enabled, upgrade_until) VALUES ('WEB-1080p (Alternative)', 'Bluray-1080p', NULL, 16, 1, 0);
INSERT OR IGNORE INTO quality_groups (quality_profile_name, name) VALUES ('WEB-1080p (Alternative)', 'WEB 1080p');
INSERT OR IGNORE INTO quality_group_members (quality_profile_name, quality_group_name, quality_name) VALUES ('WEB-1080p (Alternative)', 'WEB 1080p', 'WEBDL-1080p');
INSERT OR IGNORE INTO quality_group_members (quality_profile_name, quality_group_name, quality_name) VALUES ('WEB-1080p (Alternative)', 'WEB 1080p', 'WEBRip-1080p');
INSERT OR IGNORE INTO quality_profile_qualities (quality_profile_name, quality_name, quality_group_name, position, enabled, upgrade_until) VALUES ('WEB-1080p (Alternative)', NULL, 'WEB 1080p', 17, 1, 1);
INSERT OR IGNORE INTO quality_profile_custom_formats (quality_profile_name, custom_format_name, arr_type, score) VALUES ('WEB-1080p (Alternative)', 'BR-DISK', 'sonarr', -10000);
INSERT OR IGNORE INTO quality_profile_custom_formats (quality_profile_name, custom_format_name, arr_type, score) VALUES ('WEB-1080p (Alternative)', 'LQ', 'sonarr', -10000);
INSERT OR IGNORE INTO quality_profile_custom_formats (quality_profile_name, custom_format_name, arr_type, score) VALUES ('WEB-1080p (Alternative)', 'LQ (Release Title)', 'sonarr', -10000);
INSERT OR IGNORE INTO quality_profile_custom_formats (quality_profile_name, custom_format_name, arr_type, score) VALUES ('WEB-1080p (Alternative)', 'Extras', 'sonarr', -10000);
INSERT OR IGNORE INTO quality_profile_custom_formats (quality_profile_name, custom_format_name, arr_type, score) VALUES ('WEB-1080p (Alternative)', 'AV1', 'sonarr', -10000);
INSERT OR IGNORE INTO quality_profile_custom_formats (quality_profile_name, custom_format_name, arr_type, score) VALUES ('WEB-1080p (Alternative)', 'Repack/Proper', 'sonarr', 5);
INSERT OR IGNORE INTO quality_profile_custom_formats (quality_profile_name, custom_format_name, arr_type, score) VALUES ('WEB-1080p (Alternative)', 'Repack2', 'sonarr', 6);
INSERT OR IGNORE INTO quality_profile_custom_formats (quality_profile_name, custom_format_name, arr_type, score) VALUES ('WEB-1080p (Alternative)', 'Repack3', 'sonarr', 7);
INSERT OR IGNORE INTO quality_profile_custom_formats (quality_profile_name, custom_format_name, arr_type, score) VALUES ('WEB-1080p (Alternative)', 'HD Streaming Boost', 'sonarr', 75);
INSERT OR IGNORE INTO quality_profile_custom_formats (quality_profile_name, custom_format_name, arr_type, score) VALUES ('WEB-1080p (Alternative)', 'WEB Tier 01', 'sonarr', 1700);
INSERT OR IGNORE INTO quality_profile_custom_formats (quality_profile_name, custom_format_name, arr_type, score) VALUES ('WEB-1080p (Alternative)', 'WEB Tier 02', 'sonarr', 1650);
INSERT OR IGNORE INTO quality_profile_custom_formats (quality_profile_name, custom_format_name, arr_type, score) VALUES ('WEB-1080p (Alternative)', 'WEB Tier 03', 'sonarr', 1600);
INSERT OR IGNORE INTO quality_profile_custom_formats (quality_profile_name, custom_format_name, arr_type, score) VALUES ('WEB-1080p (Alternative)', 'WEB Scene', 'sonarr', 1600);

INSERT OR IGNORE INTO quality_profiles (name, description, upgrades_allowed, minimum_custom_format_score, upgrade_until_score, upgrade_score_increment) VALUES ('WEB-1080p', 'Quality Profile that covers:<br>- WEBDL: 1080p', 1, 0, 10000, 1);
INSERT OR IGNORE INTO quality_profile_qualities (quality_profile_name, quality_name, quality_group_name, position, enabled, upgrade_until) VALUES ('WEB-1080p', 'Unknown', NULL, 0, 0, 0);
INSERT OR IGNORE INTO quality_profile_qualities (quality_profile_name, quality_name, quality_group_name, position, enabled, upgrade_until) VALUES ('WEB-1080p', 'SDTV', NULL, 1, 0, 0);
INSERT OR IGNORE INTO quality_groups (quality_profile_name, name) VALUES ('WEB-1080p', 'WEB 480p');
INSERT OR IGNORE INTO quality_group_members (quality_profile_name, quality_group_name, quality_name) VALUES ('WEB-1080p', 'WEB 480p', 'WEBDL-480p');
INSERT OR IGNORE INTO quality_group_members (quality_profile_name, quality_group_name, quality_name) VALUES ('WEB-1080p', 'WEB 480p', 'WEBRip-480p');
INSERT OR IGNORE INTO quality_profile_qualities (quality_profile_name, quality_name, quality_group_name, position, enabled, upgrade_until) VALUES ('WEB-1080p', NULL, 'WEB 480p', 2, 0, 0);
INSERT OR IGNORE INTO quality_profile_qualities (quality_profile_name, quality_name, quality_group_name, position, enabled, upgrade_until) VALUES ('WEB-1080p', 'DVD', NULL, 3, 0, 0);
INSERT OR IGNORE INTO quality_profile_qualities (quality_profile_name, quality_name, quality_group_name, position, enabled, upgrade_until) VALUES ('WEB-1080p', 'Bluray-480p', NULL, 4, 0, 0);
INSERT OR IGNORE INTO quality_profile_qualities (quality_profile_name, quality_name, quality_group_name, position, enabled, upgrade_until) VALUES ('WEB-1080p', 'Bluray-576p', NULL, 5, 0, 0);
INSERT OR IGNORE INTO quality_profile_qualities (quality_profile_name, quality_name, quality_group_name, position, enabled, upgrade_until) VALUES ('WEB-1080p', 'HDTV-720p', NULL, 6, 0, 0);
INSERT OR IGNORE INTO quality_profile_qualities (quality_profile_name, quality_name, quality_group_name, position, enabled, upgrade_until) VALUES ('WEB-1080p', 'HDTV-1080p', NULL, 7, 0, 0);
INSERT OR IGNORE INTO quality_profile_qualities (quality_profile_name, quality_name, quality_group_name, position, enabled, upgrade_until) VALUES ('WEB-1080p', 'Raw-HD', NULL, 8, 0, 0);
INSERT OR IGNORE INTO quality_groups (quality_profile_name, name) VALUES ('WEB-1080p', 'WEB 720p');
INSERT OR IGNORE INTO quality_group_members (quality_profile_name, quality_group_name, quality_name) VALUES ('WEB-1080p', 'WEB 720p', 'WEBDL-720p');
INSERT OR IGNORE INTO quality_group_members (quality_profile_name, quality_group_name, quality_name) VALUES ('WEB-1080p', 'WEB 720p', 'WEBRip-720p');
INSERT OR IGNORE INTO quality_profile_qualities (quality_profile_name, quality_name, quality_group_name, position, enabled, upgrade_until) VALUES ('WEB-1080p', NULL, 'WEB 720p', 9, 0, 0);
INSERT OR IGNORE INTO quality_profile_qualities (quality_profile_name, quality_name, quality_group_name, position, enabled, upgrade_until) VALUES ('WEB-1080p', 'Bluray-720p', NULL, 10, 0, 0);
INSERT OR IGNORE INTO quality_profile_qualities (quality_profile_name, quality_name, quality_group_name, position, enabled, upgrade_until) VALUES ('WEB-1080p', 'Bluray-1080p', NULL, 11, 0, 0);
INSERT OR IGNORE INTO quality_profile_qualities (quality_profile_name, quality_name, quality_group_name, position, enabled, upgrade_until) VALUES ('WEB-1080p', 'Bluray-1080p Remux', NULL, 12, 0, 0);
INSERT OR IGNORE INTO quality_profile_qualities (quality_profile_name, quality_name, quality_group_name, position, enabled, upgrade_until) VALUES ('WEB-1080p', 'HDTV-2160p', NULL, 13, 0, 0);
INSERT OR IGNORE INTO quality_groups (quality_profile_name, name) VALUES ('WEB-1080p', 'WEB 2160p');
INSERT OR IGNORE INTO quality_group_members (quality_profile_name, quality_group_name, quality_name) VALUES ('WEB-1080p', 'WEB 2160p', 'WEBDL-2160p');
INSERT OR IGNORE INTO quality_group_members (quality_profile_name, quality_group_name, quality_name) VALUES ('WEB-1080p', 'WEB 2160p', 'WEBRip-2160p');
INSERT OR IGNORE INTO quality_profile_qualities (quality_profile_name, quality_name, quality_group_name, position, enabled, upgrade_until) VALUES ('WEB-1080p', NULL, 'WEB 2160p', 14, 0, 0);
INSERT OR IGNORE INTO quality_profile_qualities (quality_profile_name, quality_name, quality_group_name, position, enabled, upgrade_until) VALUES ('WEB-1080p', 'Bluray-2160p', NULL, 15, 0, 0);
INSERT OR IGNORE INTO quality_profile_qualities (quality_profile_name, quality_name, quality_group_name, position, enabled, upgrade_until) VALUES ('WEB-1080p', 'Bluray-2160p Remux', NULL, 16, 0, 0);
INSERT OR IGNORE INTO quality_groups (quality_profile_name, name) VALUES ('WEB-1080p', 'WEB 1080p');
INSERT OR IGNORE INTO quality_group_members (quality_profile_name, quality_group_name, quality_name) VALUES ('WEB-1080p', 'WEB 1080p', 'WEBDL-1080p');
INSERT OR IGNORE INTO quality_group_members (quality_profile_name, quality_group_name, quality_name) VALUES ('WEB-1080p', 'WEB 1080p', 'WEBRip-1080p');
INSERT OR IGNORE INTO quality_profile_qualities (quality_profile_name, quality_name, quality_group_name, position, enabled, upgrade_until) VALUES ('WEB-1080p', NULL, 'WEB 1080p', 17, 1, 1);
INSERT OR IGNORE INTO quality_profile_custom_formats (quality_profile_name, custom_format_name, arr_type, score) VALUES ('WEB-1080p', 'BR-DISK', 'sonarr', -10000);
INSERT OR IGNORE INTO quality_profile_custom_formats (quality_profile_name, custom_format_name, arr_type, score) VALUES ('WEB-1080p', 'LQ', 'sonarr', -10000);
INSERT OR IGNORE INTO quality_profile_custom_formats (quality_profile_name, custom_format_name, arr_type, score) VALUES ('WEB-1080p', 'LQ (Release Title)', 'sonarr', -10000);
INSERT OR IGNORE INTO quality_profile_custom_formats (quality_profile_name, custom_format_name, arr_type, score) VALUES ('WEB-1080p', 'Extras', 'sonarr', -10000);
INSERT OR IGNORE INTO quality_profile_custom_formats (quality_profile_name, custom_format_name, arr_type, score) VALUES ('WEB-1080p', 'AV1', 'sonarr', -10000);
INSERT OR IGNORE INTO quality_profile_custom_formats (quality_profile_name, custom_format_name, arr_type, score) VALUES ('WEB-1080p', 'Repack/Proper', 'sonarr', 5);
INSERT OR IGNORE INTO quality_profile_custom_formats (quality_profile_name, custom_format_name, arr_type, score) VALUES ('WEB-1080p', 'Repack2', 'sonarr', 6);
INSERT OR IGNORE INTO quality_profile_custom_formats (quality_profile_name, custom_format_name, arr_type, score) VALUES ('WEB-1080p', 'Repack3', 'sonarr', 7);
INSERT OR IGNORE INTO quality_profile_custom_formats (quality_profile_name, custom_format_name, arr_type, score) VALUES ('WEB-1080p', 'HD Streaming Boost', 'sonarr', 75);
INSERT OR IGNORE INTO quality_profile_custom_formats (quality_profile_name, custom_format_name, arr_type, score) VALUES ('WEB-1080p', 'WEB Tier 01', 'sonarr', 1700);
INSERT OR IGNORE INTO quality_profile_custom_formats (quality_profile_name, custom_format_name, arr_type, score) VALUES ('WEB-1080p', 'WEB Tier 02', 'sonarr', 1650);
INSERT OR IGNORE INTO quality_profile_custom_formats (quality_profile_name, custom_format_name, arr_type, score) VALUES ('WEB-1080p', 'WEB Tier 03', 'sonarr', 1600);
INSERT OR IGNORE INTO quality_profile_custom_formats (quality_profile_name, custom_format_name, arr_type, score) VALUES ('WEB-1080p', 'WEB Scene', 'sonarr', 1600);

INSERT OR IGNORE INTO quality_profiles (name, description, upgrades_allowed, minimum_custom_format_score, upgrade_until_score, upgrade_score_increment) VALUES ('WEB-2160p (Alternative)', 'Quality Profile that covers:<br>- SDTV, DVD<br>- HDTV 720p, 1080p<br>- WEBDL: 480p, 720, 1080p, 2160p<br>- Bluray 480p, 576p, 720p, 1080p, 2160p', 1, 0, 10000, 1);
INSERT OR IGNORE INTO quality_profile_qualities (quality_profile_name, quality_name, quality_group_name, position, enabled, upgrade_until) VALUES ('WEB-2160p (Alternative)', 'Unknown', NULL, 0, 0, 0);
INSERT OR IGNORE INTO quality_profile_qualities (quality_profile_name, quality_name, quality_group_name, position, enabled, upgrade_until) VALUES ('WEB-2160p (Alternative)', 'Raw-HD', NULL, 1, 0, 0);
INSERT OR IGNORE INTO quality_profile_qualities (quality_profile_name, quality_name, quality_group_name, position, enabled, upgrade_until) VALUES ('WEB-2160p (Alternative)', 'Bluray-1080p Remux', NULL, 2, 0, 0);
INSERT OR IGNORE INTO quality_profile_qualities (quality_profile_name, quality_name, quality_group_name, position, enabled, upgrade_until) VALUES ('WEB-2160p (Alternative)', 'HDTV-2160p', NULL, 3, 0, 0);
INSERT OR IGNORE INTO quality_profile_qualities (quality_profile_name, quality_name, quality_group_name, position, enabled, upgrade_until) VALUES ('WEB-2160p (Alternative)', 'Bluray-2160p Remux', NULL, 4, 0, 0);
INSERT OR IGNORE INTO quality_profile_qualities (quality_profile_name, quality_name, quality_group_name, position, enabled, upgrade_until) VALUES ('WEB-2160p (Alternative)', 'SDTV', NULL, 5, 1, 0);
INSERT OR IGNORE INTO quality_profile_qualities (quality_profile_name, quality_name, quality_group_name, position, enabled, upgrade_until) VALUES ('WEB-2160p (Alternative)', 'DVD', NULL, 6, 1, 0);
INSERT OR IGNORE INTO quality_profile_qualities (quality_profile_name, quality_name, quality_group_name, position, enabled, upgrade_until) VALUES ('WEB-2160p (Alternative)', 'Bluray-480p', NULL, 7, 1, 0);
INSERT OR IGNORE INTO quality_groups (quality_profile_name, name) VALUES ('WEB-2160p (Alternative)', 'WEB 480p');
INSERT OR IGNORE INTO quality_group_members (quality_profile_name, quality_group_name, quality_name) VALUES ('WEB-2160p (Alternative)', 'WEB 480p', 'WEBDL-480p');
INSERT OR IGNORE INTO quality_group_members (quality_profile_name, quality_group_name, quality_name) VALUES ('WEB-2160p (Alternative)', 'WEB 480p', 'WEBRip-480p');
INSERT OR IGNORE INTO quality_profile_qualities (quality_profile_name, quality_name, quality_group_name, position, enabled, upgrade_until) VALUES ('WEB-2160p (Alternative)', NULL, 'WEB 480p', 8, 1, 0);
INSERT OR IGNORE INTO quality_profile_qualities (quality_profile_name, quality_name, quality_group_name, position, enabled, upgrade_until) VALUES ('WEB-2160p (Alternative)', 'Bluray-576p', NULL, 9, 1, 0);
INSERT OR IGNORE INTO quality_profile_qualities (quality_profile_name, quality_name, quality_group_name, position, enabled, upgrade_until) VALUES ('WEB-2160p (Alternative)', 'HDTV-720p', NULL, 10, 1, 0);
INSERT OR IGNORE INTO quality_profile_qualities (quality_profile_name, quality_name, quality_group_name, position, enabled, upgrade_until) VALUES ('WEB-2160p (Alternative)', 'Bluray-720p', NULL, 11, 1, 0);
INSERT OR IGNORE INTO quality_groups (quality_profile_name, name) VALUES ('WEB-2160p (Alternative)', 'WEB 720p');
INSERT OR IGNORE INTO quality_group_members (quality_profile_name, quality_group_name, quality_name) VALUES ('WEB-2160p (Alternative)', 'WEB 720p', 'WEBDL-720p');
INSERT OR IGNORE INTO quality_group_members (quality_profile_name, quality_group_name, quality_name) VALUES ('WEB-2160p (Alternative)', 'WEB 720p', 'WEBRip-720p');
INSERT OR IGNORE INTO quality_profile_qualities (quality_profile_name, quality_name, quality_group_name, position, enabled, upgrade_until) VALUES ('WEB-2160p (Alternative)', NULL, 'WEB 720p', 12, 1, 0);
INSERT OR IGNORE INTO quality_profile_qualities (quality_profile_name, quality_name, quality_group_name, position, enabled, upgrade_until) VALUES ('WEB-2160p (Alternative)', 'HDTV-1080p', NULL, 13, 1, 0);
INSERT OR IGNORE INTO quality_profile_qualities (quality_profile_name, quality_name, quality_group_name, position, enabled, upgrade_until) VALUES ('WEB-2160p (Alternative)', 'Bluray-1080p', NULL, 14, 1, 0);
INSERT OR IGNORE INTO quality_groups (quality_profile_name, name) VALUES ('WEB-2160p (Alternative)', 'WEB 1080p');
INSERT OR IGNORE INTO quality_group_members (quality_profile_name, quality_group_name, quality_name) VALUES ('WEB-2160p (Alternative)', 'WEB 1080p', 'WEBDL-1080p');
INSERT OR IGNORE INTO quality_group_members (quality_profile_name, quality_group_name, quality_name) VALUES ('WEB-2160p (Alternative)', 'WEB 1080p', 'WEBRip-1080p');
INSERT OR IGNORE INTO quality_profile_qualities (quality_profile_name, quality_name, quality_group_name, position, enabled, upgrade_until) VALUES ('WEB-2160p (Alternative)', NULL, 'WEB 1080p', 15, 1, 0);
INSERT OR IGNORE INTO quality_profile_qualities (quality_profile_name, quality_name, quality_group_name, position, enabled, upgrade_until) VALUES ('WEB-2160p (Alternative)', 'Bluray-2160p', NULL, 16, 1, 0);
INSERT OR IGNORE INTO quality_groups (quality_profile_name, name) VALUES ('WEB-2160p (Alternative)', 'WEB 2160p');
INSERT OR IGNORE INTO quality_group_members (quality_profile_name, quality_group_name, quality_name) VALUES ('WEB-2160p (Alternative)', 'WEB 2160p', 'WEBDL-2160p');
INSERT OR IGNORE INTO quality_group_members (quality_profile_name, quality_group_name, quality_name) VALUES ('WEB-2160p (Alternative)', 'WEB 2160p', 'WEBRip-2160p');
INSERT OR IGNORE INTO quality_profile_qualities (quality_profile_name, quality_name, quality_group_name, position, enabled, upgrade_until) VALUES ('WEB-2160p (Alternative)', NULL, 'WEB 2160p', 17, 1, 1);
INSERT OR IGNORE INTO quality_profile_custom_formats (quality_profile_name, custom_format_name, arr_type, score) VALUES ('WEB-2160p (Alternative)', 'BR-DISK', 'sonarr', -10000);
INSERT OR IGNORE INTO quality_profile_custom_formats (quality_profile_name, custom_format_name, arr_type, score) VALUES ('WEB-2160p (Alternative)', 'LQ', 'sonarr', -10000);
INSERT OR IGNORE INTO quality_profile_custom_formats (quality_profile_name, custom_format_name, arr_type, score) VALUES ('WEB-2160p (Alternative)', 'LQ (Release Title)', 'sonarr', -10000);
INSERT OR IGNORE INTO quality_profile_custom_formats (quality_profile_name, custom_format_name, arr_type, score) VALUES ('WEB-2160p (Alternative)', 'Extras', 'sonarr', -10000);
INSERT OR IGNORE INTO quality_profile_custom_formats (quality_profile_name, custom_format_name, arr_type, score) VALUES ('WEB-2160p (Alternative)', 'AV1', 'sonarr', -10000);
INSERT OR IGNORE INTO quality_profile_custom_formats (quality_profile_name, custom_format_name, arr_type, score) VALUES ('WEB-2160p (Alternative)', 'Repack/Proper', 'sonarr', 5);
INSERT OR IGNORE INTO quality_profile_custom_formats (quality_profile_name, custom_format_name, arr_type, score) VALUES ('WEB-2160p (Alternative)', 'Repack2', 'sonarr', 6);
INSERT OR IGNORE INTO quality_profile_custom_formats (quality_profile_name, custom_format_name, arr_type, score) VALUES ('WEB-2160p (Alternative)', 'Repack3', 'sonarr', 7);
INSERT OR IGNORE INTO quality_profile_custom_formats (quality_profile_name, custom_format_name, arr_type, score) VALUES ('WEB-2160p (Alternative)', 'HD Streaming Boost', 'sonarr', 75);
INSERT OR IGNORE INTO quality_profile_custom_formats (quality_profile_name, custom_format_name, arr_type, score) VALUES ('WEB-2160p (Alternative)', 'UHD Streaming Boost', 'sonarr', 75);
INSERT OR IGNORE INTO quality_profile_custom_formats (quality_profile_name, custom_format_name, arr_type, score) VALUES ('WEB-2160p (Alternative)', 'WEB Tier 01', 'sonarr', 1700);
INSERT OR IGNORE INTO quality_profile_custom_formats (quality_profile_name, custom_format_name, arr_type, score) VALUES ('WEB-2160p (Alternative)', 'WEB Tier 02', 'sonarr', 1650);
INSERT OR IGNORE INTO quality_profile_custom_formats (quality_profile_name, custom_format_name, arr_type, score) VALUES ('WEB-2160p (Alternative)', 'WEB Tier 03', 'sonarr', 1600);
INSERT OR IGNORE INTO quality_profile_custom_formats (quality_profile_name, custom_format_name, arr_type, score) VALUES ('WEB-2160p (Alternative)', 'WEB Scene', 'sonarr', 1600);

INSERT OR IGNORE INTO quality_profiles (name, description, upgrades_allowed, minimum_custom_format_score, upgrade_until_score, upgrade_score_increment) VALUES ('WEB-2160p (Combined)', 'Quality Profile that covers:<br>- WEBDL: 1080p, 2160p', 1, 0, 10000, 1);
INSERT OR IGNORE INTO quality_profile_qualities (quality_profile_name, quality_name, quality_group_name, position, enabled, upgrade_until) VALUES ('WEB-2160p (Combined)', 'Unknown', NULL, 0, 0, 0);
INSERT OR IGNORE INTO quality_profile_qualities (quality_profile_name, quality_name, quality_group_name, position, enabled, upgrade_until) VALUES ('WEB-2160p (Combined)', 'SDTV', NULL, 1, 0, 0);
INSERT OR IGNORE INTO quality_groups (quality_profile_name, name) VALUES ('WEB-2160p (Combined)', 'WEB 480p');
INSERT OR IGNORE INTO quality_group_members (quality_profile_name, quality_group_name, quality_name) VALUES ('WEB-2160p (Combined)', 'WEB 480p', 'WEBDL-480p');
INSERT OR IGNORE INTO quality_group_members (quality_profile_name, quality_group_name, quality_name) VALUES ('WEB-2160p (Combined)', 'WEB 480p', 'WEBRip-480p');
INSERT OR IGNORE INTO quality_profile_qualities (quality_profile_name, quality_name, quality_group_name, position, enabled, upgrade_until) VALUES ('WEB-2160p (Combined)', NULL, 'WEB 480p', 2, 0, 0);
INSERT OR IGNORE INTO quality_profile_qualities (quality_profile_name, quality_name, quality_group_name, position, enabled, upgrade_until) VALUES ('WEB-2160p (Combined)', 'DVD', NULL, 3, 0, 0);
INSERT OR IGNORE INTO quality_profile_qualities (quality_profile_name, quality_name, quality_group_name, position, enabled, upgrade_until) VALUES ('WEB-2160p (Combined)', 'Bluray-480p', NULL, 4, 0, 0);
INSERT OR IGNORE INTO quality_profile_qualities (quality_profile_name, quality_name, quality_group_name, position, enabled, upgrade_until) VALUES ('WEB-2160p (Combined)', 'Bluray-576p', NULL, 5, 0, 0);
INSERT OR IGNORE INTO quality_profile_qualities (quality_profile_name, quality_name, quality_group_name, position, enabled, upgrade_until) VALUES ('WEB-2160p (Combined)', 'HDTV-720p', NULL, 6, 0, 0);
INSERT OR IGNORE INTO quality_profile_qualities (quality_profile_name, quality_name, quality_group_name, position, enabled, upgrade_until) VALUES ('WEB-2160p (Combined)', 'HDTV-1080p', NULL, 7, 0, 0);
INSERT OR IGNORE INTO quality_profile_qualities (quality_profile_name, quality_name, quality_group_name, position, enabled, upgrade_until) VALUES ('WEB-2160p (Combined)', 'Raw-HD', NULL, 8, 0, 0);
INSERT OR IGNORE INTO quality_groups (quality_profile_name, name) VALUES ('WEB-2160p (Combined)', 'WEB 720p');
INSERT OR IGNORE INTO quality_group_members (quality_profile_name, quality_group_name, quality_name) VALUES ('WEB-2160p (Combined)', 'WEB 720p', 'WEBDL-720p');
INSERT OR IGNORE INTO quality_group_members (quality_profile_name, quality_group_name, quality_name) VALUES ('WEB-2160p (Combined)', 'WEB 720p', 'WEBRip-720p');
INSERT OR IGNORE INTO quality_profile_qualities (quality_profile_name, quality_name, quality_group_name, position, enabled, upgrade_until) VALUES ('WEB-2160p (Combined)', NULL, 'WEB 720p', 9, 0, 0);
INSERT OR IGNORE INTO quality_profile_qualities (quality_profile_name, quality_name, quality_group_name, position, enabled, upgrade_until) VALUES ('WEB-2160p (Combined)', 'Bluray-720p', NULL, 10, 0, 0);
INSERT OR IGNORE INTO quality_profile_qualities (quality_profile_name, quality_name, quality_group_name, position, enabled, upgrade_until) VALUES ('WEB-2160p (Combined)', 'Bluray-1080p', NULL, 11, 0, 0);
INSERT OR IGNORE INTO quality_profile_qualities (quality_profile_name, quality_name, quality_group_name, position, enabled, upgrade_until) VALUES ('WEB-2160p (Combined)', 'Bluray-1080p Remux', NULL, 12, 0, 0);
INSERT OR IGNORE INTO quality_profile_qualities (quality_profile_name, quality_name, quality_group_name, position, enabled, upgrade_until) VALUES ('WEB-2160p (Combined)', 'HDTV-2160p', NULL, 13, 0, 0);
INSERT OR IGNORE INTO quality_profile_qualities (quality_profile_name, quality_name, quality_group_name, position, enabled, upgrade_until) VALUES ('WEB-2160p (Combined)', 'Bluray-2160p', NULL, 14, 0, 0);
INSERT OR IGNORE INTO quality_profile_qualities (quality_profile_name, quality_name, quality_group_name, position, enabled, upgrade_until) VALUES ('WEB-2160p (Combined)', 'Bluray-2160p Remux', NULL, 15, 0, 0);
INSERT OR IGNORE INTO quality_groups (quality_profile_name, name) VALUES ('WEB-2160p (Combined)', 'WEB 1080p');
INSERT OR IGNORE INTO quality_group_members (quality_profile_name, quality_group_name, quality_name) VALUES ('WEB-2160p (Combined)', 'WEB 1080p', 'WEBDL-1080p');
INSERT OR IGNORE INTO quality_group_members (quality_profile_name, quality_group_name, quality_name) VALUES ('WEB-2160p (Combined)', 'WEB 1080p', 'WEBRip-1080p');
INSERT OR IGNORE INTO quality_profile_qualities (quality_profile_name, quality_name, quality_group_name, position, enabled, upgrade_until) VALUES ('WEB-2160p (Combined)', NULL, 'WEB 1080p', 16, 1, 0);
INSERT OR IGNORE INTO quality_groups (quality_profile_name, name) VALUES ('WEB-2160p (Combined)', 'WEB 2160p');
INSERT OR IGNORE INTO quality_group_members (quality_profile_name, quality_group_name, quality_name) VALUES ('WEB-2160p (Combined)', 'WEB 2160p', 'WEBDL-2160p');
INSERT OR IGNORE INTO quality_group_members (quality_profile_name, quality_group_name, quality_name) VALUES ('WEB-2160p (Combined)', 'WEB 2160p', 'WEBRip-2160p');
INSERT OR IGNORE INTO quality_profile_qualities (quality_profile_name, quality_name, quality_group_name, position, enabled, upgrade_until) VALUES ('WEB-2160p (Combined)', NULL, 'WEB 2160p', 17, 1, 1);
INSERT OR IGNORE INTO quality_profile_custom_formats (quality_profile_name, custom_format_name, arr_type, score) VALUES ('WEB-2160p (Combined)', 'BR-DISK', 'sonarr', -10000);
INSERT OR IGNORE INTO quality_profile_custom_formats (quality_profile_name, custom_format_name, arr_type, score) VALUES ('WEB-2160p (Combined)', 'LQ', 'sonarr', -10000);
INSERT OR IGNORE INTO quality_profile_custom_formats (quality_profile_name, custom_format_name, arr_type, score) VALUES ('WEB-2160p (Combined)', 'LQ (Release Title)', 'sonarr', -10000);
INSERT OR IGNORE INTO quality_profile_custom_formats (quality_profile_name, custom_format_name, arr_type, score) VALUES ('WEB-2160p (Combined)', 'Extras', 'sonarr', -10000);
INSERT OR IGNORE INTO quality_profile_custom_formats (quality_profile_name, custom_format_name, arr_type, score) VALUES ('WEB-2160p (Combined)', 'AV1', 'sonarr', -10000);
INSERT OR IGNORE INTO quality_profile_custom_formats (quality_profile_name, custom_format_name, arr_type, score) VALUES ('WEB-2160p (Combined)', 'Repack/Proper', 'sonarr', 5);
INSERT OR IGNORE INTO quality_profile_custom_formats (quality_profile_name, custom_format_name, arr_type, score) VALUES ('WEB-2160p (Combined)', 'Repack2', 'sonarr', 6);
INSERT OR IGNORE INTO quality_profile_custom_formats (quality_profile_name, custom_format_name, arr_type, score) VALUES ('WEB-2160p (Combined)', 'Repack3', 'sonarr', 7);
INSERT OR IGNORE INTO quality_profile_custom_formats (quality_profile_name, custom_format_name, arr_type, score) VALUES ('WEB-2160p (Combined)', 'HD Streaming Boost', 'sonarr', 75);
INSERT OR IGNORE INTO quality_profile_custom_formats (quality_profile_name, custom_format_name, arr_type, score) VALUES ('WEB-2160p (Combined)', 'UHD Streaming Boost', 'sonarr', 75);
INSERT OR IGNORE INTO quality_profile_custom_formats (quality_profile_name, custom_format_name, arr_type, score) VALUES ('WEB-2160p (Combined)', 'WEB Tier 01', 'sonarr', 1700);
INSERT OR IGNORE INTO quality_profile_custom_formats (quality_profile_name, custom_format_name, arr_type, score) VALUES ('WEB-2160p (Combined)', 'WEB Tier 02', 'sonarr', 1650);
INSERT OR IGNORE INTO quality_profile_custom_formats (quality_profile_name, custom_format_name, arr_type, score) VALUES ('WEB-2160p (Combined)', 'WEB Tier 03', 'sonarr', 1600);
INSERT OR IGNORE INTO quality_profile_custom_formats (quality_profile_name, custom_format_name, arr_type, score) VALUES ('WEB-2160p (Combined)', 'WEB Scene', 'sonarr', 1600);

INSERT OR IGNORE INTO quality_profiles (name, description, upgrades_allowed, minimum_custom_format_score, upgrade_until_score, upgrade_score_increment) VALUES ('WEB-2160p', 'Quality Profile that covers:<br>- WEBDL: 2160p', 1, 0, 10000, 1);
INSERT OR IGNORE INTO quality_profile_qualities (quality_profile_name, quality_name, quality_group_name, position, enabled, upgrade_until) VALUES ('WEB-2160p', 'Unknown', NULL, 0, 0, 0);
INSERT OR IGNORE INTO quality_profile_qualities (quality_profile_name, quality_name, quality_group_name, position, enabled, upgrade_until) VALUES ('WEB-2160p', 'SDTV', NULL, 1, 0, 0);
INSERT OR IGNORE INTO quality_groups (quality_profile_name, name) VALUES ('WEB-2160p', 'WEB 480p');
INSERT OR IGNORE INTO quality_group_members (quality_profile_name, quality_group_name, quality_name) VALUES ('WEB-2160p', 'WEB 480p', 'WEBDL-480p');
INSERT OR IGNORE INTO quality_group_members (quality_profile_name, quality_group_name, quality_name) VALUES ('WEB-2160p', 'WEB 480p', 'WEBRip-480p');
INSERT OR IGNORE INTO quality_profile_qualities (quality_profile_name, quality_name, quality_group_name, position, enabled, upgrade_until) VALUES ('WEB-2160p', NULL, 'WEB 480p', 2, 0, 0);
INSERT OR IGNORE INTO quality_profile_qualities (quality_profile_name, quality_name, quality_group_name, position, enabled, upgrade_until) VALUES ('WEB-2160p', 'DVD', NULL, 3, 0, 0);
INSERT OR IGNORE INTO quality_profile_qualities (quality_profile_name, quality_name, quality_group_name, position, enabled, upgrade_until) VALUES ('WEB-2160p', 'Bluray-480p', NULL, 4, 0, 0);
INSERT OR IGNORE INTO quality_profile_qualities (quality_profile_name, quality_name, quality_group_name, position, enabled, upgrade_until) VALUES ('WEB-2160p', 'Bluray-576p', NULL, 5, 0, 0);
INSERT OR IGNORE INTO quality_profile_qualities (quality_profile_name, quality_name, quality_group_name, position, enabled, upgrade_until) VALUES ('WEB-2160p', 'HDTV-720p', NULL, 6, 0, 0);
INSERT OR IGNORE INTO quality_profile_qualities (quality_profile_name, quality_name, quality_group_name, position, enabled, upgrade_until) VALUES ('WEB-2160p', 'HDTV-1080p', NULL, 7, 0, 0);
INSERT OR IGNORE INTO quality_profile_qualities (quality_profile_name, quality_name, quality_group_name, position, enabled, upgrade_until) VALUES ('WEB-2160p', 'Raw-HD', NULL, 8, 0, 0);
INSERT OR IGNORE INTO quality_groups (quality_profile_name, name) VALUES ('WEB-2160p', 'WEB 720p');
INSERT OR IGNORE INTO quality_group_members (quality_profile_name, quality_group_name, quality_name) VALUES ('WEB-2160p', 'WEB 720p', 'WEBDL-720p');
INSERT OR IGNORE INTO quality_group_members (quality_profile_name, quality_group_name, quality_name) VALUES ('WEB-2160p', 'WEB 720p', 'WEBRip-720p');
INSERT OR IGNORE INTO quality_profile_qualities (quality_profile_name, quality_name, quality_group_name, position, enabled, upgrade_until) VALUES ('WEB-2160p', NULL, 'WEB 720p', 9, 0, 0);
INSERT OR IGNORE INTO quality_profile_qualities (quality_profile_name, quality_name, quality_group_name, position, enabled, upgrade_until) VALUES ('WEB-2160p', 'Bluray-720p', NULL, 10, 0, 0);
INSERT OR IGNORE INTO quality_groups (quality_profile_name, name) VALUES ('WEB-2160p', 'WEB 1080p');
INSERT OR IGNORE INTO quality_group_members (quality_profile_name, quality_group_name, quality_name) VALUES ('WEB-2160p', 'WEB 1080p', 'WEBDL-1080p');
INSERT OR IGNORE INTO quality_group_members (quality_profile_name, quality_group_name, quality_name) VALUES ('WEB-2160p', 'WEB 1080p', 'WEBRip-1080p');
INSERT OR IGNORE INTO quality_profile_qualities (quality_profile_name, quality_name, quality_group_name, position, enabled, upgrade_until) VALUES ('WEB-2160p', NULL, 'WEB 1080p', 11, 0, 0);
INSERT OR IGNORE INTO quality_profile_qualities (quality_profile_name, quality_name, quality_group_name, position, enabled, upgrade_until) VALUES ('WEB-2160p', 'Bluray-1080p', NULL, 12, 0, 0);
INSERT OR IGNORE INTO quality_profile_qualities (quality_profile_name, quality_name, quality_group_name, position, enabled, upgrade_until) VALUES ('WEB-2160p', 'Bluray-1080p Remux', NULL, 13, 0, 0);
INSERT OR IGNORE INTO quality_profile_qualities (quality_profile_name, quality_name, quality_group_name, position, enabled, upgrade_until) VALUES ('WEB-2160p', 'HDTV-2160p', NULL, 14, 0, 0);
INSERT OR IGNORE INTO quality_profile_qualities (quality_profile_name, quality_name, quality_group_name, position, enabled, upgrade_until) VALUES ('WEB-2160p', 'Bluray-2160p', NULL, 15, 0, 0);
INSERT OR IGNORE INTO quality_profile_qualities (quality_profile_name, quality_name, quality_group_name, position, enabled, upgrade_until) VALUES ('WEB-2160p', 'Bluray-2160p Remux', NULL, 16, 0, 0);
INSERT OR IGNORE INTO quality_groups (quality_profile_name, name) VALUES ('WEB-2160p', 'WEB 2160p');
INSERT OR IGNORE INTO quality_group_members (quality_profile_name, quality_group_name, quality_name) VALUES ('WEB-2160p', 'WEB 2160p', 'WEBDL-2160p');
INSERT OR IGNORE INTO quality_group_members (quality_profile_name, quality_group_name, quality_name) VALUES ('WEB-2160p', 'WEB 2160p', 'WEBRip-2160p');
INSERT OR IGNORE INTO quality_profile_qualities (quality_profile_name, quality_name, quality_group_name, position, enabled, upgrade_until) VALUES ('WEB-2160p', NULL, 'WEB 2160p', 17, 1, 1);
INSERT OR IGNORE INTO quality_profile_custom_formats (quality_profile_name, custom_format_name, arr_type, score) VALUES ('WEB-2160p', 'BR-DISK', 'sonarr', -10000);
INSERT OR IGNORE INTO quality_profile_custom_formats (quality_profile_name, custom_format_name, arr_type, score) VALUES ('WEB-2160p', 'LQ', 'sonarr', -10000);
INSERT OR IGNORE INTO quality_profile_custom_formats (quality_profile_name, custom_format_name, arr_type, score) VALUES ('WEB-2160p', 'LQ (Release Title)', 'sonarr', -10000);
INSERT OR IGNORE INTO quality_profile_custom_formats (quality_profile_name, custom_format_name, arr_type, score) VALUES ('WEB-2160p', 'Extras', 'sonarr', -10000);
INSERT OR IGNORE INTO quality_profile_custom_formats (quality_profile_name, custom_format_name, arr_type, score) VALUES ('WEB-2160p', 'AV1', 'sonarr', -10000);
INSERT OR IGNORE INTO quality_profile_custom_formats (quality_profile_name, custom_format_name, arr_type, score) VALUES ('WEB-2160p', 'x265 (HD)', 'sonarr', -10000);
INSERT OR IGNORE INTO quality_profile_custom_formats (quality_profile_name, custom_format_name, arr_type, score) VALUES ('WEB-2160p', 'HDR', 'sonarr', 500);
INSERT OR IGNORE INTO quality_profile_custom_formats (quality_profile_name, custom_format_name, arr_type, score) VALUES ('WEB-2160p', 'DV Boost', 'sonarr', 1000);
INSERT OR IGNORE INTO quality_profile_custom_formats (quality_profile_name, custom_format_name, arr_type, score) VALUES ('WEB-2160p', 'HDR10+ Boost', 'sonarr', 100);
INSERT OR IGNORE INTO quality_profile_custom_formats (quality_profile_name, custom_format_name, arr_type, score) VALUES ('WEB-2160p', 'DV (w/o HDR fallback)', 'sonarr', -10000);
INSERT OR IGNORE INTO quality_profile_custom_formats (quality_profile_name, custom_format_name, arr_type, score) VALUES ('WEB-2160p', 'Repack/Proper', 'sonarr', 5);
INSERT OR IGNORE INTO quality_profile_custom_formats (quality_profile_name, custom_format_name, arr_type, score) VALUES ('WEB-2160p', 'Repack2', 'sonarr', 6);
INSERT OR IGNORE INTO quality_profile_custom_formats (quality_profile_name, custom_format_name, arr_type, score) VALUES ('WEB-2160p', 'Repack3', 'sonarr', 7);
INSERT OR IGNORE INTO quality_profile_custom_formats (quality_profile_name, custom_format_name, arr_type, score) VALUES ('WEB-2160p', 'AMZN', 'sonarr', 75);
INSERT OR IGNORE INTO quality_profile_custom_formats (quality_profile_name, custom_format_name, arr_type, score) VALUES ('WEB-2160p', 'ATVP', 'sonarr', 75);
INSERT OR IGNORE INTO quality_profile_custom_formats (quality_profile_name, custom_format_name, arr_type, score) VALUES ('WEB-2160p', 'CC', 'sonarr', 75);
INSERT OR IGNORE INTO quality_profile_custom_formats (quality_profile_name, custom_format_name, arr_type, score) VALUES ('WEB-2160p', 'DCU', 'sonarr', 75);
INSERT OR IGNORE INTO quality_profile_custom_formats (quality_profile_name, custom_format_name, arr_type, score) VALUES ('WEB-2160p', 'DSNP', 'sonarr', 75);
INSERT OR IGNORE INTO quality_profile_custom_formats (quality_profile_name, custom_format_name, arr_type, score) VALUES ('WEB-2160p', 'HMAX', 'sonarr', 75);
INSERT OR IGNORE INTO quality_profile_custom_formats (quality_profile_name, custom_format_name, arr_type, score) VALUES ('WEB-2160p', 'HBO', 'sonarr', 75);
INSERT OR IGNORE INTO quality_profile_custom_formats (quality_profile_name, custom_format_name, arr_type, score) VALUES ('WEB-2160p', 'HULU', 'sonarr', 75);
INSERT OR IGNORE INTO quality_profile_custom_formats (quality_profile_name, custom_format_name, arr_type, score) VALUES ('WEB-2160p', 'iT', 'sonarr', 75);
INSERT OR IGNORE INTO quality_profile_custom_formats (quality_profile_name, custom_format_name, arr_type, score) VALUES ('WEB-2160p', 'MAX', 'sonarr', 75);
INSERT OR IGNORE INTO quality_profile_custom_formats (quality_profile_name, custom_format_name, arr_type, score) VALUES ('WEB-2160p', 'NF', 'sonarr', 75);
INSERT OR IGNORE INTO quality_profile_custom_formats (quality_profile_name, custom_format_name, arr_type, score) VALUES ('WEB-2160p', 'PMTP', 'sonarr', 75);
INSERT OR IGNORE INTO quality_profile_custom_formats (quality_profile_name, custom_format_name, arr_type, score) VALUES ('WEB-2160p', 'PCOK', 'sonarr', 75);
INSERT OR IGNORE INTO quality_profile_custom_formats (quality_profile_name, custom_format_name, arr_type, score) VALUES ('WEB-2160p', 'PLAY', 'sonarr', 75);
INSERT OR IGNORE INTO quality_profile_custom_formats (quality_profile_name, custom_format_name, arr_type, score) VALUES ('WEB-2160p', 'SHO', 'sonarr', 75);
INSERT OR IGNORE INTO quality_profile_custom_formats (quality_profile_name, custom_format_name, arr_type, score) VALUES ('WEB-2160p', 'STAN', 'sonarr', 75);
INSERT OR IGNORE INTO quality_profile_custom_formats (quality_profile_name, custom_format_name, arr_type, score) VALUES ('WEB-2160p', 'SYFY', 'sonarr', 75);
INSERT OR IGNORE INTO quality_profile_custom_formats (quality_profile_name, custom_format_name, arr_type, score) VALUES ('WEB-2160p', 'HD Streaming Boost', 'sonarr', 75);
INSERT OR IGNORE INTO quality_profile_custom_formats (quality_profile_name, custom_format_name, arr_type, score) VALUES ('WEB-2160p', 'UHD Streaming Boost', 'sonarr', 75);
INSERT OR IGNORE INTO quality_profile_custom_formats (quality_profile_name, custom_format_name, arr_type, score) VALUES ('WEB-2160p', 'WEB Tier 01', 'sonarr', 1700);
INSERT OR IGNORE INTO quality_profile_custom_formats (quality_profile_name, custom_format_name, arr_type, score) VALUES ('WEB-2160p', 'WEB Tier 02', 'sonarr', 1650);
INSERT OR IGNORE INTO quality_profile_custom_formats (quality_profile_name, custom_format_name, arr_type, score) VALUES ('WEB-2160p', 'WEB Tier 03', 'sonarr', 1600);
INSERT OR IGNORE INTO quality_profile_custom_formats (quality_profile_name, custom_format_name, arr_type, score) VALUES ('WEB-2160p', 'WEB Scene', 'sonarr', 1600);
-- Optional (TRaSH WEB-2160p): UHD SDR / x265 and misc
INSERT OR IGNORE INTO quality_profile_custom_formats (quality_profile_name, custom_format_name, arr_type, score) VALUES ('WEB-2160p', 'SDR', 'sonarr', -10000);
INSERT OR IGNORE INTO quality_profile_custom_formats (quality_profile_name, custom_format_name, arr_type, score) VALUES ('WEB-2160p', 'SDR (no WEBDL)', 'sonarr', -10000);
INSERT OR IGNORE INTO quality_profile_custom_formats (quality_profile_name, custom_format_name, arr_type, score) VALUES ('WEB-2160p', 'x265 (no HDR/DV)', 'sonarr', -10000);
INSERT OR IGNORE INTO quality_profile_custom_formats (quality_profile_name, custom_format_name, arr_type, score) VALUES ('WEB-2160p', 'Bad Dual Groups', 'sonarr', -10000);
INSERT OR IGNORE INTO quality_profile_custom_formats (quality_profile_name, custom_format_name, arr_type, score) VALUES ('WEB-2160p', 'No-RlsGroup', 'sonarr', -10000);
INSERT OR IGNORE INTO quality_profile_custom_formats (quality_profile_name, custom_format_name, arr_type, score) VALUES ('WEB-2160p', 'Obfuscated', 'sonarr', -10000);
INSERT OR IGNORE INTO quality_profile_custom_formats (quality_profile_name, custom_format_name, arr_type, score) VALUES ('WEB-2160p', 'Retags', 'sonarr', -10000);
INSERT OR IGNORE INTO quality_profile_custom_formats (quality_profile_name, custom_format_name, arr_type, score) VALUES ('WEB-2160p', 'Scene', 'sonarr', -10000);
