-- Quality profiles (radarr) from TRaSH Guides

INSERT OR IGNORE INTO quality_profiles (name, description, upgrades_allowed, minimum_custom_format_score, upgrade_until_score, upgrade_score_increment) VALUES ('[Anime] Remux-1080p', 'Anime Quality Profile that covers:<br>- SDTV, DVD<br>- HDTV 720p, 1080p<br>- WEBDL: 480p, 720, 1080p<br>- Bluray 480p, 576p, 720p, 1080p<br>- Remux 1080p', 1, 100, 10000, 1);
INSERT OR IGNORE INTO quality_profile_qualities (quality_profile_name, quality_name, quality_group_name, position, enabled, upgrade_until) VALUES ('[Anime] Remux-1080p', 'Unknown', NULL, 0, 0, 0);
INSERT OR IGNORE INTO quality_profile_qualities (quality_profile_name, quality_name, quality_group_name, position, enabled, upgrade_until) VALUES ('[Anime] Remux-1080p', 'WORKPRINT', NULL, 1, 0, 0);
INSERT OR IGNORE INTO quality_profile_qualities (quality_profile_name, quality_name, quality_group_name, position, enabled, upgrade_until) VALUES ('[Anime] Remux-1080p', 'CAM', NULL, 2, 0, 0);
INSERT OR IGNORE INTO quality_profile_qualities (quality_profile_name, quality_name, quality_group_name, position, enabled, upgrade_until) VALUES ('[Anime] Remux-1080p', 'TELESYNC', NULL, 3, 0, 0);
INSERT OR IGNORE INTO quality_profile_qualities (quality_profile_name, quality_name, quality_group_name, position, enabled, upgrade_until) VALUES ('[Anime] Remux-1080p', 'TELECINE', NULL, 4, 0, 0);
INSERT OR IGNORE INTO quality_profile_qualities (quality_profile_name, quality_name, quality_group_name, position, enabled, upgrade_until) VALUES ('[Anime] Remux-1080p', 'REGIONAL', NULL, 5, 0, 0);
INSERT OR IGNORE INTO quality_profile_qualities (quality_profile_name, quality_name, quality_group_name, position, enabled, upgrade_until) VALUES ('[Anime] Remux-1080p', 'DVDSCR', NULL, 6, 0, 0);
INSERT OR IGNORE INTO quality_profile_qualities (quality_profile_name, quality_name, quality_group_name, position, enabled, upgrade_until) VALUES ('[Anime] Remux-1080p', 'DVD-R', NULL, 7, 0, 0);
INSERT OR IGNORE INTO quality_profile_qualities (quality_profile_name, quality_name, quality_group_name, position, enabled, upgrade_until) VALUES ('[Anime] Remux-1080p', 'HDTV-2160p', NULL, 8, 0, 0);
INSERT OR IGNORE INTO quality_groups (quality_profile_name, name) VALUES ('[Anime] Remux-1080p', 'WEB 2160p');
INSERT OR IGNORE INTO quality_group_members (quality_profile_name, quality_group_name, quality_name) VALUES ('[Anime] Remux-1080p', 'WEB 2160p', 'WEBDL-2160p');
INSERT OR IGNORE INTO quality_group_members (quality_profile_name, quality_group_name, quality_name) VALUES ('[Anime] Remux-1080p', 'WEB 2160p', 'WEBRip-2160p');
INSERT OR IGNORE INTO quality_profile_qualities (quality_profile_name, quality_name, quality_group_name, position, enabled, upgrade_until) VALUES ('[Anime] Remux-1080p', NULL, 'WEB 2160p', 9, 0, 0);
INSERT OR IGNORE INTO quality_profile_qualities (quality_profile_name, quality_name, quality_group_name, position, enabled, upgrade_until) VALUES ('[Anime] Remux-1080p', 'Bluray-2160p', NULL, 10, 0, 0);
INSERT OR IGNORE INTO quality_profile_qualities (quality_profile_name, quality_name, quality_group_name, position, enabled, upgrade_until) VALUES ('[Anime] Remux-1080p', 'Remux-2160p', NULL, 11, 0, 0);
INSERT OR IGNORE INTO quality_profile_qualities (quality_profile_name, quality_name, quality_group_name, position, enabled, upgrade_until) VALUES ('[Anime] Remux-1080p', 'BR-DISK', NULL, 12, 0, 0);
INSERT OR IGNORE INTO quality_profile_qualities (quality_profile_name, quality_name, quality_group_name, position, enabled, upgrade_until) VALUES ('[Anime] Remux-1080p', 'Raw-HD', NULL, 13, 0, 0);
INSERT OR IGNORE INTO quality_profile_qualities (quality_profile_name, quality_name, quality_group_name, position, enabled, upgrade_until) VALUES ('[Anime] Remux-1080p', 'SDTV', NULL, 14, 1, 0);
INSERT OR IGNORE INTO quality_profile_qualities (quality_profile_name, quality_name, quality_group_name, position, enabled, upgrade_until) VALUES ('[Anime] Remux-1080p', 'DVD', NULL, 15, 1, 0);
INSERT OR IGNORE INTO quality_groups (quality_profile_name, name) VALUES ('[Anime] Remux-1080p', 'WEB 480p');
INSERT OR IGNORE INTO quality_group_members (quality_profile_name, quality_group_name, quality_name) VALUES ('[Anime] Remux-1080p', 'WEB 480p', 'WEBDL-480p');
INSERT OR IGNORE INTO quality_group_members (quality_profile_name, quality_group_name, quality_name) VALUES ('[Anime] Remux-1080p', 'WEB 480p', 'WEBRip-480p');
INSERT OR IGNORE INTO quality_profile_qualities (quality_profile_name, quality_name, quality_group_name, position, enabled, upgrade_until) VALUES ('[Anime] Remux-1080p', NULL, 'WEB 480p', 16, 1, 0);
INSERT OR IGNORE INTO quality_profile_qualities (quality_profile_name, quality_name, quality_group_name, position, enabled, upgrade_until) VALUES ('[Anime] Remux-1080p', 'Bluray-480p', NULL, 17, 1, 0);
INSERT OR IGNORE INTO quality_profile_qualities (quality_profile_name, quality_name, quality_group_name, position, enabled, upgrade_until) VALUES ('[Anime] Remux-1080p', 'Bluray-576p', NULL, 18, 1, 0);
INSERT OR IGNORE INTO quality_groups (quality_profile_name, name) VALUES ('[Anime] Remux-1080p', 'WEB 720p');
INSERT OR IGNORE INTO quality_group_members (quality_profile_name, quality_group_name, quality_name) VALUES ('[Anime] Remux-1080p', 'WEB 720p', 'WEBDL-720p');
INSERT OR IGNORE INTO quality_group_members (quality_profile_name, quality_group_name, quality_name) VALUES ('[Anime] Remux-1080p', 'WEB 720p', 'WEBRip-720p');
INSERT OR IGNORE INTO quality_group_members (quality_profile_name, quality_group_name, quality_name) VALUES ('[Anime] Remux-1080p', 'WEB 720p', 'HDTV-720p');
INSERT OR IGNORE INTO quality_profile_qualities (quality_profile_name, quality_name, quality_group_name, position, enabled, upgrade_until) VALUES ('[Anime] Remux-1080p', NULL, 'WEB 720p', 19, 1, 0);
INSERT OR IGNORE INTO quality_profile_qualities (quality_profile_name, quality_name, quality_group_name, position, enabled, upgrade_until) VALUES ('[Anime] Remux-1080p', 'Bluray-720p', NULL, 20, 1, 0);
INSERT OR IGNORE INTO quality_groups (quality_profile_name, name) VALUES ('[Anime] Remux-1080p', 'WEB 1080p');
INSERT OR IGNORE INTO quality_group_members (quality_profile_name, quality_group_name, quality_name) VALUES ('[Anime] Remux-1080p', 'WEB 1080p', 'WEBDL-1080p');
INSERT OR IGNORE INTO quality_group_members (quality_profile_name, quality_group_name, quality_name) VALUES ('[Anime] Remux-1080p', 'WEB 1080p', 'WEBRip-1080p');
INSERT OR IGNORE INTO quality_group_members (quality_profile_name, quality_group_name, quality_name) VALUES ('[Anime] Remux-1080p', 'WEB 1080p', 'HDTV-1080p');
INSERT OR IGNORE INTO quality_profile_qualities (quality_profile_name, quality_name, quality_group_name, position, enabled, upgrade_until) VALUES ('[Anime] Remux-1080p', NULL, 'WEB 1080p', 21, 1, 0);
INSERT OR IGNORE INTO quality_groups (quality_profile_name, name) VALUES ('[Anime] Remux-1080p', 'Remux 1080p');
INSERT OR IGNORE INTO quality_group_members (quality_profile_name, quality_group_name, quality_name) VALUES ('[Anime] Remux-1080p', 'Remux 1080p', 'Bluray-1080p');
INSERT OR IGNORE INTO quality_group_members (quality_profile_name, quality_group_name, quality_name) VALUES ('[Anime] Remux-1080p', 'Remux 1080p', 'Remux-1080p');
INSERT OR IGNORE INTO quality_profile_qualities (quality_profile_name, quality_name, quality_group_name, position, enabled, upgrade_until) VALUES ('[Anime] Remux-1080p', NULL, 'Remux 1080p', 22, 1, 1);
INSERT OR IGNORE INTO quality_profile_custom_formats (quality_profile_name, custom_format_name, arr_type, score) VALUES ('[Anime] Remux-1080p', 'Anime BD Tier 01', 'radarr', 1400);
INSERT OR IGNORE INTO quality_profile_custom_formats (quality_profile_name, custom_format_name, arr_type, score) VALUES ('[Anime] Remux-1080p', 'Anime BD Tier 02', 'radarr', 1300);
INSERT OR IGNORE INTO quality_profile_custom_formats (quality_profile_name, custom_format_name, arr_type, score) VALUES ('[Anime] Remux-1080p', 'Anime BD Tier 03', 'radarr', 1200);
INSERT OR IGNORE INTO quality_profile_custom_formats (quality_profile_name, custom_format_name, arr_type, score) VALUES ('[Anime] Remux-1080p', 'Anime BD Tier 04', 'radarr', 1100);
INSERT OR IGNORE INTO quality_profile_custom_formats (quality_profile_name, custom_format_name, arr_type, score) VALUES ('[Anime] Remux-1080p', 'Anime BD Tier 05', 'radarr', 1000);
INSERT OR IGNORE INTO quality_profile_custom_formats (quality_profile_name, custom_format_name, arr_type, score) VALUES ('[Anime] Remux-1080p', 'Anime BD Tier 06', 'radarr', 900);
INSERT OR IGNORE INTO quality_profile_custom_formats (quality_profile_name, custom_format_name, arr_type, score) VALUES ('[Anime] Remux-1080p', 'Anime BD Tier 07', 'radarr', 800);
INSERT OR IGNORE INTO quality_profile_custom_formats (quality_profile_name, custom_format_name, arr_type, score) VALUES ('[Anime] Remux-1080p', 'Anime BD Tier 08', 'radarr', 700);
INSERT OR IGNORE INTO quality_profile_custom_formats (quality_profile_name, custom_format_name, arr_type, score) VALUES ('[Anime] Remux-1080p', 'Anime Web Tier 01', 'radarr', 600);
INSERT OR IGNORE INTO quality_profile_custom_formats (quality_profile_name, custom_format_name, arr_type, score) VALUES ('[Anime] Remux-1080p', 'Anime Web Tier 02', 'radarr', 500);
INSERT OR IGNORE INTO quality_profile_custom_formats (quality_profile_name, custom_format_name, arr_type, score) VALUES ('[Anime] Remux-1080p', 'Anime Web Tier 03', 'radarr', 400);
INSERT OR IGNORE INTO quality_profile_custom_formats (quality_profile_name, custom_format_name, arr_type, score) VALUES ('[Anime] Remux-1080p', 'Anime Web Tier 04', 'radarr', 300);
INSERT OR IGNORE INTO quality_profile_custom_formats (quality_profile_name, custom_format_name, arr_type, score) VALUES ('[Anime] Remux-1080p', 'Anime Web Tier 05', 'radarr', 200);
INSERT OR IGNORE INTO quality_profile_custom_formats (quality_profile_name, custom_format_name, arr_type, score) VALUES ('[Anime] Remux-1080p', 'Anime Web Tier 06', 'radarr', 100);
INSERT OR IGNORE INTO quality_profile_custom_formats (quality_profile_name, custom_format_name, arr_type, score) VALUES ('[Anime] Remux-1080p', 'Remux Tier 01', 'radarr', 1950);
INSERT OR IGNORE INTO quality_profile_custom_formats (quality_profile_name, custom_format_name, arr_type, score) VALUES ('[Anime] Remux-1080p', 'Remux Tier 02', 'radarr', 1900);
INSERT OR IGNORE INTO quality_profile_custom_formats (quality_profile_name, custom_format_name, arr_type, score) VALUES ('[Anime] Remux-1080p', 'Remux Tier 03', 'radarr', 1850);
INSERT OR IGNORE INTO quality_profile_custom_formats (quality_profile_name, custom_format_name, arr_type, score) VALUES ('[Anime] Remux-1080p', 'Anime Raws', 'radarr', -10000);
INSERT OR IGNORE INTO quality_profile_custom_formats (quality_profile_name, custom_format_name, arr_type, score) VALUES ('[Anime] Remux-1080p', 'Anime LQ Groups', 'radarr', -10000);
INSERT OR IGNORE INTO quality_profile_custom_formats (quality_profile_name, custom_format_name, arr_type, score) VALUES ('[Anime] Remux-1080p', 'Uncensored', 'radarr', 0);
INSERT OR IGNORE INTO quality_profile_custom_formats (quality_profile_name, custom_format_name, arr_type, score) VALUES ('[Anime] Remux-1080p', 'v0', 'radarr', -51);
INSERT OR IGNORE INTO quality_profile_custom_formats (quality_profile_name, custom_format_name, arr_type, score) VALUES ('[Anime] Remux-1080p', 'v1', 'radarr', 1);
INSERT OR IGNORE INTO quality_profile_custom_formats (quality_profile_name, custom_format_name, arr_type, score) VALUES ('[Anime] Remux-1080p', 'v2', 'radarr', 2);
INSERT OR IGNORE INTO quality_profile_custom_formats (quality_profile_name, custom_format_name, arr_type, score) VALUES ('[Anime] Remux-1080p', 'v3', 'radarr', 3);
INSERT OR IGNORE INTO quality_profile_custom_formats (quality_profile_name, custom_format_name, arr_type, score) VALUES ('[Anime] Remux-1080p', 'v4', 'radarr', 4);
INSERT OR IGNORE INTO quality_profile_custom_formats (quality_profile_name, custom_format_name, arr_type, score) VALUES ('[Anime] Remux-1080p', 'VRV', 'radarr', 10);
INSERT OR IGNORE INTO quality_profile_custom_formats (quality_profile_name, custom_format_name, arr_type, score) VALUES ('[Anime] Remux-1080p', '10bit', 'radarr', 0);
INSERT OR IGNORE INTO quality_profile_custom_formats (quality_profile_name, custom_format_name, arr_type, score) VALUES ('[Anime] Remux-1080p', 'Anime Dual Audio', 'radarr', 0);
INSERT OR IGNORE INTO quality_profile_custom_formats (quality_profile_name, custom_format_name, arr_type, score) VALUES ('[Anime] Remux-1080p', 'Dubs Only', 'radarr', -10000);
INSERT OR IGNORE INTO quality_profile_custom_formats (quality_profile_name, custom_format_name, arr_type, score) VALUES ('[Anime] Remux-1080p', 'VOSTFR', 'radarr', -10000);
INSERT OR IGNORE INTO quality_profile_custom_formats (quality_profile_name, custom_format_name, arr_type, score) VALUES ('[Anime] Remux-1080p', 'AV1', 'radarr', -10000);

INSERT OR IGNORE INTO quality_profiles (name, description, upgrades_allowed, minimum_custom_format_score, upgrade_until_score, upgrade_score_increment) VALUES ('[French MULTi.VO] HD Bluray + WEB', 'French Quality Profile that covers:<br>- WEBDL: 1080p<br>- Bluray 720p, 1080p', 1, 0, 10000, 1);
INSERT OR IGNORE INTO quality_profile_qualities (quality_profile_name, quality_name, quality_group_name, position, enabled, upgrade_until) VALUES ('[French MULTi.VO] HD Bluray + WEB', 'Unknown', NULL, 0, 0, 0);
INSERT OR IGNORE INTO quality_profile_qualities (quality_profile_name, quality_name, quality_group_name, position, enabled, upgrade_until) VALUES ('[French MULTi.VO] HD Bluray + WEB', 'WORKPRINT', NULL, 1, 0, 0);
INSERT OR IGNORE INTO quality_profile_qualities (quality_profile_name, quality_name, quality_group_name, position, enabled, upgrade_until) VALUES ('[French MULTi.VO] HD Bluray + WEB', 'CAM', NULL, 2, 0, 0);
INSERT OR IGNORE INTO quality_profile_qualities (quality_profile_name, quality_name, quality_group_name, position, enabled, upgrade_until) VALUES ('[French MULTi.VO] HD Bluray + WEB', 'TELESYNC', NULL, 3, 0, 0);
INSERT OR IGNORE INTO quality_profile_qualities (quality_profile_name, quality_name, quality_group_name, position, enabled, upgrade_until) VALUES ('[French MULTi.VO] HD Bluray + WEB', 'TELECINE', NULL, 4, 0, 0);
INSERT OR IGNORE INTO quality_profile_qualities (quality_profile_name, quality_name, quality_group_name, position, enabled, upgrade_until) VALUES ('[French MULTi.VO] HD Bluray + WEB', 'REGIONAL', NULL, 5, 0, 0);
INSERT OR IGNORE INTO quality_profile_qualities (quality_profile_name, quality_name, quality_group_name, position, enabled, upgrade_until) VALUES ('[French MULTi.VO] HD Bluray + WEB', 'DVDSCR', NULL, 6, 0, 0);
INSERT OR IGNORE INTO quality_profile_qualities (quality_profile_name, quality_name, quality_group_name, position, enabled, upgrade_until) VALUES ('[French MULTi.VO] HD Bluray + WEB', 'SDTV', NULL, 7, 0, 0);
INSERT OR IGNORE INTO quality_profile_qualities (quality_profile_name, quality_name, quality_group_name, position, enabled, upgrade_until) VALUES ('[French MULTi.VO] HD Bluray + WEB', 'DVD', NULL, 8, 0, 0);
INSERT OR IGNORE INTO quality_profile_qualities (quality_profile_name, quality_name, quality_group_name, position, enabled, upgrade_until) VALUES ('[French MULTi.VO] HD Bluray + WEB', 'DVD-R', NULL, 9, 0, 0);
INSERT OR IGNORE INTO quality_groups (quality_profile_name, name) VALUES ('[French MULTi.VO] HD Bluray + WEB', 'WEB 480p');
INSERT OR IGNORE INTO quality_group_members (quality_profile_name, quality_group_name, quality_name) VALUES ('[French MULTi.VO] HD Bluray + WEB', 'WEB 480p', 'WEBDL-480p');
INSERT OR IGNORE INTO quality_group_members (quality_profile_name, quality_group_name, quality_name) VALUES ('[French MULTi.VO] HD Bluray + WEB', 'WEB 480p', 'WEBRip-480p');
INSERT OR IGNORE INTO quality_profile_qualities (quality_profile_name, quality_name, quality_group_name, position, enabled, upgrade_until) VALUES ('[French MULTi.VO] HD Bluray + WEB', NULL, 'WEB 480p', 10, 0, 0);
INSERT OR IGNORE INTO quality_profile_qualities (quality_profile_name, quality_name, quality_group_name, position, enabled, upgrade_until) VALUES ('[French MULTi.VO] HD Bluray + WEB', 'Bluray-480p', NULL, 11, 0, 0);
INSERT OR IGNORE INTO quality_profile_qualities (quality_profile_name, quality_name, quality_group_name, position, enabled, upgrade_until) VALUES ('[French MULTi.VO] HD Bluray + WEB', 'Bluray-576p', NULL, 12, 0, 0);
INSERT OR IGNORE INTO quality_profile_qualities (quality_profile_name, quality_name, quality_group_name, position, enabled, upgrade_until) VALUES ('[French MULTi.VO] HD Bluray + WEB', 'HDTV-720p', NULL, 13, 0, 0);
INSERT OR IGNORE INTO quality_groups (quality_profile_name, name) VALUES ('[French MULTi.VO] HD Bluray + WEB', 'WEB 720p');
INSERT OR IGNORE INTO quality_group_members (quality_profile_name, quality_group_name, quality_name) VALUES ('[French MULTi.VO] HD Bluray + WEB', 'WEB 720p', 'WEBDL-720p');
INSERT OR IGNORE INTO quality_group_members (quality_profile_name, quality_group_name, quality_name) VALUES ('[French MULTi.VO] HD Bluray + WEB', 'WEB 720p', 'WEBRip-720p');
INSERT OR IGNORE INTO quality_profile_qualities (quality_profile_name, quality_name, quality_group_name, position, enabled, upgrade_until) VALUES ('[French MULTi.VO] HD Bluray + WEB', NULL, 'WEB 720p', 14, 0, 0);
INSERT OR IGNORE INTO quality_profile_qualities (quality_profile_name, quality_name, quality_group_name, position, enabled, upgrade_until) VALUES ('[French MULTi.VO] HD Bluray + WEB', 'HDTV-1080p', NULL, 15, 0, 0);
INSERT OR IGNORE INTO quality_profile_qualities (quality_profile_name, quality_name, quality_group_name, position, enabled, upgrade_until) VALUES ('[French MULTi.VO] HD Bluray + WEB', 'Remux-1080p', NULL, 16, 0, 0);
INSERT OR IGNORE INTO quality_profile_qualities (quality_profile_name, quality_name, quality_group_name, position, enabled, upgrade_until) VALUES ('[French MULTi.VO] HD Bluray + WEB', 'HDTV-2160p', NULL, 17, 0, 0);
INSERT OR IGNORE INTO quality_groups (quality_profile_name, name) VALUES ('[French MULTi.VO] HD Bluray + WEB', 'WEB 2160p');
INSERT OR IGNORE INTO quality_group_members (quality_profile_name, quality_group_name, quality_name) VALUES ('[French MULTi.VO] HD Bluray + WEB', 'WEB 2160p', 'WEBDL-2160p');
INSERT OR IGNORE INTO quality_group_members (quality_profile_name, quality_group_name, quality_name) VALUES ('[French MULTi.VO] HD Bluray + WEB', 'WEB 2160p', 'WEBRip-2160p');
INSERT OR IGNORE INTO quality_profile_qualities (quality_profile_name, quality_name, quality_group_name, position, enabled, upgrade_until) VALUES ('[French MULTi.VO] HD Bluray + WEB', NULL, 'WEB 2160p', 18, 0, 0);
INSERT OR IGNORE INTO quality_profile_qualities (quality_profile_name, quality_name, quality_group_name, position, enabled, upgrade_until) VALUES ('[French MULTi.VO] HD Bluray + WEB', 'Bluray-2160p', NULL, 19, 0, 0);
INSERT OR IGNORE INTO quality_profile_qualities (quality_profile_name, quality_name, quality_group_name, position, enabled, upgrade_until) VALUES ('[French MULTi.VO] HD Bluray + WEB', 'Remux-2160p', NULL, 20, 0, 0);
INSERT OR IGNORE INTO quality_profile_qualities (quality_profile_name, quality_name, quality_group_name, position, enabled, upgrade_until) VALUES ('[French MULTi.VO] HD Bluray + WEB', 'BR-DISK', NULL, 21, 0, 0);
INSERT OR IGNORE INTO quality_profile_qualities (quality_profile_name, quality_name, quality_group_name, position, enabled, upgrade_until) VALUES ('[French MULTi.VO] HD Bluray + WEB', 'Raw-HD', NULL, 22, 0, 0);
INSERT OR IGNORE INTO quality_profile_qualities (quality_profile_name, quality_name, quality_group_name, position, enabled, upgrade_until) VALUES ('[French MULTi.VO] HD Bluray + WEB', 'Bluray-720p', NULL, 23, 1, 0);
INSERT OR IGNORE INTO quality_groups (quality_profile_name, name) VALUES ('[French MULTi.VO] HD Bluray + WEB', 'Bluray|WEB 1080p');
INSERT OR IGNORE INTO quality_group_members (quality_profile_name, quality_group_name, quality_name) VALUES ('[French MULTi.VO] HD Bluray + WEB', 'Bluray|WEB 1080p', 'WEBDL-1080p');
INSERT OR IGNORE INTO quality_group_members (quality_profile_name, quality_group_name, quality_name) VALUES ('[French MULTi.VO] HD Bluray + WEB', 'Bluray|WEB 1080p', 'WEBRip-1080p');
INSERT OR IGNORE INTO quality_group_members (quality_profile_name, quality_group_name, quality_name) VALUES ('[French MULTi.VO] HD Bluray + WEB', 'Bluray|WEB 1080p', 'Bluray-1080p');
INSERT OR IGNORE INTO quality_profile_qualities (quality_profile_name, quality_name, quality_group_name, position, enabled, upgrade_until) VALUES ('[French MULTi.VO] HD Bluray + WEB', NULL, 'Bluray|WEB 1080p', 24, 1, 1);
INSERT OR IGNORE INTO quality_profile_custom_formats (quality_profile_name, custom_format_name, arr_type, score) VALUES ('[French MULTi.VO] HD Bluray + WEB', 'VFF', 'radarr', 0);
INSERT OR IGNORE INTO quality_profile_custom_formats (quality_profile_name, custom_format_name, arr_type, score) VALUES ('[French MULTi.VO] HD Bluray + WEB', 'VOF', 'radarr', 0);
INSERT OR IGNORE INTO quality_profile_custom_formats (quality_profile_name, custom_format_name, arr_type, score) VALUES ('[French MULTi.VO] HD Bluray + WEB', 'VFI', 'radarr', 0);
INSERT OR IGNORE INTO quality_profile_custom_formats (quality_profile_name, custom_format_name, arr_type, score) VALUES ('[French MULTi.VO] HD Bluray + WEB', 'VF2', 'radarr', 0);
INSERT OR IGNORE INTO quality_profile_custom_formats (quality_profile_name, custom_format_name, arr_type, score) VALUES ('[French MULTi.VO] HD Bluray + WEB', 'VFQ', 'radarr', 0);
INSERT OR IGNORE INTO quality_profile_custom_formats (quality_profile_name, custom_format_name, arr_type, score) VALUES ('[French MULTi.VO] HD Bluray + WEB', 'VOQ', 'radarr', 0);
INSERT OR IGNORE INTO quality_profile_custom_formats (quality_profile_name, custom_format_name, arr_type, score) VALUES ('[French MULTi.VO] HD Bluray + WEB', 'VQ', 'radarr', 0);
INSERT OR IGNORE INTO quality_profile_custom_formats (quality_profile_name, custom_format_name, arr_type, score) VALUES ('[French MULTi.VO] HD Bluray + WEB', 'VFB', 'radarr', 0);
INSERT OR IGNORE INTO quality_profile_custom_formats (quality_profile_name, custom_format_name, arr_type, score) VALUES ('[French MULTi.VO] HD Bluray + WEB', 'Language: Not Original', 'radarr', -10000);
INSERT OR IGNORE INTO quality_profile_custom_formats (quality_profile_name, custom_format_name, arr_type, score) VALUES ('[French MULTi.VO] HD Bluray + WEB', 'Language: Not French', 'radarr', 0);
INSERT OR IGNORE INTO quality_profile_custom_formats (quality_profile_name, custom_format_name, arr_type, score) VALUES ('[French MULTi.VO] HD Bluray + WEB', 'Language: Original + French', 'radarr', 0);
INSERT OR IGNORE INTO quality_profile_custom_formats (quality_profile_name, custom_format_name, arr_type, score) VALUES ('[French MULTi.VO] HD Bluray + WEB', 'MULTi', 'radarr', 0);
INSERT OR IGNORE INTO quality_profile_custom_formats (quality_profile_name, custom_format_name, arr_type, score) VALUES ('[French MULTi.VO] HD Bluray + WEB', 'FR HD Bluray Tier 01', 'radarr', 1800);
INSERT OR IGNORE INTO quality_profile_custom_formats (quality_profile_name, custom_format_name, arr_type, score) VALUES ('[French MULTi.VO] HD Bluray + WEB', 'FR HD Bluray Tier 02', 'radarr', 1750);
INSERT OR IGNORE INTO quality_profile_custom_formats (quality_profile_name, custom_format_name, arr_type, score) VALUES ('[French MULTi.VO] HD Bluray + WEB', 'FR WEB Tier 01', 'radarr', 1700);
INSERT OR IGNORE INTO quality_profile_custom_formats (quality_profile_name, custom_format_name, arr_type, score) VALUES ('[French MULTi.VO] HD Bluray + WEB', 'FR WEB Tier 02', 'radarr', 1650);
INSERT OR IGNORE INTO quality_profile_custom_formats (quality_profile_name, custom_format_name, arr_type, score) VALUES ('[French MULTi.VO] HD Bluray + WEB', 'FR Scene Groups', 'radarr', 1500);
INSERT OR IGNORE INTO quality_profile_custom_formats (quality_profile_name, custom_format_name, arr_type, score) VALUES ('[French MULTi.VO] HD Bluray + WEB', 'FR LQ', 'radarr', -10000);
INSERT OR IGNORE INTO quality_profile_custom_formats (quality_profile_name, custom_format_name, arr_type, score) VALUES ('[French MULTi.VO] HD Bluray + WEB', 'HD Bluray Tier 01', 'radarr', 1800);
INSERT OR IGNORE INTO quality_profile_custom_formats (quality_profile_name, custom_format_name, arr_type, score) VALUES ('[French MULTi.VO] HD Bluray + WEB', 'HD Bluray Tier 02', 'radarr', 1750);
INSERT OR IGNORE INTO quality_profile_custom_formats (quality_profile_name, custom_format_name, arr_type, score) VALUES ('[French MULTi.VO] HD Bluray + WEB', 'HD Bluray Tier 03', 'radarr', 1700);
INSERT OR IGNORE INTO quality_profile_custom_formats (quality_profile_name, custom_format_name, arr_type, score) VALUES ('[French MULTi.VO] HD Bluray + WEB', 'WEB Tier 01', 'radarr', 1700);
INSERT OR IGNORE INTO quality_profile_custom_formats (quality_profile_name, custom_format_name, arr_type, score) VALUES ('[French MULTi.VO] HD Bluray + WEB', 'WEB Tier 02', 'radarr', 1650);
INSERT OR IGNORE INTO quality_profile_custom_formats (quality_profile_name, custom_format_name, arr_type, score) VALUES ('[French MULTi.VO] HD Bluray + WEB', 'WEB Tier 03', 'radarr', 1600);
INSERT OR IGNORE INTO quality_profile_custom_formats (quality_profile_name, custom_format_name, arr_type, score) VALUES ('[French MULTi.VO] HD Bluray + WEB', 'Repack/Proper', 'radarr', 5);
INSERT OR IGNORE INTO quality_profile_custom_formats (quality_profile_name, custom_format_name, arr_type, score) VALUES ('[French MULTi.VO] HD Bluray + WEB', 'Repack2', 'radarr', 6);
INSERT OR IGNORE INTO quality_profile_custom_formats (quality_profile_name, custom_format_name, arr_type, score) VALUES ('[French MULTi.VO] HD Bluray + WEB', 'Repack3', 'radarr', 7);
INSERT OR IGNORE INTO quality_profile_custom_formats (quality_profile_name, custom_format_name, arr_type, score) VALUES ('[French MULTi.VO] HD Bluray + WEB', 'BR-DISK', 'radarr', -10000);
INSERT OR IGNORE INTO quality_profile_custom_formats (quality_profile_name, custom_format_name, arr_type, score) VALUES ('[French MULTi.VO] HD Bluray + WEB', 'LQ', 'radarr', -10000);
INSERT OR IGNORE INTO quality_profile_custom_formats (quality_profile_name, custom_format_name, arr_type, score) VALUES ('[French MULTi.VO] HD Bluray + WEB', 'LQ (Release Title)', 'radarr', -10000);
INSERT OR IGNORE INTO quality_profile_custom_formats (quality_profile_name, custom_format_name, arr_type, score) VALUES ('[French MULTi.VO] HD Bluray + WEB', '3D', 'radarr', -10000);
INSERT OR IGNORE INTO quality_profile_custom_formats (quality_profile_name, custom_format_name, arr_type, score) VALUES ('[French MULTi.VO] HD Bluray + WEB', 'Upscaled', 'radarr', -10000);
INSERT OR IGNORE INTO quality_profile_custom_formats (quality_profile_name, custom_format_name, arr_type, score) VALUES ('[French MULTi.VO] HD Bluray + WEB', 'Extras', 'radarr', -10000);
INSERT OR IGNORE INTO quality_profile_custom_formats (quality_profile_name, custom_format_name, arr_type, score) VALUES ('[French MULTi.VO] HD Bluray + WEB', 'Sing-Along Versions', 'radarr', -10000);
INSERT OR IGNORE INTO quality_profile_custom_formats (quality_profile_name, custom_format_name, arr_type, score) VALUES ('[French MULTi.VO] HD Bluray + WEB', 'AV1', 'radarr', -10000);

INSERT OR IGNORE INTO quality_profiles (name, description, upgrades_allowed, minimum_custom_format_score, upgrade_until_score, upgrade_score_increment) VALUES ('[French MULTi.VO] HD Remux (1080p)', 'French Quality Profile that covers:<br>- WEBDL: 1080p<br>- Bluray 1080p<br>- Remux: 1080p', 1, 0, 10000, 1);
INSERT OR IGNORE INTO quality_profile_qualities (quality_profile_name, quality_name, quality_group_name, position, enabled, upgrade_until) VALUES ('[French MULTi.VO] HD Remux (1080p)', 'Unknown', NULL, 0, 0, 0);
INSERT OR IGNORE INTO quality_profile_qualities (quality_profile_name, quality_name, quality_group_name, position, enabled, upgrade_until) VALUES ('[French MULTi.VO] HD Remux (1080p)', 'WORKPRINT', NULL, 1, 0, 0);
INSERT OR IGNORE INTO quality_profile_qualities (quality_profile_name, quality_name, quality_group_name, position, enabled, upgrade_until) VALUES ('[French MULTi.VO] HD Remux (1080p)', 'CAM', NULL, 2, 0, 0);
INSERT OR IGNORE INTO quality_profile_qualities (quality_profile_name, quality_name, quality_group_name, position, enabled, upgrade_until) VALUES ('[French MULTi.VO] HD Remux (1080p)', 'TELESYNC', NULL, 3, 0, 0);
INSERT OR IGNORE INTO quality_profile_qualities (quality_profile_name, quality_name, quality_group_name, position, enabled, upgrade_until) VALUES ('[French MULTi.VO] HD Remux (1080p)', 'TELECINE', NULL, 4, 0, 0);
INSERT OR IGNORE INTO quality_profile_qualities (quality_profile_name, quality_name, quality_group_name, position, enabled, upgrade_until) VALUES ('[French MULTi.VO] HD Remux (1080p)', 'REGIONAL', NULL, 5, 0, 0);
INSERT OR IGNORE INTO quality_profile_qualities (quality_profile_name, quality_name, quality_group_name, position, enabled, upgrade_until) VALUES ('[French MULTi.VO] HD Remux (1080p)', 'DVDSCR', NULL, 6, 0, 0);
INSERT OR IGNORE INTO quality_profile_qualities (quality_profile_name, quality_name, quality_group_name, position, enabled, upgrade_until) VALUES ('[French MULTi.VO] HD Remux (1080p)', 'SDTV', NULL, 7, 0, 0);
INSERT OR IGNORE INTO quality_profile_qualities (quality_profile_name, quality_name, quality_group_name, position, enabled, upgrade_until) VALUES ('[French MULTi.VO] HD Remux (1080p)', 'DVD', NULL, 8, 0, 0);
INSERT OR IGNORE INTO quality_profile_qualities (quality_profile_name, quality_name, quality_group_name, position, enabled, upgrade_until) VALUES ('[French MULTi.VO] HD Remux (1080p)', 'DVD-R', NULL, 9, 0, 0);
INSERT OR IGNORE INTO quality_groups (quality_profile_name, name) VALUES ('[French MULTi.VO] HD Remux (1080p)', 'WEB 480p');
INSERT OR IGNORE INTO quality_group_members (quality_profile_name, quality_group_name, quality_name) VALUES ('[French MULTi.VO] HD Remux (1080p)', 'WEB 480p', 'WEBDL-480p');
INSERT OR IGNORE INTO quality_group_members (quality_profile_name, quality_group_name, quality_name) VALUES ('[French MULTi.VO] HD Remux (1080p)', 'WEB 480p', 'WEBRip-480p');
INSERT OR IGNORE INTO quality_profile_qualities (quality_profile_name, quality_name, quality_group_name, position, enabled, upgrade_until) VALUES ('[French MULTi.VO] HD Remux (1080p)', NULL, 'WEB 480p', 10, 0, 0);
INSERT OR IGNORE INTO quality_profile_qualities (quality_profile_name, quality_name, quality_group_name, position, enabled, upgrade_until) VALUES ('[French MULTi.VO] HD Remux (1080p)', 'Bluray-480p', NULL, 11, 0, 0);
INSERT OR IGNORE INTO quality_profile_qualities (quality_profile_name, quality_name, quality_group_name, position, enabled, upgrade_until) VALUES ('[French MULTi.VO] HD Remux (1080p)', 'Bluray-576p', NULL, 12, 0, 0);
INSERT OR IGNORE INTO quality_profile_qualities (quality_profile_name, quality_name, quality_group_name, position, enabled, upgrade_until) VALUES ('[French MULTi.VO] HD Remux (1080p)', 'HDTV-720p', NULL, 13, 0, 0);
INSERT OR IGNORE INTO quality_groups (quality_profile_name, name) VALUES ('[French MULTi.VO] HD Remux (1080p)', 'WEB 720p');
INSERT OR IGNORE INTO quality_group_members (quality_profile_name, quality_group_name, quality_name) VALUES ('[French MULTi.VO] HD Remux (1080p)', 'WEB 720p', 'WEBDL-720p');
INSERT OR IGNORE INTO quality_group_members (quality_profile_name, quality_group_name, quality_name) VALUES ('[French MULTi.VO] HD Remux (1080p)', 'WEB 720p', 'WEBRip-720p');
INSERT OR IGNORE INTO quality_profile_qualities (quality_profile_name, quality_name, quality_group_name, position, enabled, upgrade_until) VALUES ('[French MULTi.VO] HD Remux (1080p)', NULL, 'WEB 720p', 14, 0, 0);
INSERT OR IGNORE INTO quality_profile_qualities (quality_profile_name, quality_name, quality_group_name, position, enabled, upgrade_until) VALUES ('[French MULTi.VO] HD Remux (1080p)', 'Bluray-720p', NULL, 15, 0, 0);
INSERT OR IGNORE INTO quality_profile_qualities (quality_profile_name, quality_name, quality_group_name, position, enabled, upgrade_until) VALUES ('[French MULTi.VO] HD Remux (1080p)', 'HDTV-1080p', NULL, 16, 0, 0);
INSERT OR IGNORE INTO quality_profile_qualities (quality_profile_name, quality_name, quality_group_name, position, enabled, upgrade_until) VALUES ('[French MULTi.VO] HD Remux (1080p)', 'HDTV-2160p', NULL, 17, 0, 0);
INSERT OR IGNORE INTO quality_groups (quality_profile_name, name) VALUES ('[French MULTi.VO] HD Remux (1080p)', 'WEB 2160p');
INSERT OR IGNORE INTO quality_group_members (quality_profile_name, quality_group_name, quality_name) VALUES ('[French MULTi.VO] HD Remux (1080p)', 'WEB 2160p', 'WEBDL-2160p');
INSERT OR IGNORE INTO quality_group_members (quality_profile_name, quality_group_name, quality_name) VALUES ('[French MULTi.VO] HD Remux (1080p)', 'WEB 2160p', 'WEBRip-2160p');
INSERT OR IGNORE INTO quality_profile_qualities (quality_profile_name, quality_name, quality_group_name, position, enabled, upgrade_until) VALUES ('[French MULTi.VO] HD Remux (1080p)', NULL, 'WEB 2160p', 18, 0, 0);
INSERT OR IGNORE INTO quality_profile_qualities (quality_profile_name, quality_name, quality_group_name, position, enabled, upgrade_until) VALUES ('[French MULTi.VO] HD Remux (1080p)', 'Bluray-2160p', NULL, 19, 0, 0);
INSERT OR IGNORE INTO quality_profile_qualities (quality_profile_name, quality_name, quality_group_name, position, enabled, upgrade_until) VALUES ('[French MULTi.VO] HD Remux (1080p)', 'Remux-2160p', NULL, 20, 0, 0);
INSERT OR IGNORE INTO quality_profile_qualities (quality_profile_name, quality_name, quality_group_name, position, enabled, upgrade_until) VALUES ('[French MULTi.VO] HD Remux (1080p)', 'BR-DISK', NULL, 21, 0, 0);
INSERT OR IGNORE INTO quality_profile_qualities (quality_profile_name, quality_name, quality_group_name, position, enabled, upgrade_until) VALUES ('[French MULTi.VO] HD Remux (1080p)', 'Raw-HD', NULL, 22, 0, 0);
INSERT OR IGNORE INTO quality_groups (quality_profile_name, name) VALUES ('[French MULTi.VO] HD Remux (1080p)', 'Bluray|WEB 1080p');
INSERT OR IGNORE INTO quality_group_members (quality_profile_name, quality_group_name, quality_name) VALUES ('[French MULTi.VO] HD Remux (1080p)', 'Bluray|WEB 1080p', 'WEBDL-1080p');
INSERT OR IGNORE INTO quality_group_members (quality_profile_name, quality_group_name, quality_name) VALUES ('[French MULTi.VO] HD Remux (1080p)', 'Bluray|WEB 1080p', 'WEBRip-1080p');
INSERT OR IGNORE INTO quality_group_members (quality_profile_name, quality_group_name, quality_name) VALUES ('[French MULTi.VO] HD Remux (1080p)', 'Bluray|WEB 1080p', 'Bluray-1080p');
INSERT OR IGNORE INTO quality_profile_qualities (quality_profile_name, quality_name, quality_group_name, position, enabled, upgrade_until) VALUES ('[French MULTi.VO] HD Remux (1080p)', NULL, 'Bluray|WEB 1080p', 23, 1, 0);
INSERT OR IGNORE INTO quality_profile_qualities (quality_profile_name, quality_name, quality_group_name, position, enabled, upgrade_until) VALUES ('[French MULTi.VO] HD Remux (1080p)', 'Remux-1080p', NULL, 24, 1, 1);
INSERT OR IGNORE INTO quality_profile_custom_formats (quality_profile_name, custom_format_name, arr_type, score) VALUES ('[French MULTi.VO] HD Remux (1080p)', 'VFF', 'radarr', 0);
INSERT OR IGNORE INTO quality_profile_custom_formats (quality_profile_name, custom_format_name, arr_type, score) VALUES ('[French MULTi.VO] HD Remux (1080p)', 'VOF', 'radarr', 0);
INSERT OR IGNORE INTO quality_profile_custom_formats (quality_profile_name, custom_format_name, arr_type, score) VALUES ('[French MULTi.VO] HD Remux (1080p)', 'VFI', 'radarr', 0);
INSERT OR IGNORE INTO quality_profile_custom_formats (quality_profile_name, custom_format_name, arr_type, score) VALUES ('[French MULTi.VO] HD Remux (1080p)', 'VF2', 'radarr', 0);
INSERT OR IGNORE INTO quality_profile_custom_formats (quality_profile_name, custom_format_name, arr_type, score) VALUES ('[French MULTi.VO] HD Remux (1080p)', 'VFQ', 'radarr', 0);
INSERT OR IGNORE INTO quality_profile_custom_formats (quality_profile_name, custom_format_name, arr_type, score) VALUES ('[French MULTi.VO] HD Remux (1080p)', 'VOQ', 'radarr', 0);
INSERT OR IGNORE INTO quality_profile_custom_formats (quality_profile_name, custom_format_name, arr_type, score) VALUES ('[French MULTi.VO] HD Remux (1080p)', 'VQ', 'radarr', 0);
INSERT OR IGNORE INTO quality_profile_custom_formats (quality_profile_name, custom_format_name, arr_type, score) VALUES ('[French MULTi.VO] HD Remux (1080p)', 'VFB', 'radarr', 0);
INSERT OR IGNORE INTO quality_profile_custom_formats (quality_profile_name, custom_format_name, arr_type, score) VALUES ('[French MULTi.VO] HD Remux (1080p)', 'Language: Not Original', 'radarr', -10000);
INSERT OR IGNORE INTO quality_profile_custom_formats (quality_profile_name, custom_format_name, arr_type, score) VALUES ('[French MULTi.VO] HD Remux (1080p)', 'Language: Not French', 'radarr', 0);
INSERT OR IGNORE INTO quality_profile_custom_formats (quality_profile_name, custom_format_name, arr_type, score) VALUES ('[French MULTi.VO] HD Remux (1080p)', 'Language: Original + French', 'radarr', 0);
INSERT OR IGNORE INTO quality_profile_custom_formats (quality_profile_name, custom_format_name, arr_type, score) VALUES ('[French MULTi.VO] HD Remux (1080p)', 'MULTi', 'radarr', 0);
INSERT OR IGNORE INTO quality_profile_custom_formats (quality_profile_name, custom_format_name, arr_type, score) VALUES ('[French MULTi.VO] HD Remux (1080p)', 'FR Remux Tier 01', 'radarr', 1950);
INSERT OR IGNORE INTO quality_profile_custom_formats (quality_profile_name, custom_format_name, arr_type, score) VALUES ('[French MULTi.VO] HD Remux (1080p)', 'FR Remux Tier 02', 'radarr', 1900);
INSERT OR IGNORE INTO quality_profile_custom_formats (quality_profile_name, custom_format_name, arr_type, score) VALUES ('[French MULTi.VO] HD Remux (1080p)', 'FR WEB Tier 01', 'radarr', 1700);
INSERT OR IGNORE INTO quality_profile_custom_formats (quality_profile_name, custom_format_name, arr_type, score) VALUES ('[French MULTi.VO] HD Remux (1080p)', 'FR WEB Tier 02', 'radarr', 1650);
INSERT OR IGNORE INTO quality_profile_custom_formats (quality_profile_name, custom_format_name, arr_type, score) VALUES ('[French MULTi.VO] HD Remux (1080p)', 'FR Scene Groups', 'radarr', 1500);
INSERT OR IGNORE INTO quality_profile_custom_formats (quality_profile_name, custom_format_name, arr_type, score) VALUES ('[French MULTi.VO] HD Remux (1080p)', 'FR LQ', 'radarr', -10000);
INSERT OR IGNORE INTO quality_profile_custom_formats (quality_profile_name, custom_format_name, arr_type, score) VALUES ('[French MULTi.VO] HD Remux (1080p)', 'Remux Tier 01', 'radarr', 1950);
INSERT OR IGNORE INTO quality_profile_custom_formats (quality_profile_name, custom_format_name, arr_type, score) VALUES ('[French MULTi.VO] HD Remux (1080p)', 'Remux Tier 02', 'radarr', 1900);
INSERT OR IGNORE INTO quality_profile_custom_formats (quality_profile_name, custom_format_name, arr_type, score) VALUES ('[French MULTi.VO] HD Remux (1080p)', 'Remux Tier 03', 'radarr', 1850);
INSERT OR IGNORE INTO quality_profile_custom_formats (quality_profile_name, custom_format_name, arr_type, score) VALUES ('[French MULTi.VO] HD Remux (1080p)', 'WEB Tier 01', 'radarr', 1700);
INSERT OR IGNORE INTO quality_profile_custom_formats (quality_profile_name, custom_format_name, arr_type, score) VALUES ('[French MULTi.VO] HD Remux (1080p)', 'WEB Tier 02', 'radarr', 1650);
INSERT OR IGNORE INTO quality_profile_custom_formats (quality_profile_name, custom_format_name, arr_type, score) VALUES ('[French MULTi.VO] HD Remux (1080p)', 'WEB Tier 03', 'radarr', 1600);
INSERT OR IGNORE INTO quality_profile_custom_formats (quality_profile_name, custom_format_name, arr_type, score) VALUES ('[French MULTi.VO] HD Remux (1080p)', 'Repack/Proper', 'radarr', 5);
INSERT OR IGNORE INTO quality_profile_custom_formats (quality_profile_name, custom_format_name, arr_type, score) VALUES ('[French MULTi.VO] HD Remux (1080p)', 'Repack2', 'radarr', 6);
INSERT OR IGNORE INTO quality_profile_custom_formats (quality_profile_name, custom_format_name, arr_type, score) VALUES ('[French MULTi.VO] HD Remux (1080p)', 'Repack3', 'radarr', 7);
INSERT OR IGNORE INTO quality_profile_custom_formats (quality_profile_name, custom_format_name, arr_type, score) VALUES ('[French MULTi.VO] HD Remux (1080p)', 'BR-DISK', 'radarr', -10000);
INSERT OR IGNORE INTO quality_profile_custom_formats (quality_profile_name, custom_format_name, arr_type, score) VALUES ('[French MULTi.VO] HD Remux (1080p)', 'LQ', 'radarr', -10000);
INSERT OR IGNORE INTO quality_profile_custom_formats (quality_profile_name, custom_format_name, arr_type, score) VALUES ('[French MULTi.VO] HD Remux (1080p)', 'LQ (Release Title)', 'radarr', -10000);
INSERT OR IGNORE INTO quality_profile_custom_formats (quality_profile_name, custom_format_name, arr_type, score) VALUES ('[French MULTi.VO] HD Remux (1080p)', '3D', 'radarr', -10000);
INSERT OR IGNORE INTO quality_profile_custom_formats (quality_profile_name, custom_format_name, arr_type, score) VALUES ('[French MULTi.VO] HD Remux (1080p)', 'Upscaled', 'radarr', -10000);
INSERT OR IGNORE INTO quality_profile_custom_formats (quality_profile_name, custom_format_name, arr_type, score) VALUES ('[French MULTi.VO] HD Remux (1080p)', 'Extras', 'radarr', -10000);
INSERT OR IGNORE INTO quality_profile_custom_formats (quality_profile_name, custom_format_name, arr_type, score) VALUES ('[French MULTi.VO] HD Remux (1080p)', 'Sing-Along Versions', 'radarr', -10000);
INSERT OR IGNORE INTO quality_profile_custom_formats (quality_profile_name, custom_format_name, arr_type, score) VALUES ('[French MULTi.VO] HD Remux (1080p)', 'AV1', 'radarr', -10000);

INSERT OR IGNORE INTO quality_profiles (name, description, upgrades_allowed, minimum_custom_format_score, upgrade_until_score, upgrade_score_increment) VALUES ('[French MULTi.VO] UHD Bluray + WEB', 'French Quality Profile that covers:<br>- WEBDL: 1080p, 2160p<br>- Bluray: 2160p<br>- Remux: 1080p', 1, 0, 10000, 1);
INSERT OR IGNORE INTO quality_profile_qualities (quality_profile_name, quality_name, quality_group_name, position, enabled, upgrade_until) VALUES ('[French MULTi.VO] UHD Bluray + WEB', 'Unknown', NULL, 0, 0, 0);
INSERT OR IGNORE INTO quality_profile_qualities (quality_profile_name, quality_name, quality_group_name, position, enabled, upgrade_until) VALUES ('[French MULTi.VO] UHD Bluray + WEB', 'WORKPRINT', NULL, 1, 0, 0);
INSERT OR IGNORE INTO quality_profile_qualities (quality_profile_name, quality_name, quality_group_name, position, enabled, upgrade_until) VALUES ('[French MULTi.VO] UHD Bluray + WEB', 'CAM', NULL, 2, 0, 0);
INSERT OR IGNORE INTO quality_profile_qualities (quality_profile_name, quality_name, quality_group_name, position, enabled, upgrade_until) VALUES ('[French MULTi.VO] UHD Bluray + WEB', 'TELESYNC', NULL, 3, 0, 0);
INSERT OR IGNORE INTO quality_profile_qualities (quality_profile_name, quality_name, quality_group_name, position, enabled, upgrade_until) VALUES ('[French MULTi.VO] UHD Bluray + WEB', 'TELECINE', NULL, 4, 0, 0);
INSERT OR IGNORE INTO quality_profile_qualities (quality_profile_name, quality_name, quality_group_name, position, enabled, upgrade_until) VALUES ('[French MULTi.VO] UHD Bluray + WEB', 'REGIONAL', NULL, 5, 0, 0);
INSERT OR IGNORE INTO quality_profile_qualities (quality_profile_name, quality_name, quality_group_name, position, enabled, upgrade_until) VALUES ('[French MULTi.VO] UHD Bluray + WEB', 'DVDSCR', NULL, 6, 0, 0);
INSERT OR IGNORE INTO quality_profile_qualities (quality_profile_name, quality_name, quality_group_name, position, enabled, upgrade_until) VALUES ('[French MULTi.VO] UHD Bluray + WEB', 'SDTV', NULL, 7, 0, 0);
INSERT OR IGNORE INTO quality_profile_qualities (quality_profile_name, quality_name, quality_group_name, position, enabled, upgrade_until) VALUES ('[French MULTi.VO] UHD Bluray + WEB', 'DVD', NULL, 8, 0, 0);
INSERT OR IGNORE INTO quality_profile_qualities (quality_profile_name, quality_name, quality_group_name, position, enabled, upgrade_until) VALUES ('[French MULTi.VO] UHD Bluray + WEB', 'DVD-R', NULL, 9, 0, 0);
INSERT OR IGNORE INTO quality_groups (quality_profile_name, name) VALUES ('[French MULTi.VO] UHD Bluray + WEB', 'WEB 480p');
INSERT OR IGNORE INTO quality_group_members (quality_profile_name, quality_group_name, quality_name) VALUES ('[French MULTi.VO] UHD Bluray + WEB', 'WEB 480p', 'WEBDL-480p');
INSERT OR IGNORE INTO quality_group_members (quality_profile_name, quality_group_name, quality_name) VALUES ('[French MULTi.VO] UHD Bluray + WEB', 'WEB 480p', 'WEBRip-480p');
INSERT OR IGNORE INTO quality_profile_qualities (quality_profile_name, quality_name, quality_group_name, position, enabled, upgrade_until) VALUES ('[French MULTi.VO] UHD Bluray + WEB', NULL, 'WEB 480p', 10, 0, 0);
INSERT OR IGNORE INTO quality_profile_qualities (quality_profile_name, quality_name, quality_group_name, position, enabled, upgrade_until) VALUES ('[French MULTi.VO] UHD Bluray + WEB', 'Bluray-480p', NULL, 11, 0, 0);
INSERT OR IGNORE INTO quality_profile_qualities (quality_profile_name, quality_name, quality_group_name, position, enabled, upgrade_until) VALUES ('[French MULTi.VO] UHD Bluray + WEB', 'Bluray-576p', NULL, 12, 0, 0);
INSERT OR IGNORE INTO quality_profile_qualities (quality_profile_name, quality_name, quality_group_name, position, enabled, upgrade_until) VALUES ('[French MULTi.VO] UHD Bluray + WEB', 'HDTV-720p', NULL, 13, 0, 0);
INSERT OR IGNORE INTO quality_groups (quality_profile_name, name) VALUES ('[French MULTi.VO] UHD Bluray + WEB', 'WEB 720p');
INSERT OR IGNORE INTO quality_group_members (quality_profile_name, quality_group_name, quality_name) VALUES ('[French MULTi.VO] UHD Bluray + WEB', 'WEB 720p', 'WEBDL-720p');
INSERT OR IGNORE INTO quality_group_members (quality_profile_name, quality_group_name, quality_name) VALUES ('[French MULTi.VO] UHD Bluray + WEB', 'WEB 720p', 'WEBRip-720p');
INSERT OR IGNORE INTO quality_profile_qualities (quality_profile_name, quality_name, quality_group_name, position, enabled, upgrade_until) VALUES ('[French MULTi.VO] UHD Bluray + WEB', NULL, 'WEB 720p', 14, 0, 0);
INSERT OR IGNORE INTO quality_profile_qualities (quality_profile_name, quality_name, quality_group_name, position, enabled, upgrade_until) VALUES ('[French MULTi.VO] UHD Bluray + WEB', 'Bluray-720p', NULL, 15, 0, 0);
INSERT OR IGNORE INTO quality_profile_qualities (quality_profile_name, quality_name, quality_group_name, position, enabled, upgrade_until) VALUES ('[French MULTi.VO] UHD Bluray + WEB', 'HDTV-1080p', NULL, 16, 0, 0);
INSERT OR IGNORE INTO quality_groups (quality_profile_name, name) VALUES ('[French MULTi.VO] UHD Bluray + WEB', 'WEB 1080p');
INSERT OR IGNORE INTO quality_group_members (quality_profile_name, quality_group_name, quality_name) VALUES ('[French MULTi.VO] UHD Bluray + WEB', 'WEB 1080p', 'WEBDL-1080p');
INSERT OR IGNORE INTO quality_group_members (quality_profile_name, quality_group_name, quality_name) VALUES ('[French MULTi.VO] UHD Bluray + WEB', 'WEB 1080p', 'WEBRip-1080p');
INSERT OR IGNORE INTO quality_profile_qualities (quality_profile_name, quality_name, quality_group_name, position, enabled, upgrade_until) VALUES ('[French MULTi.VO] UHD Bluray + WEB', NULL, 'WEB 1080p', 17, 0, 0);
INSERT OR IGNORE INTO quality_profile_qualities (quality_profile_name, quality_name, quality_group_name, position, enabled, upgrade_until) VALUES ('[French MULTi.VO] UHD Bluray + WEB', 'Bluray-1080p', NULL, 18, 0, 0);
INSERT OR IGNORE INTO quality_profile_qualities (quality_profile_name, quality_name, quality_group_name, position, enabled, upgrade_until) VALUES ('[French MULTi.VO] UHD Bluray + WEB', 'HDTV-2160p', NULL, 19, 0, 0);
INSERT OR IGNORE INTO quality_profile_qualities (quality_profile_name, quality_name, quality_group_name, position, enabled, upgrade_until) VALUES ('[French MULTi.VO] UHD Bluray + WEB', 'Remux-2160p', NULL, 20, 0, 0);
INSERT OR IGNORE INTO quality_profile_qualities (quality_profile_name, quality_name, quality_group_name, position, enabled, upgrade_until) VALUES ('[French MULTi.VO] UHD Bluray + WEB', 'BR-DISK', NULL, 21, 0, 0);
INSERT OR IGNORE INTO quality_profile_qualities (quality_profile_name, quality_name, quality_group_name, position, enabled, upgrade_until) VALUES ('[French MULTi.VO] UHD Bluray + WEB', 'Raw-HD', NULL, 22, 0, 0);
INSERT OR IGNORE INTO quality_profile_qualities (quality_profile_name, quality_name, quality_group_name, position, enabled, upgrade_until) VALUES ('[French MULTi.VO] UHD Bluray + WEB', 'Remux-1080p', NULL, 23, 1, 0);
INSERT OR IGNORE INTO quality_groups (quality_profile_name, name) VALUES ('[French MULTi.VO] UHD Bluray + WEB', 'Bluray|WEB 2160p');
INSERT OR IGNORE INTO quality_group_members (quality_profile_name, quality_group_name, quality_name) VALUES ('[French MULTi.VO] UHD Bluray + WEB', 'Bluray|WEB 2160p', 'WEBDL-2160p');
INSERT OR IGNORE INTO quality_group_members (quality_profile_name, quality_group_name, quality_name) VALUES ('[French MULTi.VO] UHD Bluray + WEB', 'Bluray|WEB 2160p', 'WEBRip-2160p');
INSERT OR IGNORE INTO quality_group_members (quality_profile_name, quality_group_name, quality_name) VALUES ('[French MULTi.VO] UHD Bluray + WEB', 'Bluray|WEB 2160p', 'Bluray-2160p');
INSERT OR IGNORE INTO quality_profile_qualities (quality_profile_name, quality_name, quality_group_name, position, enabled, upgrade_until) VALUES ('[French MULTi.VO] UHD Bluray + WEB', NULL, 'Bluray|WEB 2160p', 24, 1, 1);
INSERT OR IGNORE INTO quality_profile_custom_formats (quality_profile_name, custom_format_name, arr_type, score) VALUES ('[French MULTi.VO] UHD Bluray + WEB', 'VFF', 'radarr', 0);
INSERT OR IGNORE INTO quality_profile_custom_formats (quality_profile_name, custom_format_name, arr_type, score) VALUES ('[French MULTi.VO] UHD Bluray + WEB', 'VOF', 'radarr', 0);
INSERT OR IGNORE INTO quality_profile_custom_formats (quality_profile_name, custom_format_name, arr_type, score) VALUES ('[French MULTi.VO] UHD Bluray + WEB', 'VFI', 'radarr', 0);
INSERT OR IGNORE INTO quality_profile_custom_formats (quality_profile_name, custom_format_name, arr_type, score) VALUES ('[French MULTi.VO] UHD Bluray + WEB', 'VF2', 'radarr', 0);
INSERT OR IGNORE INTO quality_profile_custom_formats (quality_profile_name, custom_format_name, arr_type, score) VALUES ('[French MULTi.VO] UHD Bluray + WEB', 'VFQ', 'radarr', 0);
INSERT OR IGNORE INTO quality_profile_custom_formats (quality_profile_name, custom_format_name, arr_type, score) VALUES ('[French MULTi.VO] UHD Bluray + WEB', 'VOQ', 'radarr', 0);
INSERT OR IGNORE INTO quality_profile_custom_formats (quality_profile_name, custom_format_name, arr_type, score) VALUES ('[French MULTi.VO] UHD Bluray + WEB', 'VQ', 'radarr', 0);
INSERT OR IGNORE INTO quality_profile_custom_formats (quality_profile_name, custom_format_name, arr_type, score) VALUES ('[French MULTi.VO] UHD Bluray + WEB', 'VFB', 'radarr', 0);
INSERT OR IGNORE INTO quality_profile_custom_formats (quality_profile_name, custom_format_name, arr_type, score) VALUES ('[French MULTi.VO] UHD Bluray + WEB', 'Language: Not Original', 'radarr', -10000);
INSERT OR IGNORE INTO quality_profile_custom_formats (quality_profile_name, custom_format_name, arr_type, score) VALUES ('[French MULTi.VO] UHD Bluray + WEB', 'Language: Not French', 'radarr', 0);
INSERT OR IGNORE INTO quality_profile_custom_formats (quality_profile_name, custom_format_name, arr_type, score) VALUES ('[French MULTi.VO] UHD Bluray + WEB', 'Language: Original + French', 'radarr', 0);
INSERT OR IGNORE INTO quality_profile_custom_formats (quality_profile_name, custom_format_name, arr_type, score) VALUES ('[French MULTi.VO] UHD Bluray + WEB', 'MULTi', 'radarr', 0);
INSERT OR IGNORE INTO quality_profile_custom_formats (quality_profile_name, custom_format_name, arr_type, score) VALUES ('[French MULTi.VO] UHD Bluray + WEB', 'FR UHD Bluray Tier 01', 'radarr', 1800);
INSERT OR IGNORE INTO quality_profile_custom_formats (quality_profile_name, custom_format_name, arr_type, score) VALUES ('[French MULTi.VO] UHD Bluray + WEB', 'FR UHD Bluray Tier 02', 'radarr', 1750);
INSERT OR IGNORE INTO quality_profile_custom_formats (quality_profile_name, custom_format_name, arr_type, score) VALUES ('[French MULTi.VO] UHD Bluray + WEB', 'FR Remux Tier 01', 'radarr', 1950);
INSERT OR IGNORE INTO quality_profile_custom_formats (quality_profile_name, custom_format_name, arr_type, score) VALUES ('[French MULTi.VO] UHD Bluray + WEB', 'FR Remux Tier 02', 'radarr', 1900);
INSERT OR IGNORE INTO quality_profile_custom_formats (quality_profile_name, custom_format_name, arr_type, score) VALUES ('[French MULTi.VO] UHD Bluray + WEB', 'FR WEB Tier 01', 'radarr', 1700);
INSERT OR IGNORE INTO quality_profile_custom_formats (quality_profile_name, custom_format_name, arr_type, score) VALUES ('[French MULTi.VO] UHD Bluray + WEB', 'FR WEB Tier 02', 'radarr', 1650);
INSERT OR IGNORE INTO quality_profile_custom_formats (quality_profile_name, custom_format_name, arr_type, score) VALUES ('[French MULTi.VO] UHD Bluray + WEB', 'FR Scene Groups', 'radarr', 1500);
INSERT OR IGNORE INTO quality_profile_custom_formats (quality_profile_name, custom_format_name, arr_type, score) VALUES ('[French MULTi.VO] UHD Bluray + WEB', 'FR LQ', 'radarr', -10000);
INSERT OR IGNORE INTO quality_profile_custom_formats (quality_profile_name, custom_format_name, arr_type, score) VALUES ('[French MULTi.VO] UHD Bluray + WEB', 'Remux Tier 01', 'radarr', 1950);
INSERT OR IGNORE INTO quality_profile_custom_formats (quality_profile_name, custom_format_name, arr_type, score) VALUES ('[French MULTi.VO] UHD Bluray + WEB', 'Remux Tier 02', 'radarr', 1900);
INSERT OR IGNORE INTO quality_profile_custom_formats (quality_profile_name, custom_format_name, arr_type, score) VALUES ('[French MULTi.VO] UHD Bluray + WEB', 'Remux Tier 03', 'radarr', 1850);
INSERT OR IGNORE INTO quality_profile_custom_formats (quality_profile_name, custom_format_name, arr_type, score) VALUES ('[French MULTi.VO] UHD Bluray + WEB', 'UHD Bluray Tier 01', 'radarr', 1800);
INSERT OR IGNORE INTO quality_profile_custom_formats (quality_profile_name, custom_format_name, arr_type, score) VALUES ('[French MULTi.VO] UHD Bluray + WEB', 'UHD Bluray Tier 02', 'radarr', 1750);
INSERT OR IGNORE INTO quality_profile_custom_formats (quality_profile_name, custom_format_name, arr_type, score) VALUES ('[French MULTi.VO] UHD Bluray + WEB', 'UHD Bluray Tier 03', 'radarr', 1700);
INSERT OR IGNORE INTO quality_profile_custom_formats (quality_profile_name, custom_format_name, arr_type, score) VALUES ('[French MULTi.VO] UHD Bluray + WEB', 'WEB Tier 01', 'radarr', 1700);
INSERT OR IGNORE INTO quality_profile_custom_formats (quality_profile_name, custom_format_name, arr_type, score) VALUES ('[French MULTi.VO] UHD Bluray + WEB', 'WEB Tier 02', 'radarr', 1650);
INSERT OR IGNORE INTO quality_profile_custom_formats (quality_profile_name, custom_format_name, arr_type, score) VALUES ('[French MULTi.VO] UHD Bluray + WEB', 'WEB Tier 03', 'radarr', 1600);
INSERT OR IGNORE INTO quality_profile_custom_formats (quality_profile_name, custom_format_name, arr_type, score) VALUES ('[French MULTi.VO] UHD Bluray + WEB', 'Repack/Proper', 'radarr', 5);
INSERT OR IGNORE INTO quality_profile_custom_formats (quality_profile_name, custom_format_name, arr_type, score) VALUES ('[French MULTi.VO] UHD Bluray + WEB', 'Repack2', 'radarr', 6);
INSERT OR IGNORE INTO quality_profile_custom_formats (quality_profile_name, custom_format_name, arr_type, score) VALUES ('[French MULTi.VO] UHD Bluray + WEB', 'Repack3', 'radarr', 7);
INSERT OR IGNORE INTO quality_profile_custom_formats (quality_profile_name, custom_format_name, arr_type, score) VALUES ('[French MULTi.VO] UHD Bluray + WEB', 'BR-DISK', 'radarr', -10000);
INSERT OR IGNORE INTO quality_profile_custom_formats (quality_profile_name, custom_format_name, arr_type, score) VALUES ('[French MULTi.VO] UHD Bluray + WEB', 'LQ', 'radarr', -10000);
INSERT OR IGNORE INTO quality_profile_custom_formats (quality_profile_name, custom_format_name, arr_type, score) VALUES ('[French MULTi.VO] UHD Bluray + WEB', 'LQ (Release Title)', 'radarr', -10000);
INSERT OR IGNORE INTO quality_profile_custom_formats (quality_profile_name, custom_format_name, arr_type, score) VALUES ('[French MULTi.VO] UHD Bluray + WEB', '3D', 'radarr', -10000);
INSERT OR IGNORE INTO quality_profile_custom_formats (quality_profile_name, custom_format_name, arr_type, score) VALUES ('[French MULTi.VO] UHD Bluray + WEB', 'Upscaled', 'radarr', -10000);
INSERT OR IGNORE INTO quality_profile_custom_formats (quality_profile_name, custom_format_name, arr_type, score) VALUES ('[French MULTi.VO] UHD Bluray + WEB', 'Extras', 'radarr', -10000);
INSERT OR IGNORE INTO quality_profile_custom_formats (quality_profile_name, custom_format_name, arr_type, score) VALUES ('[French MULTi.VO] UHD Bluray + WEB', 'Sing-Along Versions', 'radarr', -10000);
INSERT OR IGNORE INTO quality_profile_custom_formats (quality_profile_name, custom_format_name, arr_type, score) VALUES ('[French MULTi.VO] UHD Bluray + WEB', 'AV1', 'radarr', -10000);

INSERT OR IGNORE INTO quality_profiles (name, description, upgrades_allowed, minimum_custom_format_score, upgrade_until_score, upgrade_score_increment) VALUES ('[French MULTi.VO] UHD Remux (2160p)', 'French Quality Profile that covers:<br>- WEBDL: 1080p, 2160p<br>- Bluray: 2160p<br>- Remux: 2160p', 1, 0, 10000, 1);
INSERT OR IGNORE INTO quality_profile_qualities (quality_profile_name, quality_name, quality_group_name, position, enabled, upgrade_until) VALUES ('[French MULTi.VO] UHD Remux (2160p)', 'Unknown', NULL, 0, 0, 0);
INSERT OR IGNORE INTO quality_profile_qualities (quality_profile_name, quality_name, quality_group_name, position, enabled, upgrade_until) VALUES ('[French MULTi.VO] UHD Remux (2160p)', 'WORKPRINT', NULL, 1, 0, 0);
INSERT OR IGNORE INTO quality_profile_qualities (quality_profile_name, quality_name, quality_group_name, position, enabled, upgrade_until) VALUES ('[French MULTi.VO] UHD Remux (2160p)', 'CAM', NULL, 2, 0, 0);
INSERT OR IGNORE INTO quality_profile_qualities (quality_profile_name, quality_name, quality_group_name, position, enabled, upgrade_until) VALUES ('[French MULTi.VO] UHD Remux (2160p)', 'TELESYNC', NULL, 3, 0, 0);
INSERT OR IGNORE INTO quality_profile_qualities (quality_profile_name, quality_name, quality_group_name, position, enabled, upgrade_until) VALUES ('[French MULTi.VO] UHD Remux (2160p)', 'TELECINE', NULL, 4, 0, 0);
INSERT OR IGNORE INTO quality_profile_qualities (quality_profile_name, quality_name, quality_group_name, position, enabled, upgrade_until) VALUES ('[French MULTi.VO] UHD Remux (2160p)', 'REGIONAL', NULL, 5, 0, 0);
INSERT OR IGNORE INTO quality_profile_qualities (quality_profile_name, quality_name, quality_group_name, position, enabled, upgrade_until) VALUES ('[French MULTi.VO] UHD Remux (2160p)', 'DVDSCR', NULL, 6, 0, 0);
INSERT OR IGNORE INTO quality_profile_qualities (quality_profile_name, quality_name, quality_group_name, position, enabled, upgrade_until) VALUES ('[French MULTi.VO] UHD Remux (2160p)', 'SDTV', NULL, 7, 0, 0);
INSERT OR IGNORE INTO quality_profile_qualities (quality_profile_name, quality_name, quality_group_name, position, enabled, upgrade_until) VALUES ('[French MULTi.VO] UHD Remux (2160p)', 'DVD', NULL, 8, 0, 0);
INSERT OR IGNORE INTO quality_profile_qualities (quality_profile_name, quality_name, quality_group_name, position, enabled, upgrade_until) VALUES ('[French MULTi.VO] UHD Remux (2160p)', 'DVD-R', NULL, 9, 0, 0);
INSERT OR IGNORE INTO quality_groups (quality_profile_name, name) VALUES ('[French MULTi.VO] UHD Remux (2160p)', 'WEB 480p');
INSERT OR IGNORE INTO quality_group_members (quality_profile_name, quality_group_name, quality_name) VALUES ('[French MULTi.VO] UHD Remux (2160p)', 'WEB 480p', 'WEBDL-480p');
INSERT OR IGNORE INTO quality_group_members (quality_profile_name, quality_group_name, quality_name) VALUES ('[French MULTi.VO] UHD Remux (2160p)', 'WEB 480p', 'WEBRip-480p');
INSERT OR IGNORE INTO quality_profile_qualities (quality_profile_name, quality_name, quality_group_name, position, enabled, upgrade_until) VALUES ('[French MULTi.VO] UHD Remux (2160p)', NULL, 'WEB 480p', 10, 0, 0);
INSERT OR IGNORE INTO quality_profile_qualities (quality_profile_name, quality_name, quality_group_name, position, enabled, upgrade_until) VALUES ('[French MULTi.VO] UHD Remux (2160p)', 'Bluray-480p', NULL, 11, 0, 0);
INSERT OR IGNORE INTO quality_profile_qualities (quality_profile_name, quality_name, quality_group_name, position, enabled, upgrade_until) VALUES ('[French MULTi.VO] UHD Remux (2160p)', 'Bluray-576p', NULL, 12, 0, 0);
INSERT OR IGNORE INTO quality_profile_qualities (quality_profile_name, quality_name, quality_group_name, position, enabled, upgrade_until) VALUES ('[French MULTi.VO] UHD Remux (2160p)', 'HDTV-720p', NULL, 13, 0, 0);
INSERT OR IGNORE INTO quality_groups (quality_profile_name, name) VALUES ('[French MULTi.VO] UHD Remux (2160p)', 'WEB 720p');
INSERT OR IGNORE INTO quality_group_members (quality_profile_name, quality_group_name, quality_name) VALUES ('[French MULTi.VO] UHD Remux (2160p)', 'WEB 720p', 'WEBDL-720p');
INSERT OR IGNORE INTO quality_group_members (quality_profile_name, quality_group_name, quality_name) VALUES ('[French MULTi.VO] UHD Remux (2160p)', 'WEB 720p', 'WEBRip-720p');
INSERT OR IGNORE INTO quality_profile_qualities (quality_profile_name, quality_name, quality_group_name, position, enabled, upgrade_until) VALUES ('[French MULTi.VO] UHD Remux (2160p)', NULL, 'WEB 720p', 14, 0, 0);
INSERT OR IGNORE INTO quality_profile_qualities (quality_profile_name, quality_name, quality_group_name, position, enabled, upgrade_until) VALUES ('[French MULTi.VO] UHD Remux (2160p)', 'Bluray-720p', NULL, 15, 0, 0);
INSERT OR IGNORE INTO quality_profile_qualities (quality_profile_name, quality_name, quality_group_name, position, enabled, upgrade_until) VALUES ('[French MULTi.VO] UHD Remux (2160p)', 'HDTV-1080p', NULL, 16, 0, 0);
INSERT OR IGNORE INTO quality_groups (quality_profile_name, name) VALUES ('[French MULTi.VO] UHD Remux (2160p)', 'WEB 1080p');
INSERT OR IGNORE INTO quality_group_members (quality_profile_name, quality_group_name, quality_name) VALUES ('[French MULTi.VO] UHD Remux (2160p)', 'WEB 1080p', 'WEBDL-1080p');
INSERT OR IGNORE INTO quality_group_members (quality_profile_name, quality_group_name, quality_name) VALUES ('[French MULTi.VO] UHD Remux (2160p)', 'WEB 1080p', 'WEBRip-1080p');
INSERT OR IGNORE INTO quality_profile_qualities (quality_profile_name, quality_name, quality_group_name, position, enabled, upgrade_until) VALUES ('[French MULTi.VO] UHD Remux (2160p)', NULL, 'WEB 1080p', 17, 0, 0);
INSERT OR IGNORE INTO quality_profile_qualities (quality_profile_name, quality_name, quality_group_name, position, enabled, upgrade_until) VALUES ('[French MULTi.VO] UHD Remux (2160p)', 'Bluray-1080p', NULL, 18, 0, 0);
INSERT OR IGNORE INTO quality_profile_qualities (quality_profile_name, quality_name, quality_group_name, position, enabled, upgrade_until) VALUES ('[French MULTi.VO] UHD Remux (2160p)', 'Remux-1080p', NULL, 19, 0, 0);
INSERT OR IGNORE INTO quality_profile_qualities (quality_profile_name, quality_name, quality_group_name, position, enabled, upgrade_until) VALUES ('[French MULTi.VO] UHD Remux (2160p)', 'HDTV-2160p', NULL, 20, 0, 0);
INSERT OR IGNORE INTO quality_profile_qualities (quality_profile_name, quality_name, quality_group_name, position, enabled, upgrade_until) VALUES ('[French MULTi.VO] UHD Remux (2160p)', 'BR-DISK', NULL, 21, 0, 0);
INSERT OR IGNORE INTO quality_profile_qualities (quality_profile_name, quality_name, quality_group_name, position, enabled, upgrade_until) VALUES ('[French MULTi.VO] UHD Remux (2160p)', 'Raw-HD', NULL, 22, 0, 0);
INSERT OR IGNORE INTO quality_groups (quality_profile_name, name) VALUES ('[French MULTi.VO] UHD Remux (2160p)', 'Bluray|WEB 2160p');
INSERT OR IGNORE INTO quality_group_members (quality_profile_name, quality_group_name, quality_name) VALUES ('[French MULTi.VO] UHD Remux (2160p)', 'Bluray|WEB 2160p', 'WEBDL-2160p');
INSERT OR IGNORE INTO quality_group_members (quality_profile_name, quality_group_name, quality_name) VALUES ('[French MULTi.VO] UHD Remux (2160p)', 'Bluray|WEB 2160p', 'WEBRip-2160p');
INSERT OR IGNORE INTO quality_group_members (quality_profile_name, quality_group_name, quality_name) VALUES ('[French MULTi.VO] UHD Remux (2160p)', 'Bluray|WEB 2160p', 'Bluray-2160p');
INSERT OR IGNORE INTO quality_profile_qualities (quality_profile_name, quality_name, quality_group_name, position, enabled, upgrade_until) VALUES ('[French MULTi.VO] UHD Remux (2160p)', NULL, 'Bluray|WEB 2160p', 23, 1, 0);
INSERT OR IGNORE INTO quality_profile_qualities (quality_profile_name, quality_name, quality_group_name, position, enabled, upgrade_until) VALUES ('[French MULTi.VO] UHD Remux (2160p)', 'Remux-2160p', NULL, 24, 1, 1);
INSERT OR IGNORE INTO quality_profile_custom_formats (quality_profile_name, custom_format_name, arr_type, score) VALUES ('[French MULTi.VO] UHD Remux (2160p)', 'VFF', 'radarr', 0);
INSERT OR IGNORE INTO quality_profile_custom_formats (quality_profile_name, custom_format_name, arr_type, score) VALUES ('[French MULTi.VO] UHD Remux (2160p)', 'VOF', 'radarr', 0);
INSERT OR IGNORE INTO quality_profile_custom_formats (quality_profile_name, custom_format_name, arr_type, score) VALUES ('[French MULTi.VO] UHD Remux (2160p)', 'VFI', 'radarr', 0);
INSERT OR IGNORE INTO quality_profile_custom_formats (quality_profile_name, custom_format_name, arr_type, score) VALUES ('[French MULTi.VO] UHD Remux (2160p)', 'VF2', 'radarr', 0);
INSERT OR IGNORE INTO quality_profile_custom_formats (quality_profile_name, custom_format_name, arr_type, score) VALUES ('[French MULTi.VO] UHD Remux (2160p)', 'VFQ', 'radarr', 0);
INSERT OR IGNORE INTO quality_profile_custom_formats (quality_profile_name, custom_format_name, arr_type, score) VALUES ('[French MULTi.VO] UHD Remux (2160p)', 'VOQ', 'radarr', 0);
INSERT OR IGNORE INTO quality_profile_custom_formats (quality_profile_name, custom_format_name, arr_type, score) VALUES ('[French MULTi.VO] UHD Remux (2160p)', 'VQ', 'radarr', 0);
INSERT OR IGNORE INTO quality_profile_custom_formats (quality_profile_name, custom_format_name, arr_type, score) VALUES ('[French MULTi.VO] UHD Remux (2160p)', 'VFB', 'radarr', 0);
INSERT OR IGNORE INTO quality_profile_custom_formats (quality_profile_name, custom_format_name, arr_type, score) VALUES ('[French MULTi.VO] UHD Remux (2160p)', 'Language: Not Original', 'radarr', -10000);
INSERT OR IGNORE INTO quality_profile_custom_formats (quality_profile_name, custom_format_name, arr_type, score) VALUES ('[French MULTi.VO] UHD Remux (2160p)', 'Language: Not French', 'radarr', 0);
INSERT OR IGNORE INTO quality_profile_custom_formats (quality_profile_name, custom_format_name, arr_type, score) VALUES ('[French MULTi.VO] UHD Remux (2160p)', 'Language: Original + French', 'radarr', 0);
INSERT OR IGNORE INTO quality_profile_custom_formats (quality_profile_name, custom_format_name, arr_type, score) VALUES ('[French MULTi.VO] UHD Remux (2160p)', 'MULTi', 'radarr', 0);
INSERT OR IGNORE INTO quality_profile_custom_formats (quality_profile_name, custom_format_name, arr_type, score) VALUES ('[French MULTi.VO] UHD Remux (2160p)', 'FR Remux Tier 01', 'radarr', 1950);
INSERT OR IGNORE INTO quality_profile_custom_formats (quality_profile_name, custom_format_name, arr_type, score) VALUES ('[French MULTi.VO] UHD Remux (2160p)', 'FR Remux Tier 02', 'radarr', 1900);
INSERT OR IGNORE INTO quality_profile_custom_formats (quality_profile_name, custom_format_name, arr_type, score) VALUES ('[French MULTi.VO] UHD Remux (2160p)', 'FR UHD Bluray Tier 01', 'radarr', 1800);
INSERT OR IGNORE INTO quality_profile_custom_formats (quality_profile_name, custom_format_name, arr_type, score) VALUES ('[French MULTi.VO] UHD Remux (2160p)', 'FR UHD Bluray Tier 02', 'radarr', 1750);
INSERT OR IGNORE INTO quality_profile_custom_formats (quality_profile_name, custom_format_name, arr_type, score) VALUES ('[French MULTi.VO] UHD Remux (2160p)', 'FR WEB Tier 01', 'radarr', 1700);
INSERT OR IGNORE INTO quality_profile_custom_formats (quality_profile_name, custom_format_name, arr_type, score) VALUES ('[French MULTi.VO] UHD Remux (2160p)', 'FR WEB Tier 02', 'radarr', 1650);
INSERT OR IGNORE INTO quality_profile_custom_formats (quality_profile_name, custom_format_name, arr_type, score) VALUES ('[French MULTi.VO] UHD Remux (2160p)', 'FR Scene Groups', 'radarr', 1500);
INSERT OR IGNORE INTO quality_profile_custom_formats (quality_profile_name, custom_format_name, arr_type, score) VALUES ('[French MULTi.VO] UHD Remux (2160p)', 'FR LQ', 'radarr', -10000);
INSERT OR IGNORE INTO quality_profile_custom_formats (quality_profile_name, custom_format_name, arr_type, score) VALUES ('[French MULTi.VO] UHD Remux (2160p)', 'Remux Tier 01', 'radarr', 1950);
INSERT OR IGNORE INTO quality_profile_custom_formats (quality_profile_name, custom_format_name, arr_type, score) VALUES ('[French MULTi.VO] UHD Remux (2160p)', 'Remux Tier 02', 'radarr', 1900);
INSERT OR IGNORE INTO quality_profile_custom_formats (quality_profile_name, custom_format_name, arr_type, score) VALUES ('[French MULTi.VO] UHD Remux (2160p)', 'Remux Tier 03', 'radarr', 1850);
INSERT OR IGNORE INTO quality_profile_custom_formats (quality_profile_name, custom_format_name, arr_type, score) VALUES ('[French MULTi.VO] UHD Remux (2160p)', 'UHD Bluray Tier 01', 'radarr', 1800);
INSERT OR IGNORE INTO quality_profile_custom_formats (quality_profile_name, custom_format_name, arr_type, score) VALUES ('[French MULTi.VO] UHD Remux (2160p)', 'UHD Bluray Tier 02', 'radarr', 1750);
INSERT OR IGNORE INTO quality_profile_custom_formats (quality_profile_name, custom_format_name, arr_type, score) VALUES ('[French MULTi.VO] UHD Remux (2160p)', 'UHD Bluray Tier 03', 'radarr', 1700);
INSERT OR IGNORE INTO quality_profile_custom_formats (quality_profile_name, custom_format_name, arr_type, score) VALUES ('[French MULTi.VO] UHD Remux (2160p)', 'WEB Tier 01', 'radarr', 1700);
INSERT OR IGNORE INTO quality_profile_custom_formats (quality_profile_name, custom_format_name, arr_type, score) VALUES ('[French MULTi.VO] UHD Remux (2160p)', 'WEB Tier 02', 'radarr', 1650);
INSERT OR IGNORE INTO quality_profile_custom_formats (quality_profile_name, custom_format_name, arr_type, score) VALUES ('[French MULTi.VO] UHD Remux (2160p)', 'WEB Tier 03', 'radarr', 1600);
INSERT OR IGNORE INTO quality_profile_custom_formats (quality_profile_name, custom_format_name, arr_type, score) VALUES ('[French MULTi.VO] UHD Remux (2160p)', 'Repack/Proper', 'radarr', 5);
INSERT OR IGNORE INTO quality_profile_custom_formats (quality_profile_name, custom_format_name, arr_type, score) VALUES ('[French MULTi.VO] UHD Remux (2160p)', 'Repack2', 'radarr', 6);
INSERT OR IGNORE INTO quality_profile_custom_formats (quality_profile_name, custom_format_name, arr_type, score) VALUES ('[French MULTi.VO] UHD Remux (2160p)', 'Repack3', 'radarr', 7);
INSERT OR IGNORE INTO quality_profile_custom_formats (quality_profile_name, custom_format_name, arr_type, score) VALUES ('[French MULTi.VO] UHD Remux (2160p)', 'BR-DISK', 'radarr', -10000);
INSERT OR IGNORE INTO quality_profile_custom_formats (quality_profile_name, custom_format_name, arr_type, score) VALUES ('[French MULTi.VO] UHD Remux (2160p)', 'LQ', 'radarr', -10000);
INSERT OR IGNORE INTO quality_profile_custom_formats (quality_profile_name, custom_format_name, arr_type, score) VALUES ('[French MULTi.VO] UHD Remux (2160p)', 'LQ (Release Title)', 'radarr', -10000);
INSERT OR IGNORE INTO quality_profile_custom_formats (quality_profile_name, custom_format_name, arr_type, score) VALUES ('[French MULTi.VO] UHD Remux (2160p)', '3D', 'radarr', -10000);
INSERT OR IGNORE INTO quality_profile_custom_formats (quality_profile_name, custom_format_name, arr_type, score) VALUES ('[French MULTi.VO] UHD Remux (2160p)', 'Upscaled', 'radarr', -10000);
INSERT OR IGNORE INTO quality_profile_custom_formats (quality_profile_name, custom_format_name, arr_type, score) VALUES ('[French MULTi.VO] UHD Remux (2160p)', 'Extras', 'radarr', -10000);
INSERT OR IGNORE INTO quality_profile_custom_formats (quality_profile_name, custom_format_name, arr_type, score) VALUES ('[French MULTi.VO] UHD Remux (2160p)', 'Sing-Along Versions', 'radarr', -10000);
INSERT OR IGNORE INTO quality_profile_custom_formats (quality_profile_name, custom_format_name, arr_type, score) VALUES ('[French MULTi.VO] UHD Remux (2160p)', 'AV1', 'radarr', -10000);

INSERT OR IGNORE INTO quality_profiles (name, description, upgrades_allowed, minimum_custom_format_score, upgrade_until_score, upgrade_score_increment) VALUES ('[German] HD Bluray + WEB', 'German Quality Profile that covers:<br>- WEBDL: 720p, 1080p<br>- Bluray: 720p, 1080p', 1, 0, 35000, 1);
INSERT OR IGNORE INTO quality_profile_qualities (quality_profile_name, quality_name, quality_group_name, position, enabled, upgrade_until) VALUES ('[German] HD Bluray + WEB', 'Unknown', NULL, 0, 0, 0);
INSERT OR IGNORE INTO quality_profile_qualities (quality_profile_name, quality_name, quality_group_name, position, enabled, upgrade_until) VALUES ('[German] HD Bluray + WEB', 'WORKPRINT', NULL, 1, 0, 0);
INSERT OR IGNORE INTO quality_profile_qualities (quality_profile_name, quality_name, quality_group_name, position, enabled, upgrade_until) VALUES ('[German] HD Bluray + WEB', 'CAM', NULL, 2, 0, 0);
INSERT OR IGNORE INTO quality_profile_qualities (quality_profile_name, quality_name, quality_group_name, position, enabled, upgrade_until) VALUES ('[German] HD Bluray + WEB', 'TELESYNC', NULL, 3, 0, 0);
INSERT OR IGNORE INTO quality_profile_qualities (quality_profile_name, quality_name, quality_group_name, position, enabled, upgrade_until) VALUES ('[German] HD Bluray + WEB', 'TELECINE', NULL, 4, 0, 0);
INSERT OR IGNORE INTO quality_profile_qualities (quality_profile_name, quality_name, quality_group_name, position, enabled, upgrade_until) VALUES ('[German] HD Bluray + WEB', 'REGIONAL', NULL, 5, 0, 0);
INSERT OR IGNORE INTO quality_profile_qualities (quality_profile_name, quality_name, quality_group_name, position, enabled, upgrade_until) VALUES ('[German] HD Bluray + WEB', 'DVDSCR', NULL, 6, 0, 0);
INSERT OR IGNORE INTO quality_profile_qualities (quality_profile_name, quality_name, quality_group_name, position, enabled, upgrade_until) VALUES ('[German] HD Bluray + WEB', 'SDTV', NULL, 7, 0, 0);
INSERT OR IGNORE INTO quality_profile_qualities (quality_profile_name, quality_name, quality_group_name, position, enabled, upgrade_until) VALUES ('[German] HD Bluray + WEB', 'DVD', NULL, 8, 0, 0);
INSERT OR IGNORE INTO quality_profile_qualities (quality_profile_name, quality_name, quality_group_name, position, enabled, upgrade_until) VALUES ('[German] HD Bluray + WEB', 'DVD-R', NULL, 9, 0, 0);
INSERT OR IGNORE INTO quality_groups (quality_profile_name, name) VALUES ('[German] HD Bluray + WEB', 'WEB 480p');
INSERT OR IGNORE INTO quality_group_members (quality_profile_name, quality_group_name, quality_name) VALUES ('[German] HD Bluray + WEB', 'WEB 480p', 'WEBDL-480p');
INSERT OR IGNORE INTO quality_group_members (quality_profile_name, quality_group_name, quality_name) VALUES ('[German] HD Bluray + WEB', 'WEB 480p', 'WEBRip-480p');
INSERT OR IGNORE INTO quality_profile_qualities (quality_profile_name, quality_name, quality_group_name, position, enabled, upgrade_until) VALUES ('[German] HD Bluray + WEB', NULL, 'WEB 480p', 10, 0, 0);
INSERT OR IGNORE INTO quality_profile_qualities (quality_profile_name, quality_name, quality_group_name, position, enabled, upgrade_until) VALUES ('[German] HD Bluray + WEB', 'Bluray-480p', NULL, 11, 0, 0);
INSERT OR IGNORE INTO quality_profile_qualities (quality_profile_name, quality_name, quality_group_name, position, enabled, upgrade_until) VALUES ('[German] HD Bluray + WEB', 'Bluray-576p', NULL, 12, 0, 0);
INSERT OR IGNORE INTO quality_profile_qualities (quality_profile_name, quality_name, quality_group_name, position, enabled, upgrade_until) VALUES ('[German] HD Bluray + WEB', 'HDTV-720p', NULL, 13, 0, 0);
INSERT OR IGNORE INTO quality_profile_qualities (quality_profile_name, quality_name, quality_group_name, position, enabled, upgrade_until) VALUES ('[German] HD Bluray + WEB', 'HDTV-1080p', NULL, 14, 0, 0);
INSERT OR IGNORE INTO quality_profile_qualities (quality_profile_name, quality_name, quality_group_name, position, enabled, upgrade_until) VALUES ('[German] HD Bluray + WEB', 'Remux-1080p', NULL, 15, 0, 0);
INSERT OR IGNORE INTO quality_profile_qualities (quality_profile_name, quality_name, quality_group_name, position, enabled, upgrade_until) VALUES ('[German] HD Bluray + WEB', 'HDTV-2160p', NULL, 16, 0, 0);
INSERT OR IGNORE INTO quality_groups (quality_profile_name, name) VALUES ('[German] HD Bluray + WEB', 'WEB 2160p');
INSERT OR IGNORE INTO quality_group_members (quality_profile_name, quality_group_name, quality_name) VALUES ('[German] HD Bluray + WEB', 'WEB 2160p', 'WEBDL-2160p');
INSERT OR IGNORE INTO quality_group_members (quality_profile_name, quality_group_name, quality_name) VALUES ('[German] HD Bluray + WEB', 'WEB 2160p', 'WEBRip-2160p');
INSERT OR IGNORE INTO quality_profile_qualities (quality_profile_name, quality_name, quality_group_name, position, enabled, upgrade_until) VALUES ('[German] HD Bluray + WEB', NULL, 'WEB 2160p', 17, 0, 0);
INSERT OR IGNORE INTO quality_profile_qualities (quality_profile_name, quality_name, quality_group_name, position, enabled, upgrade_until) VALUES ('[German] HD Bluray + WEB', 'Bluray-2160p', NULL, 18, 0, 0);
INSERT OR IGNORE INTO quality_profile_qualities (quality_profile_name, quality_name, quality_group_name, position, enabled, upgrade_until) VALUES ('[German] HD Bluray + WEB', 'Remux-2160p', NULL, 19, 0, 0);
INSERT OR IGNORE INTO quality_profile_qualities (quality_profile_name, quality_name, quality_group_name, position, enabled, upgrade_until) VALUES ('[German] HD Bluray + WEB', 'BR-DISK', NULL, 20, 0, 0);
INSERT OR IGNORE INTO quality_profile_qualities (quality_profile_name, quality_name, quality_group_name, position, enabled, upgrade_until) VALUES ('[German] HD Bluray + WEB', 'Raw-HD', NULL, 21, 0, 0);
INSERT OR IGNORE INTO quality_groups (quality_profile_name, name) VALUES ('[German] HD Bluray + WEB', 'Merged QPs');
INSERT OR IGNORE INTO quality_group_members (quality_profile_name, quality_group_name, quality_name) VALUES ('[German] HD Bluray + WEB', 'Merged QPs', 'WEBRip-720p');
INSERT OR IGNORE INTO quality_group_members (quality_profile_name, quality_group_name, quality_name) VALUES ('[German] HD Bluray + WEB', 'Merged QPs', 'WEBDL-720p');
INSERT OR IGNORE INTO quality_group_members (quality_profile_name, quality_group_name, quality_name) VALUES ('[German] HD Bluray + WEB', 'Merged QPs', 'Bluray-720p');
INSERT OR IGNORE INTO quality_group_members (quality_profile_name, quality_group_name, quality_name) VALUES ('[German] HD Bluray + WEB', 'Merged QPs', 'WEBDL-1080p');
INSERT OR IGNORE INTO quality_group_members (quality_profile_name, quality_group_name, quality_name) VALUES ('[German] HD Bluray + WEB', 'Merged QPs', 'WEBRip-1080p');
INSERT OR IGNORE INTO quality_group_members (quality_profile_name, quality_group_name, quality_name) VALUES ('[German] HD Bluray + WEB', 'Merged QPs', 'Bluray-1080p');
INSERT OR IGNORE INTO quality_profile_qualities (quality_profile_name, quality_name, quality_group_name, position, enabled, upgrade_until) VALUES ('[German] HD Bluray + WEB', NULL, 'Merged QPs', 22, 1, 1);
INSERT OR IGNORE INTO quality_profile_custom_formats (quality_profile_name, custom_format_name, arr_type, score) VALUES ('[German] HD Bluray + WEB', 'German 1080p Booster', 'radarr', 650);
INSERT OR IGNORE INTO quality_profile_custom_formats (quality_profile_name, custom_format_name, arr_type, score) VALUES ('[German] HD Bluray + WEB', '1080p', 'radarr', 50);
INSERT OR IGNORE INTO quality_profile_custom_formats (quality_profile_name, custom_format_name, arr_type, score) VALUES ('[German] HD Bluray + WEB', '720p', 'radarr', 5);
INSERT OR IGNORE INTO quality_profile_custom_formats (quality_profile_name, custom_format_name, arr_type, score) VALUES ('[German] HD Bluray + WEB', 'German', 'radarr', 10000);
INSERT OR IGNORE INTO quality_profile_custom_formats (quality_profile_name, custom_format_name, arr_type, score) VALUES ('[German] HD Bluray + WEB', 'German DL', 'radarr', -10000);
INSERT OR IGNORE INTO quality_profile_custom_formats (quality_profile_name, custom_format_name, arr_type, score) VALUES ('[German] HD Bluray + WEB', 'German DL (undefined)', 'radarr', 11000);
INSERT OR IGNORE INTO quality_profile_custom_formats (quality_profile_name, custom_format_name, arr_type, score) VALUES ('[German] HD Bluray + WEB', 'Not German or English', 'radarr', -35000);
INSERT OR IGNORE INTO quality_profile_custom_formats (quality_profile_name, custom_format_name, arr_type, score) VALUES ('[German] HD Bluray + WEB', 'German Bluray Tier 01', 'radarr', 2900);
INSERT OR IGNORE INTO quality_profile_custom_formats (quality_profile_name, custom_format_name, arr_type, score) VALUES ('[German] HD Bluray + WEB', 'German Bluray Tier 02', 'radarr', 2650);
INSERT OR IGNORE INTO quality_profile_custom_formats (quality_profile_name, custom_format_name, arr_type, score) VALUES ('[German] HD Bluray + WEB', 'German Bluray Tier 03', 'radarr', 2300);
INSERT OR IGNORE INTO quality_profile_custom_formats (quality_profile_name, custom_format_name, arr_type, score) VALUES ('[German] HD Bluray + WEB', 'German Web Tier 01', 'radarr', 2100);
INSERT OR IGNORE INTO quality_profile_custom_formats (quality_profile_name, custom_format_name, arr_type, score) VALUES ('[German] HD Bluray + WEB', 'German Web Tier 02', 'radarr', 1900);
INSERT OR IGNORE INTO quality_profile_custom_formats (quality_profile_name, custom_format_name, arr_type, score) VALUES ('[German] HD Bluray + WEB', 'German Web Tier 03', 'radarr', 1800);
INSERT OR IGNORE INTO quality_profile_custom_formats (quality_profile_name, custom_format_name, arr_type, score) VALUES ('[German] HD Bluray + WEB', 'German Scene', 'radarr', 1700);
INSERT OR IGNORE INTO quality_profile_custom_formats (quality_profile_name, custom_format_name, arr_type, score) VALUES ('[German] HD Bluray + WEB', 'German LQ', 'radarr', -35000);
INSERT OR IGNORE INTO quality_profile_custom_formats (quality_profile_name, custom_format_name, arr_type, score) VALUES ('[German] HD Bluray + WEB', 'German LQ (release title)', 'radarr', -35000);
INSERT OR IGNORE INTO quality_profile_custom_formats (quality_profile_name, custom_format_name, arr_type, score) VALUES ('[German] HD Bluray + WEB', 'German Microsized', 'radarr', -35000);
INSERT OR IGNORE INTO quality_profile_custom_formats (quality_profile_name, custom_format_name, arr_type, score) VALUES ('[German] HD Bluray + WEB', 'Line/Mic Dubbed', 'radarr', -10000);
INSERT OR IGNORE INTO quality_profile_custom_formats (quality_profile_name, custom_format_name, arr_type, score) VALUES ('[German] HD Bluray + WEB', 'HD Bluray Tier 01', 'radarr', 1800);
INSERT OR IGNORE INTO quality_profile_custom_formats (quality_profile_name, custom_format_name, arr_type, score) VALUES ('[German] HD Bluray + WEB', 'HD Bluray Tier 02', 'radarr', 1750);
INSERT OR IGNORE INTO quality_profile_custom_formats (quality_profile_name, custom_format_name, arr_type, score) VALUES ('[German] HD Bluray + WEB', 'HD Bluray Tier 03', 'radarr', 1700);
INSERT OR IGNORE INTO quality_profile_custom_formats (quality_profile_name, custom_format_name, arr_type, score) VALUES ('[German] HD Bluray + WEB', 'WEB Tier 01', 'radarr', 1700);
INSERT OR IGNORE INTO quality_profile_custom_formats (quality_profile_name, custom_format_name, arr_type, score) VALUES ('[German] HD Bluray + WEB', 'WEB Tier 02', 'radarr', 1650);
INSERT OR IGNORE INTO quality_profile_custom_formats (quality_profile_name, custom_format_name, arr_type, score) VALUES ('[German] HD Bluray + WEB', 'WEB Tier 03', 'radarr', 1600);
INSERT OR IGNORE INTO quality_profile_custom_formats (quality_profile_name, custom_format_name, arr_type, score) VALUES ('[German] HD Bluray + WEB', 'Repack/Proper', 'radarr', 5);
INSERT OR IGNORE INTO quality_profile_custom_formats (quality_profile_name, custom_format_name, arr_type, score) VALUES ('[German] HD Bluray + WEB', 'Repack2', 'radarr', 6);
INSERT OR IGNORE INTO quality_profile_custom_formats (quality_profile_name, custom_format_name, arr_type, score) VALUES ('[German] HD Bluray + WEB', 'Repack3', 'radarr', 7);
INSERT OR IGNORE INTO quality_profile_custom_formats (quality_profile_name, custom_format_name, arr_type, score) VALUES ('[German] HD Bluray + WEB', 'BR-DISK', 'radarr', -10000);
INSERT OR IGNORE INTO quality_profile_custom_formats (quality_profile_name, custom_format_name, arr_type, score) VALUES ('[German] HD Bluray + WEB', 'Generated Dynamic HDR', 'radarr', -10000);
INSERT OR IGNORE INTO quality_profile_custom_formats (quality_profile_name, custom_format_name, arr_type, score) VALUES ('[German] HD Bluray + WEB', 'LQ', 'radarr', -10000);
INSERT OR IGNORE INTO quality_profile_custom_formats (quality_profile_name, custom_format_name, arr_type, score) VALUES ('[German] HD Bluray + WEB', 'LQ (Release Title)', 'radarr', -10000);
INSERT OR IGNORE INTO quality_profile_custom_formats (quality_profile_name, custom_format_name, arr_type, score) VALUES ('[German] HD Bluray + WEB', '3D', 'radarr', -10000);
INSERT OR IGNORE INTO quality_profile_custom_formats (quality_profile_name, custom_format_name, arr_type, score) VALUES ('[German] HD Bluray + WEB', 'Extras', 'radarr', -10000);
INSERT OR IGNORE INTO quality_profile_custom_formats (quality_profile_name, custom_format_name, arr_type, score) VALUES ('[German] HD Bluray + WEB', 'AV1', 'radarr', -10000);

INSERT OR IGNORE INTO quality_profiles (name, description, upgrades_allowed, minimum_custom_format_score, upgrade_until_score, upgrade_score_increment) VALUES ('[German] HD Remux + WEB', 'German Quality Profile that covers:<br>- WEBDL: 1080p<br>- Remux: 1080p', 1, 0, 35000, 1);
INSERT OR IGNORE INTO quality_profile_qualities (quality_profile_name, quality_name, quality_group_name, position, enabled, upgrade_until) VALUES ('[German] HD Remux + WEB', 'Unknown', NULL, 0, 0, 0);
INSERT OR IGNORE INTO quality_profile_qualities (quality_profile_name, quality_name, quality_group_name, position, enabled, upgrade_until) VALUES ('[German] HD Remux + WEB', 'WORKPRINT', NULL, 1, 0, 0);
INSERT OR IGNORE INTO quality_profile_qualities (quality_profile_name, quality_name, quality_group_name, position, enabled, upgrade_until) VALUES ('[German] HD Remux + WEB', 'CAM', NULL, 2, 0, 0);
INSERT OR IGNORE INTO quality_profile_qualities (quality_profile_name, quality_name, quality_group_name, position, enabled, upgrade_until) VALUES ('[German] HD Remux + WEB', 'TELESYNC', NULL, 3, 0, 0);
INSERT OR IGNORE INTO quality_profile_qualities (quality_profile_name, quality_name, quality_group_name, position, enabled, upgrade_until) VALUES ('[German] HD Remux + WEB', 'TELECINE', NULL, 4, 0, 0);
INSERT OR IGNORE INTO quality_profile_qualities (quality_profile_name, quality_name, quality_group_name, position, enabled, upgrade_until) VALUES ('[German] HD Remux + WEB', 'REGIONAL', NULL, 5, 0, 0);
INSERT OR IGNORE INTO quality_profile_qualities (quality_profile_name, quality_name, quality_group_name, position, enabled, upgrade_until) VALUES ('[German] HD Remux + WEB', 'DVDSCR', NULL, 6, 0, 0);
INSERT OR IGNORE INTO quality_profile_qualities (quality_profile_name, quality_name, quality_group_name, position, enabled, upgrade_until) VALUES ('[German] HD Remux + WEB', 'SDTV', NULL, 7, 0, 0);
INSERT OR IGNORE INTO quality_profile_qualities (quality_profile_name, quality_name, quality_group_name, position, enabled, upgrade_until) VALUES ('[German] HD Remux + WEB', 'DVD', NULL, 8, 0, 0);
INSERT OR IGNORE INTO quality_profile_qualities (quality_profile_name, quality_name, quality_group_name, position, enabled, upgrade_until) VALUES ('[German] HD Remux + WEB', 'DVD-R', NULL, 9, 0, 0);
INSERT OR IGNORE INTO quality_groups (quality_profile_name, name) VALUES ('[German] HD Remux + WEB', 'WEB 480p');
INSERT OR IGNORE INTO quality_group_members (quality_profile_name, quality_group_name, quality_name) VALUES ('[German] HD Remux + WEB', 'WEB 480p', 'WEBDL-480p');
INSERT OR IGNORE INTO quality_group_members (quality_profile_name, quality_group_name, quality_name) VALUES ('[German] HD Remux + WEB', 'WEB 480p', 'WEBRip-480p');
INSERT OR IGNORE INTO quality_profile_qualities (quality_profile_name, quality_name, quality_group_name, position, enabled, upgrade_until) VALUES ('[German] HD Remux + WEB', NULL, 'WEB 480p', 10, 0, 0);
INSERT OR IGNORE INTO quality_profile_qualities (quality_profile_name, quality_name, quality_group_name, position, enabled, upgrade_until) VALUES ('[German] HD Remux + WEB', 'Bluray-480p', NULL, 11, 0, 0);
INSERT OR IGNORE INTO quality_profile_qualities (quality_profile_name, quality_name, quality_group_name, position, enabled, upgrade_until) VALUES ('[German] HD Remux + WEB', 'Bluray-576p', NULL, 12, 0, 0);
INSERT OR IGNORE INTO quality_profile_qualities (quality_profile_name, quality_name, quality_group_name, position, enabled, upgrade_until) VALUES ('[German] HD Remux + WEB', 'HDTV-720p', NULL, 13, 0, 0);
INSERT OR IGNORE INTO quality_profile_qualities (quality_profile_name, quality_name, quality_group_name, position, enabled, upgrade_until) VALUES ('[German] HD Remux + WEB', 'HDTV-1080p', NULL, 14, 0, 0);
INSERT OR IGNORE INTO quality_groups (quality_profile_name, name) VALUES ('[German] HD Remux + WEB', 'WEB 720p');
INSERT OR IGNORE INTO quality_group_members (quality_profile_name, quality_group_name, quality_name) VALUES ('[German] HD Remux + WEB', 'WEB 720p', 'WEBDL-720p');
INSERT OR IGNORE INTO quality_group_members (quality_profile_name, quality_group_name, quality_name) VALUES ('[German] HD Remux + WEB', 'WEB 720p', 'WEBRip-720p');
INSERT OR IGNORE INTO quality_profile_qualities (quality_profile_name, quality_name, quality_group_name, position, enabled, upgrade_until) VALUES ('[German] HD Remux + WEB', NULL, 'WEB 720p', 15, 0, 0);
INSERT OR IGNORE INTO quality_profile_qualities (quality_profile_name, quality_name, quality_group_name, position, enabled, upgrade_until) VALUES ('[German] HD Remux + WEB', 'Bluray-720p', NULL, 16, 0, 0);
INSERT OR IGNORE INTO quality_profile_qualities (quality_profile_name, quality_name, quality_group_name, position, enabled, upgrade_until) VALUES ('[German] HD Remux + WEB', 'Bluray-1080p', NULL, 17, 0, 0);
INSERT OR IGNORE INTO quality_profile_qualities (quality_profile_name, quality_name, quality_group_name, position, enabled, upgrade_until) VALUES ('[German] HD Remux + WEB', 'HDTV-2160p', NULL, 18, 0, 0);
INSERT OR IGNORE INTO quality_groups (quality_profile_name, name) VALUES ('[German] HD Remux + WEB', 'WEB 2160p');
INSERT OR IGNORE INTO quality_group_members (quality_profile_name, quality_group_name, quality_name) VALUES ('[German] HD Remux + WEB', 'WEB 2160p', 'WEBDL-2160p');
INSERT OR IGNORE INTO quality_group_members (quality_profile_name, quality_group_name, quality_name) VALUES ('[German] HD Remux + WEB', 'WEB 2160p', 'WEBRip-2160p');
INSERT OR IGNORE INTO quality_profile_qualities (quality_profile_name, quality_name, quality_group_name, position, enabled, upgrade_until) VALUES ('[German] HD Remux + WEB', NULL, 'WEB 2160p', 19, 0, 0);
INSERT OR IGNORE INTO quality_profile_qualities (quality_profile_name, quality_name, quality_group_name, position, enabled, upgrade_until) VALUES ('[German] HD Remux + WEB', 'Bluray-2160p', NULL, 20, 0, 0);
INSERT OR IGNORE INTO quality_profile_qualities (quality_profile_name, quality_name, quality_group_name, position, enabled, upgrade_until) VALUES ('[German] HD Remux + WEB', 'Remux-2160p', NULL, 21, 0, 0);
INSERT OR IGNORE INTO quality_profile_qualities (quality_profile_name, quality_name, quality_group_name, position, enabled, upgrade_until) VALUES ('[German] HD Remux + WEB', 'BR-DISK', NULL, 22, 0, 0);
INSERT OR IGNORE INTO quality_profile_qualities (quality_profile_name, quality_name, quality_group_name, position, enabled, upgrade_until) VALUES ('[German] HD Remux + WEB', 'Raw-HD', NULL, 23, 0, 0);
INSERT OR IGNORE INTO quality_groups (quality_profile_name, name) VALUES ('[German] HD Remux + WEB', 'Merged QPs');
INSERT OR IGNORE INTO quality_group_members (quality_profile_name, quality_group_name, quality_name) VALUES ('[German] HD Remux + WEB', 'Merged QPs', 'WEBDL-1080p');
INSERT OR IGNORE INTO quality_group_members (quality_profile_name, quality_group_name, quality_name) VALUES ('[German] HD Remux + WEB', 'Merged QPs', 'WEBRip-1080p');
INSERT OR IGNORE INTO quality_group_members (quality_profile_name, quality_group_name, quality_name) VALUES ('[German] HD Remux + WEB', 'Merged QPs', 'Remux-1080p');
INSERT OR IGNORE INTO quality_profile_qualities (quality_profile_name, quality_name, quality_group_name, position, enabled, upgrade_until) VALUES ('[German] HD Remux + WEB', NULL, 'Merged QPs', 24, 1, 1);
INSERT OR IGNORE INTO quality_profile_custom_formats (quality_profile_name, custom_format_name, arr_type, score) VALUES ('[German] HD Remux + WEB', 'German 1080p Booster', 'radarr', 650);
INSERT OR IGNORE INTO quality_profile_custom_formats (quality_profile_name, custom_format_name, arr_type, score) VALUES ('[German] HD Remux + WEB', '1080p', 'radarr', 50);
INSERT OR IGNORE INTO quality_profile_custom_formats (quality_profile_name, custom_format_name, arr_type, score) VALUES ('[German] HD Remux + WEB', '720p', 'radarr', 5);
INSERT OR IGNORE INTO quality_profile_custom_formats (quality_profile_name, custom_format_name, arr_type, score) VALUES ('[German] HD Remux + WEB', 'German', 'radarr', 10000);
INSERT OR IGNORE INTO quality_profile_custom_formats (quality_profile_name, custom_format_name, arr_type, score) VALUES ('[German] HD Remux + WEB', 'German DL', 'radarr', -10000);
INSERT OR IGNORE INTO quality_profile_custom_formats (quality_profile_name, custom_format_name, arr_type, score) VALUES ('[German] HD Remux + WEB', 'German DL (undefined)', 'radarr', 11000);
INSERT OR IGNORE INTO quality_profile_custom_formats (quality_profile_name, custom_format_name, arr_type, score) VALUES ('[German] HD Remux + WEB', 'Not German or English', 'radarr', -35000);
INSERT OR IGNORE INTO quality_profile_custom_formats (quality_profile_name, custom_format_name, arr_type, score) VALUES ('[German] HD Remux + WEB', 'German Remux Tier 01', 'radarr', 4000);
INSERT OR IGNORE INTO quality_profile_custom_formats (quality_profile_name, custom_format_name, arr_type, score) VALUES ('[German] HD Remux + WEB', 'German Remux Tier 02', 'radarr', 3900);
INSERT OR IGNORE INTO quality_profile_custom_formats (quality_profile_name, custom_format_name, arr_type, score) VALUES ('[German] HD Remux + WEB', 'German Web Tier 01', 'radarr', 2100);
INSERT OR IGNORE INTO quality_profile_custom_formats (quality_profile_name, custom_format_name, arr_type, score) VALUES ('[German] HD Remux + WEB', 'German Web Tier 02', 'radarr', 1900);
INSERT OR IGNORE INTO quality_profile_custom_formats (quality_profile_name, custom_format_name, arr_type, score) VALUES ('[German] HD Remux + WEB', 'German Web Tier 03', 'radarr', 1800);
INSERT OR IGNORE INTO quality_profile_custom_formats (quality_profile_name, custom_format_name, arr_type, score) VALUES ('[German] HD Remux + WEB', 'German Scene', 'radarr', 1700);
INSERT OR IGNORE INTO quality_profile_custom_formats (quality_profile_name, custom_format_name, arr_type, score) VALUES ('[German] HD Remux + WEB', 'German LQ', 'radarr', -35000);
INSERT OR IGNORE INTO quality_profile_custom_formats (quality_profile_name, custom_format_name, arr_type, score) VALUES ('[German] HD Remux + WEB', 'German LQ (release title)', 'radarr', -35000);
INSERT OR IGNORE INTO quality_profile_custom_formats (quality_profile_name, custom_format_name, arr_type, score) VALUES ('[German] HD Remux + WEB', 'German Microsized', 'radarr', -35000);
INSERT OR IGNORE INTO quality_profile_custom_formats (quality_profile_name, custom_format_name, arr_type, score) VALUES ('[German] HD Remux + WEB', 'Line/Mic Dubbed', 'radarr', -10000);
INSERT OR IGNORE INTO quality_profile_custom_formats (quality_profile_name, custom_format_name, arr_type, score) VALUES ('[German] HD Remux + WEB', 'Remux Tier 01', 'radarr', 1950);
INSERT OR IGNORE INTO quality_profile_custom_formats (quality_profile_name, custom_format_name, arr_type, score) VALUES ('[German] HD Remux + WEB', 'Remux Tier 02', 'radarr', 1900);
INSERT OR IGNORE INTO quality_profile_custom_formats (quality_profile_name, custom_format_name, arr_type, score) VALUES ('[German] HD Remux + WEB', 'Remux Tier 03', 'radarr', 1850);
INSERT OR IGNORE INTO quality_profile_custom_formats (quality_profile_name, custom_format_name, arr_type, score) VALUES ('[German] HD Remux + WEB', 'WEB Tier 01', 'radarr', 1700);
INSERT OR IGNORE INTO quality_profile_custom_formats (quality_profile_name, custom_format_name, arr_type, score) VALUES ('[German] HD Remux + WEB', 'WEB Tier 02', 'radarr', 1650);
INSERT OR IGNORE INTO quality_profile_custom_formats (quality_profile_name, custom_format_name, arr_type, score) VALUES ('[German] HD Remux + WEB', 'WEB Tier 03', 'radarr', 1600);
INSERT OR IGNORE INTO quality_profile_custom_formats (quality_profile_name, custom_format_name, arr_type, score) VALUES ('[German] HD Remux + WEB', 'Repack/Proper', 'radarr', 5);
INSERT OR IGNORE INTO quality_profile_custom_formats (quality_profile_name, custom_format_name, arr_type, score) VALUES ('[German] HD Remux + WEB', 'Repack2', 'radarr', 6);
INSERT OR IGNORE INTO quality_profile_custom_formats (quality_profile_name, custom_format_name, arr_type, score) VALUES ('[German] HD Remux + WEB', 'Repack3', 'radarr', 7);
INSERT OR IGNORE INTO quality_profile_custom_formats (quality_profile_name, custom_format_name, arr_type, score) VALUES ('[German] HD Remux + WEB', 'BR-DISK', 'radarr', -10000);
INSERT OR IGNORE INTO quality_profile_custom_formats (quality_profile_name, custom_format_name, arr_type, score) VALUES ('[German] HD Remux + WEB', 'Generated Dynamic HDR', 'radarr', -10000);
INSERT OR IGNORE INTO quality_profile_custom_formats (quality_profile_name, custom_format_name, arr_type, score) VALUES ('[German] HD Remux + WEB', 'LQ', 'radarr', -10000);
INSERT OR IGNORE INTO quality_profile_custom_formats (quality_profile_name, custom_format_name, arr_type, score) VALUES ('[German] HD Remux + WEB', 'LQ (Release Title)', 'radarr', -10000);
INSERT OR IGNORE INTO quality_profile_custom_formats (quality_profile_name, custom_format_name, arr_type, score) VALUES ('[German] HD Remux + WEB', '3D', 'radarr', -10000);
INSERT OR IGNORE INTO quality_profile_custom_formats (quality_profile_name, custom_format_name, arr_type, score) VALUES ('[German] HD Remux + WEB', 'Extras', 'radarr', -10000);
INSERT OR IGNORE INTO quality_profile_custom_formats (quality_profile_name, custom_format_name, arr_type, score) VALUES ('[German] HD Remux + WEB', 'AV1', 'radarr', -10000);

INSERT OR IGNORE INTO quality_profiles (name, description, upgrades_allowed, minimum_custom_format_score, upgrade_until_score, upgrade_score_increment) VALUES ('[German] UHD Bluray + WEB (Alternative)', 'German Quality Profile that covers:<br>- WEBDL: 720p, 1080p, 2160p<br>- Bluray: 720p, 1080p, 2160p', 1, 0, 35000, 1);
INSERT OR IGNORE INTO quality_profile_qualities (quality_profile_name, quality_name, quality_group_name, position, enabled, upgrade_until) VALUES ('[German] UHD Bluray + WEB (Alternative)', 'Unknown', NULL, 0, 0, 0);
INSERT OR IGNORE INTO quality_profile_qualities (quality_profile_name, quality_name, quality_group_name, position, enabled, upgrade_until) VALUES ('[German] UHD Bluray + WEB (Alternative)', 'WORKPRINT', NULL, 1, 0, 0);
INSERT OR IGNORE INTO quality_profile_qualities (quality_profile_name, quality_name, quality_group_name, position, enabled, upgrade_until) VALUES ('[German] UHD Bluray + WEB (Alternative)', 'CAM', NULL, 2, 0, 0);
INSERT OR IGNORE INTO quality_profile_qualities (quality_profile_name, quality_name, quality_group_name, position, enabled, upgrade_until) VALUES ('[German] UHD Bluray + WEB (Alternative)', 'TELESYNC', NULL, 3, 0, 0);
INSERT OR IGNORE INTO quality_profile_qualities (quality_profile_name, quality_name, quality_group_name, position, enabled, upgrade_until) VALUES ('[German] UHD Bluray + WEB (Alternative)', 'TELECINE', NULL, 4, 0, 0);
INSERT OR IGNORE INTO quality_profile_qualities (quality_profile_name, quality_name, quality_group_name, position, enabled, upgrade_until) VALUES ('[German] UHD Bluray + WEB (Alternative)', 'REGIONAL', NULL, 5, 0, 0);
INSERT OR IGNORE INTO quality_profile_qualities (quality_profile_name, quality_name, quality_group_name, position, enabled, upgrade_until) VALUES ('[German] UHD Bluray + WEB (Alternative)', 'DVDSCR', NULL, 6, 0, 0);
INSERT OR IGNORE INTO quality_profile_qualities (quality_profile_name, quality_name, quality_group_name, position, enabled, upgrade_until) VALUES ('[German] UHD Bluray + WEB (Alternative)', 'SDTV', NULL, 7, 0, 0);
INSERT OR IGNORE INTO quality_profile_qualities (quality_profile_name, quality_name, quality_group_name, position, enabled, upgrade_until) VALUES ('[German] UHD Bluray + WEB (Alternative)', 'DVD', NULL, 8, 0, 0);
INSERT OR IGNORE INTO quality_profile_qualities (quality_profile_name, quality_name, quality_group_name, position, enabled, upgrade_until) VALUES ('[German] UHD Bluray + WEB (Alternative)', 'DVD-R', NULL, 9, 0, 0);
INSERT OR IGNORE INTO quality_groups (quality_profile_name, name) VALUES ('[German] UHD Bluray + WEB (Alternative)', 'WEB 480p');
INSERT OR IGNORE INTO quality_group_members (quality_profile_name, quality_group_name, quality_name) VALUES ('[German] UHD Bluray + WEB (Alternative)', 'WEB 480p', 'WEBDL-480p');
INSERT OR IGNORE INTO quality_group_members (quality_profile_name, quality_group_name, quality_name) VALUES ('[German] UHD Bluray + WEB (Alternative)', 'WEB 480p', 'WEBRip-480p');
INSERT OR IGNORE INTO quality_profile_qualities (quality_profile_name, quality_name, quality_group_name, position, enabled, upgrade_until) VALUES ('[German] UHD Bluray + WEB (Alternative)', NULL, 'WEB 480p', 10, 0, 0);
INSERT OR IGNORE INTO quality_profile_qualities (quality_profile_name, quality_name, quality_group_name, position, enabled, upgrade_until) VALUES ('[German] UHD Bluray + WEB (Alternative)', 'Bluray-480p', NULL, 11, 0, 0);
INSERT OR IGNORE INTO quality_profile_qualities (quality_profile_name, quality_name, quality_group_name, position, enabled, upgrade_until) VALUES ('[German] UHD Bluray + WEB (Alternative)', 'Bluray-576p', NULL, 12, 0, 0);
INSERT OR IGNORE INTO quality_profile_qualities (quality_profile_name, quality_name, quality_group_name, position, enabled, upgrade_until) VALUES ('[German] UHD Bluray + WEB (Alternative)', 'HDTV-720p', NULL, 13, 0, 0);
INSERT OR IGNORE INTO quality_profile_qualities (quality_profile_name, quality_name, quality_group_name, position, enabled, upgrade_until) VALUES ('[German] UHD Bluray + WEB (Alternative)', 'HDTV-1080p', NULL, 14, 0, 0);
INSERT OR IGNORE INTO quality_profile_qualities (quality_profile_name, quality_name, quality_group_name, position, enabled, upgrade_until) VALUES ('[German] UHD Bluray + WEB (Alternative)', 'Remux-1080p', NULL, 15, 0, 0);
INSERT OR IGNORE INTO quality_profile_qualities (quality_profile_name, quality_name, quality_group_name, position, enabled, upgrade_until) VALUES ('[German] UHD Bluray + WEB (Alternative)', 'HDTV-2160p', NULL, 16, 0, 0);
INSERT OR IGNORE INTO quality_profile_qualities (quality_profile_name, quality_name, quality_group_name, position, enabled, upgrade_until) VALUES ('[German] UHD Bluray + WEB (Alternative)', 'Remux-2160p', NULL, 17, 0, 0);
INSERT OR IGNORE INTO quality_profile_qualities (quality_profile_name, quality_name, quality_group_name, position, enabled, upgrade_until) VALUES ('[German] UHD Bluray + WEB (Alternative)', 'BR-DISK', NULL, 18, 0, 0);
INSERT OR IGNORE INTO quality_profile_qualities (quality_profile_name, quality_name, quality_group_name, position, enabled, upgrade_until) VALUES ('[German] UHD Bluray + WEB (Alternative)', 'Raw-HD', NULL, 19, 0, 0);
INSERT OR IGNORE INTO quality_groups (quality_profile_name, name) VALUES ('[German] UHD Bluray + WEB (Alternative)', 'Merged QPs');
INSERT OR IGNORE INTO quality_group_members (quality_profile_name, quality_group_name, quality_name) VALUES ('[German] UHD Bluray + WEB (Alternative)', 'Merged QPs', 'WEBRip-720p');
INSERT OR IGNORE INTO quality_group_members (quality_profile_name, quality_group_name, quality_name) VALUES ('[German] UHD Bluray + WEB (Alternative)', 'Merged QPs', 'WEBDL-720p');
INSERT OR IGNORE INTO quality_group_members (quality_profile_name, quality_group_name, quality_name) VALUES ('[German] UHD Bluray + WEB (Alternative)', 'Merged QPs', 'Bluray-720p');
INSERT OR IGNORE INTO quality_group_members (quality_profile_name, quality_group_name, quality_name) VALUES ('[German] UHD Bluray + WEB (Alternative)', 'Merged QPs', 'WEBDL-1080p');
INSERT OR IGNORE INTO quality_group_members (quality_profile_name, quality_group_name, quality_name) VALUES ('[German] UHD Bluray + WEB (Alternative)', 'Merged QPs', 'WEBRip-1080p');
INSERT OR IGNORE INTO quality_group_members (quality_profile_name, quality_group_name, quality_name) VALUES ('[German] UHD Bluray + WEB (Alternative)', 'Merged QPs', 'Bluray-1080p');
INSERT OR IGNORE INTO quality_group_members (quality_profile_name, quality_group_name, quality_name) VALUES ('[German] UHD Bluray + WEB (Alternative)', 'Merged QPs', 'WEBRip-2160p');
INSERT OR IGNORE INTO quality_group_members (quality_profile_name, quality_group_name, quality_name) VALUES ('[German] UHD Bluray + WEB (Alternative)', 'Merged QPs', 'WEBDL-2160p');
INSERT OR IGNORE INTO quality_group_members (quality_profile_name, quality_group_name, quality_name) VALUES ('[German] UHD Bluray + WEB (Alternative)', 'Merged QPs', 'Bluray-2160p');
INSERT OR IGNORE INTO quality_profile_qualities (quality_profile_name, quality_name, quality_group_name, position, enabled, upgrade_until) VALUES ('[German] UHD Bluray + WEB (Alternative)', NULL, 'Merged QPs', 20, 1, 1);
INSERT OR IGNORE INTO quality_profile_custom_formats (quality_profile_name, custom_format_name, arr_type, score) VALUES ('[German] UHD Bluray + WEB (Alternative)', 'German 1080p Booster', 'radarr', 650);
INSERT OR IGNORE INTO quality_profile_custom_formats (quality_profile_name, custom_format_name, arr_type, score) VALUES ('[German] UHD Bluray + WEB (Alternative)', 'German 2160p Booster', 'radarr', 9000);
INSERT OR IGNORE INTO quality_profile_custom_formats (quality_profile_name, custom_format_name, arr_type, score) VALUES ('[German] UHD Bluray + WEB (Alternative)', '2160p', 'radarr', 100);
INSERT OR IGNORE INTO quality_profile_custom_formats (quality_profile_name, custom_format_name, arr_type, score) VALUES ('[German] UHD Bluray + WEB (Alternative)', '1080p', 'radarr', 50);
INSERT OR IGNORE INTO quality_profile_custom_formats (quality_profile_name, custom_format_name, arr_type, score) VALUES ('[German] UHD Bluray + WEB (Alternative)', '720p', 'radarr', 5);
INSERT OR IGNORE INTO quality_profile_custom_formats (quality_profile_name, custom_format_name, arr_type, score) VALUES ('[German] UHD Bluray + WEB (Alternative)', 'German', 'radarr', 10000);
INSERT OR IGNORE INTO quality_profile_custom_formats (quality_profile_name, custom_format_name, arr_type, score) VALUES ('[German] UHD Bluray + WEB (Alternative)', 'German DL', 'radarr', -10000);
INSERT OR IGNORE INTO quality_profile_custom_formats (quality_profile_name, custom_format_name, arr_type, score) VALUES ('[German] UHD Bluray + WEB (Alternative)', 'German DL (undefined)', 'radarr', 11000);
INSERT OR IGNORE INTO quality_profile_custom_formats (quality_profile_name, custom_format_name, arr_type, score) VALUES ('[German] UHD Bluray + WEB (Alternative)', 'Not German or English', 'radarr', -35000);
INSERT OR IGNORE INTO quality_profile_custom_formats (quality_profile_name, custom_format_name, arr_type, score) VALUES ('[German] UHD Bluray + WEB (Alternative)', 'German Bluray Tier 01', 'radarr', 2900);
INSERT OR IGNORE INTO quality_profile_custom_formats (quality_profile_name, custom_format_name, arr_type, score) VALUES ('[German] UHD Bluray + WEB (Alternative)', 'German Bluray Tier 02', 'radarr', 2650);
INSERT OR IGNORE INTO quality_profile_custom_formats (quality_profile_name, custom_format_name, arr_type, score) VALUES ('[German] UHD Bluray + WEB (Alternative)', 'German Bluray Tier 03', 'radarr', 2300);
INSERT OR IGNORE INTO quality_profile_custom_formats (quality_profile_name, custom_format_name, arr_type, score) VALUES ('[German] UHD Bluray + WEB (Alternative)', 'German Web Tier 01', 'radarr', 2100);
INSERT OR IGNORE INTO quality_profile_custom_formats (quality_profile_name, custom_format_name, arr_type, score) VALUES ('[German] UHD Bluray + WEB (Alternative)', 'German Web Tier 02', 'radarr', 1900);
INSERT OR IGNORE INTO quality_profile_custom_formats (quality_profile_name, custom_format_name, arr_type, score) VALUES ('[German] UHD Bluray + WEB (Alternative)', 'German Web Tier 03', 'radarr', 1800);
INSERT OR IGNORE INTO quality_profile_custom_formats (quality_profile_name, custom_format_name, arr_type, score) VALUES ('[German] UHD Bluray + WEB (Alternative)', 'German Scene', 'radarr', 1700);
INSERT OR IGNORE INTO quality_profile_custom_formats (quality_profile_name, custom_format_name, arr_type, score) VALUES ('[German] UHD Bluray + WEB (Alternative)', 'German LQ', 'radarr', -35000);
INSERT OR IGNORE INTO quality_profile_custom_formats (quality_profile_name, custom_format_name, arr_type, score) VALUES ('[German] UHD Bluray + WEB (Alternative)', 'German LQ (release title)', 'radarr', -35000);
INSERT OR IGNORE INTO quality_profile_custom_formats (quality_profile_name, custom_format_name, arr_type, score) VALUES ('[German] UHD Bluray + WEB (Alternative)', 'German Microsized', 'radarr', -35000);
INSERT OR IGNORE INTO quality_profile_custom_formats (quality_profile_name, custom_format_name, arr_type, score) VALUES ('[German] UHD Bluray + WEB (Alternative)', 'Line/Mic Dubbed', 'radarr', -10000);
INSERT OR IGNORE INTO quality_profile_custom_formats (quality_profile_name, custom_format_name, arr_type, score) VALUES ('[German] UHD Bluray + WEB (Alternative)', 'UHD Bluray Tier 01', 'radarr', 1800);
INSERT OR IGNORE INTO quality_profile_custom_formats (quality_profile_name, custom_format_name, arr_type, score) VALUES ('[German] UHD Bluray + WEB (Alternative)', 'UHD Bluray Tier 02', 'radarr', 1750);
INSERT OR IGNORE INTO quality_profile_custom_formats (quality_profile_name, custom_format_name, arr_type, score) VALUES ('[German] UHD Bluray + WEB (Alternative)', 'UHD Bluray Tier 03', 'radarr', 1700);
INSERT OR IGNORE INTO quality_profile_custom_formats (quality_profile_name, custom_format_name, arr_type, score) VALUES ('[German] UHD Bluray + WEB (Alternative)', 'HD Bluray Tier 01', 'radarr', 1800);
INSERT OR IGNORE INTO quality_profile_custom_formats (quality_profile_name, custom_format_name, arr_type, score) VALUES ('[German] UHD Bluray + WEB (Alternative)', 'HD Bluray Tier 02', 'radarr', 1750);
INSERT OR IGNORE INTO quality_profile_custom_formats (quality_profile_name, custom_format_name, arr_type, score) VALUES ('[German] UHD Bluray + WEB (Alternative)', 'HD Bluray Tier 03', 'radarr', 1700);
INSERT OR IGNORE INTO quality_profile_custom_formats (quality_profile_name, custom_format_name, arr_type, score) VALUES ('[German] UHD Bluray + WEB (Alternative)', 'WEB Tier 01', 'radarr', 1700);
INSERT OR IGNORE INTO quality_profile_custom_formats (quality_profile_name, custom_format_name, arr_type, score) VALUES ('[German] UHD Bluray + WEB (Alternative)', 'WEB Tier 02', 'radarr', 1650);
INSERT OR IGNORE INTO quality_profile_custom_formats (quality_profile_name, custom_format_name, arr_type, score) VALUES ('[German] UHD Bluray + WEB (Alternative)', 'WEB Tier 03', 'radarr', 1600);
INSERT OR IGNORE INTO quality_profile_custom_formats (quality_profile_name, custom_format_name, arr_type, score) VALUES ('[German] UHD Bluray + WEB (Alternative)', 'Repack/Proper', 'radarr', 5);
INSERT OR IGNORE INTO quality_profile_custom_formats (quality_profile_name, custom_format_name, arr_type, score) VALUES ('[German] UHD Bluray + WEB (Alternative)', 'Repack2', 'radarr', 6);
INSERT OR IGNORE INTO quality_profile_custom_formats (quality_profile_name, custom_format_name, arr_type, score) VALUES ('[German] UHD Bluray + WEB (Alternative)', 'Repack3', 'radarr', 7);
INSERT OR IGNORE INTO quality_profile_custom_formats (quality_profile_name, custom_format_name, arr_type, score) VALUES ('[German] UHD Bluray + WEB (Alternative)', 'BR-DISK', 'radarr', -10000);
INSERT OR IGNORE INTO quality_profile_custom_formats (quality_profile_name, custom_format_name, arr_type, score) VALUES ('[German] UHD Bluray + WEB (Alternative)', 'Generated Dynamic HDR', 'radarr', -10000);
INSERT OR IGNORE INTO quality_profile_custom_formats (quality_profile_name, custom_format_name, arr_type, score) VALUES ('[German] UHD Bluray + WEB (Alternative)', 'LQ', 'radarr', -10000);
INSERT OR IGNORE INTO quality_profile_custom_formats (quality_profile_name, custom_format_name, arr_type, score) VALUES ('[German] UHD Bluray + WEB (Alternative)', 'LQ (Release Title)', 'radarr', -10000);
INSERT OR IGNORE INTO quality_profile_custom_formats (quality_profile_name, custom_format_name, arr_type, score) VALUES ('[German] UHD Bluray + WEB (Alternative)', '3D', 'radarr', -10000);
INSERT OR IGNORE INTO quality_profile_custom_formats (quality_profile_name, custom_format_name, arr_type, score) VALUES ('[German] UHD Bluray + WEB (Alternative)', 'Upscaled', 'radarr', -10000);
INSERT OR IGNORE INTO quality_profile_custom_formats (quality_profile_name, custom_format_name, arr_type, score) VALUES ('[German] UHD Bluray + WEB (Alternative)', 'Extras', 'radarr', -10000);
INSERT OR IGNORE INTO quality_profile_custom_formats (quality_profile_name, custom_format_name, arr_type, score) VALUES ('[German] UHD Bluray + WEB (Alternative)', 'AV1', 'radarr', -10000);

INSERT OR IGNORE INTO quality_profiles (name, description, upgrades_allowed, minimum_custom_format_score, upgrade_until_score, upgrade_score_increment) VALUES ('[German] UHD Bluray + WEB', 'German Quality Profile that covers:<br>- WEBDL: 2160p<br>- Bluray: 2160p', 1, 0, 35000, 1);
INSERT OR IGNORE INTO quality_profile_qualities (quality_profile_name, quality_name, quality_group_name, position, enabled, upgrade_until) VALUES ('[German] UHD Bluray + WEB', 'Unknown', NULL, 0, 0, 0);
INSERT OR IGNORE INTO quality_profile_qualities (quality_profile_name, quality_name, quality_group_name, position, enabled, upgrade_until) VALUES ('[German] UHD Bluray + WEB', 'WORKPRINT', NULL, 1, 0, 0);
INSERT OR IGNORE INTO quality_profile_qualities (quality_profile_name, quality_name, quality_group_name, position, enabled, upgrade_until) VALUES ('[German] UHD Bluray + WEB', 'CAM', NULL, 2, 0, 0);
INSERT OR IGNORE INTO quality_profile_qualities (quality_profile_name, quality_name, quality_group_name, position, enabled, upgrade_until) VALUES ('[German] UHD Bluray + WEB', 'TELESYNC', NULL, 3, 0, 0);
INSERT OR IGNORE INTO quality_profile_qualities (quality_profile_name, quality_name, quality_group_name, position, enabled, upgrade_until) VALUES ('[German] UHD Bluray + WEB', 'TELECINE', NULL, 4, 0, 0);
INSERT OR IGNORE INTO quality_profile_qualities (quality_profile_name, quality_name, quality_group_name, position, enabled, upgrade_until) VALUES ('[German] UHD Bluray + WEB', 'REGIONAL', NULL, 5, 0, 0);
INSERT OR IGNORE INTO quality_profile_qualities (quality_profile_name, quality_name, quality_group_name, position, enabled, upgrade_until) VALUES ('[German] UHD Bluray + WEB', 'DVDSCR', NULL, 6, 0, 0);
INSERT OR IGNORE INTO quality_profile_qualities (quality_profile_name, quality_name, quality_group_name, position, enabled, upgrade_until) VALUES ('[German] UHD Bluray + WEB', 'SDTV', NULL, 7, 0, 0);
INSERT OR IGNORE INTO quality_profile_qualities (quality_profile_name, quality_name, quality_group_name, position, enabled, upgrade_until) VALUES ('[German] UHD Bluray + WEB', 'DVD', NULL, 8, 0, 0);
INSERT OR IGNORE INTO quality_profile_qualities (quality_profile_name, quality_name, quality_group_name, position, enabled, upgrade_until) VALUES ('[German] UHD Bluray + WEB', 'DVD-R', NULL, 9, 0, 0);
INSERT OR IGNORE INTO quality_groups (quality_profile_name, name) VALUES ('[German] UHD Bluray + WEB', 'WEB 480p');
INSERT OR IGNORE INTO quality_group_members (quality_profile_name, quality_group_name, quality_name) VALUES ('[German] UHD Bluray + WEB', 'WEB 480p', 'WEBDL-480p');
INSERT OR IGNORE INTO quality_group_members (quality_profile_name, quality_group_name, quality_name) VALUES ('[German] UHD Bluray + WEB', 'WEB 480p', 'WEBRip-480p');
INSERT OR IGNORE INTO quality_profile_qualities (quality_profile_name, quality_name, quality_group_name, position, enabled, upgrade_until) VALUES ('[German] UHD Bluray + WEB', NULL, 'WEB 480p', 10, 0, 0);
INSERT OR IGNORE INTO quality_profile_qualities (quality_profile_name, quality_name, quality_group_name, position, enabled, upgrade_until) VALUES ('[German] UHD Bluray + WEB', 'Bluray-480p', NULL, 11, 0, 0);
INSERT OR IGNORE INTO quality_profile_qualities (quality_profile_name, quality_name, quality_group_name, position, enabled, upgrade_until) VALUES ('[German] UHD Bluray + WEB', 'Bluray-576p', NULL, 12, 0, 0);
INSERT OR IGNORE INTO quality_profile_qualities (quality_profile_name, quality_name, quality_group_name, position, enabled, upgrade_until) VALUES ('[German] UHD Bluray + WEB', 'HDTV-720p', NULL, 13, 0, 0);
INSERT OR IGNORE INTO quality_groups (quality_profile_name, name) VALUES ('[German] UHD Bluray + WEB', 'WEB 720p');
INSERT OR IGNORE INTO quality_group_members (quality_profile_name, quality_group_name, quality_name) VALUES ('[German] UHD Bluray + WEB', 'WEB 720p', 'WEBDL-720p');
INSERT OR IGNORE INTO quality_group_members (quality_profile_name, quality_group_name, quality_name) VALUES ('[German] UHD Bluray + WEB', 'WEB 720p', 'WEBRip-720p');
INSERT OR IGNORE INTO quality_profile_qualities (quality_profile_name, quality_name, quality_group_name, position, enabled, upgrade_until) VALUES ('[German] UHD Bluray + WEB', NULL, 'WEB 720p', 14, 0, 0);
INSERT OR IGNORE INTO quality_profile_qualities (quality_profile_name, quality_name, quality_group_name, position, enabled, upgrade_until) VALUES ('[German] UHD Bluray + WEB', 'Bluray-720p', NULL, 15, 0, 0);
INSERT OR IGNORE INTO quality_profile_qualities (quality_profile_name, quality_name, quality_group_name, position, enabled, upgrade_until) VALUES ('[German] UHD Bluray + WEB', 'HDTV-1080p', NULL, 16, 0, 0);
INSERT OR IGNORE INTO quality_groups (quality_profile_name, name) VALUES ('[German] UHD Bluray + WEB', 'WEB 1080p');
INSERT OR IGNORE INTO quality_group_members (quality_profile_name, quality_group_name, quality_name) VALUES ('[German] UHD Bluray + WEB', 'WEB 1080p', 'WEBDL-1080p');
INSERT OR IGNORE INTO quality_group_members (quality_profile_name, quality_group_name, quality_name) VALUES ('[German] UHD Bluray + WEB', 'WEB 1080p', 'WEBRip-1080p');
INSERT OR IGNORE INTO quality_profile_qualities (quality_profile_name, quality_name, quality_group_name, position, enabled, upgrade_until) VALUES ('[German] UHD Bluray + WEB', NULL, 'WEB 1080p', 17, 0, 0);
INSERT OR IGNORE INTO quality_profile_qualities (quality_profile_name, quality_name, quality_group_name, position, enabled, upgrade_until) VALUES ('[German] UHD Bluray + WEB', 'Bluray-1080p', NULL, 18, 0, 0);
INSERT OR IGNORE INTO quality_profile_qualities (quality_profile_name, quality_name, quality_group_name, position, enabled, upgrade_until) VALUES ('[German] UHD Bluray + WEB', 'Remux-1080p', NULL, 19, 0, 0);
INSERT OR IGNORE INTO quality_profile_qualities (quality_profile_name, quality_name, quality_group_name, position, enabled, upgrade_until) VALUES ('[German] UHD Bluray + WEB', 'HDTV-2160p', NULL, 20, 0, 0);
INSERT OR IGNORE INTO quality_profile_qualities (quality_profile_name, quality_name, quality_group_name, position, enabled, upgrade_until) VALUES ('[German] UHD Bluray + WEB', 'Remux-2160p', NULL, 21, 0, 0);
INSERT OR IGNORE INTO quality_profile_qualities (quality_profile_name, quality_name, quality_group_name, position, enabled, upgrade_until) VALUES ('[German] UHD Bluray + WEB', 'BR-DISK', NULL, 22, 0, 0);
INSERT OR IGNORE INTO quality_profile_qualities (quality_profile_name, quality_name, quality_group_name, position, enabled, upgrade_until) VALUES ('[German] UHD Bluray + WEB', 'Raw-HD', NULL, 23, 0, 0);
INSERT OR IGNORE INTO quality_groups (quality_profile_name, name) VALUES ('[German] UHD Bluray + WEB', 'Merged QPs');
INSERT OR IGNORE INTO quality_group_members (quality_profile_name, quality_group_name, quality_name) VALUES ('[German] UHD Bluray + WEB', 'Merged QPs', 'WEBRip-2160p');
INSERT OR IGNORE INTO quality_group_members (quality_profile_name, quality_group_name, quality_name) VALUES ('[German] UHD Bluray + WEB', 'Merged QPs', 'WEBDL-2160p');
INSERT OR IGNORE INTO quality_group_members (quality_profile_name, quality_group_name, quality_name) VALUES ('[German] UHD Bluray + WEB', 'Merged QPs', 'Bluray-2160p');
INSERT OR IGNORE INTO quality_profile_qualities (quality_profile_name, quality_name, quality_group_name, position, enabled, upgrade_until) VALUES ('[German] UHD Bluray + WEB', NULL, 'Merged QPs', 24, 1, 1);
INSERT OR IGNORE INTO quality_profile_custom_formats (quality_profile_name, custom_format_name, arr_type, score) VALUES ('[German] UHD Bluray + WEB', 'German 1080p Booster', 'radarr', 650);
INSERT OR IGNORE INTO quality_profile_custom_formats (quality_profile_name, custom_format_name, arr_type, score) VALUES ('[German] UHD Bluray + WEB', 'German 2160p Booster', 'radarr', 9000);
INSERT OR IGNORE INTO quality_profile_custom_formats (quality_profile_name, custom_format_name, arr_type, score) VALUES ('[German] UHD Bluray + WEB', '2160p', 'radarr', 100);
INSERT OR IGNORE INTO quality_profile_custom_formats (quality_profile_name, custom_format_name, arr_type, score) VALUES ('[German] UHD Bluray + WEB', '1080p', 'radarr', 50);
INSERT OR IGNORE INTO quality_profile_custom_formats (quality_profile_name, custom_format_name, arr_type, score) VALUES ('[German] UHD Bluray + WEB', '720p', 'radarr', 5);
INSERT OR IGNORE INTO quality_profile_custom_formats (quality_profile_name, custom_format_name, arr_type, score) VALUES ('[German] UHD Bluray + WEB', 'German', 'radarr', 10000);
INSERT OR IGNORE INTO quality_profile_custom_formats (quality_profile_name, custom_format_name, arr_type, score) VALUES ('[German] UHD Bluray + WEB', 'German DL', 'radarr', -10000);
INSERT OR IGNORE INTO quality_profile_custom_formats (quality_profile_name, custom_format_name, arr_type, score) VALUES ('[German] UHD Bluray + WEB', 'German DL (undefined)', 'radarr', 11000);
INSERT OR IGNORE INTO quality_profile_custom_formats (quality_profile_name, custom_format_name, arr_type, score) VALUES ('[German] UHD Bluray + WEB', 'Not German or English', 'radarr', -35000);
INSERT OR IGNORE INTO quality_profile_custom_formats (quality_profile_name, custom_format_name, arr_type, score) VALUES ('[German] UHD Bluray + WEB', 'German Bluray Tier 01', 'radarr', 2900);
INSERT OR IGNORE INTO quality_profile_custom_formats (quality_profile_name, custom_format_name, arr_type, score) VALUES ('[German] UHD Bluray + WEB', 'German Bluray Tier 02', 'radarr', 2650);
INSERT OR IGNORE INTO quality_profile_custom_formats (quality_profile_name, custom_format_name, arr_type, score) VALUES ('[German] UHD Bluray + WEB', 'German Bluray Tier 03', 'radarr', 2300);
INSERT OR IGNORE INTO quality_profile_custom_formats (quality_profile_name, custom_format_name, arr_type, score) VALUES ('[German] UHD Bluray + WEB', 'German Web Tier 01', 'radarr', 2100);
INSERT OR IGNORE INTO quality_profile_custom_formats (quality_profile_name, custom_format_name, arr_type, score) VALUES ('[German] UHD Bluray + WEB', 'German Web Tier 02', 'radarr', 1900);
INSERT OR IGNORE INTO quality_profile_custom_formats (quality_profile_name, custom_format_name, arr_type, score) VALUES ('[German] UHD Bluray + WEB', 'German Web Tier 03', 'radarr', 1800);
INSERT OR IGNORE INTO quality_profile_custom_formats (quality_profile_name, custom_format_name, arr_type, score) VALUES ('[German] UHD Bluray + WEB', 'German Scene', 'radarr', 1700);
INSERT OR IGNORE INTO quality_profile_custom_formats (quality_profile_name, custom_format_name, arr_type, score) VALUES ('[German] UHD Bluray + WEB', 'German LQ', 'radarr', -35000);
INSERT OR IGNORE INTO quality_profile_custom_formats (quality_profile_name, custom_format_name, arr_type, score) VALUES ('[German] UHD Bluray + WEB', 'German LQ (release title)', 'radarr', -35000);
INSERT OR IGNORE INTO quality_profile_custom_formats (quality_profile_name, custom_format_name, arr_type, score) VALUES ('[German] UHD Bluray + WEB', 'German Microsized', 'radarr', -35000);
INSERT OR IGNORE INTO quality_profile_custom_formats (quality_profile_name, custom_format_name, arr_type, score) VALUES ('[German] UHD Bluray + WEB', 'Line/Mic Dubbed', 'radarr', -10000);
INSERT OR IGNORE INTO quality_profile_custom_formats (quality_profile_name, custom_format_name, arr_type, score) VALUES ('[German] UHD Bluray + WEB', 'UHD Bluray Tier 01', 'radarr', 1800);
INSERT OR IGNORE INTO quality_profile_custom_formats (quality_profile_name, custom_format_name, arr_type, score) VALUES ('[German] UHD Bluray + WEB', 'UHD Bluray Tier 02', 'radarr', 1750);
INSERT OR IGNORE INTO quality_profile_custom_formats (quality_profile_name, custom_format_name, arr_type, score) VALUES ('[German] UHD Bluray + WEB', 'UHD Bluray Tier 03', 'radarr', 1700);
INSERT OR IGNORE INTO quality_profile_custom_formats (quality_profile_name, custom_format_name, arr_type, score) VALUES ('[German] UHD Bluray + WEB', 'WEB Tier 01', 'radarr', 1700);
INSERT OR IGNORE INTO quality_profile_custom_formats (quality_profile_name, custom_format_name, arr_type, score) VALUES ('[German] UHD Bluray + WEB', 'WEB Tier 02', 'radarr', 1650);
INSERT OR IGNORE INTO quality_profile_custom_formats (quality_profile_name, custom_format_name, arr_type, score) VALUES ('[German] UHD Bluray + WEB', 'WEB Tier 03', 'radarr', 1600);
INSERT OR IGNORE INTO quality_profile_custom_formats (quality_profile_name, custom_format_name, arr_type, score) VALUES ('[German] UHD Bluray + WEB', 'Repack/Proper', 'radarr', 5);
INSERT OR IGNORE INTO quality_profile_custom_formats (quality_profile_name, custom_format_name, arr_type, score) VALUES ('[German] UHD Bluray + WEB', 'Repack2', 'radarr', 6);
INSERT OR IGNORE INTO quality_profile_custom_formats (quality_profile_name, custom_format_name, arr_type, score) VALUES ('[German] UHD Bluray + WEB', 'Repack3', 'radarr', 7);
INSERT OR IGNORE INTO quality_profile_custom_formats (quality_profile_name, custom_format_name, arr_type, score) VALUES ('[German] UHD Bluray + WEB', 'BR-DISK', 'radarr', -10000);
INSERT OR IGNORE INTO quality_profile_custom_formats (quality_profile_name, custom_format_name, arr_type, score) VALUES ('[German] UHD Bluray + WEB', 'Generated Dynamic HDR', 'radarr', -10000);
INSERT OR IGNORE INTO quality_profile_custom_formats (quality_profile_name, custom_format_name, arr_type, score) VALUES ('[German] UHD Bluray + WEB', 'LQ', 'radarr', -10000);
INSERT OR IGNORE INTO quality_profile_custom_formats (quality_profile_name, custom_format_name, arr_type, score) VALUES ('[German] UHD Bluray + WEB', 'LQ (Release Title)', 'radarr', -10000);
INSERT OR IGNORE INTO quality_profile_custom_formats (quality_profile_name, custom_format_name, arr_type, score) VALUES ('[German] UHD Bluray + WEB', '3D', 'radarr', -10000);
INSERT OR IGNORE INTO quality_profile_custom_formats (quality_profile_name, custom_format_name, arr_type, score) VALUES ('[German] UHD Bluray + WEB', 'Upscaled', 'radarr', -10000);
INSERT OR IGNORE INTO quality_profile_custom_formats (quality_profile_name, custom_format_name, arr_type, score) VALUES ('[German] UHD Bluray + WEB', 'Extras', 'radarr', -10000);
INSERT OR IGNORE INTO quality_profile_custom_formats (quality_profile_name, custom_format_name, arr_type, score) VALUES ('[German] UHD Bluray + WEB', 'AV1', 'radarr', -10000);

INSERT OR IGNORE INTO quality_profiles (name, description, upgrades_allowed, minimum_custom_format_score, upgrade_until_score, upgrade_score_increment) VALUES ('[German] Remux + WEB 2160p', 'German Quality Profile that covers:<br>- WEBDL: 2160p<br>- Remux: 2160p', 1, 0, 35000, 1);
INSERT OR IGNORE INTO quality_profile_qualities (quality_profile_name, quality_name, quality_group_name, position, enabled, upgrade_until) VALUES ('[German] Remux + WEB 2160p', 'Unknown', NULL, 0, 0, 0);
INSERT OR IGNORE INTO quality_profile_qualities (quality_profile_name, quality_name, quality_group_name, position, enabled, upgrade_until) VALUES ('[German] Remux + WEB 2160p', 'WORKPRINT', NULL, 1, 0, 0);
INSERT OR IGNORE INTO quality_profile_qualities (quality_profile_name, quality_name, quality_group_name, position, enabled, upgrade_until) VALUES ('[German] Remux + WEB 2160p', 'CAM', NULL, 2, 0, 0);
INSERT OR IGNORE INTO quality_profile_qualities (quality_profile_name, quality_name, quality_group_name, position, enabled, upgrade_until) VALUES ('[German] Remux + WEB 2160p', 'TELESYNC', NULL, 3, 0, 0);
INSERT OR IGNORE INTO quality_profile_qualities (quality_profile_name, quality_name, quality_group_name, position, enabled, upgrade_until) VALUES ('[German] Remux + WEB 2160p', 'TELECINE', NULL, 4, 0, 0);
INSERT OR IGNORE INTO quality_profile_qualities (quality_profile_name, quality_name, quality_group_name, position, enabled, upgrade_until) VALUES ('[German] Remux + WEB 2160p', 'REGIONAL', NULL, 5, 0, 0);
INSERT OR IGNORE INTO quality_profile_qualities (quality_profile_name, quality_name, quality_group_name, position, enabled, upgrade_until) VALUES ('[German] Remux + WEB 2160p', 'DVDSCR', NULL, 6, 0, 0);
INSERT OR IGNORE INTO quality_profile_qualities (quality_profile_name, quality_name, quality_group_name, position, enabled, upgrade_until) VALUES ('[German] Remux + WEB 2160p', 'SDTV', NULL, 7, 0, 0);
INSERT OR IGNORE INTO quality_profile_qualities (quality_profile_name, quality_name, quality_group_name, position, enabled, upgrade_until) VALUES ('[German] Remux + WEB 2160p', 'DVD', NULL, 8, 0, 0);
INSERT OR IGNORE INTO quality_profile_qualities (quality_profile_name, quality_name, quality_group_name, position, enabled, upgrade_until) VALUES ('[German] Remux + WEB 2160p', 'DVD-R', NULL, 9, 0, 0);
INSERT OR IGNORE INTO quality_groups (quality_profile_name, name) VALUES ('[German] Remux + WEB 2160p', 'WEB 480p');
INSERT OR IGNORE INTO quality_group_members (quality_profile_name, quality_group_name, quality_name) VALUES ('[German] Remux + WEB 2160p', 'WEB 480p', 'WEBDL-480p');
INSERT OR IGNORE INTO quality_group_members (quality_profile_name, quality_group_name, quality_name) VALUES ('[German] Remux + WEB 2160p', 'WEB 480p', 'WEBRip-480p');
INSERT OR IGNORE INTO quality_profile_qualities (quality_profile_name, quality_name, quality_group_name, position, enabled, upgrade_until) VALUES ('[German] Remux + WEB 2160p', NULL, 'WEB 480p', 10, 0, 0);
INSERT OR IGNORE INTO quality_profile_qualities (quality_profile_name, quality_name, quality_group_name, position, enabled, upgrade_until) VALUES ('[German] Remux + WEB 2160p', 'Bluray-480p', NULL, 11, 0, 0);
INSERT OR IGNORE INTO quality_profile_qualities (quality_profile_name, quality_name, quality_group_name, position, enabled, upgrade_until) VALUES ('[German] Remux + WEB 2160p', 'Bluray-576p', NULL, 12, 0, 0);
INSERT OR IGNORE INTO quality_profile_qualities (quality_profile_name, quality_name, quality_group_name, position, enabled, upgrade_until) VALUES ('[German] Remux + WEB 2160p', 'HDTV-720p', NULL, 13, 0, 0);
INSERT OR IGNORE INTO quality_groups (quality_profile_name, name) VALUES ('[German] Remux + WEB 2160p', 'WEB 720p');
INSERT OR IGNORE INTO quality_group_members (quality_profile_name, quality_group_name, quality_name) VALUES ('[German] Remux + WEB 2160p', 'WEB 720p', 'WEBDL-720p');
INSERT OR IGNORE INTO quality_group_members (quality_profile_name, quality_group_name, quality_name) VALUES ('[German] Remux + WEB 2160p', 'WEB 720p', 'WEBRip-720p');
INSERT OR IGNORE INTO quality_profile_qualities (quality_profile_name, quality_name, quality_group_name, position, enabled, upgrade_until) VALUES ('[German] Remux + WEB 2160p', NULL, 'WEB 720p', 14, 0, 0);
INSERT OR IGNORE INTO quality_profile_qualities (quality_profile_name, quality_name, quality_group_name, position, enabled, upgrade_until) VALUES ('[German] Remux + WEB 2160p', 'Bluray-720p', NULL, 15, 0, 0);
INSERT OR IGNORE INTO quality_profile_qualities (quality_profile_name, quality_name, quality_group_name, position, enabled, upgrade_until) VALUES ('[German] Remux + WEB 2160p', 'HDTV-1080p', NULL, 16, 0, 0);
INSERT OR IGNORE INTO quality_groups (quality_profile_name, name) VALUES ('[German] Remux + WEB 2160p', 'WEB 1080p');
INSERT OR IGNORE INTO quality_group_members (quality_profile_name, quality_group_name, quality_name) VALUES ('[German] Remux + WEB 2160p', 'WEB 1080p', 'WEBDL-1080p');
INSERT OR IGNORE INTO quality_group_members (quality_profile_name, quality_group_name, quality_name) VALUES ('[German] Remux + WEB 2160p', 'WEB 1080p', 'WEBRip-1080p');
INSERT OR IGNORE INTO quality_profile_qualities (quality_profile_name, quality_name, quality_group_name, position, enabled, upgrade_until) VALUES ('[German] Remux + WEB 2160p', NULL, 'WEB 1080p', 17, 0, 0);
INSERT OR IGNORE INTO quality_profile_qualities (quality_profile_name, quality_name, quality_group_name, position, enabled, upgrade_until) VALUES ('[German] Remux + WEB 2160p', 'Bluray-1080p', NULL, 18, 0, 0);
INSERT OR IGNORE INTO quality_profile_qualities (quality_profile_name, quality_name, quality_group_name, position, enabled, upgrade_until) VALUES ('[German] Remux + WEB 2160p', 'Remux-1080p', NULL, 19, 0, 0);
INSERT OR IGNORE INTO quality_profile_qualities (quality_profile_name, quality_name, quality_group_name, position, enabled, upgrade_until) VALUES ('[German] Remux + WEB 2160p', 'HDTV-2160p', NULL, 20, 0, 0);
INSERT OR IGNORE INTO quality_profile_qualities (quality_profile_name, quality_name, quality_group_name, position, enabled, upgrade_until) VALUES ('[German] Remux + WEB 2160p', 'Bluray-2160p', NULL, 21, 0, 0);
INSERT OR IGNORE INTO quality_profile_qualities (quality_profile_name, quality_name, quality_group_name, position, enabled, upgrade_until) VALUES ('[German] Remux + WEB 2160p', 'BR-DISK', NULL, 22, 0, 0);
INSERT OR IGNORE INTO quality_profile_qualities (quality_profile_name, quality_name, quality_group_name, position, enabled, upgrade_until) VALUES ('[German] Remux + WEB 2160p', 'Raw-HD', NULL, 23, 0, 0);
INSERT OR IGNORE INTO quality_groups (quality_profile_name, name) VALUES ('[German] Remux + WEB 2160p', 'Merged QPs');
INSERT OR IGNORE INTO quality_group_members (quality_profile_name, quality_group_name, quality_name) VALUES ('[German] Remux + WEB 2160p', 'Merged QPs', 'WEBRip-2160p');
INSERT OR IGNORE INTO quality_group_members (quality_profile_name, quality_group_name, quality_name) VALUES ('[German] Remux + WEB 2160p', 'Merged QPs', 'WEBDL-2160p');
INSERT OR IGNORE INTO quality_group_members (quality_profile_name, quality_group_name, quality_name) VALUES ('[German] Remux + WEB 2160p', 'Merged QPs', 'Remux-2160p');
INSERT OR IGNORE INTO quality_profile_qualities (quality_profile_name, quality_name, quality_group_name, position, enabled, upgrade_until) VALUES ('[German] Remux + WEB 2160p', NULL, 'Merged QPs', 24, 1, 1);
INSERT OR IGNORE INTO quality_profile_custom_formats (quality_profile_name, custom_format_name, arr_type, score) VALUES ('[German] Remux + WEB 2160p', 'German 1080p Booster', 'radarr', 650);
INSERT OR IGNORE INTO quality_profile_custom_formats (quality_profile_name, custom_format_name, arr_type, score) VALUES ('[German] Remux + WEB 2160p', 'German 2160p Booster', 'radarr', 9000);
INSERT OR IGNORE INTO quality_profile_custom_formats (quality_profile_name, custom_format_name, arr_type, score) VALUES ('[German] Remux + WEB 2160p', '2160p', 'radarr', 100);
INSERT OR IGNORE INTO quality_profile_custom_formats (quality_profile_name, custom_format_name, arr_type, score) VALUES ('[German] Remux + WEB 2160p', '1080p', 'radarr', 50);
INSERT OR IGNORE INTO quality_profile_custom_formats (quality_profile_name, custom_format_name, arr_type, score) VALUES ('[German] Remux + WEB 2160p', '720p', 'radarr', 5);
INSERT OR IGNORE INTO quality_profile_custom_formats (quality_profile_name, custom_format_name, arr_type, score) VALUES ('[German] Remux + WEB 2160p', 'German', 'radarr', 10000);
INSERT OR IGNORE INTO quality_profile_custom_formats (quality_profile_name, custom_format_name, arr_type, score) VALUES ('[German] Remux + WEB 2160p', 'German DL', 'radarr', -10000);
INSERT OR IGNORE INTO quality_profile_custom_formats (quality_profile_name, custom_format_name, arr_type, score) VALUES ('[German] Remux + WEB 2160p', 'German DL (undefined)', 'radarr', 11000);
INSERT OR IGNORE INTO quality_profile_custom_formats (quality_profile_name, custom_format_name, arr_type, score) VALUES ('[German] Remux + WEB 2160p', 'Not German or English', 'radarr', -35000);
INSERT OR IGNORE INTO quality_profile_custom_formats (quality_profile_name, custom_format_name, arr_type, score) VALUES ('[German] Remux + WEB 2160p', 'German Remux Tier 01', 'radarr', 4000);
INSERT OR IGNORE INTO quality_profile_custom_formats (quality_profile_name, custom_format_name, arr_type, score) VALUES ('[German] Remux + WEB 2160p', 'German Remux Tier 02', 'radarr', 3900);
INSERT OR IGNORE INTO quality_profile_custom_formats (quality_profile_name, custom_format_name, arr_type, score) VALUES ('[German] Remux + WEB 2160p', 'German Web Tier 01', 'radarr', 2100);
INSERT OR IGNORE INTO quality_profile_custom_formats (quality_profile_name, custom_format_name, arr_type, score) VALUES ('[German] Remux + WEB 2160p', 'German Web Tier 02', 'radarr', 1900);
INSERT OR IGNORE INTO quality_profile_custom_formats (quality_profile_name, custom_format_name, arr_type, score) VALUES ('[German] Remux + WEB 2160p', 'German Web Tier 03', 'radarr', 1800);
INSERT OR IGNORE INTO quality_profile_custom_formats (quality_profile_name, custom_format_name, arr_type, score) VALUES ('[German] Remux + WEB 2160p', 'German Scene', 'radarr', 1700);
INSERT OR IGNORE INTO quality_profile_custom_formats (quality_profile_name, custom_format_name, arr_type, score) VALUES ('[German] Remux + WEB 2160p', 'German LQ', 'radarr', -35000);
INSERT OR IGNORE INTO quality_profile_custom_formats (quality_profile_name, custom_format_name, arr_type, score) VALUES ('[German] Remux + WEB 2160p', 'German LQ (release title)', 'radarr', -35000);
INSERT OR IGNORE INTO quality_profile_custom_formats (quality_profile_name, custom_format_name, arr_type, score) VALUES ('[German] Remux + WEB 2160p', 'German Microsized', 'radarr', -35000);
INSERT OR IGNORE INTO quality_profile_custom_formats (quality_profile_name, custom_format_name, arr_type, score) VALUES ('[German] Remux + WEB 2160p', 'Line/Mic Dubbed', 'radarr', -10000);
INSERT OR IGNORE INTO quality_profile_custom_formats (quality_profile_name, custom_format_name, arr_type, score) VALUES ('[German] Remux + WEB 2160p', 'Remux Tier 01', 'radarr', 1950);
INSERT OR IGNORE INTO quality_profile_custom_formats (quality_profile_name, custom_format_name, arr_type, score) VALUES ('[German] Remux + WEB 2160p', 'Remux Tier 02', 'radarr', 1900);
INSERT OR IGNORE INTO quality_profile_custom_formats (quality_profile_name, custom_format_name, arr_type, score) VALUES ('[German] Remux + WEB 2160p', 'Remux Tier 03', 'radarr', 1850);
INSERT OR IGNORE INTO quality_profile_custom_formats (quality_profile_name, custom_format_name, arr_type, score) VALUES ('[German] Remux + WEB 2160p', 'WEB Tier 01', 'radarr', 1700);
INSERT OR IGNORE INTO quality_profile_custom_formats (quality_profile_name, custom_format_name, arr_type, score) VALUES ('[German] Remux + WEB 2160p', 'WEB Tier 02', 'radarr', 1650);
INSERT OR IGNORE INTO quality_profile_custom_formats (quality_profile_name, custom_format_name, arr_type, score) VALUES ('[German] Remux + WEB 2160p', 'WEB Tier 03', 'radarr', 1600);
INSERT OR IGNORE INTO quality_profile_custom_formats (quality_profile_name, custom_format_name, arr_type, score) VALUES ('[German] Remux + WEB 2160p', 'Repack/Proper', 'radarr', 5);
INSERT OR IGNORE INTO quality_profile_custom_formats (quality_profile_name, custom_format_name, arr_type, score) VALUES ('[German] Remux + WEB 2160p', 'Repack2', 'radarr', 6);
INSERT OR IGNORE INTO quality_profile_custom_formats (quality_profile_name, custom_format_name, arr_type, score) VALUES ('[German] Remux + WEB 2160p', 'Repack3', 'radarr', 7);
INSERT OR IGNORE INTO quality_profile_custom_formats (quality_profile_name, custom_format_name, arr_type, score) VALUES ('[German] Remux + WEB 2160p', 'BR-DISK', 'radarr', -10000);
INSERT OR IGNORE INTO quality_profile_custom_formats (quality_profile_name, custom_format_name, arr_type, score) VALUES ('[German] Remux + WEB 2160p', 'Generated Dynamic HDR', 'radarr', -10000);
INSERT OR IGNORE INTO quality_profile_custom_formats (quality_profile_name, custom_format_name, arr_type, score) VALUES ('[German] Remux + WEB 2160p', 'LQ', 'radarr', -10000);
INSERT OR IGNORE INTO quality_profile_custom_formats (quality_profile_name, custom_format_name, arr_type, score) VALUES ('[German] Remux + WEB 2160p', 'LQ (Release Title)', 'radarr', -10000);
INSERT OR IGNORE INTO quality_profile_custom_formats (quality_profile_name, custom_format_name, arr_type, score) VALUES ('[German] Remux + WEB 2160p', '3D', 'radarr', -10000);
INSERT OR IGNORE INTO quality_profile_custom_formats (quality_profile_name, custom_format_name, arr_type, score) VALUES ('[German] Remux + WEB 2160p', 'Upscaled', 'radarr', -10000);
INSERT OR IGNORE INTO quality_profile_custom_formats (quality_profile_name, custom_format_name, arr_type, score) VALUES ('[German] Remux + WEB 2160p', 'Extras', 'radarr', -10000);
INSERT OR IGNORE INTO quality_profile_custom_formats (quality_profile_name, custom_format_name, arr_type, score) VALUES ('[German] Remux + WEB 2160p', 'AV1', 'radarr', -10000);

INSERT OR IGNORE INTO quality_profiles (name, description, upgrades_allowed, minimum_custom_format_score, upgrade_until_score, upgrade_score_increment) VALUES ('HD Bluray + WEB', 'Quality Profile that covers:<br>- WEBDL: 1080p<br>- Bluray: 720p, 1080p', 1, 0, 10000, 1);
INSERT OR IGNORE INTO quality_profile_qualities (quality_profile_name, quality_name, quality_group_name, position, enabled, upgrade_until) VALUES ('HD Bluray + WEB', 'Unknown', NULL, 0, 0, 0);
INSERT OR IGNORE INTO quality_profile_qualities (quality_profile_name, quality_name, quality_group_name, position, enabled, upgrade_until) VALUES ('HD Bluray + WEB', 'WORKPRINT', NULL, 1, 0, 0);
INSERT OR IGNORE INTO quality_profile_qualities (quality_profile_name, quality_name, quality_group_name, position, enabled, upgrade_until) VALUES ('HD Bluray + WEB', 'CAM', NULL, 2, 0, 0);
INSERT OR IGNORE INTO quality_profile_qualities (quality_profile_name, quality_name, quality_group_name, position, enabled, upgrade_until) VALUES ('HD Bluray + WEB', 'TELESYNC', NULL, 3, 0, 0);
INSERT OR IGNORE INTO quality_profile_qualities (quality_profile_name, quality_name, quality_group_name, position, enabled, upgrade_until) VALUES ('HD Bluray + WEB', 'TELECINE', NULL, 4, 0, 0);
INSERT OR IGNORE INTO quality_profile_qualities (quality_profile_name, quality_name, quality_group_name, position, enabled, upgrade_until) VALUES ('HD Bluray + WEB', 'REGIONAL', NULL, 5, 0, 0);
INSERT OR IGNORE INTO quality_profile_qualities (quality_profile_name, quality_name, quality_group_name, position, enabled, upgrade_until) VALUES ('HD Bluray + WEB', 'DVDSCR', NULL, 6, 0, 0);
INSERT OR IGNORE INTO quality_profile_qualities (quality_profile_name, quality_name, quality_group_name, position, enabled, upgrade_until) VALUES ('HD Bluray + WEB', 'SDTV', NULL, 7, 0, 0);
INSERT OR IGNORE INTO quality_profile_qualities (quality_profile_name, quality_name, quality_group_name, position, enabled, upgrade_until) VALUES ('HD Bluray + WEB', 'DVD', NULL, 8, 0, 0);
INSERT OR IGNORE INTO quality_profile_qualities (quality_profile_name, quality_name, quality_group_name, position, enabled, upgrade_until) VALUES ('HD Bluray + WEB', 'DVD-R', NULL, 9, 0, 0);
INSERT OR IGNORE INTO quality_groups (quality_profile_name, name) VALUES ('HD Bluray + WEB', 'WEB 480p');
INSERT OR IGNORE INTO quality_group_members (quality_profile_name, quality_group_name, quality_name) VALUES ('HD Bluray + WEB', 'WEB 480p', 'WEBDL-480p');
INSERT OR IGNORE INTO quality_group_members (quality_profile_name, quality_group_name, quality_name) VALUES ('HD Bluray + WEB', 'WEB 480p', 'WEBRip-480p');
INSERT OR IGNORE INTO quality_profile_qualities (quality_profile_name, quality_name, quality_group_name, position, enabled, upgrade_until) VALUES ('HD Bluray + WEB', NULL, 'WEB 480p', 10, 0, 0);
INSERT OR IGNORE INTO quality_profile_qualities (quality_profile_name, quality_name, quality_group_name, position, enabled, upgrade_until) VALUES ('HD Bluray + WEB', 'Bluray-480p', NULL, 11, 0, 0);
INSERT OR IGNORE INTO quality_profile_qualities (quality_profile_name, quality_name, quality_group_name, position, enabled, upgrade_until) VALUES ('HD Bluray + WEB', 'Bluray-576p', NULL, 12, 0, 0);
INSERT OR IGNORE INTO quality_profile_qualities (quality_profile_name, quality_name, quality_group_name, position, enabled, upgrade_until) VALUES ('HD Bluray + WEB', 'HDTV-720p', NULL, 13, 0, 0);
INSERT OR IGNORE INTO quality_groups (quality_profile_name, name) VALUES ('HD Bluray + WEB', 'WEB 720p');
INSERT OR IGNORE INTO quality_group_members (quality_profile_name, quality_group_name, quality_name) VALUES ('HD Bluray + WEB', 'WEB 720p', 'WEBDL-720p');
INSERT OR IGNORE INTO quality_group_members (quality_profile_name, quality_group_name, quality_name) VALUES ('HD Bluray + WEB', 'WEB 720p', 'WEBRip-720p');
INSERT OR IGNORE INTO quality_profile_qualities (quality_profile_name, quality_name, quality_group_name, position, enabled, upgrade_until) VALUES ('HD Bluray + WEB', NULL, 'WEB 720p', 14, 0, 0);
INSERT OR IGNORE INTO quality_profile_qualities (quality_profile_name, quality_name, quality_group_name, position, enabled, upgrade_until) VALUES ('HD Bluray + WEB', 'HDTV-1080p', NULL, 15, 0, 0);
INSERT OR IGNORE INTO quality_profile_qualities (quality_profile_name, quality_name, quality_group_name, position, enabled, upgrade_until) VALUES ('HD Bluray + WEB', 'Remux-1080p', NULL, 16, 0, 0);
INSERT OR IGNORE INTO quality_profile_qualities (quality_profile_name, quality_name, quality_group_name, position, enabled, upgrade_until) VALUES ('HD Bluray + WEB', 'HDTV-2160p', NULL, 17, 0, 0);
INSERT OR IGNORE INTO quality_groups (quality_profile_name, name) VALUES ('HD Bluray + WEB', 'WEB 2160p');
INSERT OR IGNORE INTO quality_group_members (quality_profile_name, quality_group_name, quality_name) VALUES ('HD Bluray + WEB', 'WEB 2160p', 'WEBDL-2160p');
INSERT OR IGNORE INTO quality_group_members (quality_profile_name, quality_group_name, quality_name) VALUES ('HD Bluray + WEB', 'WEB 2160p', 'WEBRip-2160p');
INSERT OR IGNORE INTO quality_profile_qualities (quality_profile_name, quality_name, quality_group_name, position, enabled, upgrade_until) VALUES ('HD Bluray + WEB', NULL, 'WEB 2160p', 18, 0, 0);
INSERT OR IGNORE INTO quality_profile_qualities (quality_profile_name, quality_name, quality_group_name, position, enabled, upgrade_until) VALUES ('HD Bluray + WEB', 'Bluray-2160p', NULL, 19, 0, 0);
INSERT OR IGNORE INTO quality_profile_qualities (quality_profile_name, quality_name, quality_group_name, position, enabled, upgrade_until) VALUES ('HD Bluray + WEB', 'Remux-2160p', NULL, 20, 0, 0);
INSERT OR IGNORE INTO quality_profile_qualities (quality_profile_name, quality_name, quality_group_name, position, enabled, upgrade_until) VALUES ('HD Bluray + WEB', 'BR-DISK', NULL, 21, 0, 0);
INSERT OR IGNORE INTO quality_profile_qualities (quality_profile_name, quality_name, quality_group_name, position, enabled, upgrade_until) VALUES ('HD Bluray + WEB', 'Raw-HD', NULL, 22, 0, 0);
INSERT OR IGNORE INTO quality_profile_qualities (quality_profile_name, quality_name, quality_group_name, position, enabled, upgrade_until) VALUES ('HD Bluray + WEB', 'Bluray-720p', NULL, 23, 1, 0);
INSERT OR IGNORE INTO quality_groups (quality_profile_name, name) VALUES ('HD Bluray + WEB', 'WEB 1080p');
INSERT OR IGNORE INTO quality_group_members (quality_profile_name, quality_group_name, quality_name) VALUES ('HD Bluray + WEB', 'WEB 1080p', 'WEBDL-1080p');
INSERT OR IGNORE INTO quality_group_members (quality_profile_name, quality_group_name, quality_name) VALUES ('HD Bluray + WEB', 'WEB 1080p', 'WEBRip-1080p');
INSERT OR IGNORE INTO quality_profile_qualities (quality_profile_name, quality_name, quality_group_name, position, enabled, upgrade_until) VALUES ('HD Bluray + WEB', NULL, 'WEB 1080p', 24, 1, 0);
INSERT OR IGNORE INTO quality_profile_qualities (quality_profile_name, quality_name, quality_group_name, position, enabled, upgrade_until) VALUES ('HD Bluray + WEB', 'Bluray-1080p', NULL, 25, 1, 1);
INSERT OR IGNORE INTO quality_profile_custom_formats (quality_profile_name, custom_format_name, arr_type, score) VALUES ('HD Bluray + WEB', 'HD Bluray Tier 01', 'radarr', 1800);
INSERT OR IGNORE INTO quality_profile_custom_formats (quality_profile_name, custom_format_name, arr_type, score) VALUES ('HD Bluray + WEB', 'HD Bluray Tier 02', 'radarr', 1750);
INSERT OR IGNORE INTO quality_profile_custom_formats (quality_profile_name, custom_format_name, arr_type, score) VALUES ('HD Bluray + WEB', 'HD Bluray Tier 03', 'radarr', 1700);
INSERT OR IGNORE INTO quality_profile_custom_formats (quality_profile_name, custom_format_name, arr_type, score) VALUES ('HD Bluray + WEB', 'WEB Tier 01', 'radarr', 1700);
INSERT OR IGNORE INTO quality_profile_custom_formats (quality_profile_name, custom_format_name, arr_type, score) VALUES ('HD Bluray + WEB', 'WEB Tier 02', 'radarr', 1650);
INSERT OR IGNORE INTO quality_profile_custom_formats (quality_profile_name, custom_format_name, arr_type, score) VALUES ('HD Bluray + WEB', 'WEB Tier 03', 'radarr', 1600);
INSERT OR IGNORE INTO quality_profile_custom_formats (quality_profile_name, custom_format_name, arr_type, score) VALUES ('HD Bluray + WEB', 'Repack/Proper', 'radarr', 5);
INSERT OR IGNORE INTO quality_profile_custom_formats (quality_profile_name, custom_format_name, arr_type, score) VALUES ('HD Bluray + WEB', 'Repack2', 'radarr', 6);
INSERT OR IGNORE INTO quality_profile_custom_formats (quality_profile_name, custom_format_name, arr_type, score) VALUES ('HD Bluray + WEB', 'Repack3', 'radarr', 7);
INSERT OR IGNORE INTO quality_profile_custom_formats (quality_profile_name, custom_format_name, arr_type, score) VALUES ('HD Bluray + WEB', 'BR-DISK', 'radarr', -10000);
INSERT OR IGNORE INTO quality_profile_custom_formats (quality_profile_name, custom_format_name, arr_type, score) VALUES ('HD Bluray + WEB', 'Generated Dynamic HDR', 'radarr', -10000);
INSERT OR IGNORE INTO quality_profile_custom_formats (quality_profile_name, custom_format_name, arr_type, score) VALUES ('HD Bluray + WEB', 'LQ', 'radarr', -10000);
INSERT OR IGNORE INTO quality_profile_custom_formats (quality_profile_name, custom_format_name, arr_type, score) VALUES ('HD Bluray + WEB', 'LQ (Release Title)', 'radarr', -10000);
INSERT OR IGNORE INTO quality_profile_custom_formats (quality_profile_name, custom_format_name, arr_type, score) VALUES ('HD Bluray + WEB', '3D', 'radarr', -10000);
INSERT OR IGNORE INTO quality_profile_custom_formats (quality_profile_name, custom_format_name, arr_type, score) VALUES ('HD Bluray + WEB', 'Extras', 'radarr', -10000);
INSERT OR IGNORE INTO quality_profile_custom_formats (quality_profile_name, custom_format_name, arr_type, score) VALUES ('HD Bluray + WEB', 'Sing-Along Versions', 'radarr', -10000);
INSERT OR IGNORE INTO quality_profile_custom_formats (quality_profile_name, custom_format_name, arr_type, score) VALUES ('HD Bluray + WEB', 'AV1', 'radarr', -10000);

INSERT OR IGNORE INTO quality_profiles (name, description, upgrades_allowed, minimum_custom_format_score, upgrade_until_score, upgrade_score_increment) VALUES ('Remux 2160p (Alternative)', 'Quality Profile that covers:<br>- SDTV, DVD<br>- HDTV: 720p, 1080p<br>- WEBDL: 480p, 720, 1080p, 2160p<br>- Bluray: 480p, 576p, 720p, 1080p, 2160p<br>- Remux: 1080p, 2160p', 1, 0, 10000, 1);
INSERT OR IGNORE INTO quality_profile_qualities (quality_profile_name, quality_name, quality_group_name, position, enabled, upgrade_until) VALUES ('Remux 2160p (Alternative)', 'Unknown', NULL, 0, 0, 0);
INSERT OR IGNORE INTO quality_profile_qualities (quality_profile_name, quality_name, quality_group_name, position, enabled, upgrade_until) VALUES ('Remux 2160p (Alternative)', 'WORKPRINT', NULL, 1, 0, 0);
INSERT OR IGNORE INTO quality_profile_qualities (quality_profile_name, quality_name, quality_group_name, position, enabled, upgrade_until) VALUES ('Remux 2160p (Alternative)', 'CAM', NULL, 2, 0, 0);
INSERT OR IGNORE INTO quality_profile_qualities (quality_profile_name, quality_name, quality_group_name, position, enabled, upgrade_until) VALUES ('Remux 2160p (Alternative)', 'TELESYNC', NULL, 3, 0, 0);
INSERT OR IGNORE INTO quality_profile_qualities (quality_profile_name, quality_name, quality_group_name, position, enabled, upgrade_until) VALUES ('Remux 2160p (Alternative)', 'TELECINE', NULL, 4, 0, 0);
INSERT OR IGNORE INTO quality_profile_qualities (quality_profile_name, quality_name, quality_group_name, position, enabled, upgrade_until) VALUES ('Remux 2160p (Alternative)', 'REGIONAL', NULL, 5, 0, 0);
INSERT OR IGNORE INTO quality_profile_qualities (quality_profile_name, quality_name, quality_group_name, position, enabled, upgrade_until) VALUES ('Remux 2160p (Alternative)', 'DVDSCR', NULL, 6, 0, 0);
INSERT OR IGNORE INTO quality_profile_qualities (quality_profile_name, quality_name, quality_group_name, position, enabled, upgrade_until) VALUES ('Remux 2160p (Alternative)', 'DVD-R', NULL, 7, 0, 0);
INSERT OR IGNORE INTO quality_profile_qualities (quality_profile_name, quality_name, quality_group_name, position, enabled, upgrade_until) VALUES ('Remux 2160p (Alternative)', 'HDTV-2160p', NULL, 8, 0, 0);
INSERT OR IGNORE INTO quality_profile_qualities (quality_profile_name, quality_name, quality_group_name, position, enabled, upgrade_until) VALUES ('Remux 2160p (Alternative)', 'BR-DISK', NULL, 9, 0, 0);
INSERT OR IGNORE INTO quality_profile_qualities (quality_profile_name, quality_name, quality_group_name, position, enabled, upgrade_until) VALUES ('Remux 2160p (Alternative)', 'Raw-HD', NULL, 10, 0, 0);
INSERT OR IGNORE INTO quality_profile_qualities (quality_profile_name, quality_name, quality_group_name, position, enabled, upgrade_until) VALUES ('Remux 2160p (Alternative)', 'SDTV', NULL, 11, 1, 0);
INSERT OR IGNORE INTO quality_profile_qualities (quality_profile_name, quality_name, quality_group_name, position, enabled, upgrade_until) VALUES ('Remux 2160p (Alternative)', 'DVD', NULL, 12, 1, 0);
INSERT OR IGNORE INTO quality_groups (quality_profile_name, name) VALUES ('Remux 2160p (Alternative)', 'WEB 480p');
INSERT OR IGNORE INTO quality_group_members (quality_profile_name, quality_group_name, quality_name) VALUES ('Remux 2160p (Alternative)', 'WEB 480p', 'WEBDL-480p');
INSERT OR IGNORE INTO quality_group_members (quality_profile_name, quality_group_name, quality_name) VALUES ('Remux 2160p (Alternative)', 'WEB 480p', 'WEBRip-480p');
INSERT OR IGNORE INTO quality_profile_qualities (quality_profile_name, quality_name, quality_group_name, position, enabled, upgrade_until) VALUES ('Remux 2160p (Alternative)', NULL, 'WEB 480p', 13, 1, 0);
INSERT OR IGNORE INTO quality_profile_qualities (quality_profile_name, quality_name, quality_group_name, position, enabled, upgrade_until) VALUES ('Remux 2160p (Alternative)', 'Bluray-480p', NULL, 14, 1, 0);
INSERT OR IGNORE INTO quality_profile_qualities (quality_profile_name, quality_name, quality_group_name, position, enabled, upgrade_until) VALUES ('Remux 2160p (Alternative)', 'Bluray-576p', NULL, 15, 1, 0);
INSERT OR IGNORE INTO quality_profile_qualities (quality_profile_name, quality_name, quality_group_name, position, enabled, upgrade_until) VALUES ('Remux 2160p (Alternative)', 'HDTV-720p', NULL, 16, 1, 0);
INSERT OR IGNORE INTO quality_groups (quality_profile_name, name) VALUES ('Remux 2160p (Alternative)', 'WEB 720p');
INSERT OR IGNORE INTO quality_group_members (quality_profile_name, quality_group_name, quality_name) VALUES ('Remux 2160p (Alternative)', 'WEB 720p', 'WEBDL-720p');
INSERT OR IGNORE INTO quality_group_members (quality_profile_name, quality_group_name, quality_name) VALUES ('Remux 2160p (Alternative)', 'WEB 720p', 'WEBRip-720p');
INSERT OR IGNORE INTO quality_profile_qualities (quality_profile_name, quality_name, quality_group_name, position, enabled, upgrade_until) VALUES ('Remux 2160p (Alternative)', NULL, 'WEB 720p', 17, 1, 0);
INSERT OR IGNORE INTO quality_profile_qualities (quality_profile_name, quality_name, quality_group_name, position, enabled, upgrade_until) VALUES ('Remux 2160p (Alternative)', 'Bluray-720p', NULL, 18, 1, 0);
INSERT OR IGNORE INTO quality_profile_qualities (quality_profile_name, quality_name, quality_group_name, position, enabled, upgrade_until) VALUES ('Remux 2160p (Alternative)', 'HDTV-1080p', NULL, 19, 1, 0);
INSERT OR IGNORE INTO quality_groups (quality_profile_name, name) VALUES ('Remux 2160p (Alternative)', 'WEB 1080p');
INSERT OR IGNORE INTO quality_group_members (quality_profile_name, quality_group_name, quality_name) VALUES ('Remux 2160p (Alternative)', 'WEB 1080p', 'WEBDL-1080p');
INSERT OR IGNORE INTO quality_group_members (quality_profile_name, quality_group_name, quality_name) VALUES ('Remux 2160p (Alternative)', 'WEB 1080p', 'WEBRip-1080p');
INSERT OR IGNORE INTO quality_profile_qualities (quality_profile_name, quality_name, quality_group_name, position, enabled, upgrade_until) VALUES ('Remux 2160p (Alternative)', NULL, 'WEB 1080p', 20, 1, 0);
INSERT OR IGNORE INTO quality_profile_qualities (quality_profile_name, quality_name, quality_group_name, position, enabled, upgrade_until) VALUES ('Remux 2160p (Alternative)', 'Bluray-1080p', NULL, 21, 1, 0);
INSERT OR IGNORE INTO quality_profile_qualities (quality_profile_name, quality_name, quality_group_name, position, enabled, upgrade_until) VALUES ('Remux 2160p (Alternative)', 'Remux-1080p', NULL, 22, 1, 0);
INSERT OR IGNORE INTO quality_groups (quality_profile_name, name) VALUES ('Remux 2160p (Alternative)', 'WEB 2160p');
INSERT OR IGNORE INTO quality_group_members (quality_profile_name, quality_group_name, quality_name) VALUES ('Remux 2160p (Alternative)', 'WEB 2160p', 'WEBDL-2160p');
INSERT OR IGNORE INTO quality_group_members (quality_profile_name, quality_group_name, quality_name) VALUES ('Remux 2160p (Alternative)', 'WEB 2160p', 'WEBRip-2160p');
INSERT OR IGNORE INTO quality_profile_qualities (quality_profile_name, quality_name, quality_group_name, position, enabled, upgrade_until) VALUES ('Remux 2160p (Alternative)', NULL, 'WEB 2160p', 23, 1, 0);
INSERT OR IGNORE INTO quality_profile_qualities (quality_profile_name, quality_name, quality_group_name, position, enabled, upgrade_until) VALUES ('Remux 2160p (Alternative)', 'Bluray-2160p', NULL, 24, 1, 0);
INSERT OR IGNORE INTO quality_profile_qualities (quality_profile_name, quality_name, quality_group_name, position, enabled, upgrade_until) VALUES ('Remux 2160p (Alternative)', 'Remux-2160p', NULL, 25, 1, 1);
INSERT OR IGNORE INTO quality_profile_custom_formats (quality_profile_name, custom_format_name, arr_type, score) VALUES ('Remux 2160p (Alternative)', 'Remux Tier 01', 'radarr', 1950);
INSERT OR IGNORE INTO quality_profile_custom_formats (quality_profile_name, custom_format_name, arr_type, score) VALUES ('Remux 2160p (Alternative)', 'Remux Tier 02', 'radarr', 1900);
INSERT OR IGNORE INTO quality_profile_custom_formats (quality_profile_name, custom_format_name, arr_type, score) VALUES ('Remux 2160p (Alternative)', 'Remux Tier 03', 'radarr', 1850);
INSERT OR IGNORE INTO quality_profile_custom_formats (quality_profile_name, custom_format_name, arr_type, score) VALUES ('Remux 2160p (Alternative)', 'UHD Bluray Tier 01', 'radarr', 1800);
INSERT OR IGNORE INTO quality_profile_custom_formats (quality_profile_name, custom_format_name, arr_type, score) VALUES ('Remux 2160p (Alternative)', 'UHD Bluray Tier 02', 'radarr', 1750);
INSERT OR IGNORE INTO quality_profile_custom_formats (quality_profile_name, custom_format_name, arr_type, score) VALUES ('Remux 2160p (Alternative)', 'UHD Bluray Tier 03', 'radarr', 1700);
INSERT OR IGNORE INTO quality_profile_custom_formats (quality_profile_name, custom_format_name, arr_type, score) VALUES ('Remux 2160p (Alternative)', 'HD Bluray Tier 01', 'radarr', 1800);
INSERT OR IGNORE INTO quality_profile_custom_formats (quality_profile_name, custom_format_name, arr_type, score) VALUES ('Remux 2160p (Alternative)', 'HD Bluray Tier 02', 'radarr', 1750);
INSERT OR IGNORE INTO quality_profile_custom_formats (quality_profile_name, custom_format_name, arr_type, score) VALUES ('Remux 2160p (Alternative)', 'HD Bluray Tier 03', 'radarr', 1700);
INSERT OR IGNORE INTO quality_profile_custom_formats (quality_profile_name, custom_format_name, arr_type, score) VALUES ('Remux 2160p (Alternative)', 'WEB Tier 01', 'radarr', 1700);
INSERT OR IGNORE INTO quality_profile_custom_formats (quality_profile_name, custom_format_name, arr_type, score) VALUES ('Remux 2160p (Alternative)', 'WEB Tier 02', 'radarr', 1650);
INSERT OR IGNORE INTO quality_profile_custom_formats (quality_profile_name, custom_format_name, arr_type, score) VALUES ('Remux 2160p (Alternative)', 'WEB Tier 03', 'radarr', 1600);
INSERT OR IGNORE INTO quality_profile_custom_formats (quality_profile_name, custom_format_name, arr_type, score) VALUES ('Remux 2160p (Alternative)', 'Repack/Proper', 'radarr', 5);
INSERT OR IGNORE INTO quality_profile_custom_formats (quality_profile_name, custom_format_name, arr_type, score) VALUES ('Remux 2160p (Alternative)', 'Repack2', 'radarr', 6);
INSERT OR IGNORE INTO quality_profile_custom_formats (quality_profile_name, custom_format_name, arr_type, score) VALUES ('Remux 2160p (Alternative)', 'Repack3', 'radarr', 7);
INSERT OR IGNORE INTO quality_profile_custom_formats (quality_profile_name, custom_format_name, arr_type, score) VALUES ('Remux 2160p (Alternative)', 'BR-DISK', 'radarr', -10000);
INSERT OR IGNORE INTO quality_profile_custom_formats (quality_profile_name, custom_format_name, arr_type, score) VALUES ('Remux 2160p (Alternative)', 'Generated Dynamic HDR', 'radarr', -10000);
INSERT OR IGNORE INTO quality_profile_custom_formats (quality_profile_name, custom_format_name, arr_type, score) VALUES ('Remux 2160p (Alternative)', 'LQ', 'radarr', -10000);
INSERT OR IGNORE INTO quality_profile_custom_formats (quality_profile_name, custom_format_name, arr_type, score) VALUES ('Remux 2160p (Alternative)', 'LQ (Release Title)', 'radarr', -10000);
INSERT OR IGNORE INTO quality_profile_custom_formats (quality_profile_name, custom_format_name, arr_type, score) VALUES ('Remux 2160p (Alternative)', '3D', 'radarr', -10000);
INSERT OR IGNORE INTO quality_profile_custom_formats (quality_profile_name, custom_format_name, arr_type, score) VALUES ('Remux 2160p (Alternative)', 'Upscaled', 'radarr', -10000);
INSERT OR IGNORE INTO quality_profile_custom_formats (quality_profile_name, custom_format_name, arr_type, score) VALUES ('Remux 2160p (Alternative)', 'Extras', 'radarr', -10000);
INSERT OR IGNORE INTO quality_profile_custom_formats (quality_profile_name, custom_format_name, arr_type, score) VALUES ('Remux 2160p (Alternative)', 'Sing-Along Versions', 'radarr', -10000);
INSERT OR IGNORE INTO quality_profile_custom_formats (quality_profile_name, custom_format_name, arr_type, score) VALUES ('Remux 2160p (Alternative)', 'AV1', 'radarr', -10000);

INSERT OR IGNORE INTO quality_profiles (name, description, upgrades_allowed, minimum_custom_format_score, upgrade_until_score, upgrade_score_increment) VALUES ('Remux 2160p (Combined)', 'Quality Profile that covers:<br>- WEBDL: 1080p, 2160p<br>- Bluray: 1080p, 2160p<br>- Remux: 1080p, 2160p', 1, 0, 10000, 1);
INSERT OR IGNORE INTO quality_profile_qualities (quality_profile_name, quality_name, quality_group_name, position, enabled, upgrade_until) VALUES ('Remux 2160p (Combined)', 'Unknown', NULL, 0, 0, 0);
INSERT OR IGNORE INTO quality_profile_qualities (quality_profile_name, quality_name, quality_group_name, position, enabled, upgrade_until) VALUES ('Remux 2160p (Combined)', 'WORKPRINT', NULL, 1, 0, 0);
INSERT OR IGNORE INTO quality_profile_qualities (quality_profile_name, quality_name, quality_group_name, position, enabled, upgrade_until) VALUES ('Remux 2160p (Combined)', 'CAM', NULL, 2, 0, 0);
INSERT OR IGNORE INTO quality_profile_qualities (quality_profile_name, quality_name, quality_group_name, position, enabled, upgrade_until) VALUES ('Remux 2160p (Combined)', 'TELESYNC', NULL, 3, 0, 0);
INSERT OR IGNORE INTO quality_profile_qualities (quality_profile_name, quality_name, quality_group_name, position, enabled, upgrade_until) VALUES ('Remux 2160p (Combined)', 'TELECINE', NULL, 4, 0, 0);
INSERT OR IGNORE INTO quality_profile_qualities (quality_profile_name, quality_name, quality_group_name, position, enabled, upgrade_until) VALUES ('Remux 2160p (Combined)', 'REGIONAL', NULL, 5, 0, 0);
INSERT OR IGNORE INTO quality_profile_qualities (quality_profile_name, quality_name, quality_group_name, position, enabled, upgrade_until) VALUES ('Remux 2160p (Combined)', 'DVDSCR', NULL, 6, 0, 0);
INSERT OR IGNORE INTO quality_profile_qualities (quality_profile_name, quality_name, quality_group_name, position, enabled, upgrade_until) VALUES ('Remux 2160p (Combined)', 'SDTV', NULL, 7, 0, 0);
INSERT OR IGNORE INTO quality_profile_qualities (quality_profile_name, quality_name, quality_group_name, position, enabled, upgrade_until) VALUES ('Remux 2160p (Combined)', 'DVD', NULL, 8, 0, 0);
INSERT OR IGNORE INTO quality_profile_qualities (quality_profile_name, quality_name, quality_group_name, position, enabled, upgrade_until) VALUES ('Remux 2160p (Combined)', 'DVD-R', NULL, 9, 0, 0);
INSERT OR IGNORE INTO quality_profile_qualities (quality_profile_name, quality_name, quality_group_name, position, enabled, upgrade_until) VALUES ('Remux 2160p (Combined)', 'BR-DISK', NULL, 10, 0, 0);
INSERT OR IGNORE INTO quality_profile_qualities (quality_profile_name, quality_name, quality_group_name, position, enabled, upgrade_until) VALUES ('Remux 2160p (Combined)', 'Raw-HD', NULL, 11, 0, 0);
INSERT OR IGNORE INTO quality_profile_qualities (quality_profile_name, quality_name, quality_group_name, position, enabled, upgrade_until) VALUES ('Remux 2160p (Combined)', 'HDTV-2160p', NULL, 12, 0, 0);
INSERT OR IGNORE INTO quality_groups (quality_profile_name, name) VALUES ('Remux 2160p (Combined)', 'WEB 480p');
INSERT OR IGNORE INTO quality_group_members (quality_profile_name, quality_group_name, quality_name) VALUES ('Remux 2160p (Combined)', 'WEB 480p', 'WEBDL-480p');
INSERT OR IGNORE INTO quality_group_members (quality_profile_name, quality_group_name, quality_name) VALUES ('Remux 2160p (Combined)', 'WEB 480p', 'WEBRip-480p');
INSERT OR IGNORE INTO quality_profile_qualities (quality_profile_name, quality_name, quality_group_name, position, enabled, upgrade_until) VALUES ('Remux 2160p (Combined)', NULL, 'WEB 480p', 13, 0, 0);
INSERT OR IGNORE INTO quality_profile_qualities (quality_profile_name, quality_name, quality_group_name, position, enabled, upgrade_until) VALUES ('Remux 2160p (Combined)', 'Bluray-480p', NULL, 14, 0, 0);
INSERT OR IGNORE INTO quality_profile_qualities (quality_profile_name, quality_name, quality_group_name, position, enabled, upgrade_until) VALUES ('Remux 2160p (Combined)', 'Bluray-576p', NULL, 15, 0, 0);
INSERT OR IGNORE INTO quality_profile_qualities (quality_profile_name, quality_name, quality_group_name, position, enabled, upgrade_until) VALUES ('Remux 2160p (Combined)', 'HDTV-720p', NULL, 16, 0, 0);
INSERT OR IGNORE INTO quality_groups (quality_profile_name, name) VALUES ('Remux 2160p (Combined)', 'WEB 720p');
INSERT OR IGNORE INTO quality_group_members (quality_profile_name, quality_group_name, quality_name) VALUES ('Remux 2160p (Combined)', 'WEB 720p', 'WEBDL-720p');
INSERT OR IGNORE INTO quality_group_members (quality_profile_name, quality_group_name, quality_name) VALUES ('Remux 2160p (Combined)', 'WEB 720p', 'WEBRip-720p');
INSERT OR IGNORE INTO quality_profile_qualities (quality_profile_name, quality_name, quality_group_name, position, enabled, upgrade_until) VALUES ('Remux 2160p (Combined)', NULL, 'WEB 720p', 17, 0, 0);
INSERT OR IGNORE INTO quality_profile_qualities (quality_profile_name, quality_name, quality_group_name, position, enabled, upgrade_until) VALUES ('Remux 2160p (Combined)', 'Bluray-720p', NULL, 18, 0, 0);
INSERT OR IGNORE INTO quality_profile_qualities (quality_profile_name, quality_name, quality_group_name, position, enabled, upgrade_until) VALUES ('Remux 2160p (Combined)', 'HDTV-1080p', NULL, 19, 0, 0);
INSERT OR IGNORE INTO quality_groups (quality_profile_name, name) VALUES ('Remux 2160p (Combined)', 'WEB 1080p');
INSERT OR IGNORE INTO quality_group_members (quality_profile_name, quality_group_name, quality_name) VALUES ('Remux 2160p (Combined)', 'WEB 1080p', 'WEBDL-1080p');
INSERT OR IGNORE INTO quality_group_members (quality_profile_name, quality_group_name, quality_name) VALUES ('Remux 2160p (Combined)', 'WEB 1080p', 'WEBRip-1080p');
INSERT OR IGNORE INTO quality_profile_qualities (quality_profile_name, quality_name, quality_group_name, position, enabled, upgrade_until) VALUES ('Remux 2160p (Combined)', NULL, 'WEB 1080p', 20, 1, 0);
INSERT OR IGNORE INTO quality_profile_qualities (quality_profile_name, quality_name, quality_group_name, position, enabled, upgrade_until) VALUES ('Remux 2160p (Combined)', 'Bluray-1080p', NULL, 21, 1, 0);
INSERT OR IGNORE INTO quality_profile_qualities (quality_profile_name, quality_name, quality_group_name, position, enabled, upgrade_until) VALUES ('Remux 2160p (Combined)', 'Remux-1080p', NULL, 22, 1, 0);
INSERT OR IGNORE INTO quality_groups (quality_profile_name, name) VALUES ('Remux 2160p (Combined)', 'WEB 2160p');
INSERT OR IGNORE INTO quality_group_members (quality_profile_name, quality_group_name, quality_name) VALUES ('Remux 2160p (Combined)', 'WEB 2160p', 'WEBDL-2160p');
INSERT OR IGNORE INTO quality_group_members (quality_profile_name, quality_group_name, quality_name) VALUES ('Remux 2160p (Combined)', 'WEB 2160p', 'WEBRip-2160p');
INSERT OR IGNORE INTO quality_profile_qualities (quality_profile_name, quality_name, quality_group_name, position, enabled, upgrade_until) VALUES ('Remux 2160p (Combined)', NULL, 'WEB 2160p', 23, 1, 0);
INSERT OR IGNORE INTO quality_profile_qualities (quality_profile_name, quality_name, quality_group_name, position, enabled, upgrade_until) VALUES ('Remux 2160p (Combined)', 'Bluray-2160p', NULL, 24, 1, 0);
INSERT OR IGNORE INTO quality_profile_qualities (quality_profile_name, quality_name, quality_group_name, position, enabled, upgrade_until) VALUES ('Remux 2160p (Combined)', 'Remux-2160p', NULL, 25, 1, 1);
INSERT OR IGNORE INTO quality_profile_custom_formats (quality_profile_name, custom_format_name, arr_type, score) VALUES ('Remux 2160p (Combined)', 'Remux Tier 01', 'radarr', 1950);
INSERT OR IGNORE INTO quality_profile_custom_formats (quality_profile_name, custom_format_name, arr_type, score) VALUES ('Remux 2160p (Combined)', 'Remux Tier 02', 'radarr', 1900);
INSERT OR IGNORE INTO quality_profile_custom_formats (quality_profile_name, custom_format_name, arr_type, score) VALUES ('Remux 2160p (Combined)', 'Remux Tier 03', 'radarr', 1850);
INSERT OR IGNORE INTO quality_profile_custom_formats (quality_profile_name, custom_format_name, arr_type, score) VALUES ('Remux 2160p (Combined)', 'UHD Bluray Tier 01', 'radarr', 1800);
INSERT OR IGNORE INTO quality_profile_custom_formats (quality_profile_name, custom_format_name, arr_type, score) VALUES ('Remux 2160p (Combined)', 'UHD Bluray Tier 02', 'radarr', 1750);
INSERT OR IGNORE INTO quality_profile_custom_formats (quality_profile_name, custom_format_name, arr_type, score) VALUES ('Remux 2160p (Combined)', 'UHD Bluray Tier 03', 'radarr', 1700);
INSERT OR IGNORE INTO quality_profile_custom_formats (quality_profile_name, custom_format_name, arr_type, score) VALUES ('Remux 2160p (Combined)', 'HD Bluray Tier 01', 'radarr', 1800);
INSERT OR IGNORE INTO quality_profile_custom_formats (quality_profile_name, custom_format_name, arr_type, score) VALUES ('Remux 2160p (Combined)', 'HD Bluray Tier 02', 'radarr', 1750);
INSERT OR IGNORE INTO quality_profile_custom_formats (quality_profile_name, custom_format_name, arr_type, score) VALUES ('Remux 2160p (Combined)', 'HD Bluray Tier 03', 'radarr', 1700);
INSERT OR IGNORE INTO quality_profile_custom_formats (quality_profile_name, custom_format_name, arr_type, score) VALUES ('Remux 2160p (Combined)', 'WEB Tier 01', 'radarr', 1700);
INSERT OR IGNORE INTO quality_profile_custom_formats (quality_profile_name, custom_format_name, arr_type, score) VALUES ('Remux 2160p (Combined)', 'WEB Tier 02', 'radarr', 1650);
INSERT OR IGNORE INTO quality_profile_custom_formats (quality_profile_name, custom_format_name, arr_type, score) VALUES ('Remux 2160p (Combined)', 'WEB Tier 03', 'radarr', 1600);
INSERT OR IGNORE INTO quality_profile_custom_formats (quality_profile_name, custom_format_name, arr_type, score) VALUES ('Remux 2160p (Combined)', 'Repack/Proper', 'radarr', 5);
INSERT OR IGNORE INTO quality_profile_custom_formats (quality_profile_name, custom_format_name, arr_type, score) VALUES ('Remux 2160p (Combined)', 'Repack2', 'radarr', 6);
INSERT OR IGNORE INTO quality_profile_custom_formats (quality_profile_name, custom_format_name, arr_type, score) VALUES ('Remux 2160p (Combined)', 'Repack3', 'radarr', 7);
INSERT OR IGNORE INTO quality_profile_custom_formats (quality_profile_name, custom_format_name, arr_type, score) VALUES ('Remux 2160p (Combined)', 'BR-DISK', 'radarr', -10000);
INSERT OR IGNORE INTO quality_profile_custom_formats (quality_profile_name, custom_format_name, arr_type, score) VALUES ('Remux 2160p (Combined)', 'Generated Dynamic HDR', 'radarr', -10000);
INSERT OR IGNORE INTO quality_profile_custom_formats (quality_profile_name, custom_format_name, arr_type, score) VALUES ('Remux 2160p (Combined)', 'LQ', 'radarr', -10000);
INSERT OR IGNORE INTO quality_profile_custom_formats (quality_profile_name, custom_format_name, arr_type, score) VALUES ('Remux 2160p (Combined)', 'LQ (Release Title)', 'radarr', -10000);
INSERT OR IGNORE INTO quality_profile_custom_formats (quality_profile_name, custom_format_name, arr_type, score) VALUES ('Remux 2160p (Combined)', '3D', 'radarr', -10000);
INSERT OR IGNORE INTO quality_profile_custom_formats (quality_profile_name, custom_format_name, arr_type, score) VALUES ('Remux 2160p (Combined)', 'Upscaled', 'radarr', -10000);
INSERT OR IGNORE INTO quality_profile_custom_formats (quality_profile_name, custom_format_name, arr_type, score) VALUES ('Remux 2160p (Combined)', 'Extras', 'radarr', -10000);
INSERT OR IGNORE INTO quality_profile_custom_formats (quality_profile_name, custom_format_name, arr_type, score) VALUES ('Remux 2160p (Combined)', 'AV1', 'radarr', -10000);

INSERT OR IGNORE INTO quality_profiles (name, description, upgrades_allowed, minimum_custom_format_score, upgrade_until_score, upgrade_score_increment) VALUES ('Remux + WEB 1080p', 'Quality Profile that covers:<br>- WEBDL: 1080p<br>- Remux: 1080p', 1, 0, 10000, 1);
INSERT OR IGNORE INTO quality_profile_qualities (quality_profile_name, quality_name, quality_group_name, position, enabled, upgrade_until) VALUES ('Remux + WEB 1080p', 'Unknown', NULL, 0, 0, 0);
INSERT OR IGNORE INTO quality_profile_qualities (quality_profile_name, quality_name, quality_group_name, position, enabled, upgrade_until) VALUES ('Remux + WEB 1080p', 'WORKPRINT', NULL, 1, 0, 0);
INSERT OR IGNORE INTO quality_profile_qualities (quality_profile_name, quality_name, quality_group_name, position, enabled, upgrade_until) VALUES ('Remux + WEB 1080p', 'CAM', NULL, 2, 0, 0);
INSERT OR IGNORE INTO quality_profile_qualities (quality_profile_name, quality_name, quality_group_name, position, enabled, upgrade_until) VALUES ('Remux + WEB 1080p', 'TELESYNC', NULL, 3, 0, 0);
INSERT OR IGNORE INTO quality_profile_qualities (quality_profile_name, quality_name, quality_group_name, position, enabled, upgrade_until) VALUES ('Remux + WEB 1080p', 'TELECINE', NULL, 4, 0, 0);
INSERT OR IGNORE INTO quality_profile_qualities (quality_profile_name, quality_name, quality_group_name, position, enabled, upgrade_until) VALUES ('Remux + WEB 1080p', 'REGIONAL', NULL, 5, 0, 0);
INSERT OR IGNORE INTO quality_profile_qualities (quality_profile_name, quality_name, quality_group_name, position, enabled, upgrade_until) VALUES ('Remux + WEB 1080p', 'DVDSCR', NULL, 6, 0, 0);
INSERT OR IGNORE INTO quality_profile_qualities (quality_profile_name, quality_name, quality_group_name, position, enabled, upgrade_until) VALUES ('Remux + WEB 1080p', 'SDTV', NULL, 7, 0, 0);
INSERT OR IGNORE INTO quality_profile_qualities (quality_profile_name, quality_name, quality_group_name, position, enabled, upgrade_until) VALUES ('Remux + WEB 1080p', 'DVD', NULL, 8, 0, 0);
INSERT OR IGNORE INTO quality_profile_qualities (quality_profile_name, quality_name, quality_group_name, position, enabled, upgrade_until) VALUES ('Remux + WEB 1080p', 'DVD-R', NULL, 9, 0, 0);
INSERT OR IGNORE INTO quality_groups (quality_profile_name, name) VALUES ('Remux + WEB 1080p', 'WEB 480p');
INSERT OR IGNORE INTO quality_group_members (quality_profile_name, quality_group_name, quality_name) VALUES ('Remux + WEB 1080p', 'WEB 480p', 'WEBDL-480p');
INSERT OR IGNORE INTO quality_group_members (quality_profile_name, quality_group_name, quality_name) VALUES ('Remux + WEB 1080p', 'WEB 480p', 'WEBRip-480p');
INSERT OR IGNORE INTO quality_profile_qualities (quality_profile_name, quality_name, quality_group_name, position, enabled, upgrade_until) VALUES ('Remux + WEB 1080p', NULL, 'WEB 480p', 10, 0, 0);
INSERT OR IGNORE INTO quality_profile_qualities (quality_profile_name, quality_name, quality_group_name, position, enabled, upgrade_until) VALUES ('Remux + WEB 1080p', 'Bluray-480p', NULL, 11, 0, 0);
INSERT OR IGNORE INTO quality_profile_qualities (quality_profile_name, quality_name, quality_group_name, position, enabled, upgrade_until) VALUES ('Remux + WEB 1080p', 'Bluray-576p', NULL, 12, 0, 0);
INSERT OR IGNORE INTO quality_profile_qualities (quality_profile_name, quality_name, quality_group_name, position, enabled, upgrade_until) VALUES ('Remux + WEB 1080p', 'HDTV-720p', NULL, 13, 0, 0);
INSERT OR IGNORE INTO quality_groups (quality_profile_name, name) VALUES ('Remux + WEB 1080p', 'WEB 720p');
INSERT OR IGNORE INTO quality_group_members (quality_profile_name, quality_group_name, quality_name) VALUES ('Remux + WEB 1080p', 'WEB 720p', 'WEBDL-720p');
INSERT OR IGNORE INTO quality_group_members (quality_profile_name, quality_group_name, quality_name) VALUES ('Remux + WEB 1080p', 'WEB 720p', 'WEBRip-720p');
INSERT OR IGNORE INTO quality_profile_qualities (quality_profile_name, quality_name, quality_group_name, position, enabled, upgrade_until) VALUES ('Remux + WEB 1080p', NULL, 'WEB 720p', 14, 0, 0);
INSERT OR IGNORE INTO quality_profile_qualities (quality_profile_name, quality_name, quality_group_name, position, enabled, upgrade_until) VALUES ('Remux + WEB 1080p', 'Bluray-720p', NULL, 15, 0, 0);
INSERT OR IGNORE INTO quality_profile_qualities (quality_profile_name, quality_name, quality_group_name, position, enabled, upgrade_until) VALUES ('Remux + WEB 1080p', 'HDTV-1080p', NULL, 16, 0, 0);
INSERT OR IGNORE INTO quality_profile_qualities (quality_profile_name, quality_name, quality_group_name, position, enabled, upgrade_until) VALUES ('Remux + WEB 1080p', 'Bluray-1080p', NULL, 17, 0, 0);
INSERT OR IGNORE INTO quality_profile_qualities (quality_profile_name, quality_name, quality_group_name, position, enabled, upgrade_until) VALUES ('Remux + WEB 1080p', 'HDTV-2160p', NULL, 18, 0, 0);
INSERT OR IGNORE INTO quality_groups (quality_profile_name, name) VALUES ('Remux + WEB 1080p', 'WEB 2160p');
INSERT OR IGNORE INTO quality_group_members (quality_profile_name, quality_group_name, quality_name) VALUES ('Remux + WEB 1080p', 'WEB 2160p', 'WEBDL-2160p');
INSERT OR IGNORE INTO quality_group_members (quality_profile_name, quality_group_name, quality_name) VALUES ('Remux + WEB 1080p', 'WEB 2160p', 'WEBRip-2160p');
INSERT OR IGNORE INTO quality_profile_qualities (quality_profile_name, quality_name, quality_group_name, position, enabled, upgrade_until) VALUES ('Remux + WEB 1080p', NULL, 'WEB 2160p', 19, 0, 0);
INSERT OR IGNORE INTO quality_profile_qualities (quality_profile_name, quality_name, quality_group_name, position, enabled, upgrade_until) VALUES ('Remux + WEB 1080p', 'Bluray-2160p', NULL, 20, 0, 0);
INSERT OR IGNORE INTO quality_profile_qualities (quality_profile_name, quality_name, quality_group_name, position, enabled, upgrade_until) VALUES ('Remux + WEB 1080p', 'Remux-2160p', NULL, 21, 0, 0);
INSERT OR IGNORE INTO quality_profile_qualities (quality_profile_name, quality_name, quality_group_name, position, enabled, upgrade_until) VALUES ('Remux + WEB 1080p', 'BR-DISK', NULL, 22, 0, 0);
INSERT OR IGNORE INTO quality_profile_qualities (quality_profile_name, quality_name, quality_group_name, position, enabled, upgrade_until) VALUES ('Remux + WEB 1080p', 'Raw-HD', NULL, 23, 0, 0);
INSERT OR IGNORE INTO quality_groups (quality_profile_name, name) VALUES ('Remux + WEB 1080p', 'WEB 1080p');
INSERT OR IGNORE INTO quality_group_members (quality_profile_name, quality_group_name, quality_name) VALUES ('Remux + WEB 1080p', 'WEB 1080p', 'WEBDL-1080p');
INSERT OR IGNORE INTO quality_group_members (quality_profile_name, quality_group_name, quality_name) VALUES ('Remux + WEB 1080p', 'WEB 1080p', 'WEBRip-1080p');
INSERT OR IGNORE INTO quality_profile_qualities (quality_profile_name, quality_name, quality_group_name, position, enabled, upgrade_until) VALUES ('Remux + WEB 1080p', NULL, 'WEB 1080p', 24, 1, 0);
INSERT OR IGNORE INTO quality_profile_qualities (quality_profile_name, quality_name, quality_group_name, position, enabled, upgrade_until) VALUES ('Remux + WEB 1080p', 'Remux-1080p', NULL, 25, 1, 1);
INSERT OR IGNORE INTO quality_profile_custom_formats (quality_profile_name, custom_format_name, arr_type, score) VALUES ('Remux + WEB 1080p', 'Remux Tier 01', 'radarr', 1950);
INSERT OR IGNORE INTO quality_profile_custom_formats (quality_profile_name, custom_format_name, arr_type, score) VALUES ('Remux + WEB 1080p', 'Remux Tier 02', 'radarr', 1900);
INSERT OR IGNORE INTO quality_profile_custom_formats (quality_profile_name, custom_format_name, arr_type, score) VALUES ('Remux + WEB 1080p', 'Remux Tier 03', 'radarr', 1850);
INSERT OR IGNORE INTO quality_profile_custom_formats (quality_profile_name, custom_format_name, arr_type, score) VALUES ('Remux + WEB 1080p', 'WEB Tier 01', 'radarr', 1700);
INSERT OR IGNORE INTO quality_profile_custom_formats (quality_profile_name, custom_format_name, arr_type, score) VALUES ('Remux + WEB 1080p', 'WEB Tier 02', 'radarr', 1650);
INSERT OR IGNORE INTO quality_profile_custom_formats (quality_profile_name, custom_format_name, arr_type, score) VALUES ('Remux + WEB 1080p', 'WEB Tier 03', 'radarr', 1600);
INSERT OR IGNORE INTO quality_profile_custom_formats (quality_profile_name, custom_format_name, arr_type, score) VALUES ('Remux + WEB 1080p', 'Repack/Proper', 'radarr', 5);
INSERT OR IGNORE INTO quality_profile_custom_formats (quality_profile_name, custom_format_name, arr_type, score) VALUES ('Remux + WEB 1080p', 'Repack2', 'radarr', 6);
INSERT OR IGNORE INTO quality_profile_custom_formats (quality_profile_name, custom_format_name, arr_type, score) VALUES ('Remux + WEB 1080p', 'Repack3', 'radarr', 7);
INSERT OR IGNORE INTO quality_profile_custom_formats (quality_profile_name, custom_format_name, arr_type, score) VALUES ('Remux + WEB 1080p', 'BR-DISK', 'radarr', -10000);
INSERT OR IGNORE INTO quality_profile_custom_formats (quality_profile_name, custom_format_name, arr_type, score) VALUES ('Remux + WEB 1080p', 'Generated Dynamic HDR', 'radarr', -10000);
INSERT OR IGNORE INTO quality_profile_custom_formats (quality_profile_name, custom_format_name, arr_type, score) VALUES ('Remux + WEB 1080p', 'LQ', 'radarr', -10000);
INSERT OR IGNORE INTO quality_profile_custom_formats (quality_profile_name, custom_format_name, arr_type, score) VALUES ('Remux + WEB 1080p', 'LQ (Release Title)', 'radarr', -10000);
INSERT OR IGNORE INTO quality_profile_custom_formats (quality_profile_name, custom_format_name, arr_type, score) VALUES ('Remux + WEB 1080p', '3D', 'radarr', -10000);
INSERT OR IGNORE INTO quality_profile_custom_formats (quality_profile_name, custom_format_name, arr_type, score) VALUES ('Remux + WEB 1080p', 'Extras', 'radarr', -10000);
INSERT OR IGNORE INTO quality_profile_custom_formats (quality_profile_name, custom_format_name, arr_type, score) VALUES ('Remux + WEB 1080p', 'Sing-Along Versions', 'radarr', -10000);
INSERT OR IGNORE INTO quality_profile_custom_formats (quality_profile_name, custom_format_name, arr_type, score) VALUES ('Remux + WEB 1080p', 'AV1', 'radarr', -10000);

INSERT OR IGNORE INTO quality_profiles (name, description, upgrades_allowed, minimum_custom_format_score, upgrade_until_score, upgrade_score_increment) VALUES ('Remux + WEB 2160p', 'Quality Profile that covers:<br>- WEBDL: 2160p<br>- Remux: 2160p', 1, 0, 10000, 1);
INSERT OR IGNORE INTO quality_profile_qualities (quality_profile_name, quality_name, quality_group_name, position, enabled, upgrade_until) VALUES ('Remux + WEB 2160p', 'Unknown', NULL, 0, 0, 0);
INSERT OR IGNORE INTO quality_profile_qualities (quality_profile_name, quality_name, quality_group_name, position, enabled, upgrade_until) VALUES ('Remux + WEB 2160p', 'WORKPRINT', NULL, 1, 0, 0);
INSERT OR IGNORE INTO quality_profile_qualities (quality_profile_name, quality_name, quality_group_name, position, enabled, upgrade_until) VALUES ('Remux + WEB 2160p', 'CAM', NULL, 2, 0, 0);
INSERT OR IGNORE INTO quality_profile_qualities (quality_profile_name, quality_name, quality_group_name, position, enabled, upgrade_until) VALUES ('Remux + WEB 2160p', 'TELESYNC', NULL, 3, 0, 0);
INSERT OR IGNORE INTO quality_profile_qualities (quality_profile_name, quality_name, quality_group_name, position, enabled, upgrade_until) VALUES ('Remux + WEB 2160p', 'TELECINE', NULL, 4, 0, 0);
INSERT OR IGNORE INTO quality_profile_qualities (quality_profile_name, quality_name, quality_group_name, position, enabled, upgrade_until) VALUES ('Remux + WEB 2160p', 'REGIONAL', NULL, 5, 0, 0);
INSERT OR IGNORE INTO quality_profile_qualities (quality_profile_name, quality_name, quality_group_name, position, enabled, upgrade_until) VALUES ('Remux + WEB 2160p', 'DVDSCR', NULL, 6, 0, 0);
INSERT OR IGNORE INTO quality_profile_qualities (quality_profile_name, quality_name, quality_group_name, position, enabled, upgrade_until) VALUES ('Remux + WEB 2160p', 'SDTV', NULL, 7, 0, 0);
INSERT OR IGNORE INTO quality_profile_qualities (quality_profile_name, quality_name, quality_group_name, position, enabled, upgrade_until) VALUES ('Remux + WEB 2160p', 'DVD', NULL, 8, 0, 0);
INSERT OR IGNORE INTO quality_profile_qualities (quality_profile_name, quality_name, quality_group_name, position, enabled, upgrade_until) VALUES ('Remux + WEB 2160p', 'DVD-R', NULL, 9, 0, 0);
INSERT OR IGNORE INTO quality_groups (quality_profile_name, name) VALUES ('Remux + WEB 2160p', 'WEB 480p');
INSERT OR IGNORE INTO quality_group_members (quality_profile_name, quality_group_name, quality_name) VALUES ('Remux + WEB 2160p', 'WEB 480p', 'WEBDL-480p');
INSERT OR IGNORE INTO quality_group_members (quality_profile_name, quality_group_name, quality_name) VALUES ('Remux + WEB 2160p', 'WEB 480p', 'WEBRip-480p');
INSERT OR IGNORE INTO quality_profile_qualities (quality_profile_name, quality_name, quality_group_name, position, enabled, upgrade_until) VALUES ('Remux + WEB 2160p', NULL, 'WEB 480p', 10, 0, 0);
INSERT OR IGNORE INTO quality_profile_qualities (quality_profile_name, quality_name, quality_group_name, position, enabled, upgrade_until) VALUES ('Remux + WEB 2160p', 'Bluray-480p', NULL, 11, 0, 0);
INSERT OR IGNORE INTO quality_profile_qualities (quality_profile_name, quality_name, quality_group_name, position, enabled, upgrade_until) VALUES ('Remux + WEB 2160p', 'Bluray-576p', NULL, 12, 0, 0);
INSERT OR IGNORE INTO quality_profile_qualities (quality_profile_name, quality_name, quality_group_name, position, enabled, upgrade_until) VALUES ('Remux + WEB 2160p', 'HDTV-720p', NULL, 13, 0, 0);
INSERT OR IGNORE INTO quality_groups (quality_profile_name, name) VALUES ('Remux + WEB 2160p', 'WEB 720p');
INSERT OR IGNORE INTO quality_group_members (quality_profile_name, quality_group_name, quality_name) VALUES ('Remux + WEB 2160p', 'WEB 720p', 'WEBDL-720p');
INSERT OR IGNORE INTO quality_group_members (quality_profile_name, quality_group_name, quality_name) VALUES ('Remux + WEB 2160p', 'WEB 720p', 'WEBRip-720p');
INSERT OR IGNORE INTO quality_profile_qualities (quality_profile_name, quality_name, quality_group_name, position, enabled, upgrade_until) VALUES ('Remux + WEB 2160p', NULL, 'WEB 720p', 14, 0, 0);
INSERT OR IGNORE INTO quality_profile_qualities (quality_profile_name, quality_name, quality_group_name, position, enabled, upgrade_until) VALUES ('Remux + WEB 2160p', 'Bluray-720p', NULL, 15, 0, 0);
INSERT OR IGNORE INTO quality_profile_qualities (quality_profile_name, quality_name, quality_group_name, position, enabled, upgrade_until) VALUES ('Remux + WEB 2160p', 'HDTV-1080p', NULL, 16, 0, 0);
INSERT OR IGNORE INTO quality_groups (quality_profile_name, name) VALUES ('Remux + WEB 2160p', 'WEB 1080p');
INSERT OR IGNORE INTO quality_group_members (quality_profile_name, quality_group_name, quality_name) VALUES ('Remux + WEB 2160p', 'WEB 1080p', 'WEBDL-1080p');
INSERT OR IGNORE INTO quality_group_members (quality_profile_name, quality_group_name, quality_name) VALUES ('Remux + WEB 2160p', 'WEB 1080p', 'WEBRip-1080p');
INSERT OR IGNORE INTO quality_profile_qualities (quality_profile_name, quality_name, quality_group_name, position, enabled, upgrade_until) VALUES ('Remux + WEB 2160p', NULL, 'WEB 1080p', 17, 0, 0);
INSERT OR IGNORE INTO quality_profile_qualities (quality_profile_name, quality_name, quality_group_name, position, enabled, upgrade_until) VALUES ('Remux + WEB 2160p', 'Bluray-1080p', NULL, 18, 0, 0);
INSERT OR IGNORE INTO quality_profile_qualities (quality_profile_name, quality_name, quality_group_name, position, enabled, upgrade_until) VALUES ('Remux + WEB 2160p', 'Remux-1080p', NULL, 19, 0, 0);
INSERT OR IGNORE INTO quality_profile_qualities (quality_profile_name, quality_name, quality_group_name, position, enabled, upgrade_until) VALUES ('Remux + WEB 2160p', 'HDTV-2160p', NULL, 20, 0, 0);
INSERT OR IGNORE INTO quality_profile_qualities (quality_profile_name, quality_name, quality_group_name, position, enabled, upgrade_until) VALUES ('Remux + WEB 2160p', 'Bluray-2160p', NULL, 21, 0, 0);
INSERT OR IGNORE INTO quality_profile_qualities (quality_profile_name, quality_name, quality_group_name, position, enabled, upgrade_until) VALUES ('Remux + WEB 2160p', 'BR-DISK', NULL, 22, 0, 0);
INSERT OR IGNORE INTO quality_profile_qualities (quality_profile_name, quality_name, quality_group_name, position, enabled, upgrade_until) VALUES ('Remux + WEB 2160p', 'Raw-HD', NULL, 23, 0, 0);
INSERT OR IGNORE INTO quality_groups (quality_profile_name, name) VALUES ('Remux + WEB 2160p', 'WEB 2160p');
INSERT OR IGNORE INTO quality_group_members (quality_profile_name, quality_group_name, quality_name) VALUES ('Remux + WEB 2160p', 'WEB 2160p', 'WEBDL-2160p');
INSERT OR IGNORE INTO quality_group_members (quality_profile_name, quality_group_name, quality_name) VALUES ('Remux + WEB 2160p', 'WEB 2160p', 'WEBRip-2160p');
INSERT OR IGNORE INTO quality_profile_qualities (quality_profile_name, quality_name, quality_group_name, position, enabled, upgrade_until) VALUES ('Remux + WEB 2160p', NULL, 'WEB 2160p', 24, 1, 0);
INSERT OR IGNORE INTO quality_profile_qualities (quality_profile_name, quality_name, quality_group_name, position, enabled, upgrade_until) VALUES ('Remux + WEB 2160p', 'Remux-2160p', NULL, 25, 1, 1);
INSERT OR IGNORE INTO quality_profile_custom_formats (quality_profile_name, custom_format_name, arr_type, score) VALUES ('Remux + WEB 2160p', 'Remux Tier 01', 'radarr', 1950);
INSERT OR IGNORE INTO quality_profile_custom_formats (quality_profile_name, custom_format_name, arr_type, score) VALUES ('Remux + WEB 2160p', 'Remux Tier 02', 'radarr', 1900);
INSERT OR IGNORE INTO quality_profile_custom_formats (quality_profile_name, custom_format_name, arr_type, score) VALUES ('Remux + WEB 2160p', 'Remux Tier 03', 'radarr', 1850);
INSERT OR IGNORE INTO quality_profile_custom_formats (quality_profile_name, custom_format_name, arr_type, score) VALUES ('Remux + WEB 2160p', 'WEB Tier 01', 'radarr', 1700);
INSERT OR IGNORE INTO quality_profile_custom_formats (quality_profile_name, custom_format_name, arr_type, score) VALUES ('Remux + WEB 2160p', 'WEB Tier 02', 'radarr', 1650);
INSERT OR IGNORE INTO quality_profile_custom_formats (quality_profile_name, custom_format_name, arr_type, score) VALUES ('Remux + WEB 2160p', 'WEB Tier 03', 'radarr', 1600);
INSERT OR IGNORE INTO quality_profile_custom_formats (quality_profile_name, custom_format_name, arr_type, score) VALUES ('Remux + WEB 2160p', 'Repack/Proper', 'radarr', 5);
INSERT OR IGNORE INTO quality_profile_custom_formats (quality_profile_name, custom_format_name, arr_type, score) VALUES ('Remux + WEB 2160p', 'Repack2', 'radarr', 6);
INSERT OR IGNORE INTO quality_profile_custom_formats (quality_profile_name, custom_format_name, arr_type, score) VALUES ('Remux + WEB 2160p', 'Repack3', 'radarr', 7);
INSERT OR IGNORE INTO quality_profile_custom_formats (quality_profile_name, custom_format_name, arr_type, score) VALUES ('Remux + WEB 2160p', 'BR-DISK', 'radarr', -10000);
INSERT OR IGNORE INTO quality_profile_custom_formats (quality_profile_name, custom_format_name, arr_type, score) VALUES ('Remux + WEB 2160p', 'Generated Dynamic HDR', 'radarr', -10000);
INSERT OR IGNORE INTO quality_profile_custom_formats (quality_profile_name, custom_format_name, arr_type, score) VALUES ('Remux + WEB 2160p', 'LQ', 'radarr', -10000);
INSERT OR IGNORE INTO quality_profile_custom_formats (quality_profile_name, custom_format_name, arr_type, score) VALUES ('Remux + WEB 2160p', 'LQ (Release Title)', 'radarr', -10000);
INSERT OR IGNORE INTO quality_profile_custom_formats (quality_profile_name, custom_format_name, arr_type, score) VALUES ('Remux + WEB 2160p', '3D', 'radarr', -10000);
INSERT OR IGNORE INTO quality_profile_custom_formats (quality_profile_name, custom_format_name, arr_type, score) VALUES ('Remux + WEB 2160p', 'Upscaled', 'radarr', -10000);
INSERT OR IGNORE INTO quality_profile_custom_formats (quality_profile_name, custom_format_name, arr_type, score) VALUES ('Remux + WEB 2160p', 'Extras', 'radarr', -10000);
INSERT OR IGNORE INTO quality_profile_custom_formats (quality_profile_name, custom_format_name, arr_type, score) VALUES ('Remux + WEB 2160p', 'Sing-Along Versions', 'radarr', -10000);
INSERT OR IGNORE INTO quality_profile_custom_formats (quality_profile_name, custom_format_name, arr_type, score) VALUES ('Remux + WEB 2160p', 'AV1', 'radarr', -10000);

INSERT OR IGNORE INTO quality_profiles (name, description, upgrades_allowed, minimum_custom_format_score, upgrade_until_score, upgrade_score_increment) VALUES ('[SQP] SQP-1 (1080p)', 'This Special Quality Profile is an advanced Quality Profile designed for a specific use case. Before using this Quality Profile please join the <a href="https://trash-guides.info/discord" target="_blank">TRaSH-Guide Discord</a> for more information. Open the #access-to-sqp channel and accept the three simple rules. Any questions related to the SQP should only be asked in the dedicated SQP support channels.', 1, 1000, 10000, 1);
INSERT OR IGNORE INTO quality_profile_qualities (quality_profile_name, quality_name, quality_group_name, position, enabled, upgrade_until) VALUES ('[SQP] SQP-1 (1080p)', 'Unknown', NULL, 0, 0, 0);
INSERT OR IGNORE INTO quality_profile_qualities (quality_profile_name, quality_name, quality_group_name, position, enabled, upgrade_until) VALUES ('[SQP] SQP-1 (1080p)', 'WORKPRINT', NULL, 1, 0, 0);
INSERT OR IGNORE INTO quality_profile_qualities (quality_profile_name, quality_name, quality_group_name, position, enabled, upgrade_until) VALUES ('[SQP] SQP-1 (1080p)', 'CAM', NULL, 2, 0, 0);
INSERT OR IGNORE INTO quality_profile_qualities (quality_profile_name, quality_name, quality_group_name, position, enabled, upgrade_until) VALUES ('[SQP] SQP-1 (1080p)', 'TELESYNC', NULL, 3, 0, 0);
INSERT OR IGNORE INTO quality_profile_qualities (quality_profile_name, quality_name, quality_group_name, position, enabled, upgrade_until) VALUES ('[SQP] SQP-1 (1080p)', 'TELECINE', NULL, 4, 0, 0);
INSERT OR IGNORE INTO quality_profile_qualities (quality_profile_name, quality_name, quality_group_name, position, enabled, upgrade_until) VALUES ('[SQP] SQP-1 (1080p)', 'REGIONAL', NULL, 5, 0, 0);
INSERT OR IGNORE INTO quality_profile_qualities (quality_profile_name, quality_name, quality_group_name, position, enabled, upgrade_until) VALUES ('[SQP] SQP-1 (1080p)', 'DVDSCR', NULL, 6, 0, 0);
INSERT OR IGNORE INTO quality_profile_qualities (quality_profile_name, quality_name, quality_group_name, position, enabled, upgrade_until) VALUES ('[SQP] SQP-1 (1080p)', 'SDTV', NULL, 7, 0, 0);
INSERT OR IGNORE INTO quality_profile_qualities (quality_profile_name, quality_name, quality_group_name, position, enabled, upgrade_until) VALUES ('[SQP] SQP-1 (1080p)', 'DVD', NULL, 8, 0, 0);
INSERT OR IGNORE INTO quality_profile_qualities (quality_profile_name, quality_name, quality_group_name, position, enabled, upgrade_until) VALUES ('[SQP] SQP-1 (1080p)', 'DVD-R', NULL, 9, 0, 0);
INSERT OR IGNORE INTO quality_groups (quality_profile_name, name) VALUES ('[SQP] SQP-1 (1080p)', 'WEB 480p');
INSERT OR IGNORE INTO quality_group_members (quality_profile_name, quality_group_name, quality_name) VALUES ('[SQP] SQP-1 (1080p)', 'WEB 480p', 'WEBDL-480p');
INSERT OR IGNORE INTO quality_group_members (quality_profile_name, quality_group_name, quality_name) VALUES ('[SQP] SQP-1 (1080p)', 'WEB 480p', 'WEBRip-480p');
INSERT OR IGNORE INTO quality_profile_qualities (quality_profile_name, quality_name, quality_group_name, position, enabled, upgrade_until) VALUES ('[SQP] SQP-1 (1080p)', NULL, 'WEB 480p', 10, 0, 0);
INSERT OR IGNORE INTO quality_profile_qualities (quality_profile_name, quality_name, quality_group_name, position, enabled, upgrade_until) VALUES ('[SQP] SQP-1 (1080p)', 'Bluray-480p', NULL, 11, 0, 0);
INSERT OR IGNORE INTO quality_profile_qualities (quality_profile_name, quality_name, quality_group_name, position, enabled, upgrade_until) VALUES ('[SQP] SQP-1 (1080p)', 'Bluray-576p', NULL, 12, 0, 0);
INSERT OR IGNORE INTO quality_profile_qualities (quality_profile_name, quality_name, quality_group_name, position, enabled, upgrade_until) VALUES ('[SQP] SQP-1 (1080p)', 'HDTV-720p', NULL, 13, 0, 0);
INSERT OR IGNORE INTO quality_profile_qualities (quality_profile_name, quality_name, quality_group_name, position, enabled, upgrade_until) VALUES ('[SQP] SQP-1 (1080p)', 'HDTV-1080p', NULL, 14, 0, 0);
INSERT OR IGNORE INTO quality_profile_qualities (quality_profile_name, quality_name, quality_group_name, position, enabled, upgrade_until) VALUES ('[SQP] SQP-1 (1080p)', 'Remux-1080p', NULL, 15, 0, 0);
INSERT OR IGNORE INTO quality_profile_qualities (quality_profile_name, quality_name, quality_group_name, position, enabled, upgrade_until) VALUES ('[SQP] SQP-1 (1080p)', 'HDTV-2160p', NULL, 16, 0, 0);
INSERT OR IGNORE INTO quality_groups (quality_profile_name, name) VALUES ('[SQP] SQP-1 (1080p)', 'WEB 2160p');
INSERT OR IGNORE INTO quality_group_members (quality_profile_name, quality_group_name, quality_name) VALUES ('[SQP] SQP-1 (1080p)', 'WEB 2160p', 'WEBDL-2160p');
INSERT OR IGNORE INTO quality_group_members (quality_profile_name, quality_group_name, quality_name) VALUES ('[SQP] SQP-1 (1080p)', 'WEB 2160p', 'WEBRip-2160p');
INSERT OR IGNORE INTO quality_profile_qualities (quality_profile_name, quality_name, quality_group_name, position, enabled, upgrade_until) VALUES ('[SQP] SQP-1 (1080p)', NULL, 'WEB 2160p', 17, 0, 0);
INSERT OR IGNORE INTO quality_profile_qualities (quality_profile_name, quality_name, quality_group_name, position, enabled, upgrade_until) VALUES ('[SQP] SQP-1 (1080p)', 'Bluray-2160p', NULL, 18, 0, 0);
INSERT OR IGNORE INTO quality_profile_qualities (quality_profile_name, quality_name, quality_group_name, position, enabled, upgrade_until) VALUES ('[SQP] SQP-1 (1080p)', 'Remux-2160p', NULL, 19, 0, 0);
INSERT OR IGNORE INTO quality_profile_qualities (quality_profile_name, quality_name, quality_group_name, position, enabled, upgrade_until) VALUES ('[SQP] SQP-1 (1080p)', 'BR-DISK', NULL, 20, 0, 0);
INSERT OR IGNORE INTO quality_profile_qualities (quality_profile_name, quality_name, quality_group_name, position, enabled, upgrade_until) VALUES ('[SQP] SQP-1 (1080p)', 'Raw-HD', NULL, 21, 0, 0);
INSERT OR IGNORE INTO quality_profile_qualities (quality_profile_name, quality_name, quality_group_name, position, enabled, upgrade_until) VALUES ('[SQP] SQP-1 (1080p)', 'Bluray-720p', NULL, 22, 1, 0);
INSERT OR IGNORE INTO quality_groups (quality_profile_name, name) VALUES ('[SQP] SQP-1 (1080p)', 'Bluray|WEB-1080p');
INSERT OR IGNORE INTO quality_group_members (quality_profile_name, quality_group_name, quality_name) VALUES ('[SQP] SQP-1 (1080p)', 'Bluray|WEB-1080p', 'WEBDL-720p');
INSERT OR IGNORE INTO quality_group_members (quality_profile_name, quality_group_name, quality_name) VALUES ('[SQP] SQP-1 (1080p)', 'Bluray|WEB-1080p', 'WEBRip-720p');
INSERT OR IGNORE INTO quality_group_members (quality_profile_name, quality_group_name, quality_name) VALUES ('[SQP] SQP-1 (1080p)', 'Bluray|WEB-1080p', 'WEBDL-1080p');
INSERT OR IGNORE INTO quality_group_members (quality_profile_name, quality_group_name, quality_name) VALUES ('[SQP] SQP-1 (1080p)', 'Bluray|WEB-1080p', 'WEBRip-1080p');
INSERT OR IGNORE INTO quality_group_members (quality_profile_name, quality_group_name, quality_name) VALUES ('[SQP] SQP-1 (1080p)', 'Bluray|WEB-1080p', 'Bluray-1080p');
INSERT OR IGNORE INTO quality_profile_qualities (quality_profile_name, quality_name, quality_group_name, position, enabled, upgrade_until) VALUES ('[SQP] SQP-1 (1080p)', NULL, 'Bluray|WEB-1080p', 23, 1, 1);
INSERT OR IGNORE INTO quality_profile_custom_formats (quality_profile_name, custom_format_name, arr_type, score) VALUES ('[SQP] SQP-1 (1080p)', 'TrueHD ATMOS', 'radarr', 5000);
INSERT OR IGNORE INTO quality_profile_custom_formats (quality_profile_name, custom_format_name, arr_type, score) VALUES ('[SQP] SQP-1 (1080p)', 'DTS X', 'radarr', 4500);
INSERT OR IGNORE INTO quality_profile_custom_formats (quality_profile_name, custom_format_name, arr_type, score) VALUES ('[SQP] SQP-1 (1080p)', 'ATMOS (undefined)', 'radarr', 3000);
INSERT OR IGNORE INTO quality_profile_custom_formats (quality_profile_name, custom_format_name, arr_type, score) VALUES ('[SQP] SQP-1 (1080p)', 'DD+ ATMOS', 'radarr', 3000);
INSERT OR IGNORE INTO quality_profile_custom_formats (quality_profile_name, custom_format_name, arr_type, score) VALUES ('[SQP] SQP-1 (1080p)', 'TrueHD', 'radarr', 2750);
INSERT OR IGNORE INTO quality_profile_custom_formats (quality_profile_name, custom_format_name, arr_type, score) VALUES ('[SQP] SQP-1 (1080p)', 'DTS-HD MA', 'radarr', 2500);
INSERT OR IGNORE INTO quality_profile_custom_formats (quality_profile_name, custom_format_name, arr_type, score) VALUES ('[SQP] SQP-1 (1080p)', 'FLAC', 'radarr', 2250);
INSERT OR IGNORE INTO quality_profile_custom_formats (quality_profile_name, custom_format_name, arr_type, score) VALUES ('[SQP] SQP-1 (1080p)', 'PCM', 'radarr', 2250);
INSERT OR IGNORE INTO quality_profile_custom_formats (quality_profile_name, custom_format_name, arr_type, score) VALUES ('[SQP] SQP-1 (1080p)', 'DTS-HD HRA', 'radarr', 2000);
INSERT OR IGNORE INTO quality_profile_custom_formats (quality_profile_name, custom_format_name, arr_type, score) VALUES ('[SQP] SQP-1 (1080p)', 'DD+', 'radarr', 1750);
INSERT OR IGNORE INTO quality_profile_custom_formats (quality_profile_name, custom_format_name, arr_type, score) VALUES ('[SQP] SQP-1 (1080p)', 'DTS-ES', 'radarr', 1500);
INSERT OR IGNORE INTO quality_profile_custom_formats (quality_profile_name, custom_format_name, arr_type, score) VALUES ('[SQP] SQP-1 (1080p)', 'DTS', 'radarr', 1250);
INSERT OR IGNORE INTO quality_profile_custom_formats (quality_profile_name, custom_format_name, arr_type, score) VALUES ('[SQP] SQP-1 (1080p)', 'AAC', 'radarr', 1000);
INSERT OR IGNORE INTO quality_profile_custom_formats (quality_profile_name, custom_format_name, arr_type, score) VALUES ('[SQP] SQP-1 (1080p)', 'DD', 'radarr', 750);
INSERT OR IGNORE INTO quality_profile_custom_formats (quality_profile_name, custom_format_name, arr_type, score) VALUES ('[SQP] SQP-1 (1080p)', 'BHDStudio', 'radarr', 1000);
INSERT OR IGNORE INTO quality_profile_custom_formats (quality_profile_name, custom_format_name, arr_type, score) VALUES ('[SQP] SQP-1 (1080p)', 'hallowed', 'radarr', 600);
INSERT OR IGNORE INTO quality_profile_custom_formats (quality_profile_name, custom_format_name, arr_type, score) VALUES ('[SQP] SQP-1 (1080p)', 'WEB Tier 01', 'radarr', 1700);
INSERT OR IGNORE INTO quality_profile_custom_formats (quality_profile_name, custom_format_name, arr_type, score) VALUES ('[SQP] SQP-1 (1080p)', 'WEB Tier 02', 'radarr', 1650);
INSERT OR IGNORE INTO quality_profile_custom_formats (quality_profile_name, custom_format_name, arr_type, score) VALUES ('[SQP] SQP-1 (1080p)', 'WEB Tier 03', 'radarr', 1600);
INSERT OR IGNORE INTO quality_profile_custom_formats (quality_profile_name, custom_format_name, arr_type, score) VALUES ('[SQP] SQP-1 (1080p)', 'HD Bluray Tier 01', 'radarr', 1800);
INSERT OR IGNORE INTO quality_profile_custom_formats (quality_profile_name, custom_format_name, arr_type, score) VALUES ('[SQP] SQP-1 (1080p)', 'HD Bluray Tier 02', 'radarr', 1750);
INSERT OR IGNORE INTO quality_profile_custom_formats (quality_profile_name, custom_format_name, arr_type, score) VALUES ('[SQP] SQP-1 (1080p)', 'HD Bluray Tier 03', 'radarr', 1700);
INSERT OR IGNORE INTO quality_profile_custom_formats (quality_profile_name, custom_format_name, arr_type, score) VALUES ('[SQP] SQP-1 (1080p)', 'Repack/Proper', 'radarr', 5);
INSERT OR IGNORE INTO quality_profile_custom_formats (quality_profile_name, custom_format_name, arr_type, score) VALUES ('[SQP] SQP-1 (1080p)', 'Repack2', 'radarr', 6);
INSERT OR IGNORE INTO quality_profile_custom_formats (quality_profile_name, custom_format_name, arr_type, score) VALUES ('[SQP] SQP-1 (1080p)', 'Repack3', 'radarr', 7);
INSERT OR IGNORE INTO quality_profile_custom_formats (quality_profile_name, custom_format_name, arr_type, score) VALUES ('[SQP] SQP-1 (1080p)', 'BR-DISK', 'radarr', -10000);
INSERT OR IGNORE INTO quality_profile_custom_formats (quality_profile_name, custom_format_name, arr_type, score) VALUES ('[SQP] SQP-1 (1080p)', 'Generated Dynamic HDR', 'radarr', -10000);
INSERT OR IGNORE INTO quality_profile_custom_formats (quality_profile_name, custom_format_name, arr_type, score) VALUES ('[SQP] SQP-1 (1080p)', 'LQ', 'radarr', -10000);
INSERT OR IGNORE INTO quality_profile_custom_formats (quality_profile_name, custom_format_name, arr_type, score) VALUES ('[SQP] SQP-1 (1080p)', 'LQ (Release Title)', 'radarr', -10000);
INSERT OR IGNORE INTO quality_profile_custom_formats (quality_profile_name, custom_format_name, arr_type, score) VALUES ('[SQP] SQP-1 (1080p)', 'x265 (HD)', 'radarr', -10000);
INSERT OR IGNORE INTO quality_profile_custom_formats (quality_profile_name, custom_format_name, arr_type, score) VALUES ('[SQP] SQP-1 (1080p)', '3D', 'radarr', -10000);
INSERT OR IGNORE INTO quality_profile_custom_formats (quality_profile_name, custom_format_name, arr_type, score) VALUES ('[SQP] SQP-1 (1080p)', 'Extras', 'radarr', -10000);
INSERT OR IGNORE INTO quality_profile_custom_formats (quality_profile_name, custom_format_name, arr_type, score) VALUES ('[SQP] SQP-1 (1080p)', 'Sing-Along Versions', 'radarr', -10000);
INSERT OR IGNORE INTO quality_profile_custom_formats (quality_profile_name, custom_format_name, arr_type, score) VALUES ('[SQP] SQP-1 (1080p)', '10bit', 'radarr', 0);
INSERT OR IGNORE INTO quality_profile_custom_formats (quality_profile_name, custom_format_name, arr_type, score) VALUES ('[SQP] SQP-1 (1080p)', 'AV1', 'radarr', -10000);
INSERT OR IGNORE INTO quality_profile_custom_formats (quality_profile_name, custom_format_name, arr_type, score) VALUES ('[SQP] SQP-1 (1080p)', '1080p', 'radarr', 50);
INSERT OR IGNORE INTO quality_profile_custom_formats (quality_profile_name, custom_format_name, arr_type, score) VALUES ('[SQP] SQP-1 (1080p)', '720p', 'radarr', 5);

INSERT OR IGNORE INTO quality_profiles (name, description, upgrades_allowed, minimum_custom_format_score, upgrade_until_score, upgrade_score_increment) VALUES ('[SQP] SQP-1 (2160p)', 'This Special Quality Profile is an advanced Quality Profile designed for a specific use case. Before using this Quality Profile please join the <a href="https://trash-guides.info/discord" target="_blank">TRaSH-Guide Discord</a> for more information. Open the #access-to-sqp channel and accept the three simple rules. Any questions related to the SQP should only be asked in the dedicated SQP support channels.', 1, 1000, 10000, 1);
INSERT OR IGNORE INTO quality_profile_qualities (quality_profile_name, quality_name, quality_group_name, position, enabled, upgrade_until) VALUES ('[SQP] SQP-1 (2160p)', 'Unknown', NULL, 0, 0, 0);
INSERT OR IGNORE INTO quality_profile_qualities (quality_profile_name, quality_name, quality_group_name, position, enabled, upgrade_until) VALUES ('[SQP] SQP-1 (2160p)', 'WORKPRINT', NULL, 1, 0, 0);
INSERT OR IGNORE INTO quality_profile_qualities (quality_profile_name, quality_name, quality_group_name, position, enabled, upgrade_until) VALUES ('[SQP] SQP-1 (2160p)', 'CAM', NULL, 2, 0, 0);
INSERT OR IGNORE INTO quality_profile_qualities (quality_profile_name, quality_name, quality_group_name, position, enabled, upgrade_until) VALUES ('[SQP] SQP-1 (2160p)', 'TELESYNC', NULL, 3, 0, 0);
INSERT OR IGNORE INTO quality_profile_qualities (quality_profile_name, quality_name, quality_group_name, position, enabled, upgrade_until) VALUES ('[SQP] SQP-1 (2160p)', 'TELECINE', NULL, 4, 0, 0);
INSERT OR IGNORE INTO quality_profile_qualities (quality_profile_name, quality_name, quality_group_name, position, enabled, upgrade_until) VALUES ('[SQP] SQP-1 (2160p)', 'REGIONAL', NULL, 5, 0, 0);
INSERT OR IGNORE INTO quality_profile_qualities (quality_profile_name, quality_name, quality_group_name, position, enabled, upgrade_until) VALUES ('[SQP] SQP-1 (2160p)', 'DVDSCR', NULL, 6, 0, 0);
INSERT OR IGNORE INTO quality_profile_qualities (quality_profile_name, quality_name, quality_group_name, position, enabled, upgrade_until) VALUES ('[SQP] SQP-1 (2160p)', 'SDTV', NULL, 7, 0, 0);
INSERT OR IGNORE INTO quality_profile_qualities (quality_profile_name, quality_name, quality_group_name, position, enabled, upgrade_until) VALUES ('[SQP] SQP-1 (2160p)', 'DVD', NULL, 8, 0, 0);
INSERT OR IGNORE INTO quality_profile_qualities (quality_profile_name, quality_name, quality_group_name, position, enabled, upgrade_until) VALUES ('[SQP] SQP-1 (2160p)', 'DVD-R', NULL, 9, 0, 0);
INSERT OR IGNORE INTO quality_groups (quality_profile_name, name) VALUES ('[SQP] SQP-1 (2160p)', 'WEB 480p');
INSERT OR IGNORE INTO quality_group_members (quality_profile_name, quality_group_name, quality_name) VALUES ('[SQP] SQP-1 (2160p)', 'WEB 480p', 'WEBDL-480p');
INSERT OR IGNORE INTO quality_group_members (quality_profile_name, quality_group_name, quality_name) VALUES ('[SQP] SQP-1 (2160p)', 'WEB 480p', 'WEBRip-480p');
INSERT OR IGNORE INTO quality_profile_qualities (quality_profile_name, quality_name, quality_group_name, position, enabled, upgrade_until) VALUES ('[SQP] SQP-1 (2160p)', NULL, 'WEB 480p', 10, 0, 0);
INSERT OR IGNORE INTO quality_profile_qualities (quality_profile_name, quality_name, quality_group_name, position, enabled, upgrade_until) VALUES ('[SQP] SQP-1 (2160p)', 'Bluray-480p', NULL, 11, 0, 0);
INSERT OR IGNORE INTO quality_profile_qualities (quality_profile_name, quality_name, quality_group_name, position, enabled, upgrade_until) VALUES ('[SQP] SQP-1 (2160p)', 'Bluray-576p', NULL, 12, 0, 0);
INSERT OR IGNORE INTO quality_profile_qualities (quality_profile_name, quality_name, quality_group_name, position, enabled, upgrade_until) VALUES ('[SQP] SQP-1 (2160p)', 'HDTV-720p', NULL, 13, 0, 0);
INSERT OR IGNORE INTO quality_profile_qualities (quality_profile_name, quality_name, quality_group_name, position, enabled, upgrade_until) VALUES ('[SQP] SQP-1 (2160p)', 'HDTV-1080p', NULL, 14, 0, 0);
INSERT OR IGNORE INTO quality_profile_qualities (quality_profile_name, quality_name, quality_group_name, position, enabled, upgrade_until) VALUES ('[SQP] SQP-1 (2160p)', 'Remux-1080p', NULL, 15, 0, 0);
INSERT OR IGNORE INTO quality_profile_qualities (quality_profile_name, quality_name, quality_group_name, position, enabled, upgrade_until) VALUES ('[SQP] SQP-1 (2160p)', 'HDTV-2160p', NULL, 16, 0, 0);
INSERT OR IGNORE INTO quality_profile_qualities (quality_profile_name, quality_name, quality_group_name, position, enabled, upgrade_until) VALUES ('[SQP] SQP-1 (2160p)', 'Remux-2160p', NULL, 17, 0, 0);
INSERT OR IGNORE INTO quality_profile_qualities (quality_profile_name, quality_name, quality_group_name, position, enabled, upgrade_until) VALUES ('[SQP] SQP-1 (2160p)', 'BR-DISK', NULL, 18, 0, 0);
INSERT OR IGNORE INTO quality_profile_qualities (quality_profile_name, quality_name, quality_group_name, position, enabled, upgrade_until) VALUES ('[SQP] SQP-1 (2160p)', 'Raw-HD', NULL, 19, 0, 0);
INSERT OR IGNORE INTO quality_profile_qualities (quality_profile_name, quality_name, quality_group_name, position, enabled, upgrade_until) VALUES ('[SQP] SQP-1 (2160p)', 'Bluray-720p', NULL, 20, 1, 0);
INSERT OR IGNORE INTO quality_groups (quality_profile_name, name) VALUES ('[SQP] SQP-1 (2160p)', 'Bluray|WEB-1080p');
INSERT OR IGNORE INTO quality_group_members (quality_profile_name, quality_group_name, quality_name) VALUES ('[SQP] SQP-1 (2160p)', 'Bluray|WEB-1080p', 'WEBRip-720p');
INSERT OR IGNORE INTO quality_group_members (quality_profile_name, quality_group_name, quality_name) VALUES ('[SQP] SQP-1 (2160p)', 'Bluray|WEB-1080p', 'WEBDL-720p');
INSERT OR IGNORE INTO quality_group_members (quality_profile_name, quality_group_name, quality_name) VALUES ('[SQP] SQP-1 (2160p)', 'Bluray|WEB-1080p', 'WEBRip-1080p');
INSERT OR IGNORE INTO quality_group_members (quality_profile_name, quality_group_name, quality_name) VALUES ('[SQP] SQP-1 (2160p)', 'Bluray|WEB-1080p', 'WEBDL-1080p');
INSERT OR IGNORE INTO quality_group_members (quality_profile_name, quality_group_name, quality_name) VALUES ('[SQP] SQP-1 (2160p)', 'Bluray|WEB-1080p', 'Bluray-1080p');
INSERT OR IGNORE INTO quality_profile_qualities (quality_profile_name, quality_name, quality_group_name, position, enabled, upgrade_until) VALUES ('[SQP] SQP-1 (2160p)', NULL, 'Bluray|WEB-1080p', 21, 1, 0);
INSERT OR IGNORE INTO quality_groups (quality_profile_name, name) VALUES ('[SQP] SQP-1 (2160p)', 'WEB 2160p');
INSERT OR IGNORE INTO quality_group_members (quality_profile_name, quality_group_name, quality_name) VALUES ('[SQP] SQP-1 (2160p)', 'WEB 2160p', 'WEBDL-2160p');
INSERT OR IGNORE INTO quality_group_members (quality_profile_name, quality_group_name, quality_name) VALUES ('[SQP] SQP-1 (2160p)', 'WEB 2160p', 'WEBRip-2160p');
INSERT OR IGNORE INTO quality_profile_qualities (quality_profile_name, quality_name, quality_group_name, position, enabled, upgrade_until) VALUES ('[SQP] SQP-1 (2160p)', NULL, 'WEB 2160p', 22, 1, 0);
INSERT OR IGNORE INTO quality_profile_qualities (quality_profile_name, quality_name, quality_group_name, position, enabled, upgrade_until) VALUES ('[SQP] SQP-1 (2160p)', 'Bluray-2160p', NULL, 23, 1, 1);
INSERT OR IGNORE INTO quality_profile_custom_formats (quality_profile_name, custom_format_name, arr_type, score) VALUES ('[SQP] SQP-1 (2160p)', 'TrueHD ATMOS', 'radarr', 5000);
INSERT OR IGNORE INTO quality_profile_custom_formats (quality_profile_name, custom_format_name, arr_type, score) VALUES ('[SQP] SQP-1 (2160p)', 'DTS X', 'radarr', 4500);
INSERT OR IGNORE INTO quality_profile_custom_formats (quality_profile_name, custom_format_name, arr_type, score) VALUES ('[SQP] SQP-1 (2160p)', 'ATMOS (undefined)', 'radarr', 3000);
INSERT OR IGNORE INTO quality_profile_custom_formats (quality_profile_name, custom_format_name, arr_type, score) VALUES ('[SQP] SQP-1 (2160p)', 'DD+ ATMOS', 'radarr', 3000);
INSERT OR IGNORE INTO quality_profile_custom_formats (quality_profile_name, custom_format_name, arr_type, score) VALUES ('[SQP] SQP-1 (2160p)', 'TrueHD', 'radarr', 2750);
INSERT OR IGNORE INTO quality_profile_custom_formats (quality_profile_name, custom_format_name, arr_type, score) VALUES ('[SQP] SQP-1 (2160p)', 'DTS-HD MA', 'radarr', 2500);
INSERT OR IGNORE INTO quality_profile_custom_formats (quality_profile_name, custom_format_name, arr_type, score) VALUES ('[SQP] SQP-1 (2160p)', 'FLAC', 'radarr', 2250);
INSERT OR IGNORE INTO quality_profile_custom_formats (quality_profile_name, custom_format_name, arr_type, score) VALUES ('[SQP] SQP-1 (2160p)', 'PCM', 'radarr', 2250);
INSERT OR IGNORE INTO quality_profile_custom_formats (quality_profile_name, custom_format_name, arr_type, score) VALUES ('[SQP] SQP-1 (2160p)', 'DTS-HD HRA', 'radarr', 2000);
INSERT OR IGNORE INTO quality_profile_custom_formats (quality_profile_name, custom_format_name, arr_type, score) VALUES ('[SQP] SQP-1 (2160p)', 'DD+', 'radarr', 1750);
INSERT OR IGNORE INTO quality_profile_custom_formats (quality_profile_name, custom_format_name, arr_type, score) VALUES ('[SQP] SQP-1 (2160p)', 'DTS-ES', 'radarr', 1500);
INSERT OR IGNORE INTO quality_profile_custom_formats (quality_profile_name, custom_format_name, arr_type, score) VALUES ('[SQP] SQP-1 (2160p)', 'DTS', 'radarr', 1250);
INSERT OR IGNORE INTO quality_profile_custom_formats (quality_profile_name, custom_format_name, arr_type, score) VALUES ('[SQP] SQP-1 (2160p)', 'AAC', 'radarr', 1000);
INSERT OR IGNORE INTO quality_profile_custom_formats (quality_profile_name, custom_format_name, arr_type, score) VALUES ('[SQP] SQP-1 (2160p)', 'DD', 'radarr', 750);
INSERT OR IGNORE INTO quality_profile_custom_formats (quality_profile_name, custom_format_name, arr_type, score) VALUES ('[SQP] SQP-1 (2160p)', 'DV (w/o HDR fallback)', 'radarr', -10000);
INSERT OR IGNORE INTO quality_profile_custom_formats (quality_profile_name, custom_format_name, arr_type, score) VALUES ('[SQP] SQP-1 (2160p)', 'BHDStudio', 'radarr', 1000);
INSERT OR IGNORE INTO quality_profile_custom_formats (quality_profile_name, custom_format_name, arr_type, score) VALUES ('[SQP] SQP-1 (2160p)', 'hallowed', 'radarr', 600);
INSERT OR IGNORE INTO quality_profile_custom_formats (quality_profile_name, custom_format_name, arr_type, score) VALUES ('[SQP] SQP-1 (2160p)', 'WEB Tier 01', 'radarr', 1700);
INSERT OR IGNORE INTO quality_profile_custom_formats (quality_profile_name, custom_format_name, arr_type, score) VALUES ('[SQP] SQP-1 (2160p)', 'WEB Tier 02', 'radarr', 1650);
INSERT OR IGNORE INTO quality_profile_custom_formats (quality_profile_name, custom_format_name, arr_type, score) VALUES ('[SQP] SQP-1 (2160p)', 'WEB Tier 03', 'radarr', 1600);
INSERT OR IGNORE INTO quality_profile_custom_formats (quality_profile_name, custom_format_name, arr_type, score) VALUES ('[SQP] SQP-1 (2160p)', 'HD Bluray Tier 01', 'radarr', 1800);
INSERT OR IGNORE INTO quality_profile_custom_formats (quality_profile_name, custom_format_name, arr_type, score) VALUES ('[SQP] SQP-1 (2160p)', 'HD Bluray Tier 02', 'radarr', 1750);
INSERT OR IGNORE INTO quality_profile_custom_formats (quality_profile_name, custom_format_name, arr_type, score) VALUES ('[SQP] SQP-1 (2160p)', 'HD Bluray Tier 03', 'radarr', 1700);
INSERT OR IGNORE INTO quality_profile_custom_formats (quality_profile_name, custom_format_name, arr_type, score) VALUES ('[SQP] SQP-1 (2160p)', 'UHD Bluray Tier 01', 'radarr', 1800);
INSERT OR IGNORE INTO quality_profile_custom_formats (quality_profile_name, custom_format_name, arr_type, score) VALUES ('[SQP] SQP-1 (2160p)', 'UHD Bluray Tier 02', 'radarr', 1750);
INSERT OR IGNORE INTO quality_profile_custom_formats (quality_profile_name, custom_format_name, arr_type, score) VALUES ('[SQP] SQP-1 (2160p)', 'UHD Bluray Tier 03', 'radarr', 1700);
INSERT OR IGNORE INTO quality_profile_custom_formats (quality_profile_name, custom_format_name, arr_type, score) VALUES ('[SQP] SQP-1 (2160p)', 'Repack/Proper', 'radarr', 5);
INSERT OR IGNORE INTO quality_profile_custom_formats (quality_profile_name, custom_format_name, arr_type, score) VALUES ('[SQP] SQP-1 (2160p)', 'Repack2', 'radarr', 6);
INSERT OR IGNORE INTO quality_profile_custom_formats (quality_profile_name, custom_format_name, arr_type, score) VALUES ('[SQP] SQP-1 (2160p)', 'Repack3', 'radarr', 7);
INSERT OR IGNORE INTO quality_profile_custom_formats (quality_profile_name, custom_format_name, arr_type, score) VALUES ('[SQP] SQP-1 (2160p)', 'BR-DISK', 'radarr', -10000);
INSERT OR IGNORE INTO quality_profile_custom_formats (quality_profile_name, custom_format_name, arr_type, score) VALUES ('[SQP] SQP-1 (2160p)', 'Generated Dynamic HDR', 'radarr', -10000);
INSERT OR IGNORE INTO quality_profile_custom_formats (quality_profile_name, custom_format_name, arr_type, score) VALUES ('[SQP] SQP-1 (2160p)', 'LQ', 'radarr', -10000);
INSERT OR IGNORE INTO quality_profile_custom_formats (quality_profile_name, custom_format_name, arr_type, score) VALUES ('[SQP] SQP-1 (2160p)', 'LQ (Release Title)', 'radarr', -10000);
INSERT OR IGNORE INTO quality_profile_custom_formats (quality_profile_name, custom_format_name, arr_type, score) VALUES ('[SQP] SQP-1 (2160p)', 'x265 (no HDR/DV)', 'radarr', -10000);
INSERT OR IGNORE INTO quality_profile_custom_formats (quality_profile_name, custom_format_name, arr_type, score) VALUES ('[SQP] SQP-1 (2160p)', '3D', 'radarr', -10000);
INSERT OR IGNORE INTO quality_profile_custom_formats (quality_profile_name, custom_format_name, arr_type, score) VALUES ('[SQP] SQP-1 (2160p)', 'Upscaled', 'radarr', -10000);
INSERT OR IGNORE INTO quality_profile_custom_formats (quality_profile_name, custom_format_name, arr_type, score) VALUES ('[SQP] SQP-1 (2160p)', 'Extras', 'radarr', -10000);
INSERT OR IGNORE INTO quality_profile_custom_formats (quality_profile_name, custom_format_name, arr_type, score) VALUES ('[SQP] SQP-1 (2160p)', 'Sing-Along Versions', 'radarr', -10000);
INSERT OR IGNORE INTO quality_profile_custom_formats (quality_profile_name, custom_format_name, arr_type, score) VALUES ('[SQP] SQP-1 (2160p)', '10bit', 'radarr', 0);
INSERT OR IGNORE INTO quality_profile_custom_formats (quality_profile_name, custom_format_name, arr_type, score) VALUES ('[SQP] SQP-1 (2160p)', 'AV1', 'radarr', -10000);
INSERT OR IGNORE INTO quality_profile_custom_formats (quality_profile_name, custom_format_name, arr_type, score) VALUES ('[SQP] SQP-1 (2160p)', '1080p', 'radarr', 50);
INSERT OR IGNORE INTO quality_profile_custom_formats (quality_profile_name, custom_format_name, arr_type, score) VALUES ('[SQP] SQP-1 (2160p)', '720p', 'radarr', 5);

INSERT OR IGNORE INTO quality_profiles (name, description, upgrades_allowed, minimum_custom_format_score, upgrade_until_score, upgrade_score_increment) VALUES ('[SQP] SQP-1 WEB (1080p)', 'This Special Quality Profile is an advanced Quality Profile designed for a specific use case. Before using this Quality Profile please join the <a href="https://trash-guides.info/discord" target="_blank">TRaSH-Guide Discord</a> for more information. Open the #access-to-sqp channel and accept the three simple rules. Any questions related to the SQP should only be asked in the dedicated SQP support channels.', 1, 1000, 10000, 1);
INSERT OR IGNORE INTO quality_profile_qualities (quality_profile_name, quality_name, quality_group_name, position, enabled, upgrade_until) VALUES ('[SQP] SQP-1 WEB (1080p)', 'Unknown', NULL, 0, 0, 0);
INSERT OR IGNORE INTO quality_profile_qualities (quality_profile_name, quality_name, quality_group_name, position, enabled, upgrade_until) VALUES ('[SQP] SQP-1 WEB (1080p)', 'WORKPRINT', NULL, 1, 0, 0);
INSERT OR IGNORE INTO quality_profile_qualities (quality_profile_name, quality_name, quality_group_name, position, enabled, upgrade_until) VALUES ('[SQP] SQP-1 WEB (1080p)', 'CAM', NULL, 2, 0, 0);
INSERT OR IGNORE INTO quality_profile_qualities (quality_profile_name, quality_name, quality_group_name, position, enabled, upgrade_until) VALUES ('[SQP] SQP-1 WEB (1080p)', 'TELESYNC', NULL, 3, 0, 0);
INSERT OR IGNORE INTO quality_profile_qualities (quality_profile_name, quality_name, quality_group_name, position, enabled, upgrade_until) VALUES ('[SQP] SQP-1 WEB (1080p)', 'TELECINE', NULL, 4, 0, 0);
INSERT OR IGNORE INTO quality_profile_qualities (quality_profile_name, quality_name, quality_group_name, position, enabled, upgrade_until) VALUES ('[SQP] SQP-1 WEB (1080p)', 'REGIONAL', NULL, 5, 0, 0);
INSERT OR IGNORE INTO quality_profile_qualities (quality_profile_name, quality_name, quality_group_name, position, enabled, upgrade_until) VALUES ('[SQP] SQP-1 WEB (1080p)', 'DVDSCR', NULL, 6, 0, 0);
INSERT OR IGNORE INTO quality_profile_qualities (quality_profile_name, quality_name, quality_group_name, position, enabled, upgrade_until) VALUES ('[SQP] SQP-1 WEB (1080p)', 'SDTV', NULL, 7, 0, 0);
INSERT OR IGNORE INTO quality_profile_qualities (quality_profile_name, quality_name, quality_group_name, position, enabled, upgrade_until) VALUES ('[SQP] SQP-1 WEB (1080p)', 'DVD', NULL, 8, 0, 0);
INSERT OR IGNORE INTO quality_profile_qualities (quality_profile_name, quality_name, quality_group_name, position, enabled, upgrade_until) VALUES ('[SQP] SQP-1 WEB (1080p)', 'DVD-R', NULL, 9, 0, 0);
INSERT OR IGNORE INTO quality_groups (quality_profile_name, name) VALUES ('[SQP] SQP-1 WEB (1080p)', 'WEB 480p');
INSERT OR IGNORE INTO quality_group_members (quality_profile_name, quality_group_name, quality_name) VALUES ('[SQP] SQP-1 WEB (1080p)', 'WEB 480p', 'WEBDL-480p');
INSERT OR IGNORE INTO quality_group_members (quality_profile_name, quality_group_name, quality_name) VALUES ('[SQP] SQP-1 WEB (1080p)', 'WEB 480p', 'WEBRip-480p');
INSERT OR IGNORE INTO quality_profile_qualities (quality_profile_name, quality_name, quality_group_name, position, enabled, upgrade_until) VALUES ('[SQP] SQP-1 WEB (1080p)', NULL, 'WEB 480p', 10, 0, 0);
INSERT OR IGNORE INTO quality_profile_qualities (quality_profile_name, quality_name, quality_group_name, position, enabled, upgrade_until) VALUES ('[SQP] SQP-1 WEB (1080p)', 'Bluray-480p', NULL, 11, 0, 0);
INSERT OR IGNORE INTO quality_profile_qualities (quality_profile_name, quality_name, quality_group_name, position, enabled, upgrade_until) VALUES ('[SQP] SQP-1 WEB (1080p)', 'Bluray-576p', NULL, 12, 0, 0);
INSERT OR IGNORE INTO quality_profile_qualities (quality_profile_name, quality_name, quality_group_name, position, enabled, upgrade_until) VALUES ('[SQP] SQP-1 WEB (1080p)', 'HDTV-720p', NULL, 13, 0, 0);
INSERT OR IGNORE INTO quality_profile_qualities (quality_profile_name, quality_name, quality_group_name, position, enabled, upgrade_until) VALUES ('[SQP] SQP-1 WEB (1080p)', 'HDTV-1080p', NULL, 14, 0, 0);
INSERT OR IGNORE INTO quality_profile_qualities (quality_profile_name, quality_name, quality_group_name, position, enabled, upgrade_until) VALUES ('[SQP] SQP-1 WEB (1080p)', 'Remux-1080p', NULL, 15, 0, 0);
INSERT OR IGNORE INTO quality_profile_qualities (quality_profile_name, quality_name, quality_group_name, position, enabled, upgrade_until) VALUES ('[SQP] SQP-1 WEB (1080p)', 'HDTV-2160p', NULL, 16, 0, 0);
INSERT OR IGNORE INTO quality_groups (quality_profile_name, name) VALUES ('[SQP] SQP-1 WEB (1080p)', 'WEB 2160p');
INSERT OR IGNORE INTO quality_group_members (quality_profile_name, quality_group_name, quality_name) VALUES ('[SQP] SQP-1 WEB (1080p)', 'WEB 2160p', 'WEBDL-2160p');
INSERT OR IGNORE INTO quality_group_members (quality_profile_name, quality_group_name, quality_name) VALUES ('[SQP] SQP-1 WEB (1080p)', 'WEB 2160p', 'WEBRip-2160p');
INSERT OR IGNORE INTO quality_profile_qualities (quality_profile_name, quality_name, quality_group_name, position, enabled, upgrade_until) VALUES ('[SQP] SQP-1 WEB (1080p)', NULL, 'WEB 2160p', 17, 0, 0);
INSERT OR IGNORE INTO quality_profile_qualities (quality_profile_name, quality_name, quality_group_name, position, enabled, upgrade_until) VALUES ('[SQP] SQP-1 WEB (1080p)', 'Bluray-2160p', NULL, 18, 0, 0);
INSERT OR IGNORE INTO quality_profile_qualities (quality_profile_name, quality_name, quality_group_name, position, enabled, upgrade_until) VALUES ('[SQP] SQP-1 WEB (1080p)', 'Remux-2160p', NULL, 19, 0, 0);
INSERT OR IGNORE INTO quality_profile_qualities (quality_profile_name, quality_name, quality_group_name, position, enabled, upgrade_until) VALUES ('[SQP] SQP-1 WEB (1080p)', 'BR-DISK', NULL, 20, 0, 0);
INSERT OR IGNORE INTO quality_profile_qualities (quality_profile_name, quality_name, quality_group_name, position, enabled, upgrade_until) VALUES ('[SQP] SQP-1 WEB (1080p)', 'Raw-HD', NULL, 21, 0, 0);
INSERT OR IGNORE INTO quality_profile_qualities (quality_profile_name, quality_name, quality_group_name, position, enabled, upgrade_until) VALUES ('[SQP] SQP-1 WEB (1080p)', 'Bluray-720p', NULL, 22, 0, 0);
INSERT OR IGNORE INTO quality_groups (quality_profile_name, name) VALUES ('[SQP] SQP-1 WEB (1080p)', 'WEB 720p');
INSERT OR IGNORE INTO quality_group_members (quality_profile_name, quality_group_name, quality_name) VALUES ('[SQP] SQP-1 WEB (1080p)', 'WEB 720p', 'WEBDL-720p');
INSERT OR IGNORE INTO quality_group_members (quality_profile_name, quality_group_name, quality_name) VALUES ('[SQP] SQP-1 WEB (1080p)', 'WEB 720p', 'WEBRip-720p');
INSERT OR IGNORE INTO quality_profile_qualities (quality_profile_name, quality_name, quality_group_name, position, enabled, upgrade_until) VALUES ('[SQP] SQP-1 WEB (1080p)', NULL, 'WEB 720p', 23, 0, 0);
INSERT OR IGNORE INTO quality_groups (quality_profile_name, name) VALUES ('[SQP] SQP-1 WEB (1080p)', 'Bluray|WEB-1080p');
INSERT OR IGNORE INTO quality_group_members (quality_profile_name, quality_group_name, quality_name) VALUES ('[SQP] SQP-1 WEB (1080p)', 'Bluray|WEB-1080p', 'WEBDL-1080p');
INSERT OR IGNORE INTO quality_group_members (quality_profile_name, quality_group_name, quality_name) VALUES ('[SQP] SQP-1 WEB (1080p)', 'Bluray|WEB-1080p', 'WEBRip-1080p');
INSERT OR IGNORE INTO quality_group_members (quality_profile_name, quality_group_name, quality_name) VALUES ('[SQP] SQP-1 WEB (1080p)', 'Bluray|WEB-1080p', 'Bluray-1080p');
INSERT OR IGNORE INTO quality_profile_qualities (quality_profile_name, quality_name, quality_group_name, position, enabled, upgrade_until) VALUES ('[SQP] SQP-1 WEB (1080p)', NULL, 'Bluray|WEB-1080p', 24, 1, 1);
INSERT OR IGNORE INTO quality_profile_custom_formats (quality_profile_name, custom_format_name, arr_type, score) VALUES ('[SQP] SQP-1 WEB (1080p)', 'TrueHD ATMOS', 'radarr', 5000);
INSERT OR IGNORE INTO quality_profile_custom_formats (quality_profile_name, custom_format_name, arr_type, score) VALUES ('[SQP] SQP-1 WEB (1080p)', 'DTS X', 'radarr', 4500);
INSERT OR IGNORE INTO quality_profile_custom_formats (quality_profile_name, custom_format_name, arr_type, score) VALUES ('[SQP] SQP-1 WEB (1080p)', 'ATMOS (undefined)', 'radarr', 3000);
INSERT OR IGNORE INTO quality_profile_custom_formats (quality_profile_name, custom_format_name, arr_type, score) VALUES ('[SQP] SQP-1 WEB (1080p)', 'DD+ ATMOS', 'radarr', 3000);
INSERT OR IGNORE INTO quality_profile_custom_formats (quality_profile_name, custom_format_name, arr_type, score) VALUES ('[SQP] SQP-1 WEB (1080p)', 'TrueHD', 'radarr', 2750);
INSERT OR IGNORE INTO quality_profile_custom_formats (quality_profile_name, custom_format_name, arr_type, score) VALUES ('[SQP] SQP-1 WEB (1080p)', 'DTS-HD MA', 'radarr', 2500);
INSERT OR IGNORE INTO quality_profile_custom_formats (quality_profile_name, custom_format_name, arr_type, score) VALUES ('[SQP] SQP-1 WEB (1080p)', 'FLAC', 'radarr', 2250);
INSERT OR IGNORE INTO quality_profile_custom_formats (quality_profile_name, custom_format_name, arr_type, score) VALUES ('[SQP] SQP-1 WEB (1080p)', 'PCM', 'radarr', 2250);
INSERT OR IGNORE INTO quality_profile_custom_formats (quality_profile_name, custom_format_name, arr_type, score) VALUES ('[SQP] SQP-1 WEB (1080p)', 'DTS-HD HRA', 'radarr', 2000);
INSERT OR IGNORE INTO quality_profile_custom_formats (quality_profile_name, custom_format_name, arr_type, score) VALUES ('[SQP] SQP-1 WEB (1080p)', 'DD+', 'radarr', 1750);
INSERT OR IGNORE INTO quality_profile_custom_formats (quality_profile_name, custom_format_name, arr_type, score) VALUES ('[SQP] SQP-1 WEB (1080p)', 'DTS-ES', 'radarr', 1500);
INSERT OR IGNORE INTO quality_profile_custom_formats (quality_profile_name, custom_format_name, arr_type, score) VALUES ('[SQP] SQP-1 WEB (1080p)', 'DTS', 'radarr', 1250);
INSERT OR IGNORE INTO quality_profile_custom_formats (quality_profile_name, custom_format_name, arr_type, score) VALUES ('[SQP] SQP-1 WEB (1080p)', 'AAC', 'radarr', 1000);
INSERT OR IGNORE INTO quality_profile_custom_formats (quality_profile_name, custom_format_name, arr_type, score) VALUES ('[SQP] SQP-1 WEB (1080p)', 'DD', 'radarr', 750);
INSERT OR IGNORE INTO quality_profile_custom_formats (quality_profile_name, custom_format_name, arr_type, score) VALUES ('[SQP] SQP-1 WEB (1080p)', '2.0 Stereo', 'radarr', 0);
INSERT OR IGNORE INTO quality_profile_custom_formats (quality_profile_name, custom_format_name, arr_type, score) VALUES ('[SQP] SQP-1 WEB (1080p)', 'BHDStudio', 'radarr', 1000);
INSERT OR IGNORE INTO quality_profile_custom_formats (quality_profile_name, custom_format_name, arr_type, score) VALUES ('[SQP] SQP-1 WEB (1080p)', 'hallowed', 'radarr', 600);
INSERT OR IGNORE INTO quality_profile_custom_formats (quality_profile_name, custom_format_name, arr_type, score) VALUES ('[SQP] SQP-1 WEB (1080p)', 'WEB Tier 01', 'radarr', 1700);
INSERT OR IGNORE INTO quality_profile_custom_formats (quality_profile_name, custom_format_name, arr_type, score) VALUES ('[SQP] SQP-1 WEB (1080p)', 'WEB Tier 02', 'radarr', 1650);
INSERT OR IGNORE INTO quality_profile_custom_formats (quality_profile_name, custom_format_name, arr_type, score) VALUES ('[SQP] SQP-1 WEB (1080p)', 'WEB Tier 03', 'radarr', 1600);
INSERT OR IGNORE INTO quality_profile_custom_formats (quality_profile_name, custom_format_name, arr_type, score) VALUES ('[SQP] SQP-1 WEB (1080p)', 'HD Bluray Tier 01', 'radarr', 1800);
INSERT OR IGNORE INTO quality_profile_custom_formats (quality_profile_name, custom_format_name, arr_type, score) VALUES ('[SQP] SQP-1 WEB (1080p)', 'HD Bluray Tier 02', 'radarr', 1750);
INSERT OR IGNORE INTO quality_profile_custom_formats (quality_profile_name, custom_format_name, arr_type, score) VALUES ('[SQP] SQP-1 WEB (1080p)', 'HD Bluray Tier 03', 'radarr', 1700);
INSERT OR IGNORE INTO quality_profile_custom_formats (quality_profile_name, custom_format_name, arr_type, score) VALUES ('[SQP] SQP-1 WEB (1080p)', 'Repack/Proper', 'radarr', 5);
INSERT OR IGNORE INTO quality_profile_custom_formats (quality_profile_name, custom_format_name, arr_type, score) VALUES ('[SQP] SQP-1 WEB (1080p)', 'Repack2', 'radarr', 6);
INSERT OR IGNORE INTO quality_profile_custom_formats (quality_profile_name, custom_format_name, arr_type, score) VALUES ('[SQP] SQP-1 WEB (1080p)', 'Repack3', 'radarr', 7);
INSERT OR IGNORE INTO quality_profile_custom_formats (quality_profile_name, custom_format_name, arr_type, score) VALUES ('[SQP] SQP-1 WEB (1080p)', 'BR-DISK', 'radarr', -10000);
INSERT OR IGNORE INTO quality_profile_custom_formats (quality_profile_name, custom_format_name, arr_type, score) VALUES ('[SQP] SQP-1 WEB (1080p)', 'Generated Dynamic HDR', 'radarr', -10000);
INSERT OR IGNORE INTO quality_profile_custom_formats (quality_profile_name, custom_format_name, arr_type, score) VALUES ('[SQP] SQP-1 WEB (1080p)', 'LQ', 'radarr', -10000);
INSERT OR IGNORE INTO quality_profile_custom_formats (quality_profile_name, custom_format_name, arr_type, score) VALUES ('[SQP] SQP-1 WEB (1080p)', 'LQ (Release Title)', 'radarr', -10000);
INSERT OR IGNORE INTO quality_profile_custom_formats (quality_profile_name, custom_format_name, arr_type, score) VALUES ('[SQP] SQP-1 WEB (1080p)', 'x265 (HD)', 'radarr', -10000);
INSERT OR IGNORE INTO quality_profile_custom_formats (quality_profile_name, custom_format_name, arr_type, score) VALUES ('[SQP] SQP-1 WEB (1080p)', '3D', 'radarr', -10000);
INSERT OR IGNORE INTO quality_profile_custom_formats (quality_profile_name, custom_format_name, arr_type, score) VALUES ('[SQP] SQP-1 WEB (1080p)', 'Extras', 'radarr', -10000);
INSERT OR IGNORE INTO quality_profile_custom_formats (quality_profile_name, custom_format_name, arr_type, score) VALUES ('[SQP] SQP-1 WEB (1080p)', 'Sing-Along Versions', 'radarr', -10000);
INSERT OR IGNORE INTO quality_profile_custom_formats (quality_profile_name, custom_format_name, arr_type, score) VALUES ('[SQP] SQP-1 WEB (1080p)', '10bit', 'radarr', 0);
INSERT OR IGNORE INTO quality_profile_custom_formats (quality_profile_name, custom_format_name, arr_type, score) VALUES ('[SQP] SQP-1 WEB (1080p)', 'AV1', 'radarr', -10000);
INSERT OR IGNORE INTO quality_profile_custom_formats (quality_profile_name, custom_format_name, arr_type, score) VALUES ('[SQP] SQP-1 WEB (1080p)', '1080p', 'radarr', 50);
INSERT OR IGNORE INTO quality_profile_custom_formats (quality_profile_name, custom_format_name, arr_type, score) VALUES ('[SQP] SQP-1 WEB (1080p)', '720p', 'radarr', 5);
INSERT OR IGNORE INTO quality_profile_custom_formats (quality_profile_name, custom_format_name, arr_type, score) VALUES ('[SQP] SQP-1 WEB (1080p)', 'AMZN', 'radarr', 0);

INSERT OR IGNORE INTO quality_profiles (name, description, upgrades_allowed, minimum_custom_format_score, upgrade_until_score, upgrade_score_increment) VALUES ('[SQP] SQP-1 WEB (2160p)', 'This Special Quality Profile is an advanced Quality Profile designed for a specific use case. Before using this Quality Profile please join the <a href="https://trash-guides.info/discord" target="_blank">TRaSH-Guide Discord</a> for more information. Open the #access-to-sqp channel and accept the three simple rules. Any questions related to the SQP should only be asked in the dedicated SQP support channels.', 1, 1000, 10000, 1);
INSERT OR IGNORE INTO quality_profile_qualities (quality_profile_name, quality_name, quality_group_name, position, enabled, upgrade_until) VALUES ('[SQP] SQP-1 WEB (2160p)', 'Unknown', NULL, 0, 0, 0);
INSERT OR IGNORE INTO quality_profile_qualities (quality_profile_name, quality_name, quality_group_name, position, enabled, upgrade_until) VALUES ('[SQP] SQP-1 WEB (2160p)', 'WORKPRINT', NULL, 1, 0, 0);
INSERT OR IGNORE INTO quality_profile_qualities (quality_profile_name, quality_name, quality_group_name, position, enabled, upgrade_until) VALUES ('[SQP] SQP-1 WEB (2160p)', 'CAM', NULL, 2, 0, 0);
INSERT OR IGNORE INTO quality_profile_qualities (quality_profile_name, quality_name, quality_group_name, position, enabled, upgrade_until) VALUES ('[SQP] SQP-1 WEB (2160p)', 'TELESYNC', NULL, 3, 0, 0);
INSERT OR IGNORE INTO quality_profile_qualities (quality_profile_name, quality_name, quality_group_name, position, enabled, upgrade_until) VALUES ('[SQP] SQP-1 WEB (2160p)', 'TELECINE', NULL, 4, 0, 0);
INSERT OR IGNORE INTO quality_profile_qualities (quality_profile_name, quality_name, quality_group_name, position, enabled, upgrade_until) VALUES ('[SQP] SQP-1 WEB (2160p)', 'REGIONAL', NULL, 5, 0, 0);
INSERT OR IGNORE INTO quality_profile_qualities (quality_profile_name, quality_name, quality_group_name, position, enabled, upgrade_until) VALUES ('[SQP] SQP-1 WEB (2160p)', 'DVDSCR', NULL, 6, 0, 0);
INSERT OR IGNORE INTO quality_profile_qualities (quality_profile_name, quality_name, quality_group_name, position, enabled, upgrade_until) VALUES ('[SQP] SQP-1 WEB (2160p)', 'SDTV', NULL, 7, 0, 0);
INSERT OR IGNORE INTO quality_profile_qualities (quality_profile_name, quality_name, quality_group_name, position, enabled, upgrade_until) VALUES ('[SQP] SQP-1 WEB (2160p)', 'DVD', NULL, 8, 0, 0);
INSERT OR IGNORE INTO quality_profile_qualities (quality_profile_name, quality_name, quality_group_name, position, enabled, upgrade_until) VALUES ('[SQP] SQP-1 WEB (2160p)', 'DVD-R', NULL, 9, 0, 0);
INSERT OR IGNORE INTO quality_groups (quality_profile_name, name) VALUES ('[SQP] SQP-1 WEB (2160p)', 'WEB 480p');
INSERT OR IGNORE INTO quality_group_members (quality_profile_name, quality_group_name, quality_name) VALUES ('[SQP] SQP-1 WEB (2160p)', 'WEB 480p', 'WEBDL-480p');
INSERT OR IGNORE INTO quality_group_members (quality_profile_name, quality_group_name, quality_name) VALUES ('[SQP] SQP-1 WEB (2160p)', 'WEB 480p', 'WEBRip-480p');
INSERT OR IGNORE INTO quality_profile_qualities (quality_profile_name, quality_name, quality_group_name, position, enabled, upgrade_until) VALUES ('[SQP] SQP-1 WEB (2160p)', NULL, 'WEB 480p', 10, 0, 0);
INSERT OR IGNORE INTO quality_profile_qualities (quality_profile_name, quality_name, quality_group_name, position, enabled, upgrade_until) VALUES ('[SQP] SQP-1 WEB (2160p)', 'Bluray-480p', NULL, 11, 0, 0);
INSERT OR IGNORE INTO quality_profile_qualities (quality_profile_name, quality_name, quality_group_name, position, enabled, upgrade_until) VALUES ('[SQP] SQP-1 WEB (2160p)', 'Bluray-576p', NULL, 12, 0, 0);
INSERT OR IGNORE INTO quality_profile_qualities (quality_profile_name, quality_name, quality_group_name, position, enabled, upgrade_until) VALUES ('[SQP] SQP-1 WEB (2160p)', 'HDTV-720p', NULL, 13, 0, 0);
INSERT OR IGNORE INTO quality_profile_qualities (quality_profile_name, quality_name, quality_group_name, position, enabled, upgrade_until) VALUES ('[SQP] SQP-1 WEB (2160p)', 'HDTV-1080p', NULL, 14, 0, 0);
INSERT OR IGNORE INTO quality_profile_qualities (quality_profile_name, quality_name, quality_group_name, position, enabled, upgrade_until) VALUES ('[SQP] SQP-1 WEB (2160p)', 'Remux-1080p', NULL, 15, 0, 0);
INSERT OR IGNORE INTO quality_profile_qualities (quality_profile_name, quality_name, quality_group_name, position, enabled, upgrade_until) VALUES ('[SQP] SQP-1 WEB (2160p)', 'HDTV-2160p', NULL, 16, 0, 0);
INSERT OR IGNORE INTO quality_profile_qualities (quality_profile_name, quality_name, quality_group_name, position, enabled, upgrade_until) VALUES ('[SQP] SQP-1 WEB (2160p)', 'Remux-2160p', NULL, 17, 0, 0);
INSERT OR IGNORE INTO quality_profile_qualities (quality_profile_name, quality_name, quality_group_name, position, enabled, upgrade_until) VALUES ('[SQP] SQP-1 WEB (2160p)', 'BR-DISK', NULL, 18, 0, 0);
INSERT OR IGNORE INTO quality_profile_qualities (quality_profile_name, quality_name, quality_group_name, position, enabled, upgrade_until) VALUES ('[SQP] SQP-1 WEB (2160p)', 'Raw-HD', NULL, 19, 0, 0);
INSERT OR IGNORE INTO quality_profile_qualities (quality_profile_name, quality_name, quality_group_name, position, enabled, upgrade_until) VALUES ('[SQP] SQP-1 WEB (2160p)', 'Bluray-720p', NULL, 20, 0, 0);
INSERT OR IGNORE INTO quality_groups (quality_profile_name, name) VALUES ('[SQP] SQP-1 WEB (2160p)', 'WEB 720p');
INSERT OR IGNORE INTO quality_group_members (quality_profile_name, quality_group_name, quality_name) VALUES ('[SQP] SQP-1 WEB (2160p)', 'WEB 720p', 'WEBDL-720p');
INSERT OR IGNORE INTO quality_group_members (quality_profile_name, quality_group_name, quality_name) VALUES ('[SQP] SQP-1 WEB (2160p)', 'WEB 720p', 'WEBRip-720p');
INSERT OR IGNORE INTO quality_profile_qualities (quality_profile_name, quality_name, quality_group_name, position, enabled, upgrade_until) VALUES ('[SQP] SQP-1 WEB (2160p)', NULL, 'WEB 720p', 21, 0, 0);
INSERT OR IGNORE INTO quality_groups (quality_profile_name, name) VALUES ('[SQP] SQP-1 WEB (2160p)', 'Bluray|WEB-1080p');
INSERT OR IGNORE INTO quality_group_members (quality_profile_name, quality_group_name, quality_name) VALUES ('[SQP] SQP-1 WEB (2160p)', 'Bluray|WEB-1080p', 'WEBDL-1080p');
INSERT OR IGNORE INTO quality_group_members (quality_profile_name, quality_group_name, quality_name) VALUES ('[SQP] SQP-1 WEB (2160p)', 'Bluray|WEB-1080p', 'WEBRip-1080p');
INSERT OR IGNORE INTO quality_group_members (quality_profile_name, quality_group_name, quality_name) VALUES ('[SQP] SQP-1 WEB (2160p)', 'Bluray|WEB-1080p', 'Bluray-1080p');
INSERT OR IGNORE INTO quality_profile_qualities (quality_profile_name, quality_name, quality_group_name, position, enabled, upgrade_until) VALUES ('[SQP] SQP-1 WEB (2160p)', NULL, 'Bluray|WEB-1080p', 22, 1, 0);
INSERT OR IGNORE INTO quality_groups (quality_profile_name, name) VALUES ('[SQP] SQP-1 WEB (2160p)', 'Bluray|WEB-2160p');
INSERT OR IGNORE INTO quality_group_members (quality_profile_name, quality_group_name, quality_name) VALUES ('[SQP] SQP-1 WEB (2160p)', 'Bluray|WEB-2160p', 'WEBDL-2160p');
INSERT OR IGNORE INTO quality_group_members (quality_profile_name, quality_group_name, quality_name) VALUES ('[SQP] SQP-1 WEB (2160p)', 'Bluray|WEB-2160p', 'WEBRip-2160p');
INSERT OR IGNORE INTO quality_group_members (quality_profile_name, quality_group_name, quality_name) VALUES ('[SQP] SQP-1 WEB (2160p)', 'Bluray|WEB-2160p', 'Bluray-2160p');
INSERT OR IGNORE INTO quality_profile_qualities (quality_profile_name, quality_name, quality_group_name, position, enabled, upgrade_until) VALUES ('[SQP] SQP-1 WEB (2160p)', NULL, 'Bluray|WEB-2160p', 23, 1, 1);
INSERT OR IGNORE INTO quality_profile_custom_formats (quality_profile_name, custom_format_name, arr_type, score) VALUES ('[SQP] SQP-1 WEB (2160p)', 'TrueHD ATMOS', 'radarr', 5000);
INSERT OR IGNORE INTO quality_profile_custom_formats (quality_profile_name, custom_format_name, arr_type, score) VALUES ('[SQP] SQP-1 WEB (2160p)', 'DTS X', 'radarr', 4500);
INSERT OR IGNORE INTO quality_profile_custom_formats (quality_profile_name, custom_format_name, arr_type, score) VALUES ('[SQP] SQP-1 WEB (2160p)', 'ATMOS (undefined)', 'radarr', 3000);
INSERT OR IGNORE INTO quality_profile_custom_formats (quality_profile_name, custom_format_name, arr_type, score) VALUES ('[SQP] SQP-1 WEB (2160p)', 'DD+ ATMOS', 'radarr', 3000);
INSERT OR IGNORE INTO quality_profile_custom_formats (quality_profile_name, custom_format_name, arr_type, score) VALUES ('[SQP] SQP-1 WEB (2160p)', 'TrueHD', 'radarr', 2750);
INSERT OR IGNORE INTO quality_profile_custom_formats (quality_profile_name, custom_format_name, arr_type, score) VALUES ('[SQP] SQP-1 WEB (2160p)', 'DTS-HD MA', 'radarr', 2500);
INSERT OR IGNORE INTO quality_profile_custom_formats (quality_profile_name, custom_format_name, arr_type, score) VALUES ('[SQP] SQP-1 WEB (2160p)', 'FLAC', 'radarr', 2250);
INSERT OR IGNORE INTO quality_profile_custom_formats (quality_profile_name, custom_format_name, arr_type, score) VALUES ('[SQP] SQP-1 WEB (2160p)', 'PCM', 'radarr', 2250);
INSERT OR IGNORE INTO quality_profile_custom_formats (quality_profile_name, custom_format_name, arr_type, score) VALUES ('[SQP] SQP-1 WEB (2160p)', 'DTS-HD HRA', 'radarr', 2000);
INSERT OR IGNORE INTO quality_profile_custom_formats (quality_profile_name, custom_format_name, arr_type, score) VALUES ('[SQP] SQP-1 WEB (2160p)', 'DD+', 'radarr', 1750);
INSERT OR IGNORE INTO quality_profile_custom_formats (quality_profile_name, custom_format_name, arr_type, score) VALUES ('[SQP] SQP-1 WEB (2160p)', 'DTS-ES', 'radarr', 1500);
INSERT OR IGNORE INTO quality_profile_custom_formats (quality_profile_name, custom_format_name, arr_type, score) VALUES ('[SQP] SQP-1 WEB (2160p)', 'DTS', 'radarr', 1250);
INSERT OR IGNORE INTO quality_profile_custom_formats (quality_profile_name, custom_format_name, arr_type, score) VALUES ('[SQP] SQP-1 WEB (2160p)', 'AAC', 'radarr', 1000);
INSERT OR IGNORE INTO quality_profile_custom_formats (quality_profile_name, custom_format_name, arr_type, score) VALUES ('[SQP] SQP-1 WEB (2160p)', 'DD', 'radarr', 750);
INSERT OR IGNORE INTO quality_profile_custom_formats (quality_profile_name, custom_format_name, arr_type, score) VALUES ('[SQP] SQP-1 WEB (2160p)', '2.0 Stereo', 'radarr', 0);
INSERT OR IGNORE INTO quality_profile_custom_formats (quality_profile_name, custom_format_name, arr_type, score) VALUES ('[SQP] SQP-1 WEB (2160p)', 'DV (w/o HDR fallback)', 'radarr', -10000);
INSERT OR IGNORE INTO quality_profile_custom_formats (quality_profile_name, custom_format_name, arr_type, score) VALUES ('[SQP] SQP-1 WEB (2160p)', 'BHDStudio', 'radarr', 1000);
INSERT OR IGNORE INTO quality_profile_custom_formats (quality_profile_name, custom_format_name, arr_type, score) VALUES ('[SQP] SQP-1 WEB (2160p)', 'hallowed', 'radarr', 600);
INSERT OR IGNORE INTO quality_profile_custom_formats (quality_profile_name, custom_format_name, arr_type, score) VALUES ('[SQP] SQP-1 WEB (2160p)', 'WEB Tier 01', 'radarr', 1700);
INSERT OR IGNORE INTO quality_profile_custom_formats (quality_profile_name, custom_format_name, arr_type, score) VALUES ('[SQP] SQP-1 WEB (2160p)', 'WEB Tier 02', 'radarr', 1650);
INSERT OR IGNORE INTO quality_profile_custom_formats (quality_profile_name, custom_format_name, arr_type, score) VALUES ('[SQP] SQP-1 WEB (2160p)', 'WEB Tier 03', 'radarr', 1600);
INSERT OR IGNORE INTO quality_profile_custom_formats (quality_profile_name, custom_format_name, arr_type, score) VALUES ('[SQP] SQP-1 WEB (2160p)', 'HD Bluray Tier 01', 'radarr', 1800);
INSERT OR IGNORE INTO quality_profile_custom_formats (quality_profile_name, custom_format_name, arr_type, score) VALUES ('[SQP] SQP-1 WEB (2160p)', 'HD Bluray Tier 02', 'radarr', 1750);
INSERT OR IGNORE INTO quality_profile_custom_formats (quality_profile_name, custom_format_name, arr_type, score) VALUES ('[SQP] SQP-1 WEB (2160p)', 'HD Bluray Tier 03', 'radarr', 1700);
INSERT OR IGNORE INTO quality_profile_custom_formats (quality_profile_name, custom_format_name, arr_type, score) VALUES ('[SQP] SQP-1 WEB (2160p)', 'UHD Bluray Tier 01', 'radarr', 1800);
INSERT OR IGNORE INTO quality_profile_custom_formats (quality_profile_name, custom_format_name, arr_type, score) VALUES ('[SQP] SQP-1 WEB (2160p)', 'UHD Bluray Tier 02', 'radarr', 1750);
INSERT OR IGNORE INTO quality_profile_custom_formats (quality_profile_name, custom_format_name, arr_type, score) VALUES ('[SQP] SQP-1 WEB (2160p)', 'UHD Bluray Tier 03', 'radarr', 1700);
INSERT OR IGNORE INTO quality_profile_custom_formats (quality_profile_name, custom_format_name, arr_type, score) VALUES ('[SQP] SQP-1 WEB (2160p)', 'Repack/Proper', 'radarr', 5);
INSERT OR IGNORE INTO quality_profile_custom_formats (quality_profile_name, custom_format_name, arr_type, score) VALUES ('[SQP] SQP-1 WEB (2160p)', 'Repack2', 'radarr', 6);
INSERT OR IGNORE INTO quality_profile_custom_formats (quality_profile_name, custom_format_name, arr_type, score) VALUES ('[SQP] SQP-1 WEB (2160p)', 'Repack3', 'radarr', 7);
INSERT OR IGNORE INTO quality_profile_custom_formats (quality_profile_name, custom_format_name, arr_type, score) VALUES ('[SQP] SQP-1 WEB (2160p)', 'BR-DISK', 'radarr', -10000);
INSERT OR IGNORE INTO quality_profile_custom_formats (quality_profile_name, custom_format_name, arr_type, score) VALUES ('[SQP] SQP-1 WEB (2160p)', 'Generated Dynamic HDR', 'radarr', -10000);
INSERT OR IGNORE INTO quality_profile_custom_formats (quality_profile_name, custom_format_name, arr_type, score) VALUES ('[SQP] SQP-1 WEB (2160p)', 'LQ', 'radarr', -10000);
INSERT OR IGNORE INTO quality_profile_custom_formats (quality_profile_name, custom_format_name, arr_type, score) VALUES ('[SQP] SQP-1 WEB (2160p)', 'LQ (Release Title)', 'radarr', -10000);
INSERT OR IGNORE INTO quality_profile_custom_formats (quality_profile_name, custom_format_name, arr_type, score) VALUES ('[SQP] SQP-1 WEB (2160p)', 'x265 (no HDR/DV)', 'radarr', -10000);
INSERT OR IGNORE INTO quality_profile_custom_formats (quality_profile_name, custom_format_name, arr_type, score) VALUES ('[SQP] SQP-1 WEB (2160p)', '3D', 'radarr', -10000);
INSERT OR IGNORE INTO quality_profile_custom_formats (quality_profile_name, custom_format_name, arr_type, score) VALUES ('[SQP] SQP-1 WEB (2160p)', 'Upscaled', 'radarr', -10000);
INSERT OR IGNORE INTO quality_profile_custom_formats (quality_profile_name, custom_format_name, arr_type, score) VALUES ('[SQP] SQP-1 WEB (2160p)', 'Extras', 'radarr', -10000);
INSERT OR IGNORE INTO quality_profile_custom_formats (quality_profile_name, custom_format_name, arr_type, score) VALUES ('[SQP] SQP-1 WEB (2160p)', 'Sing-Along Versions', 'radarr', -10000);
INSERT OR IGNORE INTO quality_profile_custom_formats (quality_profile_name, custom_format_name, arr_type, score) VALUES ('[SQP] SQP-1 WEB (2160p)', '10bit', 'radarr', 0);
INSERT OR IGNORE INTO quality_profile_custom_formats (quality_profile_name, custom_format_name, arr_type, score) VALUES ('[SQP] SQP-1 WEB (2160p)', 'AV1', 'radarr', -10000);
INSERT OR IGNORE INTO quality_profile_custom_formats (quality_profile_name, custom_format_name, arr_type, score) VALUES ('[SQP] SQP-1 WEB (2160p)', '1080p', 'radarr', 50);
INSERT OR IGNORE INTO quality_profile_custom_formats (quality_profile_name, custom_format_name, arr_type, score) VALUES ('[SQP] SQP-1 WEB (2160p)', '720p', 'radarr', 5);

INSERT OR IGNORE INTO quality_profiles (name, description, upgrades_allowed, minimum_custom_format_score, upgrade_until_score, upgrade_score_increment) VALUES ('[SQP] SQP-2', 'This Special Quality Profile is an advanced Quality Profile designed for a specific use case. Before using this Quality Profile please join the <a href="https://trash-guides.info/discord" target="_blank">TRaSH-Guide Discord</a> for more information. Open the #access-to-sqp channel and accept the three simple rules. Any questions related to the SQP should only be asked in the dedicated SQP support channels.', 1, 550, 10000, 1);
INSERT OR IGNORE INTO quality_profile_qualities (quality_profile_name, quality_name, quality_group_name, position, enabled, upgrade_until) VALUES ('[SQP] SQP-2', 'Unknown', NULL, 0, 0, 0);
INSERT OR IGNORE INTO quality_profile_qualities (quality_profile_name, quality_name, quality_group_name, position, enabled, upgrade_until) VALUES ('[SQP] SQP-2', 'WORKPRINT', NULL, 1, 0, 0);
INSERT OR IGNORE INTO quality_profile_qualities (quality_profile_name, quality_name, quality_group_name, position, enabled, upgrade_until) VALUES ('[SQP] SQP-2', 'CAM', NULL, 2, 0, 0);
INSERT OR IGNORE INTO quality_profile_qualities (quality_profile_name, quality_name, quality_group_name, position, enabled, upgrade_until) VALUES ('[SQP] SQP-2', 'TELESYNC', NULL, 3, 0, 0);
INSERT OR IGNORE INTO quality_profile_qualities (quality_profile_name, quality_name, quality_group_name, position, enabled, upgrade_until) VALUES ('[SQP] SQP-2', 'TELECINE', NULL, 4, 0, 0);
INSERT OR IGNORE INTO quality_profile_qualities (quality_profile_name, quality_name, quality_group_name, position, enabled, upgrade_until) VALUES ('[SQP] SQP-2', 'REGIONAL', NULL, 5, 0, 0);
INSERT OR IGNORE INTO quality_profile_qualities (quality_profile_name, quality_name, quality_group_name, position, enabled, upgrade_until) VALUES ('[SQP] SQP-2', 'DVDSCR', NULL, 6, 0, 0);
INSERT OR IGNORE INTO quality_profile_qualities (quality_profile_name, quality_name, quality_group_name, position, enabled, upgrade_until) VALUES ('[SQP] SQP-2', 'SDTV', NULL, 7, 0, 0);
INSERT OR IGNORE INTO quality_profile_qualities (quality_profile_name, quality_name, quality_group_name, position, enabled, upgrade_until) VALUES ('[SQP] SQP-2', 'DVD', NULL, 8, 0, 0);
INSERT OR IGNORE INTO quality_profile_qualities (quality_profile_name, quality_name, quality_group_name, position, enabled, upgrade_until) VALUES ('[SQP] SQP-2', 'DVD-R', NULL, 9, 0, 0);
INSERT OR IGNORE INTO quality_groups (quality_profile_name, name) VALUES ('[SQP] SQP-2', 'WEB 480p');
INSERT OR IGNORE INTO quality_group_members (quality_profile_name, quality_group_name, quality_name) VALUES ('[SQP] SQP-2', 'WEB 480p', 'WEBDL-480p');
INSERT OR IGNORE INTO quality_group_members (quality_profile_name, quality_group_name, quality_name) VALUES ('[SQP] SQP-2', 'WEB 480p', 'WEBRip-480p');
INSERT OR IGNORE INTO quality_profile_qualities (quality_profile_name, quality_name, quality_group_name, position, enabled, upgrade_until) VALUES ('[SQP] SQP-2', NULL, 'WEB 480p', 10, 0, 0);
INSERT OR IGNORE INTO quality_profile_qualities (quality_profile_name, quality_name, quality_group_name, position, enabled, upgrade_until) VALUES ('[SQP] SQP-2', 'Bluray-480p', NULL, 11, 0, 0);
INSERT OR IGNORE INTO quality_profile_qualities (quality_profile_name, quality_name, quality_group_name, position, enabled, upgrade_until) VALUES ('[SQP] SQP-2', 'Bluray-576p', NULL, 12, 0, 0);
INSERT OR IGNORE INTO quality_profile_qualities (quality_profile_name, quality_name, quality_group_name, position, enabled, upgrade_until) VALUES ('[SQP] SQP-2', 'HDTV-720p', NULL, 13, 0, 0);
INSERT OR IGNORE INTO quality_groups (quality_profile_name, name) VALUES ('[SQP] SQP-2', 'WEB 720p');
INSERT OR IGNORE INTO quality_group_members (quality_profile_name, quality_group_name, quality_name) VALUES ('[SQP] SQP-2', 'WEB 720p', 'WEBDL-720p');
INSERT OR IGNORE INTO quality_group_members (quality_profile_name, quality_group_name, quality_name) VALUES ('[SQP] SQP-2', 'WEB 720p', 'WEBRip-720p');
INSERT OR IGNORE INTO quality_profile_qualities (quality_profile_name, quality_name, quality_group_name, position, enabled, upgrade_until) VALUES ('[SQP] SQP-2', NULL, 'WEB 720p', 14, 0, 0);
INSERT OR IGNORE INTO quality_profile_qualities (quality_profile_name, quality_name, quality_group_name, position, enabled, upgrade_until) VALUES ('[SQP] SQP-2', 'Bluray-720p', NULL, 15, 0, 0);
INSERT OR IGNORE INTO quality_profile_qualities (quality_profile_name, quality_name, quality_group_name, position, enabled, upgrade_until) VALUES ('[SQP] SQP-2', 'HDTV-1080p', NULL, 16, 0, 0);
INSERT OR IGNORE INTO quality_profile_qualities (quality_profile_name, quality_name, quality_group_name, position, enabled, upgrade_until) VALUES ('[SQP] SQP-2', 'Bluray-1080p', NULL, 17, 0, 0);
INSERT OR IGNORE INTO quality_profile_qualities (quality_profile_name, quality_name, quality_group_name, position, enabled, upgrade_until) VALUES ('[SQP] SQP-2', 'HDTV-2160p', NULL, 18, 0, 0);
INSERT OR IGNORE INTO quality_profile_qualities (quality_profile_name, quality_name, quality_group_name, position, enabled, upgrade_until) VALUES ('[SQP] SQP-2', 'BR-DISK', NULL, 19, 0, 0);
INSERT OR IGNORE INTO quality_profile_qualities (quality_profile_name, quality_name, quality_group_name, position, enabled, upgrade_until) VALUES ('[SQP] SQP-2', 'Raw-HD', NULL, 20, 0, 0);
INSERT OR IGNORE INTO quality_profile_qualities (quality_profile_name, quality_name, quality_group_name, position, enabled, upgrade_until) VALUES ('[SQP] SQP-2', 'Remux-1080p', NULL, 21, 1, 0);
INSERT OR IGNORE INTO quality_groups (quality_profile_name, name) VALUES ('[SQP] SQP-2', 'WEB|Remux|Bluray|2160p');
INSERT OR IGNORE INTO quality_group_members (quality_profile_name, quality_group_name, quality_name) VALUES ('[SQP] SQP-2', 'WEB|Remux|Bluray|2160p', 'WEBDL-1080p');
INSERT OR IGNORE INTO quality_group_members (quality_profile_name, quality_group_name, quality_name) VALUES ('[SQP] SQP-2', 'WEB|Remux|Bluray|2160p', 'WEBRip-1080p');
INSERT OR IGNORE INTO quality_group_members (quality_profile_name, quality_group_name, quality_name) VALUES ('[SQP] SQP-2', 'WEB|Remux|Bluray|2160p', 'WEBDL-2160p');
INSERT OR IGNORE INTO quality_group_members (quality_profile_name, quality_group_name, quality_name) VALUES ('[SQP] SQP-2', 'WEB|Remux|Bluray|2160p', 'WEBRip-2160p');
INSERT OR IGNORE INTO quality_group_members (quality_profile_name, quality_group_name, quality_name) VALUES ('[SQP] SQP-2', 'WEB|Remux|Bluray|2160p', 'Remux-2160p');
INSERT OR IGNORE INTO quality_group_members (quality_profile_name, quality_group_name, quality_name) VALUES ('[SQP] SQP-2', 'WEB|Remux|Bluray|2160p', 'Bluray-2160p');
INSERT OR IGNORE INTO quality_profile_qualities (quality_profile_name, quality_name, quality_group_name, position, enabled, upgrade_until) VALUES ('[SQP] SQP-2', NULL, 'WEB|Remux|Bluray|2160p', 22, 1, 1);
INSERT OR IGNORE INTO quality_profile_custom_formats (quality_profile_name, custom_format_name, arr_type, score) VALUES ('[SQP] SQP-2', 'Remux Tier 01', 'radarr', 1950);
INSERT OR IGNORE INTO quality_profile_custom_formats (quality_profile_name, custom_format_name, arr_type, score) VALUES ('[SQP] SQP-2', 'Remux Tier 02', 'radarr', 1900);
INSERT OR IGNORE INTO quality_profile_custom_formats (quality_profile_name, custom_format_name, arr_type, score) VALUES ('[SQP] SQP-2', 'Remux Tier 03', 'radarr', 1850);
INSERT OR IGNORE INTO quality_profile_custom_formats (quality_profile_name, custom_format_name, arr_type, score) VALUES ('[SQP] SQP-2', 'UHD Bluray Tier 01', 'radarr', 1800);
INSERT OR IGNORE INTO quality_profile_custom_formats (quality_profile_name, custom_format_name, arr_type, score) VALUES ('[SQP] SQP-2', 'UHD Bluray Tier 02', 'radarr', 1750);
INSERT OR IGNORE INTO quality_profile_custom_formats (quality_profile_name, custom_format_name, arr_type, score) VALUES ('[SQP] SQP-2', 'UHD Bluray Tier 03', 'radarr', 1700);
INSERT OR IGNORE INTO quality_profile_custom_formats (quality_profile_name, custom_format_name, arr_type, score) VALUES ('[SQP] SQP-2', 'WEB Tier 01', 'radarr', 1700);
INSERT OR IGNORE INTO quality_profile_custom_formats (quality_profile_name, custom_format_name, arr_type, score) VALUES ('[SQP] SQP-2', 'WEB Tier 02', 'radarr', 1650);
INSERT OR IGNORE INTO quality_profile_custom_formats (quality_profile_name, custom_format_name, arr_type, score) VALUES ('[SQP] SQP-2', 'WEB Tier 03', 'radarr', 1600);
INSERT OR IGNORE INTO quality_profile_custom_formats (quality_profile_name, custom_format_name, arr_type, score) VALUES ('[SQP] SQP-2', 'Repack/Proper', 'radarr', 5);
INSERT OR IGNORE INTO quality_profile_custom_formats (quality_profile_name, custom_format_name, arr_type, score) VALUES ('[SQP] SQP-2', 'Repack2', 'radarr', 6);
INSERT OR IGNORE INTO quality_profile_custom_formats (quality_profile_name, custom_format_name, arr_type, score) VALUES ('[SQP] SQP-2', 'Repack3', 'radarr', 7);
INSERT OR IGNORE INTO quality_profile_custom_formats (quality_profile_name, custom_format_name, arr_type, score) VALUES ('[SQP] SQP-2', 'BR-DISK', 'radarr', -10000);
INSERT OR IGNORE INTO quality_profile_custom_formats (quality_profile_name, custom_format_name, arr_type, score) VALUES ('[SQP] SQP-2', 'Generated Dynamic HDR', 'radarr', -10000);
INSERT OR IGNORE INTO quality_profile_custom_formats (quality_profile_name, custom_format_name, arr_type, score) VALUES ('[SQP] SQP-2', 'LQ', 'radarr', -10000);
INSERT OR IGNORE INTO quality_profile_custom_formats (quality_profile_name, custom_format_name, arr_type, score) VALUES ('[SQP] SQP-2', 'LQ (Release Title)', 'radarr', -10000);
INSERT OR IGNORE INTO quality_profile_custom_formats (quality_profile_name, custom_format_name, arr_type, score) VALUES ('[SQP] SQP-2', '3D', 'radarr', -10000);
INSERT OR IGNORE INTO quality_profile_custom_formats (quality_profile_name, custom_format_name, arr_type, score) VALUES ('[SQP] SQP-2', 'Upscaled', 'radarr', -10000);
INSERT OR IGNORE INTO quality_profile_custom_formats (quality_profile_name, custom_format_name, arr_type, score) VALUES ('[SQP] SQP-2', 'Extras', 'radarr', -10000);
INSERT OR IGNORE INTO quality_profile_custom_formats (quality_profile_name, custom_format_name, arr_type, score) VALUES ('[SQP] SQP-2', 'Sing-Along Versions', 'radarr', -10000);
INSERT OR IGNORE INTO quality_profile_custom_formats (quality_profile_name, custom_format_name, arr_type, score) VALUES ('[SQP] SQP-2', 'AV1', 'radarr', -10000);
INSERT OR IGNORE INTO quality_profile_custom_formats (quality_profile_name, custom_format_name, arr_type, score) VALUES ('[SQP] SQP-2', '1080p', 'radarr', 50);
INSERT OR IGNORE INTO quality_profile_custom_formats (quality_profile_name, custom_format_name, arr_type, score) VALUES ('[SQP] SQP-2', '2160p', 'radarr', 100);

INSERT OR IGNORE INTO quality_profiles (name, description, upgrades_allowed, minimum_custom_format_score, upgrade_until_score, upgrade_score_increment) VALUES ('[SQP] SQP-3 (Audio)', 'This Special Quality Profile is an advanced Quality Profile designed for a specific use case. Before using this Quality Profile please join the <a href="https://trash-guides.info/discord" target="_blank">TRaSH-Guide Discord</a> for more information. Open the #access-to-sqp channel and accept the three simple rules. Any questions related to the SQP should only be asked in the dedicated SQP support channels.', 1, 3350, 10000, 1);
INSERT OR IGNORE INTO quality_profile_qualities (quality_profile_name, quality_name, quality_group_name, position, enabled, upgrade_until) VALUES ('[SQP] SQP-3 (Audio)', 'Unknown', NULL, 0, 0, 0);
INSERT OR IGNORE INTO quality_profile_qualities (quality_profile_name, quality_name, quality_group_name, position, enabled, upgrade_until) VALUES ('[SQP] SQP-3 (Audio)', 'WORKPRINT', NULL, 1, 0, 0);
INSERT OR IGNORE INTO quality_profile_qualities (quality_profile_name, quality_name, quality_group_name, position, enabled, upgrade_until) VALUES ('[SQP] SQP-3 (Audio)', 'CAM', NULL, 2, 0, 0);
INSERT OR IGNORE INTO quality_profile_qualities (quality_profile_name, quality_name, quality_group_name, position, enabled, upgrade_until) VALUES ('[SQP] SQP-3 (Audio)', 'TELESYNC', NULL, 3, 0, 0);
INSERT OR IGNORE INTO quality_profile_qualities (quality_profile_name, quality_name, quality_group_name, position, enabled, upgrade_until) VALUES ('[SQP] SQP-3 (Audio)', 'TELECINE', NULL, 4, 0, 0);
INSERT OR IGNORE INTO quality_profile_qualities (quality_profile_name, quality_name, quality_group_name, position, enabled, upgrade_until) VALUES ('[SQP] SQP-3 (Audio)', 'REGIONAL', NULL, 5, 0, 0);
INSERT OR IGNORE INTO quality_profile_qualities (quality_profile_name, quality_name, quality_group_name, position, enabled, upgrade_until) VALUES ('[SQP] SQP-3 (Audio)', 'DVDSCR', NULL, 6, 0, 0);
INSERT OR IGNORE INTO quality_profile_qualities (quality_profile_name, quality_name, quality_group_name, position, enabled, upgrade_until) VALUES ('[SQP] SQP-3 (Audio)', 'SDTV', NULL, 7, 0, 0);
INSERT OR IGNORE INTO quality_profile_qualities (quality_profile_name, quality_name, quality_group_name, position, enabled, upgrade_until) VALUES ('[SQP] SQP-3 (Audio)', 'DVD', NULL, 8, 0, 0);
INSERT OR IGNORE INTO quality_profile_qualities (quality_profile_name, quality_name, quality_group_name, position, enabled, upgrade_until) VALUES ('[SQP] SQP-3 (Audio)', 'DVD-R', NULL, 9, 0, 0);
INSERT OR IGNORE INTO quality_groups (quality_profile_name, name) VALUES ('[SQP] SQP-3 (Audio)', 'WEB 480p');
INSERT OR IGNORE INTO quality_group_members (quality_profile_name, quality_group_name, quality_name) VALUES ('[SQP] SQP-3 (Audio)', 'WEB 480p', 'WEBDL-480p');
INSERT OR IGNORE INTO quality_group_members (quality_profile_name, quality_group_name, quality_name) VALUES ('[SQP] SQP-3 (Audio)', 'WEB 480p', 'WEBRip-480p');
INSERT OR IGNORE INTO quality_profile_qualities (quality_profile_name, quality_name, quality_group_name, position, enabled, upgrade_until) VALUES ('[SQP] SQP-3 (Audio)', NULL, 'WEB 480p', 10, 0, 0);
INSERT OR IGNORE INTO quality_profile_qualities (quality_profile_name, quality_name, quality_group_name, position, enabled, upgrade_until) VALUES ('[SQP] SQP-3 (Audio)', 'Bluray-480p', NULL, 11, 0, 0);
INSERT OR IGNORE INTO quality_profile_qualities (quality_profile_name, quality_name, quality_group_name, position, enabled, upgrade_until) VALUES ('[SQP] SQP-3 (Audio)', 'Bluray-576p', NULL, 12, 0, 0);
INSERT OR IGNORE INTO quality_profile_qualities (quality_profile_name, quality_name, quality_group_name, position, enabled, upgrade_until) VALUES ('[SQP] SQP-3 (Audio)', 'HDTV-720p', NULL, 13, 0, 0);
INSERT OR IGNORE INTO quality_groups (quality_profile_name, name) VALUES ('[SQP] SQP-3 (Audio)', 'WEB 720p');
INSERT OR IGNORE INTO quality_group_members (quality_profile_name, quality_group_name, quality_name) VALUES ('[SQP] SQP-3 (Audio)', 'WEB 720p', 'WEBDL-720p');
INSERT OR IGNORE INTO quality_group_members (quality_profile_name, quality_group_name, quality_name) VALUES ('[SQP] SQP-3 (Audio)', 'WEB 720p', 'WEBRip-720p');
INSERT OR IGNORE INTO quality_profile_qualities (quality_profile_name, quality_name, quality_group_name, position, enabled, upgrade_until) VALUES ('[SQP] SQP-3 (Audio)', NULL, 'WEB 720p', 14, 0, 0);
INSERT OR IGNORE INTO quality_profile_qualities (quality_profile_name, quality_name, quality_group_name, position, enabled, upgrade_until) VALUES ('[SQP] SQP-3 (Audio)', 'Bluray-720p', NULL, 15, 0, 0);
INSERT OR IGNORE INTO quality_profile_qualities (quality_profile_name, quality_name, quality_group_name, position, enabled, upgrade_until) VALUES ('[SQP] SQP-3 (Audio)', 'HDTV-1080p', NULL, 16, 0, 0);
INSERT OR IGNORE INTO quality_profile_qualities (quality_profile_name, quality_name, quality_group_name, position, enabled, upgrade_until) VALUES ('[SQP] SQP-3 (Audio)', 'Bluray-1080p', NULL, 17, 0, 0);
INSERT OR IGNORE INTO quality_profile_qualities (quality_profile_name, quality_name, quality_group_name, position, enabled, upgrade_until) VALUES ('[SQP] SQP-3 (Audio)', 'HDTV-2160p', NULL, 18, 0, 0);
INSERT OR IGNORE INTO quality_profile_qualities (quality_profile_name, quality_name, quality_group_name, position, enabled, upgrade_until) VALUES ('[SQP] SQP-3 (Audio)', 'Bluray-2160p', NULL, 19, 0, 0);
INSERT OR IGNORE INTO quality_profile_qualities (quality_profile_name, quality_name, quality_group_name, position, enabled, upgrade_until) VALUES ('[SQP] SQP-3 (Audio)', 'BR-DISK', NULL, 20, 0, 0);
INSERT OR IGNORE INTO quality_profile_qualities (quality_profile_name, quality_name, quality_group_name, position, enabled, upgrade_until) VALUES ('[SQP] SQP-3 (Audio)', 'Raw-HD', NULL, 21, 0, 0);
INSERT OR IGNORE INTO quality_groups (quality_profile_name, name) VALUES ('[SQP] SQP-3 (Audio)', 'WEB|Remux|2160p');
INSERT OR IGNORE INTO quality_group_members (quality_profile_name, quality_group_name, quality_name) VALUES ('[SQP] SQP-3 (Audio)', 'WEB|Remux|2160p', 'WEBRip-1080p');
INSERT OR IGNORE INTO quality_group_members (quality_profile_name, quality_group_name, quality_name) VALUES ('[SQP] SQP-3 (Audio)', 'WEB|Remux|2160p', 'WEBDL-1080p');
INSERT OR IGNORE INTO quality_group_members (quality_profile_name, quality_group_name, quality_name) VALUES ('[SQP] SQP-3 (Audio)', 'WEB|Remux|2160p', 'Remux-1080p');
INSERT OR IGNORE INTO quality_group_members (quality_profile_name, quality_group_name, quality_name) VALUES ('[SQP] SQP-3 (Audio)', 'WEB|Remux|2160p', 'WEBRip-2160p');
INSERT OR IGNORE INTO quality_group_members (quality_profile_name, quality_group_name, quality_name) VALUES ('[SQP] SQP-3 (Audio)', 'WEB|Remux|2160p', 'WEBDL-2160p');
INSERT OR IGNORE INTO quality_group_members (quality_profile_name, quality_group_name, quality_name) VALUES ('[SQP] SQP-3 (Audio)', 'WEB|Remux|2160p', 'Remux-2160p');
INSERT OR IGNORE INTO quality_profile_qualities (quality_profile_name, quality_name, quality_group_name, position, enabled, upgrade_until) VALUES ('[SQP] SQP-3 (Audio)', NULL, 'WEB|Remux|2160p', 22, 1, 1);
INSERT OR IGNORE INTO quality_profile_custom_formats (quality_profile_name, custom_format_name, arr_type, score) VALUES ('[SQP] SQP-3 (Audio)', 'TrueHD ATMOS', 'radarr', 5000);
INSERT OR IGNORE INTO quality_profile_custom_formats (quality_profile_name, custom_format_name, arr_type, score) VALUES ('[SQP] SQP-3 (Audio)', 'DTS X', 'radarr', 4500);
INSERT OR IGNORE INTO quality_profile_custom_formats (quality_profile_name, custom_format_name, arr_type, score) VALUES ('[SQP] SQP-3 (Audio)', 'ATMOS (undefined)', 'radarr', 3000);
INSERT OR IGNORE INTO quality_profile_custom_formats (quality_profile_name, custom_format_name, arr_type, score) VALUES ('[SQP] SQP-3 (Audio)', 'DD+ ATMOS', 'radarr', 3000);
INSERT OR IGNORE INTO quality_profile_custom_formats (quality_profile_name, custom_format_name, arr_type, score) VALUES ('[SQP] SQP-3 (Audio)', 'TrueHD', 'radarr', 2750);
INSERT OR IGNORE INTO quality_profile_custom_formats (quality_profile_name, custom_format_name, arr_type, score) VALUES ('[SQP] SQP-3 (Audio)', 'DTS-HD MA', 'radarr', 2500);
INSERT OR IGNORE INTO quality_profile_custom_formats (quality_profile_name, custom_format_name, arr_type, score) VALUES ('[SQP] SQP-3 (Audio)', 'FLAC', 'radarr', 2250);
INSERT OR IGNORE INTO quality_profile_custom_formats (quality_profile_name, custom_format_name, arr_type, score) VALUES ('[SQP] SQP-3 (Audio)', 'PCM', 'radarr', 2250);
INSERT OR IGNORE INTO quality_profile_custom_formats (quality_profile_name, custom_format_name, arr_type, score) VALUES ('[SQP] SQP-3 (Audio)', 'DTS-HD HRA', 'radarr', 2000);
INSERT OR IGNORE INTO quality_profile_custom_formats (quality_profile_name, custom_format_name, arr_type, score) VALUES ('[SQP] SQP-3 (Audio)', 'DD+', 'radarr', 1750);
INSERT OR IGNORE INTO quality_profile_custom_formats (quality_profile_name, custom_format_name, arr_type, score) VALUES ('[SQP] SQP-3 (Audio)', 'DTS-ES', 'radarr', 1500);
INSERT OR IGNORE INTO quality_profile_custom_formats (quality_profile_name, custom_format_name, arr_type, score) VALUES ('[SQP] SQP-3 (Audio)', 'DTS', 'radarr', 1250);
INSERT OR IGNORE INTO quality_profile_custom_formats (quality_profile_name, custom_format_name, arr_type, score) VALUES ('[SQP] SQP-3 (Audio)', 'AAC', 'radarr', 1000);
INSERT OR IGNORE INTO quality_profile_custom_formats (quality_profile_name, custom_format_name, arr_type, score) VALUES ('[SQP] SQP-3 (Audio)', 'DD', 'radarr', 750);
INSERT OR IGNORE INTO quality_profile_custom_formats (quality_profile_name, custom_format_name, arr_type, score) VALUES ('[SQP] SQP-3 (Audio)', 'Remux Tier 01', 'radarr', 1950);
INSERT OR IGNORE INTO quality_profile_custom_formats (quality_profile_name, custom_format_name, arr_type, score) VALUES ('[SQP] SQP-3 (Audio)', 'Remux Tier 02', 'radarr', 1900);
INSERT OR IGNORE INTO quality_profile_custom_formats (quality_profile_name, custom_format_name, arr_type, score) VALUES ('[SQP] SQP-3 (Audio)', 'Remux Tier 03', 'radarr', 1850);
INSERT OR IGNORE INTO quality_profile_custom_formats (quality_profile_name, custom_format_name, arr_type, score) VALUES ('[SQP] SQP-3 (Audio)', 'WEB Tier 01', 'radarr', 1700);
INSERT OR IGNORE INTO quality_profile_custom_formats (quality_profile_name, custom_format_name, arr_type, score) VALUES ('[SQP] SQP-3 (Audio)', 'WEB Tier 02', 'radarr', 1650);
INSERT OR IGNORE INTO quality_profile_custom_formats (quality_profile_name, custom_format_name, arr_type, score) VALUES ('[SQP] SQP-3 (Audio)', 'WEB Tier 03', 'radarr', 1600);
INSERT OR IGNORE INTO quality_profile_custom_formats (quality_profile_name, custom_format_name, arr_type, score) VALUES ('[SQP] SQP-3 (Audio)', 'Repack/Proper', 'radarr', 5);
INSERT OR IGNORE INTO quality_profile_custom_formats (quality_profile_name, custom_format_name, arr_type, score) VALUES ('[SQP] SQP-3 (Audio)', 'Repack2', 'radarr', 6);
INSERT OR IGNORE INTO quality_profile_custom_formats (quality_profile_name, custom_format_name, arr_type, score) VALUES ('[SQP] SQP-3 (Audio)', 'Repack3', 'radarr', 7);
INSERT OR IGNORE INTO quality_profile_custom_formats (quality_profile_name, custom_format_name, arr_type, score) VALUES ('[SQP] SQP-3 (Audio)', 'BR-DISK', 'radarr', -10000);
INSERT OR IGNORE INTO quality_profile_custom_formats (quality_profile_name, custom_format_name, arr_type, score) VALUES ('[SQP] SQP-3 (Audio)', 'Generated Dynamic HDR', 'radarr', -10000);
INSERT OR IGNORE INTO quality_profile_custom_formats (quality_profile_name, custom_format_name, arr_type, score) VALUES ('[SQP] SQP-3 (Audio)', 'LQ', 'radarr', -10000);
INSERT OR IGNORE INTO quality_profile_custom_formats (quality_profile_name, custom_format_name, arr_type, score) VALUES ('[SQP] SQP-3 (Audio)', 'LQ (Release Title)', 'radarr', -10000);
INSERT OR IGNORE INTO quality_profile_custom_formats (quality_profile_name, custom_format_name, arr_type, score) VALUES ('[SQP] SQP-3 (Audio)', '3D', 'radarr', -10000);
INSERT OR IGNORE INTO quality_profile_custom_formats (quality_profile_name, custom_format_name, arr_type, score) VALUES ('[SQP] SQP-3 (Audio)', 'Upscaled', 'radarr', -10000);
INSERT OR IGNORE INTO quality_profile_custom_formats (quality_profile_name, custom_format_name, arr_type, score) VALUES ('[SQP] SQP-3 (Audio)', 'Extras', 'radarr', -10000);
INSERT OR IGNORE INTO quality_profile_custom_formats (quality_profile_name, custom_format_name, arr_type, score) VALUES ('[SQP] SQP-3 (Audio)', 'Sing-Along Versions', 'radarr', -10000);
INSERT OR IGNORE INTO quality_profile_custom_formats (quality_profile_name, custom_format_name, arr_type, score) VALUES ('[SQP] SQP-3 (Audio)', 'AV1', 'radarr', -10000);
INSERT OR IGNORE INTO quality_profile_custom_formats (quality_profile_name, custom_format_name, arr_type, score) VALUES ('[SQP] SQP-3 (Audio)', '1080p', 'radarr', 50);
INSERT OR IGNORE INTO quality_profile_custom_formats (quality_profile_name, custom_format_name, arr_type, score) VALUES ('[SQP] SQP-3 (Audio)', '2160p', 'radarr', 100);

INSERT OR IGNORE INTO quality_profiles (name, description, upgrades_allowed, minimum_custom_format_score, upgrade_until_score, upgrade_score_increment) VALUES ('[SQP] SQP-3', 'This Special Quality Profile is an advanced Quality Profile designed for a specific use case. Before using this Quality Profile please join the <a href="https://trash-guides.info/discord" target="_blank">TRaSH-Guide Discord</a> for more information. Open the #access-to-sqp channel and accept the three simple rules. Any questions related to the SQP should only be asked in the dedicated SQP support channels.', 1, 550, 10000, 1);
INSERT OR IGNORE INTO quality_profile_qualities (quality_profile_name, quality_name, quality_group_name, position, enabled, upgrade_until) VALUES ('[SQP] SQP-3', 'Unknown', NULL, 0, 0, 0);
INSERT OR IGNORE INTO quality_profile_qualities (quality_profile_name, quality_name, quality_group_name, position, enabled, upgrade_until) VALUES ('[SQP] SQP-3', 'WORKPRINT', NULL, 1, 0, 0);
INSERT OR IGNORE INTO quality_profile_qualities (quality_profile_name, quality_name, quality_group_name, position, enabled, upgrade_until) VALUES ('[SQP] SQP-3', 'CAM', NULL, 2, 0, 0);
INSERT OR IGNORE INTO quality_profile_qualities (quality_profile_name, quality_name, quality_group_name, position, enabled, upgrade_until) VALUES ('[SQP] SQP-3', 'TELESYNC', NULL, 3, 0, 0);
INSERT OR IGNORE INTO quality_profile_qualities (quality_profile_name, quality_name, quality_group_name, position, enabled, upgrade_until) VALUES ('[SQP] SQP-3', 'TELECINE', NULL, 4, 0, 0);
INSERT OR IGNORE INTO quality_profile_qualities (quality_profile_name, quality_name, quality_group_name, position, enabled, upgrade_until) VALUES ('[SQP] SQP-3', 'REGIONAL', NULL, 5, 0, 0);
INSERT OR IGNORE INTO quality_profile_qualities (quality_profile_name, quality_name, quality_group_name, position, enabled, upgrade_until) VALUES ('[SQP] SQP-3', 'DVDSCR', NULL, 6, 0, 0);
INSERT OR IGNORE INTO quality_profile_qualities (quality_profile_name, quality_name, quality_group_name, position, enabled, upgrade_until) VALUES ('[SQP] SQP-3', 'SDTV', NULL, 7, 0, 0);
INSERT OR IGNORE INTO quality_profile_qualities (quality_profile_name, quality_name, quality_group_name, position, enabled, upgrade_until) VALUES ('[SQP] SQP-3', 'DVD', NULL, 8, 0, 0);
INSERT OR IGNORE INTO quality_profile_qualities (quality_profile_name, quality_name, quality_group_name, position, enabled, upgrade_until) VALUES ('[SQP] SQP-3', 'DVD-R', NULL, 9, 0, 0);
INSERT OR IGNORE INTO quality_groups (quality_profile_name, name) VALUES ('[SQP] SQP-3', 'WEB 480p');
INSERT OR IGNORE INTO quality_group_members (quality_profile_name, quality_group_name, quality_name) VALUES ('[SQP] SQP-3', 'WEB 480p', 'WEBDL-480p');
INSERT OR IGNORE INTO quality_group_members (quality_profile_name, quality_group_name, quality_name) VALUES ('[SQP] SQP-3', 'WEB 480p', 'WEBRip-480p');
INSERT OR IGNORE INTO quality_profile_qualities (quality_profile_name, quality_name, quality_group_name, position, enabled, upgrade_until) VALUES ('[SQP] SQP-3', NULL, 'WEB 480p', 10, 0, 0);
INSERT OR IGNORE INTO quality_profile_qualities (quality_profile_name, quality_name, quality_group_name, position, enabled, upgrade_until) VALUES ('[SQP] SQP-3', 'Bluray-480p', NULL, 11, 0, 0);
INSERT OR IGNORE INTO quality_profile_qualities (quality_profile_name, quality_name, quality_group_name, position, enabled, upgrade_until) VALUES ('[SQP] SQP-3', 'Bluray-576p', NULL, 12, 0, 0);
INSERT OR IGNORE INTO quality_profile_qualities (quality_profile_name, quality_name, quality_group_name, position, enabled, upgrade_until) VALUES ('[SQP] SQP-3', 'HDTV-720p', NULL, 13, 0, 0);
INSERT OR IGNORE INTO quality_groups (quality_profile_name, name) VALUES ('[SQP] SQP-3', 'WEB 720p');
INSERT OR IGNORE INTO quality_group_members (quality_profile_name, quality_group_name, quality_name) VALUES ('[SQP] SQP-3', 'WEB 720p', 'WEBDL-720p');
INSERT OR IGNORE INTO quality_group_members (quality_profile_name, quality_group_name, quality_name) VALUES ('[SQP] SQP-3', 'WEB 720p', 'WEBRip-720p');
INSERT OR IGNORE INTO quality_profile_qualities (quality_profile_name, quality_name, quality_group_name, position, enabled, upgrade_until) VALUES ('[SQP] SQP-3', NULL, 'WEB 720p', 14, 0, 0);
INSERT OR IGNORE INTO quality_profile_qualities (quality_profile_name, quality_name, quality_group_name, position, enabled, upgrade_until) VALUES ('[SQP] SQP-3', 'Bluray-720p', NULL, 15, 0, 0);
INSERT OR IGNORE INTO quality_profile_qualities (quality_profile_name, quality_name, quality_group_name, position, enabled, upgrade_until) VALUES ('[SQP] SQP-3', 'HDTV-1080p', NULL, 16, 0, 0);
INSERT OR IGNORE INTO quality_profile_qualities (quality_profile_name, quality_name, quality_group_name, position, enabled, upgrade_until) VALUES ('[SQP] SQP-3', 'Bluray-1080p', NULL, 17, 0, 0);
INSERT OR IGNORE INTO quality_profile_qualities (quality_profile_name, quality_name, quality_group_name, position, enabled, upgrade_until) VALUES ('[SQP] SQP-3', 'HDTV-2160p', NULL, 18, 0, 0);
INSERT OR IGNORE INTO quality_profile_qualities (quality_profile_name, quality_name, quality_group_name, position, enabled, upgrade_until) VALUES ('[SQP] SQP-3', 'Bluray-2160p', NULL, 19, 0, 0);
INSERT OR IGNORE INTO quality_profile_qualities (quality_profile_name, quality_name, quality_group_name, position, enabled, upgrade_until) VALUES ('[SQP] SQP-3', 'BR-DISK', NULL, 20, 0, 0);
INSERT OR IGNORE INTO quality_profile_qualities (quality_profile_name, quality_name, quality_group_name, position, enabled, upgrade_until) VALUES ('[SQP] SQP-3', 'Raw-HD', NULL, 21, 0, 0);
INSERT OR IGNORE INTO quality_profile_qualities (quality_profile_name, quality_name, quality_group_name, position, enabled, upgrade_until) VALUES ('[SQP] SQP-3', 'Remux-1080p', NULL, 22, 1, 0);
INSERT OR IGNORE INTO quality_groups (quality_profile_name, name) VALUES ('[SQP] SQP-3', 'WEB|Remux|2160p');
INSERT OR IGNORE INTO quality_group_members (quality_profile_name, quality_group_name, quality_name) VALUES ('[SQP] SQP-3', 'WEB|Remux|2160p', 'WEBDL-1080p');
INSERT OR IGNORE INTO quality_group_members (quality_profile_name, quality_group_name, quality_name) VALUES ('[SQP] SQP-3', 'WEB|Remux|2160p', 'WEBRip-1080p');
INSERT OR IGNORE INTO quality_group_members (quality_profile_name, quality_group_name, quality_name) VALUES ('[SQP] SQP-3', 'WEB|Remux|2160p', 'WEBDL-2160p');
INSERT OR IGNORE INTO quality_group_members (quality_profile_name, quality_group_name, quality_name) VALUES ('[SQP] SQP-3', 'WEB|Remux|2160p', 'WEBRip-2160p');
INSERT OR IGNORE INTO quality_group_members (quality_profile_name, quality_group_name, quality_name) VALUES ('[SQP] SQP-3', 'WEB|Remux|2160p', 'Remux-2160p');
INSERT OR IGNORE INTO quality_profile_qualities (quality_profile_name, quality_name, quality_group_name, position, enabled, upgrade_until) VALUES ('[SQP] SQP-3', NULL, 'WEB|Remux|2160p', 23, 1, 1);
INSERT OR IGNORE INTO quality_profile_custom_formats (quality_profile_name, custom_format_name, arr_type, score) VALUES ('[SQP] SQP-3', 'Remux Tier 01', 'radarr', 1950);
INSERT OR IGNORE INTO quality_profile_custom_formats (quality_profile_name, custom_format_name, arr_type, score) VALUES ('[SQP] SQP-3', 'Remux Tier 02', 'radarr', 1900);
INSERT OR IGNORE INTO quality_profile_custom_formats (quality_profile_name, custom_format_name, arr_type, score) VALUES ('[SQP] SQP-3', 'Remux Tier 03', 'radarr', 1850);
INSERT OR IGNORE INTO quality_profile_custom_formats (quality_profile_name, custom_format_name, arr_type, score) VALUES ('[SQP] SQP-3', 'WEB Tier 01', 'radarr', 1700);
INSERT OR IGNORE INTO quality_profile_custom_formats (quality_profile_name, custom_format_name, arr_type, score) VALUES ('[SQP] SQP-3', 'WEB Tier 02', 'radarr', 1650);
INSERT OR IGNORE INTO quality_profile_custom_formats (quality_profile_name, custom_format_name, arr_type, score) VALUES ('[SQP] SQP-3', 'WEB Tier 03', 'radarr', 1600);
INSERT OR IGNORE INTO quality_profile_custom_formats (quality_profile_name, custom_format_name, arr_type, score) VALUES ('[SQP] SQP-3', 'Repack/Proper', 'radarr', 5);
INSERT OR IGNORE INTO quality_profile_custom_formats (quality_profile_name, custom_format_name, arr_type, score) VALUES ('[SQP] SQP-3', 'Repack2', 'radarr', 6);
INSERT OR IGNORE INTO quality_profile_custom_formats (quality_profile_name, custom_format_name, arr_type, score) VALUES ('[SQP] SQP-3', 'Repack3', 'radarr', 7);
INSERT OR IGNORE INTO quality_profile_custom_formats (quality_profile_name, custom_format_name, arr_type, score) VALUES ('[SQP] SQP-3', 'BR-DISK', 'radarr', -10000);
INSERT OR IGNORE INTO quality_profile_custom_formats (quality_profile_name, custom_format_name, arr_type, score) VALUES ('[SQP] SQP-3', 'Generated Dynamic HDR', 'radarr', -10000);
INSERT OR IGNORE INTO quality_profile_custom_formats (quality_profile_name, custom_format_name, arr_type, score) VALUES ('[SQP] SQP-3', 'LQ', 'radarr', -10000);
INSERT OR IGNORE INTO quality_profile_custom_formats (quality_profile_name, custom_format_name, arr_type, score) VALUES ('[SQP] SQP-3', 'LQ (Release Title)', 'radarr', -10000);
INSERT OR IGNORE INTO quality_profile_custom_formats (quality_profile_name, custom_format_name, arr_type, score) VALUES ('[SQP] SQP-3', '3D', 'radarr', -10000);
INSERT OR IGNORE INTO quality_profile_custom_formats (quality_profile_name, custom_format_name, arr_type, score) VALUES ('[SQP] SQP-3', 'Upscaled', 'radarr', -10000);
INSERT OR IGNORE INTO quality_profile_custom_formats (quality_profile_name, custom_format_name, arr_type, score) VALUES ('[SQP] SQP-3', 'Extras', 'radarr', -10000);
INSERT OR IGNORE INTO quality_profile_custom_formats (quality_profile_name, custom_format_name, arr_type, score) VALUES ('[SQP] SQP-3', 'Sing-Along Versions', 'radarr', -10000);
INSERT OR IGNORE INTO quality_profile_custom_formats (quality_profile_name, custom_format_name, arr_type, score) VALUES ('[SQP] SQP-3', 'AV1', 'radarr', -10000);
INSERT OR IGNORE INTO quality_profile_custom_formats (quality_profile_name, custom_format_name, arr_type, score) VALUES ('[SQP] SQP-3', '1080p', 'radarr', 50);
INSERT OR IGNORE INTO quality_profile_custom_formats (quality_profile_name, custom_format_name, arr_type, score) VALUES ('[SQP] SQP-3', '2160p', 'radarr', 100);

INSERT OR IGNORE INTO quality_profiles (name, description, upgrades_allowed, minimum_custom_format_score, upgrade_until_score, upgrade_score_increment) VALUES ('[SQP] SQP-4', 'This Special Quality Profile is an advanced Quality Profile designed for a specific use case. Before using this Quality Profile please join the <a href="https://trash-guides.info/discord" target="_blank">TRaSH-Guide Discord</a> for more information. Open the #access-to-sqp channel and accept the three simple rules. Any questions related to the SQP should only be asked in the dedicated SQP support channels.', 1, 550, 10000, 1);
INSERT OR IGNORE INTO quality_profile_qualities (quality_profile_name, quality_name, quality_group_name, position, enabled, upgrade_until) VALUES ('[SQP] SQP-4', 'Unknown', NULL, 0, 0, 0);
INSERT OR IGNORE INTO quality_profile_qualities (quality_profile_name, quality_name, quality_group_name, position, enabled, upgrade_until) VALUES ('[SQP] SQP-4', 'WORKPRINT', NULL, 1, 0, 0);
INSERT OR IGNORE INTO quality_profile_qualities (quality_profile_name, quality_name, quality_group_name, position, enabled, upgrade_until) VALUES ('[SQP] SQP-4', 'CAM', NULL, 2, 0, 0);
INSERT OR IGNORE INTO quality_profile_qualities (quality_profile_name, quality_name, quality_group_name, position, enabled, upgrade_until) VALUES ('[SQP] SQP-4', 'TELESYNC', NULL, 3, 0, 0);
INSERT OR IGNORE INTO quality_profile_qualities (quality_profile_name, quality_name, quality_group_name, position, enabled, upgrade_until) VALUES ('[SQP] SQP-4', 'TELECINE', NULL, 4, 0, 0);
INSERT OR IGNORE INTO quality_profile_qualities (quality_profile_name, quality_name, quality_group_name, position, enabled, upgrade_until) VALUES ('[SQP] SQP-4', 'REGIONAL', NULL, 5, 0, 0);
INSERT OR IGNORE INTO quality_profile_qualities (quality_profile_name, quality_name, quality_group_name, position, enabled, upgrade_until) VALUES ('[SQP] SQP-4', 'DVDSCR', NULL, 6, 0, 0);
INSERT OR IGNORE INTO quality_profile_qualities (quality_profile_name, quality_name, quality_group_name, position, enabled, upgrade_until) VALUES ('[SQP] SQP-4', 'SDTV', NULL, 7, 0, 0);
INSERT OR IGNORE INTO quality_profile_qualities (quality_profile_name, quality_name, quality_group_name, position, enabled, upgrade_until) VALUES ('[SQP] SQP-4', 'DVD', NULL, 8, 0, 0);
INSERT OR IGNORE INTO quality_profile_qualities (quality_profile_name, quality_name, quality_group_name, position, enabled, upgrade_until) VALUES ('[SQP] SQP-4', 'DVD-R', NULL, 9, 0, 0);
INSERT OR IGNORE INTO quality_groups (quality_profile_name, name) VALUES ('[SQP] SQP-4', 'WEB 480p');
INSERT OR IGNORE INTO quality_group_members (quality_profile_name, quality_group_name, quality_name) VALUES ('[SQP] SQP-4', 'WEB 480p', 'WEBDL-480p');
INSERT OR IGNORE INTO quality_group_members (quality_profile_name, quality_group_name, quality_name) VALUES ('[SQP] SQP-4', 'WEB 480p', 'WEBRip-480p');
INSERT OR IGNORE INTO quality_profile_qualities (quality_profile_name, quality_name, quality_group_name, position, enabled, upgrade_until) VALUES ('[SQP] SQP-4', NULL, 'WEB 480p', 10, 0, 0);
INSERT OR IGNORE INTO quality_profile_qualities (quality_profile_name, quality_name, quality_group_name, position, enabled, upgrade_until) VALUES ('[SQP] SQP-4', 'Bluray-480p', NULL, 11, 0, 0);
INSERT OR IGNORE INTO quality_profile_qualities (quality_profile_name, quality_name, quality_group_name, position, enabled, upgrade_until) VALUES ('[SQP] SQP-4', 'Bluray-576p', NULL, 12, 0, 0);
INSERT OR IGNORE INTO quality_profile_qualities (quality_profile_name, quality_name, quality_group_name, position, enabled, upgrade_until) VALUES ('[SQP] SQP-4', 'HDTV-720p', NULL, 13, 0, 0);
INSERT OR IGNORE INTO quality_groups (quality_profile_name, name) VALUES ('[SQP] SQP-4', 'WEB 720p');
INSERT OR IGNORE INTO quality_group_members (quality_profile_name, quality_group_name, quality_name) VALUES ('[SQP] SQP-4', 'WEB 720p', 'WEBDL-720p');
INSERT OR IGNORE INTO quality_group_members (quality_profile_name, quality_group_name, quality_name) VALUES ('[SQP] SQP-4', 'WEB 720p', 'WEBRip-720p');
INSERT OR IGNORE INTO quality_profile_qualities (quality_profile_name, quality_name, quality_group_name, position, enabled, upgrade_until) VALUES ('[SQP] SQP-4', NULL, 'WEB 720p', 14, 0, 0);
INSERT OR IGNORE INTO quality_profile_qualities (quality_profile_name, quality_name, quality_group_name, position, enabled, upgrade_until) VALUES ('[SQP] SQP-4', 'Bluray-720p', NULL, 15, 0, 0);
INSERT OR IGNORE INTO quality_profile_qualities (quality_profile_name, quality_name, quality_group_name, position, enabled, upgrade_until) VALUES ('[SQP] SQP-4', 'HDTV-1080p', NULL, 16, 0, 0);
INSERT OR IGNORE INTO quality_profile_qualities (quality_profile_name, quality_name, quality_group_name, position, enabled, upgrade_until) VALUES ('[SQP] SQP-4', 'Bluray-1080p', NULL, 17, 0, 0);
INSERT OR IGNORE INTO quality_profile_qualities (quality_profile_name, quality_name, quality_group_name, position, enabled, upgrade_until) VALUES ('[SQP] SQP-4', 'HDTV-2160p', NULL, 18, 0, 0);
INSERT OR IGNORE INTO quality_profile_qualities (quality_profile_name, quality_name, quality_group_name, position, enabled, upgrade_until) VALUES ('[SQP] SQP-4', 'Bluray-2160p', NULL, 19, 0, 0);
INSERT OR IGNORE INTO quality_profile_qualities (quality_profile_name, quality_name, quality_group_name, position, enabled, upgrade_until) VALUES ('[SQP] SQP-4', 'Remux-2160p', NULL, 20, 0, 0);
INSERT OR IGNORE INTO quality_profile_qualities (quality_profile_name, quality_name, quality_group_name, position, enabled, upgrade_until) VALUES ('[SQP] SQP-4', 'BR-DISK', NULL, 21, 0, 0);
INSERT OR IGNORE INTO quality_profile_qualities (quality_profile_name, quality_name, quality_group_name, position, enabled, upgrade_until) VALUES ('[SQP] SQP-4', 'Raw-HD', NULL, 22, 0, 0);
INSERT OR IGNORE INTO quality_profile_qualities (quality_profile_name, quality_name, quality_group_name, position, enabled, upgrade_until) VALUES ('[SQP] SQP-4', 'Remux-1080p', NULL, 23, 1, 0);
INSERT OR IGNORE INTO quality_groups (quality_profile_name, name) VALUES ('[SQP] SQP-4', 'WEB|2160p');
INSERT OR IGNORE INTO quality_group_members (quality_profile_name, quality_group_name, quality_name) VALUES ('[SQP] SQP-4', 'WEB|2160p', 'WEBRip-1080p');
INSERT OR IGNORE INTO quality_group_members (quality_profile_name, quality_group_name, quality_name) VALUES ('[SQP] SQP-4', 'WEB|2160p', 'WEBDL-1080p');
INSERT OR IGNORE INTO quality_group_members (quality_profile_name, quality_group_name, quality_name) VALUES ('[SQP] SQP-4', 'WEB|2160p', 'WEBRip-2160p');
INSERT OR IGNORE INTO quality_group_members (quality_profile_name, quality_group_name, quality_name) VALUES ('[SQP] SQP-4', 'WEB|2160p', 'WEBDL-2160p');
INSERT OR IGNORE INTO quality_profile_qualities (quality_profile_name, quality_name, quality_group_name, position, enabled, upgrade_until) VALUES ('[SQP] SQP-4', NULL, 'WEB|2160p', 24, 1, 1);
INSERT OR IGNORE INTO quality_profile_custom_formats (quality_profile_name, custom_format_name, arr_type, score) VALUES ('[SQP] SQP-4', 'Remux Tier 01', 'radarr', 1950);
INSERT OR IGNORE INTO quality_profile_custom_formats (quality_profile_name, custom_format_name, arr_type, score) VALUES ('[SQP] SQP-4', 'Remux Tier 02', 'radarr', 1900);
INSERT OR IGNORE INTO quality_profile_custom_formats (quality_profile_name, custom_format_name, arr_type, score) VALUES ('[SQP] SQP-4', 'Remux Tier 03', 'radarr', 1850);
INSERT OR IGNORE INTO quality_profile_custom_formats (quality_profile_name, custom_format_name, arr_type, score) VALUES ('[SQP] SQP-4', 'WEB Tier 01', 'radarr', 1700);
INSERT OR IGNORE INTO quality_profile_custom_formats (quality_profile_name, custom_format_name, arr_type, score) VALUES ('[SQP] SQP-4', 'WEB Tier 02', 'radarr', 1650);
INSERT OR IGNORE INTO quality_profile_custom_formats (quality_profile_name, custom_format_name, arr_type, score) VALUES ('[SQP] SQP-4', 'WEB Tier 03', 'radarr', 1600);
INSERT OR IGNORE INTO quality_profile_custom_formats (quality_profile_name, custom_format_name, arr_type, score) VALUES ('[SQP] SQP-4', 'Repack/Proper', 'radarr', 5);
INSERT OR IGNORE INTO quality_profile_custom_formats (quality_profile_name, custom_format_name, arr_type, score) VALUES ('[SQP] SQP-4', 'Repack2', 'radarr', 6);
INSERT OR IGNORE INTO quality_profile_custom_formats (quality_profile_name, custom_format_name, arr_type, score) VALUES ('[SQP] SQP-4', 'Repack3', 'radarr', 7);
INSERT OR IGNORE INTO quality_profile_custom_formats (quality_profile_name, custom_format_name, arr_type, score) VALUES ('[SQP] SQP-4', 'BR-DISK', 'radarr', -10000);
INSERT OR IGNORE INTO quality_profile_custom_formats (quality_profile_name, custom_format_name, arr_type, score) VALUES ('[SQP] SQP-4', 'Generated Dynamic HDR', 'radarr', -10000);
INSERT OR IGNORE INTO quality_profile_custom_formats (quality_profile_name, custom_format_name, arr_type, score) VALUES ('[SQP] SQP-4', 'LQ', 'radarr', -10000);
INSERT OR IGNORE INTO quality_profile_custom_formats (quality_profile_name, custom_format_name, arr_type, score) VALUES ('[SQP] SQP-4', 'LQ (Release Title)', 'radarr', -10000);
INSERT OR IGNORE INTO quality_profile_custom_formats (quality_profile_name, custom_format_name, arr_type, score) VALUES ('[SQP] SQP-4', '3D', 'radarr', -10000);
INSERT OR IGNORE INTO quality_profile_custom_formats (quality_profile_name, custom_format_name, arr_type, score) VALUES ('[SQP] SQP-4', 'Upscaled', 'radarr', -10000);
INSERT OR IGNORE INTO quality_profile_custom_formats (quality_profile_name, custom_format_name, arr_type, score) VALUES ('[SQP] SQP-4', 'Extras', 'radarr', -10000);
INSERT OR IGNORE INTO quality_profile_custom_formats (quality_profile_name, custom_format_name, arr_type, score) VALUES ('[SQP] SQP-4', 'Sing-Along Versions', 'radarr', -10000);
INSERT OR IGNORE INTO quality_profile_custom_formats (quality_profile_name, custom_format_name, arr_type, score) VALUES ('[SQP] SQP-4', 'AV1', 'radarr', -10000);
INSERT OR IGNORE INTO quality_profile_custom_formats (quality_profile_name, custom_format_name, arr_type, score) VALUES ('[SQP] SQP-4', '1080p', 'radarr', 50);
INSERT OR IGNORE INTO quality_profile_custom_formats (quality_profile_name, custom_format_name, arr_type, score) VALUES ('[SQP] SQP-4', '2160p', 'radarr', 100);

INSERT OR IGNORE INTO quality_profiles (name, description, upgrades_allowed, minimum_custom_format_score, upgrade_until_score, upgrade_score_increment) VALUES ('[SQP] SQP-5', 'This Special Quality Profile is an advanced Quality Profile designed for a specific use case. Before using this Quality Profile please join the <a href="https://trash-guides.info/discord" target="_blank">TRaSH-Guide Discord</a> for more information. Open the #access-to-sqp channel and accept the three simple rules. Any questions related to the SQP should only be asked in the dedicated SQP support channels.', 1, 550, 10000, 1);
INSERT OR IGNORE INTO quality_profile_qualities (quality_profile_name, quality_name, quality_group_name, position, enabled, upgrade_until) VALUES ('[SQP] SQP-5', 'Unknown', NULL, 0, 0, 0);
INSERT OR IGNORE INTO quality_profile_qualities (quality_profile_name, quality_name, quality_group_name, position, enabled, upgrade_until) VALUES ('[SQP] SQP-5', 'WORKPRINT', NULL, 1, 0, 0);
INSERT OR IGNORE INTO quality_profile_qualities (quality_profile_name, quality_name, quality_group_name, position, enabled, upgrade_until) VALUES ('[SQP] SQP-5', 'CAM', NULL, 2, 0, 0);
INSERT OR IGNORE INTO quality_profile_qualities (quality_profile_name, quality_name, quality_group_name, position, enabled, upgrade_until) VALUES ('[SQP] SQP-5', 'TELESYNC', NULL, 3, 0, 0);
INSERT OR IGNORE INTO quality_profile_qualities (quality_profile_name, quality_name, quality_group_name, position, enabled, upgrade_until) VALUES ('[SQP] SQP-5', 'TELECINE', NULL, 4, 0, 0);
INSERT OR IGNORE INTO quality_profile_qualities (quality_profile_name, quality_name, quality_group_name, position, enabled, upgrade_until) VALUES ('[SQP] SQP-5', 'REGIONAL', NULL, 5, 0, 0);
INSERT OR IGNORE INTO quality_profile_qualities (quality_profile_name, quality_name, quality_group_name, position, enabled, upgrade_until) VALUES ('[SQP] SQP-5', 'DVDSCR', NULL, 6, 0, 0);
INSERT OR IGNORE INTO quality_profile_qualities (quality_profile_name, quality_name, quality_group_name, position, enabled, upgrade_until) VALUES ('[SQP] SQP-5', 'SDTV', NULL, 7, 0, 0);
INSERT OR IGNORE INTO quality_profile_qualities (quality_profile_name, quality_name, quality_group_name, position, enabled, upgrade_until) VALUES ('[SQP] SQP-5', 'DVD', NULL, 8, 0, 0);
INSERT OR IGNORE INTO quality_profile_qualities (quality_profile_name, quality_name, quality_group_name, position, enabled, upgrade_until) VALUES ('[SQP] SQP-5', 'DVD-R', NULL, 9, 0, 0);
INSERT OR IGNORE INTO quality_groups (quality_profile_name, name) VALUES ('[SQP] SQP-5', 'WEB 480p');
INSERT OR IGNORE INTO quality_group_members (quality_profile_name, quality_group_name, quality_name) VALUES ('[SQP] SQP-5', 'WEB 480p', 'WEBDL-480p');
INSERT OR IGNORE INTO quality_group_members (quality_profile_name, quality_group_name, quality_name) VALUES ('[SQP] SQP-5', 'WEB 480p', 'WEBRip-480p');
INSERT OR IGNORE INTO quality_profile_qualities (quality_profile_name, quality_name, quality_group_name, position, enabled, upgrade_until) VALUES ('[SQP] SQP-5', NULL, 'WEB 480p', 10, 0, 0);
INSERT OR IGNORE INTO quality_profile_qualities (quality_profile_name, quality_name, quality_group_name, position, enabled, upgrade_until) VALUES ('[SQP] SQP-5', 'Bluray-480p', NULL, 11, 0, 0);
INSERT OR IGNORE INTO quality_profile_qualities (quality_profile_name, quality_name, quality_group_name, position, enabled, upgrade_until) VALUES ('[SQP] SQP-5', 'Bluray-576p', NULL, 12, 0, 0);
INSERT OR IGNORE INTO quality_profile_qualities (quality_profile_name, quality_name, quality_group_name, position, enabled, upgrade_until) VALUES ('[SQP] SQP-5', 'HDTV-720p', NULL, 13, 0, 0);
INSERT OR IGNORE INTO quality_groups (quality_profile_name, name) VALUES ('[SQP] SQP-5', 'WEB 720p');
INSERT OR IGNORE INTO quality_group_members (quality_profile_name, quality_group_name, quality_name) VALUES ('[SQP] SQP-5', 'WEB 720p', 'WEBDL-720p');
INSERT OR IGNORE INTO quality_group_members (quality_profile_name, quality_group_name, quality_name) VALUES ('[SQP] SQP-5', 'WEB 720p', 'WEBRip-720p');
INSERT OR IGNORE INTO quality_profile_qualities (quality_profile_name, quality_name, quality_group_name, position, enabled, upgrade_until) VALUES ('[SQP] SQP-5', NULL, 'WEB 720p', 14, 0, 0);
INSERT OR IGNORE INTO quality_profile_qualities (quality_profile_name, quality_name, quality_group_name, position, enabled, upgrade_until) VALUES ('[SQP] SQP-5', 'Bluray-720p', NULL, 15, 0, 0);
INSERT OR IGNORE INTO quality_profile_qualities (quality_profile_name, quality_name, quality_group_name, position, enabled, upgrade_until) VALUES ('[SQP] SQP-5', 'HDTV-1080p', NULL, 16, 0, 0);
INSERT OR IGNORE INTO quality_profile_qualities (quality_profile_name, quality_name, quality_group_name, position, enabled, upgrade_until) VALUES ('[SQP] SQP-5', 'Bluray-1080p', NULL, 17, 0, 0);
INSERT OR IGNORE INTO quality_profile_qualities (quality_profile_name, quality_name, quality_group_name, position, enabled, upgrade_until) VALUES ('[SQP] SQP-5', 'HDTV-2160p', NULL, 18, 0, 0);
INSERT OR IGNORE INTO quality_profile_qualities (quality_profile_name, quality_name, quality_group_name, position, enabled, upgrade_until) VALUES ('[SQP] SQP-5', 'Remux-2160p', NULL, 19, 0, 0);
INSERT OR IGNORE INTO quality_profile_qualities (quality_profile_name, quality_name, quality_group_name, position, enabled, upgrade_until) VALUES ('[SQP] SQP-5', 'BR-DISK', NULL, 20, 0, 0);
INSERT OR IGNORE INTO quality_profile_qualities (quality_profile_name, quality_name, quality_group_name, position, enabled, upgrade_until) VALUES ('[SQP] SQP-5', 'Raw-HD', NULL, 21, 0, 0);
INSERT OR IGNORE INTO quality_profile_qualities (quality_profile_name, quality_name, quality_group_name, position, enabled, upgrade_until) VALUES ('[SQP] SQP-5', 'Remux-1080p', NULL, 22, 1, 0);
INSERT OR IGNORE INTO quality_groups (quality_profile_name, name) VALUES ('[SQP] SQP-5', 'WEBDL|Bluray|2160p');
INSERT OR IGNORE INTO quality_group_members (quality_profile_name, quality_group_name, quality_name) VALUES ('[SQP] SQP-5', 'WEBDL|Bluray|2160p', 'WEBDL-1080p');
INSERT OR IGNORE INTO quality_group_members (quality_profile_name, quality_group_name, quality_name) VALUES ('[SQP] SQP-5', 'WEBDL|Bluray|2160p', 'WEBRip-1080p');
INSERT OR IGNORE INTO quality_group_members (quality_profile_name, quality_group_name, quality_name) VALUES ('[SQP] SQP-5', 'WEBDL|Bluray|2160p', 'Bluray-2160p');
INSERT OR IGNORE INTO quality_group_members (quality_profile_name, quality_group_name, quality_name) VALUES ('[SQP] SQP-5', 'WEBDL|Bluray|2160p', 'WEBRip-2160p');
INSERT OR IGNORE INTO quality_group_members (quality_profile_name, quality_group_name, quality_name) VALUES ('[SQP] SQP-5', 'WEBDL|Bluray|2160p', 'WEBDL-2160p');
INSERT OR IGNORE INTO quality_profile_qualities (quality_profile_name, quality_name, quality_group_name, position, enabled, upgrade_until) VALUES ('[SQP] SQP-5', NULL, 'WEBDL|Bluray|2160p', 23, 1, 1);
INSERT OR IGNORE INTO quality_profile_custom_formats (quality_profile_name, custom_format_name, arr_type, score) VALUES ('[SQP] SQP-5', 'Remux Tier 01', 'radarr', 1950);
INSERT OR IGNORE INTO quality_profile_custom_formats (quality_profile_name, custom_format_name, arr_type, score) VALUES ('[SQP] SQP-5', 'Remux Tier 02', 'radarr', 1900);
INSERT OR IGNORE INTO quality_profile_custom_formats (quality_profile_name, custom_format_name, arr_type, score) VALUES ('[SQP] SQP-5', 'Remux Tier 03', 'radarr', 1850);
INSERT OR IGNORE INTO quality_profile_custom_formats (quality_profile_name, custom_format_name, arr_type, score) VALUES ('[SQP] SQP-5', 'UHD Bluray Tier 01', 'radarr', 1800);
INSERT OR IGNORE INTO quality_profile_custom_formats (quality_profile_name, custom_format_name, arr_type, score) VALUES ('[SQP] SQP-5', 'UHD Bluray Tier 02', 'radarr', 1750);
INSERT OR IGNORE INTO quality_profile_custom_formats (quality_profile_name, custom_format_name, arr_type, score) VALUES ('[SQP] SQP-5', 'UHD Bluray Tier 03', 'radarr', 1700);
INSERT OR IGNORE INTO quality_profile_custom_formats (quality_profile_name, custom_format_name, arr_type, score) VALUES ('[SQP] SQP-5', 'WEB Tier 01', 'radarr', 1700);
INSERT OR IGNORE INTO quality_profile_custom_formats (quality_profile_name, custom_format_name, arr_type, score) VALUES ('[SQP] SQP-5', 'WEB Tier 02', 'radarr', 1650);
INSERT OR IGNORE INTO quality_profile_custom_formats (quality_profile_name, custom_format_name, arr_type, score) VALUES ('[SQP] SQP-5', 'WEB Tier 03', 'radarr', 1600);
INSERT OR IGNORE INTO quality_profile_custom_formats (quality_profile_name, custom_format_name, arr_type, score) VALUES ('[SQP] SQP-5', 'Repack/Proper', 'radarr', 5);
INSERT OR IGNORE INTO quality_profile_custom_formats (quality_profile_name, custom_format_name, arr_type, score) VALUES ('[SQP] SQP-5', 'Repack2', 'radarr', 6);
INSERT OR IGNORE INTO quality_profile_custom_formats (quality_profile_name, custom_format_name, arr_type, score) VALUES ('[SQP] SQP-5', 'Repack3', 'radarr', 7);
INSERT OR IGNORE INTO quality_profile_custom_formats (quality_profile_name, custom_format_name, arr_type, score) VALUES ('[SQP] SQP-5', 'BR-DISK', 'radarr', -10000);
INSERT OR IGNORE INTO quality_profile_custom_formats (quality_profile_name, custom_format_name, arr_type, score) VALUES ('[SQP] SQP-5', 'Generated Dynamic HDR', 'radarr', -10000);
INSERT OR IGNORE INTO quality_profile_custom_formats (quality_profile_name, custom_format_name, arr_type, score) VALUES ('[SQP] SQP-5', 'LQ', 'radarr', -10000);
INSERT OR IGNORE INTO quality_profile_custom_formats (quality_profile_name, custom_format_name, arr_type, score) VALUES ('[SQP] SQP-5', 'LQ (Release Title)', 'radarr', -10000);
INSERT OR IGNORE INTO quality_profile_custom_formats (quality_profile_name, custom_format_name, arr_type, score) VALUES ('[SQP] SQP-5', '3D', 'radarr', -10000);
INSERT OR IGNORE INTO quality_profile_custom_formats (quality_profile_name, custom_format_name, arr_type, score) VALUES ('[SQP] SQP-5', 'Upscaled', 'radarr', -10000);
INSERT OR IGNORE INTO quality_profile_custom_formats (quality_profile_name, custom_format_name, arr_type, score) VALUES ('[SQP] SQP-5', 'Extras', 'radarr', -10000);
INSERT OR IGNORE INTO quality_profile_custom_formats (quality_profile_name, custom_format_name, arr_type, score) VALUES ('[SQP] SQP-5', 'Sing-Along Versions', 'radarr', -10000);
INSERT OR IGNORE INTO quality_profile_custom_formats (quality_profile_name, custom_format_name, arr_type, score) VALUES ('[SQP] SQP-5', 'AV1', 'radarr', -10000);
INSERT OR IGNORE INTO quality_profile_custom_formats (quality_profile_name, custom_format_name, arr_type, score) VALUES ('[SQP] SQP-5', '1080p', 'radarr', 50);
INSERT OR IGNORE INTO quality_profile_custom_formats (quality_profile_name, custom_format_name, arr_type, score) VALUES ('[SQP] SQP-5', '2160p', 'radarr', 100);

INSERT OR IGNORE INTO quality_profiles (name, description, upgrades_allowed, minimum_custom_format_score, upgrade_until_score, upgrade_score_increment) VALUES ('UHD Bluray + WEB', 'Quality Profile that covers:<br>- WEBDL: 2160p<br>- Bluray: 2160p', 1, 0, 10000, 1);
INSERT OR IGNORE INTO quality_profile_qualities (quality_profile_name, quality_name, quality_group_name, position, enabled, upgrade_until) VALUES ('UHD Bluray + WEB', 'Unknown', NULL, 0, 0, 0);
INSERT OR IGNORE INTO quality_profile_qualities (quality_profile_name, quality_name, quality_group_name, position, enabled, upgrade_until) VALUES ('UHD Bluray + WEB', 'WORKPRINT', NULL, 1, 0, 0);
INSERT OR IGNORE INTO quality_profile_qualities (quality_profile_name, quality_name, quality_group_name, position, enabled, upgrade_until) VALUES ('UHD Bluray + WEB', 'CAM', NULL, 2, 0, 0);
INSERT OR IGNORE INTO quality_profile_qualities (quality_profile_name, quality_name, quality_group_name, position, enabled, upgrade_until) VALUES ('UHD Bluray + WEB', 'TELESYNC', NULL, 3, 0, 0);
INSERT OR IGNORE INTO quality_profile_qualities (quality_profile_name, quality_name, quality_group_name, position, enabled, upgrade_until) VALUES ('UHD Bluray + WEB', 'TELECINE', NULL, 4, 0, 0);
INSERT OR IGNORE INTO quality_profile_qualities (quality_profile_name, quality_name, quality_group_name, position, enabled, upgrade_until) VALUES ('UHD Bluray + WEB', 'REGIONAL', NULL, 5, 0, 0);
INSERT OR IGNORE INTO quality_profile_qualities (quality_profile_name, quality_name, quality_group_name, position, enabled, upgrade_until) VALUES ('UHD Bluray + WEB', 'DVDSCR', NULL, 6, 0, 0);
INSERT OR IGNORE INTO quality_profile_qualities (quality_profile_name, quality_name, quality_group_name, position, enabled, upgrade_until) VALUES ('UHD Bluray + WEB', 'SDTV', NULL, 7, 0, 0);
INSERT OR IGNORE INTO quality_profile_qualities (quality_profile_name, quality_name, quality_group_name, position, enabled, upgrade_until) VALUES ('UHD Bluray + WEB', 'DVD', NULL, 8, 0, 0);
INSERT OR IGNORE INTO quality_profile_qualities (quality_profile_name, quality_name, quality_group_name, position, enabled, upgrade_until) VALUES ('UHD Bluray + WEB', 'DVD-R', NULL, 9, 0, 0);
INSERT OR IGNORE INTO quality_groups (quality_profile_name, name) VALUES ('UHD Bluray + WEB', 'WEB 480p');
INSERT OR IGNORE INTO quality_group_members (quality_profile_name, quality_group_name, quality_name) VALUES ('UHD Bluray + WEB', 'WEB 480p', 'WEBDL-480p');
INSERT OR IGNORE INTO quality_group_members (quality_profile_name, quality_group_name, quality_name) VALUES ('UHD Bluray + WEB', 'WEB 480p', 'WEBRip-480p');
INSERT OR IGNORE INTO quality_profile_qualities (quality_profile_name, quality_name, quality_group_name, position, enabled, upgrade_until) VALUES ('UHD Bluray + WEB', NULL, 'WEB 480p', 10, 0, 0);
INSERT OR IGNORE INTO quality_profile_qualities (quality_profile_name, quality_name, quality_group_name, position, enabled, upgrade_until) VALUES ('UHD Bluray + WEB', 'Bluray-480p', NULL, 11, 0, 0);
INSERT OR IGNORE INTO quality_profile_qualities (quality_profile_name, quality_name, quality_group_name, position, enabled, upgrade_until) VALUES ('UHD Bluray + WEB', 'Bluray-576p', NULL, 12, 0, 0);
INSERT OR IGNORE INTO quality_profile_qualities (quality_profile_name, quality_name, quality_group_name, position, enabled, upgrade_until) VALUES ('UHD Bluray + WEB', 'HDTV-720p', NULL, 13, 0, 0);
INSERT OR IGNORE INTO quality_groups (quality_profile_name, name) VALUES ('UHD Bluray + WEB', 'WEB 720p');
INSERT OR IGNORE INTO quality_group_members (quality_profile_name, quality_group_name, quality_name) VALUES ('UHD Bluray + WEB', 'WEB 720p', 'WEBDL-720p');
INSERT OR IGNORE INTO quality_group_members (quality_profile_name, quality_group_name, quality_name) VALUES ('UHD Bluray + WEB', 'WEB 720p', 'WEBRip-720p');
INSERT OR IGNORE INTO quality_profile_qualities (quality_profile_name, quality_name, quality_group_name, position, enabled, upgrade_until) VALUES ('UHD Bluray + WEB', NULL, 'WEB 720p', 14, 0, 0);
INSERT OR IGNORE INTO quality_profile_qualities (quality_profile_name, quality_name, quality_group_name, position, enabled, upgrade_until) VALUES ('UHD Bluray + WEB', 'Bluray-720p', NULL, 15, 0, 0);
INSERT OR IGNORE INTO quality_profile_qualities (quality_profile_name, quality_name, quality_group_name, position, enabled, upgrade_until) VALUES ('UHD Bluray + WEB', 'HDTV-1080p', NULL, 16, 0, 0);
INSERT OR IGNORE INTO quality_groups (quality_profile_name, name) VALUES ('UHD Bluray + WEB', 'WEB 1080p');
INSERT OR IGNORE INTO quality_group_members (quality_profile_name, quality_group_name, quality_name) VALUES ('UHD Bluray + WEB', 'WEB 1080p', 'WEBDL-1080p');
INSERT OR IGNORE INTO quality_group_members (quality_profile_name, quality_group_name, quality_name) VALUES ('UHD Bluray + WEB', 'WEB 1080p', 'WEBRip-1080p');
INSERT OR IGNORE INTO quality_profile_qualities (quality_profile_name, quality_name, quality_group_name, position, enabled, upgrade_until) VALUES ('UHD Bluray + WEB', NULL, 'WEB 1080p', 17, 0, 0);
INSERT OR IGNORE INTO quality_profile_qualities (quality_profile_name, quality_name, quality_group_name, position, enabled, upgrade_until) VALUES ('UHD Bluray + WEB', 'Bluray-1080p', NULL, 18, 0, 0);
INSERT OR IGNORE INTO quality_profile_qualities (quality_profile_name, quality_name, quality_group_name, position, enabled, upgrade_until) VALUES ('UHD Bluray + WEB', 'Remux-1080p', NULL, 19, 0, 0);
INSERT OR IGNORE INTO quality_profile_qualities (quality_profile_name, quality_name, quality_group_name, position, enabled, upgrade_until) VALUES ('UHD Bluray + WEB', 'HDTV-2160p', NULL, 20, 0, 0);
INSERT OR IGNORE INTO quality_profile_qualities (quality_profile_name, quality_name, quality_group_name, position, enabled, upgrade_until) VALUES ('UHD Bluray + WEB', 'Remux-2160p', NULL, 21, 0, 0);
INSERT OR IGNORE INTO quality_profile_qualities (quality_profile_name, quality_name, quality_group_name, position, enabled, upgrade_until) VALUES ('UHD Bluray + WEB', 'BR-DISK', NULL, 22, 0, 0);
INSERT OR IGNORE INTO quality_profile_qualities (quality_profile_name, quality_name, quality_group_name, position, enabled, upgrade_until) VALUES ('UHD Bluray + WEB', 'Raw-HD', NULL, 23, 0, 0);
INSERT OR IGNORE INTO quality_groups (quality_profile_name, name) VALUES ('UHD Bluray + WEB', 'WEB 2160p');
INSERT OR IGNORE INTO quality_group_members (quality_profile_name, quality_group_name, quality_name) VALUES ('UHD Bluray + WEB', 'WEB 2160p', 'WEBDL-2160p');
INSERT OR IGNORE INTO quality_group_members (quality_profile_name, quality_group_name, quality_name) VALUES ('UHD Bluray + WEB', 'WEB 2160p', 'WEBRip-2160p');
INSERT OR IGNORE INTO quality_profile_qualities (quality_profile_name, quality_name, quality_group_name, position, enabled, upgrade_until) VALUES ('UHD Bluray + WEB', NULL, 'WEB 2160p', 24, 1, 0);
INSERT OR IGNORE INTO quality_profile_qualities (quality_profile_name, quality_name, quality_group_name, position, enabled, upgrade_until) VALUES ('UHD Bluray + WEB', 'Bluray-2160p', NULL, 25, 1, 1);
INSERT OR IGNORE INTO quality_profile_custom_formats (quality_profile_name, custom_format_name, arr_type, score) VALUES ('UHD Bluray + WEB', 'UHD Bluray Tier 01', 'radarr', 1800);
INSERT OR IGNORE INTO quality_profile_custom_formats (quality_profile_name, custom_format_name, arr_type, score) VALUES ('UHD Bluray + WEB', 'UHD Bluray Tier 02', 'radarr', 1750);
INSERT OR IGNORE INTO quality_profile_custom_formats (quality_profile_name, custom_format_name, arr_type, score) VALUES ('UHD Bluray + WEB', 'UHD Bluray Tier 03', 'radarr', 1700);
INSERT OR IGNORE INTO quality_profile_custom_formats (quality_profile_name, custom_format_name, arr_type, score) VALUES ('UHD Bluray + WEB', 'WEB Tier 01', 'radarr', 1700);
INSERT OR IGNORE INTO quality_profile_custom_formats (quality_profile_name, custom_format_name, arr_type, score) VALUES ('UHD Bluray + WEB', 'WEB Tier 02', 'radarr', 1650);
INSERT OR IGNORE INTO quality_profile_custom_formats (quality_profile_name, custom_format_name, arr_type, score) VALUES ('UHD Bluray + WEB', 'WEB Tier 03', 'radarr', 1600);
INSERT OR IGNORE INTO quality_profile_custom_formats (quality_profile_name, custom_format_name, arr_type, score) VALUES ('UHD Bluray + WEB', 'Repack/Proper', 'radarr', 5);
INSERT OR IGNORE INTO quality_profile_custom_formats (quality_profile_name, custom_format_name, arr_type, score) VALUES ('UHD Bluray + WEB', 'Repack2', 'radarr', 6);
INSERT OR IGNORE INTO quality_profile_custom_formats (quality_profile_name, custom_format_name, arr_type, score) VALUES ('UHD Bluray + WEB', 'Repack3', 'radarr', 7);
INSERT OR IGNORE INTO quality_profile_custom_formats (quality_profile_name, custom_format_name, arr_type, score) VALUES ('UHD Bluray + WEB', 'BR-DISK', 'radarr', -10000);
INSERT OR IGNORE INTO quality_profile_custom_formats (quality_profile_name, custom_format_name, arr_type, score) VALUES ('UHD Bluray + WEB', 'Generated Dynamic HDR', 'radarr', -10000);
INSERT OR IGNORE INTO quality_profile_custom_formats (quality_profile_name, custom_format_name, arr_type, score) VALUES ('UHD Bluray + WEB', 'LQ', 'radarr', -10000);
INSERT OR IGNORE INTO quality_profile_custom_formats (quality_profile_name, custom_format_name, arr_type, score) VALUES ('UHD Bluray + WEB', 'LQ (Release Title)', 'radarr', -10000);
INSERT OR IGNORE INTO quality_profile_custom_formats (quality_profile_name, custom_format_name, arr_type, score) VALUES ('UHD Bluray + WEB', '3D', 'radarr', -10000);
INSERT OR IGNORE INTO quality_profile_custom_formats (quality_profile_name, custom_format_name, arr_type, score) VALUES ('UHD Bluray + WEB', 'Upscaled', 'radarr', -10000);
INSERT OR IGNORE INTO quality_profile_custom_formats (quality_profile_name, custom_format_name, arr_type, score) VALUES ('UHD Bluray + WEB', 'Extras', 'radarr', -10000);
INSERT OR IGNORE INTO quality_profile_custom_formats (quality_profile_name, custom_format_name, arr_type, score) VALUES ('UHD Bluray + WEB', 'Sing-Along Versions', 'radarr', -10000);
INSERT OR IGNORE INTO quality_profile_custom_formats (quality_profile_name, custom_format_name, arr_type, score) VALUES ('UHD Bluray + WEB', 'AV1', 'radarr', -10000);
